session_id,user_id,session_date,screen_name,funnel_stage,time_spent_seconds,action_taken,month,month_name,session_period
1,2185,2024-02-01,Plan Selection,3,185,clicked,2,Feb,Pre-Update
2,472,2024-05-08,Home,1,56,viewed,5,May,Post-Update
3,79,2024-02-23,Pricing Page,2,34,clicked,2,Feb,Pre-Update
4,1162,2024-02-08,Confirmation,5,187,converted,2,Feb,Pre-Update
5,2148,2024-06-15,Pricing Page,2,52,dropped,6,Jun,Post-Update
6,287,2024-01-24,Pricing Page,2,44,dropped,1,Jan,Pre-Update
7,2576,2024-04-04,Home,1,123,viewed,4,Apr,Post-Update
8,439,2024-03-16,Plan Selection,3,206,viewed,3,Mar,Post-Update
9,2876,2024-06-01,Pricing Page,2,44,viewed,6,Jun,Post-Update
10,689,2024-02-14,Plan Selection,3,10,clicked,2,Feb,Pre-Update
11,2374,2024-06-08,Home,1,104,clicked,6,Jun,Post-Update
12,142,2024-03-05,Plan Selection,3,48,viewed,3,Mar,Pre-Update
13,1252,2024-01-17,Home,1,152,viewed,1,Jan,Pre-Update
14,2149,2024-05-01,Pricing Page,2,38,dropped,5,May,Post-Update
15,495,2024-04-01,Home,1,144,dropped,4,Apr,Post-Update
16,535,2024-02-02,Pricing Page,2,36,dropped,2,Feb,Pre-Update
17,2407,2024-05-09,Home,1,141,viewed,5,May,Post-Update
18,99,2024-05-18,Payment,4,78,clicked,5,May,Post-Update
19,1923,2024-04-18,Home,1,131,viewed,4,Apr,Post-Update
20,345,2024-02-08,Payment,4,207,viewed,2,Feb,Pre-Update
21,2428,2024-05-22,Pricing Page,2,41,dropped,5,May,Post-Update
22,1163,2024-03-26,Home,1,125,clicked,3,Mar,Post-Update
23,2267,2024-06-08,Home,1,21,viewed,6,Jun,Post-Update
24,470,2024-02-03,Pricing Page,2,52,dropped,2,Feb,Pre-Update
25,1499,2024-03-23,Payment,4,110,dropped,3,Mar,Post-Update
26,1421,2024-05-20,Pricing Page,2,38,clicked,5,May,Post-Update
27,154,2024-03-17,Confirmation,5,108,converted,3,Mar,Post-Update
28,1833,2024-04-14,Home,1,109,clicked,4,Apr,Post-Update
29,815,2024-02-24,Plan Selection,3,114,clicked,2,Feb,Pre-Update
30,640,2024-03-13,Pricing Page,2,47,viewed,3,Mar,Pre-Update
31,1311,2024-05-02,Home,1,82,clicked,5,May,Post-Update
32,2262,2024-01-13,Home,1,45,viewed,1,Jan,Pre-Update
33,2185,2024-05-04,Pricing Page,2,44,dropped,5,May,Post-Update
34,2747,2024-04-25,Pricing Page,2,47,dropped,4,Apr,Post-Update
35,1107,2024-01-08,Home,1,95,viewed,1,Jan,Pre-Update
36,2269,2024-03-05,Plan Selection,3,103,viewed,3,Mar,Pre-Update
37,2150,2024-01-20,Pricing Page,2,48,viewed,1,Jan,Pre-Update
38,2719,2024-04-29,Plan Selection,3,203,dropped,4,Apr,Post-Update
39,1348,2024-01-07,Payment,4,208,clicked,1,Jan,Pre-Update
40,1563,2024-01-20,Confirmation,5,128,converted,1,Jan,Pre-Update
41,31,2024-02-19,Pricing Page,2,56,dropped,2,Feb,Pre-Update
42,108,2024-02-05,Payment,4,159,dropped,2,Feb,Pre-Update
43,1366,2024-06-04,Confirmation,5,13,converted,6,Jun,Post-Update
44,981,2024-04-16,Confirmation,5,16,converted,4,Apr,Post-Update
45,884,2024-03-07,Confirmation,5,146,converted,3,Mar,Pre-Update
46,1646,2024-05-04,Payment,4,198,clicked,5,May,Post-Update
47,2224,2024-05-17,Plan Selection,3,134,clicked,5,May,Post-Update
48,2994,2024-06-06,Pricing Page,2,42,clicked,6,Jun,Post-Update
49,2771,2024-04-19,Pricing Page,2,51,dropped,4,Apr,Post-Update
50,2502,2024-06-09,Confirmation,5,204,converted,6,Jun,Post-Update
51,258,2024-04-02,Pricing Page,2,66,viewed,4,Apr,Post-Update
52,1971,2024-04-11,Payment,4,106,viewed,4,Apr,Post-Update
53,348,2024-06-01,Payment,4,164,clicked,6,Jun,Post-Update
54,355,2024-05-11,Pricing Page,2,45,dropped,5,May,Post-Update
55,790,2024-01-19,Plan Selection,3,67,clicked,1,Jan,Pre-Update
56,1533,2024-05-12,Home,1,104,viewed,5,May,Post-Update
57,1055,2024-06-11,Pricing Page,2,52,dropped,6,Jun,Post-Update
58,432,2024-03-05,Pricing Page,2,51,clicked,3,Mar,Pre-Update
59,1682,2024-01-30,Home,1,34,clicked,1,Jan,Pre-Update
60,2726,2024-05-20,Home,1,94,viewed,5,May,Post-Update
61,41,2024-01-19,Pricing Page,2,31,viewed,1,Jan,Pre-Update
62,897,2024-05-24,Home,1,27,dropped,5,May,Post-Update
63,1365,2024-06-02,Payment,4,165,clicked,6,Jun,Post-Update
64,407,2024-05-24,Plan Selection,3,121,dropped,5,May,Post-Update
65,1167,2024-06-13,Pricing Page,2,42,dropped,6,Jun,Post-Update
66,1383,2024-04-14,Plan Selection,3,174,clicked,4,Apr,Post-Update
67,1345,2024-03-29,Home,1,17,viewed,3,Mar,Post-Update
68,825,2024-05-14,Confirmation,5,65,converted,5,May,Post-Update
69,2056,2024-04-16,Confirmation,5,144,converted,4,Apr,Post-Update
70,2068,2024-03-19,Home,1,59,viewed,3,Mar,Post-Update
71,2245,2024-01-10,Home,1,185,clicked,1,Jan,Pre-Update
72,801,2024-02-04,Home,1,46,clicked,2,Feb,Pre-Update
73,2246,2024-03-07,Plan Selection,3,173,clicked,3,Mar,Pre-Update
74,746,2024-02-10,Pricing Page,2,34,clicked,2,Feb,Pre-Update
75,1758,2024-01-25,Confirmation,5,38,converted,1,Jan,Pre-Update
76,2953,2024-03-30,Plan Selection,3,39,dropped,3,Mar,Post-Update
77,940,2024-01-21,Plan Selection,3,175,dropped,1,Jan,Pre-Update
78,2024,2024-05-03,Pricing Page,2,63,dropped,5,May,Post-Update
79,2557,2024-01-07,Plan Selection,3,11,dropped,1,Jan,Pre-Update
80,2445,2024-04-13,Pricing Page,2,48,dropped,4,Apr,Post-Update
81,2392,2024-02-15,Payment,4,115,dropped,2,Feb,Pre-Update
82,2260,2024-04-12,Plan Selection,3,45,dropped,4,Apr,Post-Update
83,819,2024-06-08,Plan Selection,3,66,viewed,6,Jun,Post-Update
84,1355,2024-02-20,Home,1,76,clicked,2,Feb,Pre-Update
85,2421,2024-03-04,Pricing Page,2,49,dropped,3,Mar,Pre-Update
86,1100,2024-01-05,Home,1,15,dropped,1,Jan,Pre-Update
87,896,2024-02-18,Pricing Page,2,40,clicked,2,Feb,Pre-Update
88,1357,2024-05-14,Pricing Page,2,53,dropped,5,May,Post-Update
89,947,2024-06-01,Pricing Page,2,62,dropped,6,Jun,Post-Update
90,2024,2024-05-10,Plan Selection,3,163,dropped,5,May,Post-Update
91,119,2024-06-29,Payment,4,79,dropped,6,Jun,Post-Update
92,1833,2024-04-30,Pricing Page,2,51,clicked,4,Apr,Post-Update
93,1550,2024-02-18,Payment,4,37,clicked,2,Feb,Pre-Update
94,527,2024-06-16,Home,1,163,clicked,6,Jun,Post-Update
95,772,2024-05-15,Confirmation,5,130,converted,5,May,Post-Update
96,336,2024-05-15,Pricing Page,2,60,dropped,5,May,Post-Update
97,1822,2024-02-26,Payment,4,171,viewed,2,Feb,Pre-Update
98,1564,2024-02-13,Plan Selection,3,94,dropped,2,Feb,Pre-Update
99,2737,2024-06-02,Plan Selection,3,14,clicked,6,Jun,Post-Update
100,2452,2024-03-04,Pricing Page,2,43,dropped,3,Mar,Pre-Update
101,1822,2024-06-01,Pricing Page,2,49,clicked,6,Jun,Post-Update
102,2876,2024-02-25,Plan Selection,3,72,viewed,2,Feb,Pre-Update
103,619,2024-01-27,Home,1,25,dropped,1,Jan,Pre-Update
104,583,2024-05-09,Confirmation,5,164,converted,5,May,Post-Update
105,2771,2024-02-23,Plan Selection,3,134,dropped,2,Feb,Pre-Update
106,590,2024-06-19,Home,1,164,clicked,6,Jun,Post-Update
107,639,2024-04-08,Home,1,166,viewed,4,Apr,Post-Update
108,2986,2024-06-24,Payment,4,79,dropped,6,Jun,Post-Update
109,2832,2024-01-23,Payment,4,118,clicked,1,Jan,Pre-Update
110,676,2024-01-03,Pricing Page,2,56,dropped,1,Jan,Pre-Update
111,2377,2024-01-16,Home,1,204,viewed,1,Jan,Pre-Update
112,2056,2024-02-18,Pricing Page,2,48,dropped,2,Feb,Pre-Update
113,902,2024-05-26,Home,1,81,clicked,5,May,Post-Update
114,1455,2024-03-29,Confirmation,5,111,converted,3,Mar,Post-Update
115,1652,2024-02-11,Pricing Page,2,54,clicked,2,Feb,Pre-Update
116,554,2024-03-07,Pricing Page,2,39,clicked,3,Mar,Pre-Update
117,1878,2024-06-28,Home,1,96,viewed,6,Jun,Post-Update
118,812,2024-04-21,Pricing Page,2,51,dropped,4,Apr,Post-Update
119,69,2024-05-04,Pricing Page,2,63,dropped,5,May,Post-Update
120,2739,2024-02-22,Plan Selection,3,143,dropped,2,Feb,Pre-Update
121,301,2024-05-31,Confirmation,5,192,converted,5,May,Post-Update
122,2722,2024-05-24,Pricing Page,2,66,viewed,5,May,Post-Update
123,247,2024-03-18,Confirmation,5,59,converted,3,Mar,Post-Update
124,1514,2024-05-22,Pricing Page,2,59,dropped,5,May,Post-Update
125,1925,2024-01-23,Plan Selection,3,25,clicked,1,Jan,Pre-Update
126,1195,2024-01-02,Payment,4,56,viewed,1,Jan,Pre-Update
127,1045,2024-06-14,Plan Selection,3,178,viewed,6,Jun,Post-Update
128,2305,2024-06-05,Home,1,120,viewed,6,Jun,Post-Update
129,1965,2024-02-22,Pricing Page,2,47,dropped,2,Feb,Pre-Update
130,488,2024-05-05,Confirmation,5,176,converted,5,May,Post-Update
131,641,2024-04-13,Pricing Page,2,48,dropped,4,Apr,Post-Update
132,1616,2024-03-02,Home,1,79,clicked,3,Mar,Pre-Update
133,1622,2024-01-28,Home,1,68,dropped,1,Jan,Pre-Update
134,640,2024-01-02,Pricing Page,2,58,clicked,1,Jan,Pre-Update
135,456,2024-06-19,Pricing Page,2,51,dropped,6,Jun,Post-Update
136,276,2024-06-28,Plan Selection,3,98,dropped,6,Jun,Post-Update
137,1384,2024-05-31,Payment,4,100,viewed,5,May,Post-Update
138,234,2024-05-11,Pricing Page,2,63,dropped,5,May,Post-Update
139,2124,2024-03-08,Payment,4,131,viewed,3,Mar,Pre-Update
140,534,2024-03-29,Confirmation,5,27,converted,3,Mar,Post-Update
141,2103,2024-02-14,Home,1,185,dropped,2,Feb,Pre-Update
142,1318,2024-01-29,Pricing Page,2,55,viewed,1,Jan,Pre-Update
143,1638,2024-02-22,Payment,4,50,clicked,2,Feb,Pre-Update
144,667,2024-03-15,Pricing Page,2,61,clicked,3,Mar,Post-Update
145,419,2024-04-19,Plan Selection,3,54,clicked,4,Apr,Post-Update
146,2381,2024-01-17,Home,1,23,dropped,1,Jan,Pre-Update
147,1448,2024-01-01,Plan Selection,3,168,clicked,1,Jan,Pre-Update
148,127,2024-03-06,Plan Selection,3,64,clicked,3,Mar,Pre-Update
149,2948,2024-05-29,Home,1,107,viewed,5,May,Post-Update
150,2359,2024-03-10,Plan Selection,3,141,viewed,3,Mar,Pre-Update
151,144,2024-03-18,Confirmation,5,139,converted,3,Mar,Post-Update
152,827,2024-03-20,Pricing Page,2,54,dropped,3,Mar,Post-Update
153,823,2024-04-25,Pricing Page,2,65,dropped,4,Apr,Post-Update
154,1385,2024-01-01,Plan Selection,3,32,viewed,1,Jan,Pre-Update
155,246,2024-03-06,Plan Selection,3,154,viewed,3,Mar,Pre-Update
156,1553,2024-05-19,Pricing Page,2,45,dropped,5,May,Post-Update
157,2032,2024-04-07,Plan Selection,3,157,viewed,4,Apr,Post-Update
158,325,2024-04-10,Pricing Page,2,53,dropped,4,Apr,Post-Update
159,412,2024-04-26,Payment,4,37,clicked,4,Apr,Post-Update
160,2537,2024-03-25,Payment,4,135,viewed,3,Mar,Post-Update
161,2140,2024-03-14,Confirmation,5,63,converted,3,Mar,Pre-Update
162,1909,2024-03-10,Home,1,190,clicked,3,Mar,Pre-Update
163,2044,2024-06-25,Payment,4,53,clicked,6,Jun,Post-Update
164,1042,2024-06-18,Plan Selection,3,91,dropped,6,Jun,Post-Update
165,925,2024-02-10,Home,1,66,viewed,2,Feb,Pre-Update
166,1023,2024-02-04,Confirmation,5,36,converted,2,Feb,Pre-Update
167,2490,2024-05-16,Pricing Page,2,43,dropped,5,May,Post-Update
168,1634,2024-05-02,Payment,4,161,clicked,5,May,Post-Update
169,778,2024-05-21,Home,1,65,dropped,5,May,Post-Update
170,710,2024-01-26,Home,1,125,viewed,1,Jan,Pre-Update
171,1951,2024-04-23,Home,1,11,clicked,4,Apr,Post-Update
172,1504,2024-06-28,Pricing Page,2,47,dropped,6,Jun,Post-Update
173,927,2024-05-18,Confirmation,5,56,converted,5,May,Post-Update
174,1349,2024-04-08,Pricing Page,2,45,dropped,4,Apr,Post-Update
175,2782,2024-02-10,Pricing Page,2,59,viewed,2,Feb,Pre-Update
176,1839,2024-03-01,Payment,4,39,clicked,3,Mar,Pre-Update
177,2461,2024-03-02,Pricing Page,2,35,dropped,3,Mar,Pre-Update
178,2025,2024-04-21,Home,1,88,viewed,4,Apr,Post-Update
179,2709,2024-01-13,Plan Selection,3,202,viewed,1,Jan,Pre-Update
180,2050,2024-05-01,Pricing Page,2,54,clicked,5,May,Post-Update
181,1245,2024-04-24,Confirmation,5,152,converted,4,Apr,Post-Update
182,2416,2024-06-08,Confirmation,5,70,converted,6,Jun,Post-Update
183,1628,2024-05-26,Pricing Page,2,56,viewed,5,May,Post-Update
184,2108,2024-05-16,Plan Selection,3,30,clicked,5,May,Post-Update
185,419,2024-02-11,Payment,4,202,viewed,2,Feb,Pre-Update
186,794,2024-03-18,Pricing Page,2,50,dropped,3,Mar,Post-Update
187,308,2024-02-24,Home,1,17,viewed,2,Feb,Pre-Update
188,2970,2024-01-17,Pricing Page,2,34,dropped,1,Jan,Pre-Update
189,599,2024-06-28,Pricing Page,2,62,dropped,6,Jun,Post-Update
190,2176,2024-04-01,Pricing Page,2,46,dropped,4,Apr,Post-Update
191,187,2024-01-26,Plan Selection,3,41,dropped,1,Jan,Pre-Update
192,2123,2024-05-30,Home,1,143,dropped,5,May,Post-Update
193,663,2024-03-07,Home,1,167,clicked,3,Mar,Pre-Update
194,2004,2024-01-22,Plan Selection,3,131,dropped,1,Jan,Pre-Update
195,1276,2024-03-10,Plan Selection,3,12,dropped,3,Mar,Pre-Update
196,2497,2024-04-25,Plan Selection,3,111,clicked,4,Apr,Post-Update
197,2799,2024-02-04,Home,1,44,clicked,2,Feb,Pre-Update
198,1796,2024-05-10,Payment,4,186,viewed,5,May,Post-Update
199,847,2024-03-22,Pricing Page,2,59,dropped,3,Mar,Post-Update
200,2431,2024-06-02,Payment,4,116,dropped,6,Jun,Post-Update
201,1318,2024-04-14,Plan Selection,3,29,viewed,4,Apr,Post-Update
202,2060,2024-01-08,Home,1,136,viewed,1,Jan,Pre-Update
203,1990,2024-02-01,Confirmation,5,197,converted,2,Feb,Pre-Update
204,16,2024-02-08,Home,1,137,dropped,2,Feb,Pre-Update
205,603,2024-06-18,Home,1,119,clicked,6,Jun,Post-Update
206,22,2024-03-21,Pricing Page,2,58,clicked,3,Mar,Post-Update
207,2084,2024-02-15,Home,1,42,clicked,2,Feb,Pre-Update
208,2432,2024-02-19,Confirmation,5,180,converted,2,Feb,Pre-Update
209,1379,2024-05-13,Pricing Page,2,49,viewed,5,May,Post-Update
210,1998,2024-03-19,Home,1,129,clicked,3,Mar,Post-Update
211,1285,2024-05-26,Payment,4,83,clicked,5,May,Post-Update
212,2046,2024-05-14,Plan Selection,3,26,clicked,5,May,Post-Update
213,2705,2024-02-09,Pricing Page,2,37,dropped,2,Feb,Pre-Update
214,6,2024-04-07,Plan Selection,3,174,dropped,4,Apr,Post-Update
215,2296,2024-05-04,Home,1,137,viewed,5,May,Post-Update
216,2873,2024-03-24,Pricing Page,2,62,clicked,3,Mar,Post-Update
217,1608,2024-02-18,Payment,4,190,clicked,2,Feb,Pre-Update
218,2063,2024-04-19,Confirmation,5,204,converted,4,Apr,Post-Update
219,2972,2024-01-07,Pricing Page,2,58,dropped,1,Jan,Pre-Update
220,1893,2024-06-07,Pricing Page,2,61,dropped,6,Jun,Post-Update
221,2108,2024-02-26,Pricing Page,2,39,dropped,2,Feb,Pre-Update
222,2741,2024-01-15,Plan Selection,3,16,dropped,1,Jan,Pre-Update
223,2587,2024-05-13,Home,1,78,clicked,5,May,Post-Update
224,2458,2024-06-28,Pricing Page,2,53,dropped,6,Jun,Post-Update
225,2059,2024-02-26,Pricing Page,2,45,dropped,2,Feb,Pre-Update
226,524,2024-03-17,Plan Selection,3,150,viewed,3,Mar,Post-Update
227,1656,2024-04-11,Home,1,29,dropped,4,Apr,Post-Update
228,2267,2024-05-16,Pricing Page,2,44,dropped,5,May,Post-Update
229,941,2024-05-23,Home,1,157,viewed,5,May,Post-Update
230,2746,2024-05-05,Payment,4,126,viewed,5,May,Post-Update
231,2328,2024-05-18,Plan Selection,3,60,viewed,5,May,Post-Update
232,2687,2024-02-21,Payment,4,178,dropped,2,Feb,Pre-Update
233,1444,2024-03-12,Plan Selection,3,114,viewed,3,Mar,Pre-Update
234,918,2024-04-20,Home,1,172,viewed,4,Apr,Post-Update
235,2918,2024-05-27,Home,1,76,dropped,5,May,Post-Update
236,10,2024-03-15,Home,1,20,dropped,3,Mar,Post-Update
237,954,2024-02-24,Plan Selection,3,178,clicked,2,Feb,Pre-Update
238,796,2024-04-28,Pricing Page,2,50,clicked,4,Apr,Post-Update
239,272,2024-03-20,Confirmation,5,81,converted,3,Mar,Post-Update
240,2937,2024-05-28,Home,1,84,clicked,5,May,Post-Update
241,2164,2024-03-31,Pricing Page,2,43,viewed,3,Mar,Post-Update
242,2759,2024-06-15,Payment,4,108,viewed,6,Jun,Post-Update
243,44,2024-03-10,Payment,4,47,clicked,3,Mar,Pre-Update
244,438,2024-05-07,Home,1,61,dropped,5,May,Post-Update
245,1707,2024-04-25,Pricing Page,2,54,dropped,4,Apr,Post-Update
246,1487,2024-05-26,Plan Selection,3,83,dropped,5,May,Post-Update
247,2105,2024-01-05,Home,1,14,dropped,1,Jan,Pre-Update
248,616,2024-06-05,Plan Selection,3,187,clicked,6,Jun,Post-Update
249,416,2024-04-20,Plan Selection,3,73,viewed,4,Apr,Post-Update
250,1640,2024-04-24,Plan Selection,3,156,dropped,4,Apr,Post-Update
251,783,2024-01-05,Pricing Page,2,48,dropped,1,Jan,Pre-Update
252,2247,2024-03-06,Plan Selection,3,150,viewed,3,Mar,Pre-Update
253,266,2024-06-16,Pricing Page,2,39,dropped,6,Jun,Post-Update
254,1207,2024-05-06,Pricing Page,2,48,viewed,5,May,Post-Update
255,1541,2024-05-27,Plan Selection,3,52,clicked,5,May,Post-Update
256,2078,2024-01-13,Pricing Page,2,32,clicked,1,Jan,Pre-Update
257,2286,2024-01-05,Payment,4,28,viewed,1,Jan,Pre-Update
258,1742,2024-06-27,Home,1,196,dropped,6,Jun,Post-Update
259,2593,2024-06-16,Home,1,83,viewed,6,Jun,Post-Update
260,2103,2024-02-09,Confirmation,5,72,converted,2,Feb,Pre-Update
261,1719,2024-06-17,Confirmation,5,192,converted,6,Jun,Post-Update
262,2210,2024-06-20,Plan Selection,3,163,clicked,6,Jun,Post-Update
263,133,2024-03-16,Confirmation,5,104,converted,3,Mar,Post-Update
264,1609,2024-02-17,Plan Selection,3,146,clicked,2,Feb,Pre-Update
265,1858,2024-01-18,Plan Selection,3,176,clicked,1,Jan,Pre-Update
266,2808,2024-05-28,Pricing Page,2,38,dropped,5,May,Post-Update
267,2357,2024-03-20,Payment,4,192,dropped,3,Mar,Post-Update
268,977,2024-04-17,Confirmation,5,45,converted,4,Apr,Post-Update
269,2708,2024-06-27,Pricing Page,2,43,dropped,6,Jun,Post-Update
270,954,2024-01-18,Plan Selection,3,77,dropped,1,Jan,Pre-Update
271,1532,2024-02-13,Plan Selection,3,147,clicked,2,Feb,Pre-Update
272,2628,2024-02-09,Pricing Page,2,48,viewed,2,Feb,Pre-Update
273,38,2024-05-10,Plan Selection,3,149,viewed,5,May,Post-Update
274,2322,2024-04-08,Pricing Page,2,50,viewed,4,Apr,Post-Update
275,314,2024-06-11,Home,1,54,clicked,6,Jun,Post-Update
276,387,2024-06-23,Pricing Page,2,47,dropped,6,Jun,Post-Update
277,1547,2024-05-03,Payment,4,53,clicked,5,May,Post-Update
278,171,2024-04-28,Home,1,118,clicked,4,Apr,Post-Update
279,1314,2024-06-20,Pricing Page,2,46,dropped,6,Jun,Post-Update
280,2576,2024-06-06,Payment,4,50,viewed,6,Jun,Post-Update
281,260,2024-02-08,Payment,4,83,clicked,2,Feb,Pre-Update
282,304,2024-02-02,Plan Selection,3,101,clicked,2,Feb,Pre-Update
283,104,2024-05-12,Plan Selection,3,126,dropped,5,May,Post-Update
284,1362,2024-04-09,Pricing Page,2,47,dropped,4,Apr,Post-Update
285,454,2024-03-29,Confirmation,5,96,converted,3,Mar,Post-Update
286,673,2024-05-29,Pricing Page,2,62,clicked,5,May,Post-Update
287,2859,2024-05-12,Payment,4,183,viewed,5,May,Post-Update
288,2668,2024-05-15,Home,1,37,clicked,5,May,Post-Update
289,2544,2024-06-09,Confirmation,5,162,converted,6,Jun,Post-Update
290,474,2024-04-01,Home,1,156,clicked,4,Apr,Post-Update
291,1163,2024-03-10,Payment,4,144,dropped,3,Mar,Pre-Update
292,923,2024-03-03,Payment,4,195,clicked,3,Mar,Pre-Update
293,1749,2024-01-17,Plan Selection,3,60,dropped,1,Jan,Pre-Update
294,2960,2024-03-28,Pricing Page,2,64,dropped,3,Mar,Post-Update
295,1169,2024-06-16,Pricing Page,2,53,dropped,6,Jun,Post-Update
296,1942,2024-03-31,Plan Selection,3,76,viewed,3,Mar,Post-Update
297,2516,2024-02-21,Confirmation,5,157,converted,2,Feb,Pre-Update
298,2759,2024-03-11,Home,1,171,clicked,3,Mar,Pre-Update
299,2572,2024-06-14,Home,1,65,clicked,6,Jun,Post-Update
300,46,2024-06-24,Payment,4,29,dropped,6,Jun,Post-Update
301,369,2024-03-07,Pricing Page,2,36,clicked,3,Mar,Pre-Update
302,1984,2024-03-01,Plan Selection,3,95,dropped,3,Mar,Pre-Update
303,327,2024-02-26,Pricing Page,2,35,dropped,2,Feb,Pre-Update
304,2201,2024-06-10,Pricing Page,2,57,dropped,6,Jun,Post-Update
305,1258,2024-04-30,Home,1,74,clicked,4,Apr,Post-Update
306,422,2024-03-20,Payment,4,117,clicked,3,Mar,Post-Update
307,691,2024-01-09,Plan Selection,3,133,clicked,1,Jan,Pre-Update
308,992,2024-03-02,Plan Selection,3,113,clicked,3,Mar,Pre-Update
309,2280,2024-03-15,Payment,4,149,dropped,3,Mar,Post-Update
310,1731,2024-03-27,Plan Selection,3,182,clicked,3,Mar,Post-Update
311,318,2024-04-02,Pricing Page,2,57,dropped,4,Apr,Post-Update
312,2549,2024-04-10,Pricing Page,2,53,viewed,4,Apr,Post-Update
313,198,2024-04-06,Pricing Page,2,60,dropped,4,Apr,Post-Update
314,1642,2024-04-27,Plan Selection,3,22,clicked,4,Apr,Post-Update
315,979,2024-01-23,Plan Selection,3,178,clicked,1,Jan,Pre-Update
316,2730,2024-05-04,Plan Selection,3,94,dropped,5,May,Post-Update
317,2704,2024-03-13,Pricing Page,2,39,clicked,3,Mar,Pre-Update
318,990,2024-05-04,Pricing Page,2,43,dropped,5,May,Post-Update
319,965,2024-06-08,Pricing Page,2,55,dropped,6,Jun,Post-Update
320,57,2024-03-21,Home,1,111,dropped,3,Mar,Post-Update
321,1988,2024-02-06,Home,1,99,dropped,2,Feb,Pre-Update
322,2246,2024-01-16,Home,1,131,clicked,1,Jan,Pre-Update
323,2401,2024-03-18,Payment,4,87,viewed,3,Mar,Post-Update
324,1469,2024-02-16,Payment,4,82,clicked,2,Feb,Pre-Update
325,1688,2024-05-28,Pricing Page,2,56,viewed,5,May,Post-Update
326,1661,2024-01-19,Payment,4,208,clicked,1,Jan,Pre-Update
327,2620,2024-02-17,Plan Selection,3,134,dropped,2,Feb,Pre-Update
328,1411,2024-01-28,Pricing Page,2,37,dropped,1,Jan,Pre-Update
329,1179,2024-02-20,Pricing Page,2,37,clicked,2,Feb,Pre-Update
330,887,2024-04-26,Pricing Page,2,60,clicked,4,Apr,Post-Update
331,1780,2024-04-26,Pricing Page,2,47,dropped,4,Apr,Post-Update
332,2789,2024-01-27,Confirmation,5,63,converted,1,Jan,Pre-Update
333,1517,2024-05-12,Home,1,108,dropped,5,May,Post-Update
334,2323,2024-05-10,Pricing Page,2,45,dropped,5,May,Post-Update
335,854,2024-02-06,Home,1,32,dropped,2,Feb,Pre-Update
336,953,2024-02-05,Home,1,125,viewed,2,Feb,Pre-Update
337,495,2024-03-29,Confirmation,5,64,converted,3,Mar,Post-Update
338,1576,2024-05-25,Pricing Page,2,62,clicked,5,May,Post-Update
339,1352,2024-06-11,Home,1,199,clicked,6,Jun,Post-Update
340,2706,2024-03-25,Plan Selection,3,157,viewed,3,Mar,Post-Update
341,2535,2024-05-22,Pricing Page,2,57,dropped,5,May,Post-Update
342,467,2024-05-11,Home,1,132,clicked,5,May,Post-Update
343,254,2024-05-01,Home,1,113,clicked,5,May,Post-Update
344,2479,2024-02-24,Home,1,48,viewed,2,Feb,Pre-Update
345,2988,2024-02-12,Home,1,43,clicked,2,Feb,Pre-Update
346,326,2024-04-13,Plan Selection,3,12,clicked,4,Apr,Post-Update
347,233,2024-01-22,Pricing Page,2,42,dropped,1,Jan,Pre-Update
348,2603,2024-02-18,Payment,4,182,dropped,2,Feb,Pre-Update
349,2867,2024-03-23,Pricing Page,2,58,dropped,3,Mar,Post-Update
350,2039,2024-06-26,Payment,4,84,clicked,6,Jun,Post-Update
351,888,2024-04-23,Pricing Page,2,49,dropped,4,Apr,Post-Update
352,1242,2024-05-16,Plan Selection,3,75,dropped,5,May,Post-Update
353,1439,2024-01-22,Home,1,92,clicked,1,Jan,Pre-Update
354,2267,2024-06-26,Plan Selection,3,67,clicked,6,Jun,Post-Update
355,1951,2024-05-13,Payment,4,116,clicked,5,May,Post-Update
356,1415,2024-01-21,Home,1,101,viewed,1,Jan,Pre-Update
357,1954,2024-06-01,Pricing Page,2,60,dropped,6,Jun,Post-Update
358,2899,2024-05-01,Pricing Page,2,47,dropped,5,May,Post-Update
359,55,2024-04-01,Pricing Page,2,62,clicked,4,Apr,Post-Update
360,2959,2024-06-06,Pricing Page,2,47,dropped,6,Jun,Post-Update
361,207,2024-01-27,Plan Selection,3,41,dropped,1,Jan,Pre-Update
362,2069,2024-05-15,Plan Selection,3,44,viewed,5,May,Post-Update
363,1652,2024-02-25,Confirmation,5,116,converted,2,Feb,Pre-Update
364,2934,2024-02-24,Plan Selection,3,191,viewed,2,Feb,Pre-Update
365,1717,2024-02-21,Plan Selection,3,135,dropped,2,Feb,Pre-Update
366,1172,2024-05-22,Payment,4,107,dropped,5,May,Post-Update
367,371,2024-02-18,Confirmation,5,25,converted,2,Feb,Pre-Update
368,1396,2024-01-16,Home,1,198,clicked,1,Jan,Pre-Update
369,336,2024-05-24,Plan Selection,3,180,clicked,5,May,Post-Update
370,170,2024-02-26,Pricing Page,2,59,viewed,2,Feb,Pre-Update
371,2941,2024-04-06,Payment,4,18,dropped,4,Apr,Post-Update
372,131,2024-01-20,Pricing Page,2,53,clicked,1,Jan,Pre-Update
373,2348,2024-01-08,Payment,4,53,clicked,1,Jan,Pre-Update
374,2125,2024-01-24,Plan Selection,3,49,clicked,1,Jan,Pre-Update
375,1878,2024-05-24,Home,1,33,clicked,5,May,Post-Update
376,136,2024-03-11,Payment,4,189,dropped,3,Mar,Pre-Update
377,1677,2024-04-26,Plan Selection,3,157,dropped,4,Apr,Post-Update
378,729,2024-06-19,Confirmation,5,20,converted,6,Jun,Post-Update
379,987,2024-03-30,Pricing Page,2,65,dropped,3,Mar,Post-Update
380,2349,2024-04-21,Payment,4,161,viewed,4,Apr,Post-Update
381,2697,2024-04-16,Pricing Page,2,51,dropped,4,Apr,Post-Update
382,1003,2024-01-10,Pricing Page,2,34,dropped,1,Jan,Pre-Update
383,1663,2024-05-16,Home,1,54,viewed,5,May,Post-Update
384,1264,2024-04-28,Home,1,34,clicked,4,Apr,Post-Update
385,1389,2024-04-20,Plan Selection,3,113,clicked,4,Apr,Post-Update
386,857,2024-05-11,Payment,4,158,clicked,5,May,Post-Update
387,1660,2024-05-06,Payment,4,19,viewed,5,May,Post-Update
388,1845,2024-05-28,Pricing Page,2,63,dropped,5,May,Post-Update
389,1410,2024-01-30,Pricing Page,2,47,clicked,1,Jan,Pre-Update
390,1822,2024-01-04,Pricing Page,2,40,viewed,1,Jan,Pre-Update
391,1908,2024-03-04,Payment,4,46,clicked,3,Mar,Pre-Update
392,1055,2024-04-21,Home,1,59,dropped,4,Apr,Post-Update
393,535,2024-03-02,Home,1,161,clicked,3,Mar,Pre-Update
394,966,2024-04-28,Pricing Page,2,56,dropped,4,Apr,Post-Update
395,1909,2024-06-12,Plan Selection,3,87,dropped,6,Jun,Post-Update
396,566,2024-05-12,Home,1,71,dropped,5,May,Post-Update
397,703,2024-03-27,Plan Selection,3,11,viewed,3,Mar,Post-Update
398,2428,2024-01-28,Pricing Page,2,34,viewed,1,Jan,Pre-Update
399,1967,2024-05-24,Home,1,162,viewed,5,May,Post-Update
400,986,2024-03-25,Pricing Page,2,49,clicked,3,Mar,Post-Update
401,189,2024-05-22,Payment,4,85,viewed,5,May,Post-Update
402,376,2024-04-30,Confirmation,5,170,converted,4,Apr,Post-Update
403,419,2024-02-21,Confirmation,5,37,converted,2,Feb,Pre-Update
404,2100,2024-01-16,Pricing Page,2,40,viewed,1,Jan,Pre-Update
405,2641,2024-01-08,Plan Selection,3,160,dropped,1,Jan,Pre-Update
406,2802,2024-04-09,Confirmation,5,36,converted,4,Apr,Post-Update
407,2387,2024-04-14,Pricing Page,2,60,dropped,4,Apr,Post-Update
408,29,2024-02-23,Pricing Page,2,41,clicked,2,Feb,Pre-Update
409,2405,2024-02-09,Plan Selection,3,166,viewed,2,Feb,Pre-Update
410,2732,2024-06-29,Pricing Page,2,46,clicked,6,Jun,Post-Update
411,698,2024-02-29,Confirmation,5,165,converted,2,Feb,Pre-Update
412,75,2024-05-23,Confirmation,5,25,converted,5,May,Post-Update
413,2139,2024-03-01,Plan Selection,3,133,clicked,3,Mar,Pre-Update
414,2351,2024-03-01,Pricing Page,2,46,viewed,3,Mar,Pre-Update
415,1255,2024-04-28,Home,1,35,clicked,4,Apr,Post-Update
416,1649,2024-06-27,Pricing Page,2,51,dropped,6,Jun,Post-Update
417,2022,2024-01-29,Payment,4,71,clicked,1,Jan,Pre-Update
418,1338,2024-03-14,Plan Selection,3,70,clicked,3,Mar,Pre-Update
419,288,2024-02-19,Home,1,132,viewed,2,Feb,Pre-Update
420,530,2024-03-26,Payment,4,157,dropped,3,Mar,Post-Update
421,2428,2024-03-18,Plan Selection,3,66,clicked,3,Mar,Post-Update
422,1582,2024-05-26,Pricing Page,2,65,dropped,5,May,Post-Update
423,318,2024-01-04,Payment,4,167,viewed,1,Jan,Pre-Update
424,2361,2024-01-09,Payment,4,56,clicked,1,Jan,Pre-Update
425,99,2024-04-04,Plan Selection,3,10,clicked,4,Apr,Post-Update
426,953,2024-02-05,Home,1,116,clicked,2,Feb,Pre-Update
427,1178,2024-01-30,Plan Selection,3,160,viewed,1,Jan,Pre-Update
428,2522,2024-05-14,Home,1,146,viewed,5,May,Post-Update
429,865,2024-06-01,Pricing Page,2,43,viewed,6,Jun,Post-Update
430,2551,2024-04-21,Plan Selection,3,171,clicked,4,Apr,Post-Update
431,2409,2024-05-02,Confirmation,5,187,converted,5,May,Post-Update
432,1471,2024-05-21,Pricing Page,2,64,dropped,5,May,Post-Update
433,44,2024-04-27,Home,1,11,clicked,4,Apr,Post-Update
434,1059,2024-03-01,Plan Selection,3,29,viewed,3,Mar,Pre-Update
435,2473,2024-02-15,Payment,4,45,clicked,2,Feb,Pre-Update
436,395,2024-01-11,Confirmation,5,66,converted,1,Jan,Pre-Update
437,2235,2024-06-06,Home,1,16,viewed,6,Jun,Post-Update
438,2176,2024-03-01,Plan Selection,3,111,dropped,3,Mar,Pre-Update
439,1788,2024-06-13,Payment,4,26,dropped,6,Jun,Post-Update
440,1239,2024-04-30,Home,1,93,viewed,4,Apr,Post-Update
441,2918,2024-02-29,Plan Selection,3,126,viewed,2,Feb,Pre-Update
442,475,2024-03-21,Payment,4,95,viewed,3,Mar,Post-Update
443,298,2024-06-06,Home,1,131,viewed,6,Jun,Post-Update
444,2326,2024-01-21,Pricing Page,2,55,clicked,1,Jan,Pre-Update
445,462,2024-01-27,Pricing Page,2,56,clicked,1,Jan,Pre-Update
446,2004,2024-02-29,Plan Selection,3,56,dropped,2,Feb,Pre-Update
447,1485,2024-05-16,Pricing Page,2,43,viewed,5,May,Post-Update
448,1197,2024-01-10,Home,1,48,viewed,1,Jan,Pre-Update
449,603,2024-05-12,Home,1,39,clicked,5,May,Post-Update
450,682,2024-04-06,Confirmation,5,64,converted,4,Apr,Post-Update
451,1352,2024-03-18,Payment,4,152,dropped,3,Mar,Post-Update
452,1897,2024-05-07,Plan Selection,3,202,viewed,5,May,Post-Update
453,2920,2024-06-20,Payment,4,64,viewed,6,Jun,Post-Update
454,1791,2024-03-02,Confirmation,5,112,converted,3,Mar,Pre-Update
455,2553,2024-05-08,Home,1,190,clicked,5,May,Post-Update
456,2098,2024-01-10,Home,1,155,dropped,1,Jan,Pre-Update
457,957,2024-02-23,Plan Selection,3,146,viewed,2,Feb,Pre-Update
458,995,2024-01-06,Home,1,143,viewed,1,Jan,Pre-Update
459,1242,2024-03-17,Payment,4,16,clicked,3,Mar,Post-Update
460,2505,2024-03-16,Plan Selection,3,131,clicked,3,Mar,Post-Update
461,2544,2024-02-12,Plan Selection,3,92,dropped,2,Feb,Pre-Update
462,2236,2024-01-25,Pricing Page,2,54,clicked,1,Jan,Pre-Update
463,483,2024-04-27,Payment,4,188,dropped,4,Apr,Post-Update
464,274,2024-06-29,Plan Selection,3,118,clicked,6,Jun,Post-Update
465,962,2024-05-31,Pricing Page,2,55,dropped,5,May,Post-Update
466,1289,2024-03-22,Confirmation,5,109,converted,3,Mar,Post-Update
467,1752,2024-03-17,Pricing Page,2,53,dropped,3,Mar,Post-Update
468,2167,2024-02-20,Pricing Page,2,37,clicked,2,Feb,Pre-Update
469,809,2024-04-06,Payment,4,157,dropped,4,Apr,Post-Update
470,549,2024-05-02,Payment,4,44,clicked,5,May,Post-Update
471,568,2024-06-15,Home,1,94,viewed,6,Jun,Post-Update
472,2148,2024-04-17,Payment,4,63,viewed,4,Apr,Post-Update
473,2372,2024-02-04,Plan Selection,3,89,dropped,2,Feb,Pre-Update
474,2488,2024-04-06,Home,1,57,viewed,4,Apr,Post-Update
475,2333,2024-05-22,Plan Selection,3,152,viewed,5,May,Post-Update
476,1208,2024-06-10,Pricing Page,2,55,dropped,6,Jun,Post-Update
477,2361,2024-04-25,Payment,4,57,viewed,4,Apr,Post-Update
478,2251,2024-05-02,Home,1,127,clicked,5,May,Post-Update
479,208,2024-04-27,Home,1,56,dropped,4,Apr,Post-Update
480,1723,2024-05-08,Payment,4,203,clicked,5,May,Post-Update
481,90,2024-06-27,Payment,4,66,viewed,6,Jun,Post-Update
482,1423,2024-05-20,Pricing Page,2,38,clicked,5,May,Post-Update
483,469,2024-06-06,Confirmation,5,178,converted,6,Jun,Post-Update
484,1622,2024-02-01,Pricing Page,2,50,clicked,2,Feb,Pre-Update
485,1956,2024-01-03,Home,1,126,clicked,1,Jan,Pre-Update
486,2886,2024-02-02,Home,1,117,viewed,2,Feb,Pre-Update
487,1698,2024-06-16,Confirmation,5,179,converted,6,Jun,Post-Update
488,1421,2024-05-28,Plan Selection,3,192,clicked,5,May,Post-Update
489,2918,2024-02-12,Pricing Page,2,48,dropped,2,Feb,Pre-Update
490,1272,2024-03-08,Plan Selection,3,169,dropped,3,Mar,Pre-Update
491,2381,2024-02-16,Confirmation,5,167,converted,2,Feb,Pre-Update
492,603,2024-04-26,Plan Selection,3,27,viewed,4,Apr,Post-Update
493,2773,2024-05-07,Payment,4,140,dropped,5,May,Post-Update
494,222,2024-03-03,Plan Selection,3,118,dropped,3,Mar,Pre-Update
495,575,2024-03-25,Payment,4,80,clicked,3,Mar,Post-Update
496,1558,2024-01-09,Plan Selection,3,68,clicked,1,Jan,Pre-Update
497,408,2024-03-25,Confirmation,5,66,converted,3,Mar,Post-Update
498,1813,2024-01-31,Home,1,142,dropped,1,Jan,Pre-Update
499,289,2024-05-29,Payment,4,164,clicked,5,May,Post-Update
500,549,2024-01-04,Plan Selection,3,143,viewed,1,Jan,Pre-Update
501,1407,2024-02-17,Confirmation,5,170,converted,2,Feb,Pre-Update
502,768,2024-06-06,Plan Selection,3,73,viewed,6,Jun,Post-Update
503,559,2024-03-22,Plan Selection,3,25,clicked,3,Mar,Post-Update
504,1430,2024-03-04,Pricing Page,2,48,dropped,3,Mar,Pre-Update
505,1086,2024-05-06,Pricing Page,2,66,dropped,5,May,Post-Update
506,39,2024-02-28,Plan Selection,3,187,viewed,2,Feb,Pre-Update
507,14,2024-05-28,Home,1,198,clicked,5,May,Post-Update
508,1514,2024-01-23,Home,1,53,viewed,1,Jan,Pre-Update
509,2975,2024-05-19,Confirmation,5,30,converted,5,May,Post-Update
510,2593,2024-01-03,Pricing Page,2,38,dropped,1,Jan,Pre-Update
511,1765,2024-04-27,Pricing Page,2,51,clicked,4,Apr,Post-Update
512,1903,2024-05-22,Home,1,174,viewed,5,May,Post-Update
513,1505,2024-04-05,Home,1,36,dropped,4,Apr,Post-Update
514,2117,2024-06-06,Pricing Page,2,54,dropped,6,Jun,Post-Update
515,2631,2024-01-08,Plan Selection,3,169,dropped,1,Jan,Pre-Update
516,2224,2024-01-06,Confirmation,5,108,converted,1,Jan,Pre-Update
517,2180,2024-01-27,Plan Selection,3,82,dropped,1,Jan,Pre-Update
518,1544,2024-02-08,Plan Selection,3,11,clicked,2,Feb,Pre-Update
519,642,2024-05-11,Confirmation,5,167,converted,5,May,Post-Update
520,2839,2024-03-08,Home,1,23,dropped,3,Mar,Pre-Update
521,2598,2024-05-05,Payment,4,58,viewed,5,May,Post-Update
522,1188,2024-01-19,Pricing Page,2,39,clicked,1,Jan,Pre-Update
523,1002,2024-05-02,Pricing Page,2,63,dropped,5,May,Post-Update
524,255,2024-01-08,Confirmation,5,141,converted,1,Jan,Pre-Update
525,1269,2024-01-25,Pricing Page,2,50,dropped,1,Jan,Pre-Update
526,2668,2024-06-06,Plan Selection,3,162,viewed,6,Jun,Post-Update
527,2125,2024-01-26,Plan Selection,3,100,clicked,1,Jan,Pre-Update
528,1058,2024-01-25,Plan Selection,3,145,clicked,1,Jan,Pre-Update
529,1962,2024-04-29,Pricing Page,2,57,dropped,4,Apr,Post-Update
530,2062,2024-03-18,Home,1,38,clicked,3,Mar,Post-Update
531,2496,2024-05-25,Plan Selection,3,56,clicked,5,May,Post-Update
532,556,2024-02-05,Pricing Page,2,45,dropped,2,Feb,Pre-Update
533,2331,2024-01-21,Pricing Page,2,56,clicked,1,Jan,Pre-Update
534,2779,2024-03-25,Plan Selection,3,91,clicked,3,Mar,Post-Update
535,1527,2024-04-01,Home,1,113,clicked,4,Apr,Post-Update
536,875,2024-05-15,Payment,4,29,viewed,5,May,Post-Update
537,381,2024-06-26,Plan Selection,3,148,viewed,6,Jun,Post-Update
538,1059,2024-01-19,Pricing Page,2,59,clicked,1,Jan,Pre-Update
539,2277,2024-01-31,Plan Selection,3,73,viewed,1,Jan,Pre-Update
540,1528,2024-06-06,Payment,4,111,dropped,6,Jun,Post-Update
541,2523,2024-06-26,Pricing Page,2,38,viewed,6,Jun,Post-Update
542,1526,2024-05-25,Pricing Page,2,39,clicked,5,May,Post-Update
543,2592,2024-06-11,Confirmation,5,165,converted,6,Jun,Post-Update
544,628,2024-05-08,Confirmation,5,110,converted,5,May,Post-Update
545,2197,2024-01-28,Plan Selection,3,85,dropped,1,Jan,Pre-Update
546,2319,2024-02-28,Pricing Page,2,45,clicked,2,Feb,Pre-Update
547,172,2024-01-20,Pricing Page,2,45,clicked,1,Jan,Pre-Update
548,2016,2024-01-08,Home,1,182,viewed,1,Jan,Pre-Update
549,2932,2024-05-15,Payment,4,178,viewed,5,May,Post-Update
550,853,2024-01-24,Payment,4,134,viewed,1,Jan,Pre-Update
551,2028,2024-02-15,Pricing Page,2,41,dropped,2,Feb,Pre-Update
552,2525,2024-04-24,Plan Selection,3,59,clicked,4,Apr,Post-Update
553,24,2024-06-28,Confirmation,5,148,converted,6,Jun,Post-Update
554,2011,2024-02-18,Pricing Page,2,55,dropped,2,Feb,Pre-Update
555,1815,2024-03-03,Confirmation,5,106,converted,3,Mar,Pre-Update
556,2122,2024-01-16,Pricing Page,2,39,clicked,1,Jan,Pre-Update
557,431,2024-06-06,Confirmation,5,206,converted,6,Jun,Post-Update
558,442,2024-05-23,Plan Selection,3,68,viewed,5,May,Post-Update
559,1136,2024-03-02,Plan Selection,3,171,clicked,3,Mar,Pre-Update
560,926,2024-03-31,Plan Selection,3,91,clicked,3,Mar,Post-Update
561,586,2024-01-24,Home,1,189,clicked,1,Jan,Pre-Update
562,2626,2024-03-20,Plan Selection,3,108,viewed,3,Mar,Post-Update
563,1264,2024-05-18,Plan Selection,3,118,dropped,5,May,Post-Update
564,1269,2024-01-16,Home,1,106,viewed,1,Jan,Pre-Update
565,1281,2024-02-07,Payment,4,46,viewed,2,Feb,Pre-Update
566,1873,2024-02-08,Pricing Page,2,40,dropped,2,Feb,Pre-Update
567,3,2024-03-03,Payment,4,132,viewed,3,Mar,Pre-Update
568,1472,2024-06-04,Payment,4,117,dropped,6,Jun,Post-Update
569,1423,2024-05-10,Home,1,151,dropped,5,May,Post-Update
570,2,2024-06-16,Plan Selection,3,84,viewed,6,Jun,Post-Update
571,2174,2024-05-10,Pricing Page,2,66,dropped,5,May,Post-Update
572,1165,2024-04-21,Confirmation,5,159,converted,4,Apr,Post-Update
573,2940,2024-04-28,Pricing Page,2,60,clicked,4,Apr,Post-Update
574,341,2024-04-13,Plan Selection,3,180,viewed,4,Apr,Post-Update
575,191,2024-01-27,Plan Selection,3,54,clicked,1,Jan,Pre-Update
576,2741,2024-01-04,Pricing Page,2,52,clicked,1,Jan,Pre-Update
577,283,2024-03-24,Home,1,160,viewed,3,Mar,Post-Update
578,343,2024-04-09,Pricing Page,2,49,clicked,4,Apr,Post-Update
579,793,2024-02-20,Plan Selection,3,45,dropped,2,Feb,Pre-Update
580,2472,2024-06-13,Home,1,137,viewed,6,Jun,Post-Update
581,2920,2024-06-17,Payment,4,183,dropped,6,Jun,Post-Update
582,388,2024-02-07,Plan Selection,3,123,viewed,2,Feb,Pre-Update
583,2818,2024-06-13,Payment,4,201,clicked,6,Jun,Post-Update
584,35,2024-02-28,Plan Selection,3,205,dropped,2,Feb,Pre-Update
585,1816,2024-05-08,Payment,4,107,clicked,5,May,Post-Update
586,2787,2024-05-25,Pricing Page,2,62,dropped,5,May,Post-Update
587,243,2024-03-31,Pricing Page,2,62,dropped,3,Mar,Post-Update
588,860,2024-03-06,Confirmation,5,151,converted,3,Mar,Pre-Update
589,1961,2024-01-27,Payment,4,100,viewed,1,Jan,Pre-Update
590,807,2024-04-12,Home,1,103,dropped,4,Apr,Post-Update
591,2352,2024-02-07,Plan Selection,3,162,viewed,2,Feb,Pre-Update
592,2010,2024-06-24,Payment,4,75,dropped,6,Jun,Post-Update
593,1351,2024-06-28,Plan Selection,3,31,viewed,6,Jun,Post-Update
594,404,2024-04-17,Plan Selection,3,26,viewed,4,Apr,Post-Update
595,630,2024-06-25,Pricing Page,2,46,clicked,6,Jun,Post-Update
596,2145,2024-03-18,Confirmation,5,140,converted,3,Mar,Post-Update
597,887,2024-04-05,Payment,4,34,clicked,4,Apr,Post-Update
598,1773,2024-05-21,Home,1,72,dropped,5,May,Post-Update
599,2842,2024-02-06,Home,1,55,viewed,2,Feb,Pre-Update
600,1614,2024-05-16,Home,1,114,dropped,5,May,Post-Update
601,447,2024-02-26,Home,1,142,viewed,2,Feb,Pre-Update
602,2169,2024-05-23,Payment,4,128,clicked,5,May,Post-Update
603,364,2024-06-06,Confirmation,5,63,converted,6,Jun,Post-Update
604,1248,2024-02-20,Home,1,179,viewed,2,Feb,Pre-Update
605,1780,2024-03-29,Plan Selection,3,171,dropped,3,Mar,Post-Update
606,2824,2024-03-29,Plan Selection,3,143,clicked,3,Mar,Post-Update
607,753,2024-06-12,Payment,4,36,clicked,6,Jun,Post-Update
608,1026,2024-05-01,Pricing Page,2,56,dropped,5,May,Post-Update
609,1427,2024-02-06,Plan Selection,3,73,viewed,2,Feb,Pre-Update
610,623,2024-04-07,Home,1,170,viewed,4,Apr,Post-Update
611,1023,2024-03-23,Pricing Page,2,66,dropped,3,Mar,Post-Update
612,383,2024-04-24,Payment,4,10,viewed,4,Apr,Post-Update
613,1150,2024-06-08,Pricing Page,2,55,dropped,6,Jun,Post-Update
614,318,2024-01-05,Payment,4,190,dropped,1,Jan,Pre-Update
615,2907,2024-03-20,Pricing Page,2,40,dropped,3,Mar,Post-Update
616,1428,2024-05-17,Pricing Page,2,55,clicked,5,May,Post-Update
617,979,2024-02-02,Confirmation,5,12,converted,2,Feb,Pre-Update
618,989,2024-04-21,Home,1,123,clicked,4,Apr,Post-Update
619,643,2024-02-28,Confirmation,5,196,converted,2,Feb,Pre-Update
620,2158,2024-05-24,Payment,4,161,clicked,5,May,Post-Update
621,646,2024-02-03,Pricing Page,2,53,dropped,2,Feb,Pre-Update
622,1482,2024-06-18,Pricing Page,2,44,dropped,6,Jun,Post-Update
623,2944,2024-02-23,Plan Selection,3,177,clicked,2,Feb,Pre-Update
624,728,2024-04-11,Home,1,138,dropped,4,Apr,Post-Update
625,481,2024-05-15,Pricing Page,2,41,clicked,5,May,Post-Update
626,537,2024-05-25,Pricing Page,2,38,dropped,5,May,Post-Update
627,2371,2024-02-19,Home,1,45,viewed,2,Feb,Pre-Update
628,2754,2024-06-15,Payment,4,94,clicked,6,Jun,Post-Update
629,2175,2024-05-30,Confirmation,5,102,converted,5,May,Post-Update
630,975,2024-02-14,Pricing Page,2,44,clicked,2,Feb,Pre-Update
631,387,2024-03-28,Home,1,152,clicked,3,Mar,Post-Update
632,560,2024-04-07,Home,1,17,viewed,4,Apr,Post-Update
633,2598,2024-06-19,Home,1,158,clicked,6,Jun,Post-Update
634,2009,2024-02-07,Home,1,106,clicked,2,Feb,Pre-Update
635,952,2024-04-05,Plan Selection,3,179,dropped,4,Apr,Post-Update
636,986,2024-01-23,Plan Selection,3,164,viewed,1,Jan,Pre-Update
637,1610,2024-05-20,Pricing Page,2,67,dropped,5,May,Post-Update
638,1595,2024-03-10,Pricing Page,2,45,clicked,3,Mar,Pre-Update
639,1443,2024-04-13,Pricing Page,2,49,dropped,4,Apr,Post-Update
640,2645,2024-04-20,Pricing Page,2,45,dropped,4,Apr,Post-Update
641,1074,2024-05-08,Pricing Page,2,47,dropped,5,May,Post-Update
642,1542,2024-02-24,Confirmation,5,182,converted,2,Feb,Pre-Update
643,1393,2024-05-12,Pricing Page,2,40,clicked,5,May,Post-Update
644,2919,2024-06-18,Payment,4,205,viewed,6,Jun,Post-Update
645,369,2024-05-21,Plan Selection,3,90,clicked,5,May,Post-Update
646,1728,2024-05-26,Pricing Page,2,43,viewed,5,May,Post-Update
647,905,2024-04-16,Home,1,85,viewed,4,Apr,Post-Update
648,2728,2024-01-22,Payment,4,208,clicked,1,Jan,Pre-Update
649,2207,2024-04-28,Home,1,79,clicked,4,Apr,Post-Update
650,2104,2024-06-04,Pricing Page,2,50,dropped,6,Jun,Post-Update
651,956,2024-01-07,Pricing Page,2,30,clicked,1,Jan,Pre-Update
652,781,2024-06-09,Plan Selection,3,138,dropped,6,Jun,Post-Update
653,769,2024-04-12,Home,1,134,viewed,4,Apr,Post-Update
654,2146,2024-05-29,Confirmation,5,103,converted,5,May,Post-Update
655,1129,2024-03-26,Pricing Page,2,61,dropped,3,Mar,Post-Update
656,1137,2024-03-27,Pricing Page,2,64,dropped,3,Mar,Post-Update
657,823,2024-04-24,Pricing Page,2,63,dropped,4,Apr,Post-Update
658,1012,2024-01-30,Payment,4,118,clicked,1,Jan,Pre-Update
659,2538,2024-03-03,Home,1,186,viewed,3,Mar,Pre-Update
660,1988,2024-05-11,Plan Selection,3,23,clicked,5,May,Post-Update
661,2090,2024-03-03,Plan Selection,3,46,viewed,3,Mar,Pre-Update
662,1030,2024-05-21,Payment,4,19,viewed,5,May,Post-Update
663,2743,2024-05-12,Confirmation,5,88,converted,5,May,Post-Update
664,601,2024-05-30,Plan Selection,3,60,viewed,5,May,Post-Update
665,923,2024-05-06,Plan Selection,3,170,clicked,5,May,Post-Update
666,2920,2024-01-07,Pricing Page,2,34,dropped,1,Jan,Pre-Update
667,1968,2024-02-07,Home,1,144,dropped,2,Feb,Pre-Update
668,2712,2024-06-24,Home,1,164,clicked,6,Jun,Post-Update
669,2844,2024-03-09,Home,1,37,clicked,3,Mar,Pre-Update
670,707,2024-04-15,Pricing Page,2,48,dropped,4,Apr,Post-Update
671,381,2024-04-10,Pricing Page,2,45,dropped,4,Apr,Post-Update
672,2646,2024-01-04,Pricing Page,2,36,clicked,1,Jan,Pre-Update
673,2235,2024-05-07,Pricing Page,2,48,viewed,5,May,Post-Update
674,1035,2024-01-16,Pricing Page,2,49,dropped,1,Jan,Pre-Update
675,2374,2024-03-30,Home,1,205,viewed,3,Mar,Post-Update
676,542,2024-01-06,Plan Selection,3,202,viewed,1,Jan,Pre-Update
677,2996,2024-01-12,Pricing Page,2,41,viewed,1,Jan,Pre-Update
678,2329,2024-06-15,Pricing Page,2,56,dropped,6,Jun,Post-Update
679,883,2024-05-24,Home,1,34,clicked,5,May,Post-Update
680,463,2024-06-04,Payment,4,124,clicked,6,Jun,Post-Update
681,525,2024-05-13,Home,1,127,clicked,5,May,Post-Update
682,1508,2024-01-29,Pricing Page,2,57,clicked,1,Jan,Pre-Update
683,2242,2024-04-29,Home,1,83,viewed,4,Apr,Post-Update
684,2961,2024-01-16,Pricing Page,2,31,viewed,1,Jan,Pre-Update
685,2966,2024-03-27,Pricing Page,2,59,dropped,3,Mar,Post-Update
686,1036,2024-05-29,Home,1,201,clicked,5,May,Post-Update
687,2295,2024-02-13,Confirmation,5,181,converted,2,Feb,Pre-Update
688,1606,2024-01-19,Confirmation,5,63,converted,1,Jan,Pre-Update
689,1756,2024-01-23,Payment,4,11,clicked,1,Jan,Pre-Update
690,60,2024-06-06,Pricing Page,2,64,dropped,6,Jun,Post-Update
691,313,2024-06-03,Confirmation,5,46,converted,6,Jun,Post-Update
692,239,2024-06-01,Confirmation,5,78,converted,6,Jun,Post-Update
693,2368,2024-06-15,Pricing Page,2,49,dropped,6,Jun,Post-Update
694,277,2024-05-08,Pricing Page,2,43,dropped,5,May,Post-Update
695,1161,2024-03-03,Plan Selection,3,169,clicked,3,Mar,Pre-Update
696,200,2024-03-23,Home,1,10,viewed,3,Mar,Post-Update
697,2979,2024-04-11,Payment,4,99,viewed,4,Apr,Post-Update
698,1422,2024-01-14,Confirmation,5,126,converted,1,Jan,Pre-Update
699,101,2024-03-15,Confirmation,5,131,converted,3,Mar,Post-Update
700,387,2024-05-28,Plan Selection,3,33,clicked,5,May,Post-Update
701,2475,2024-05-28,Plan Selection,3,142,clicked,5,May,Post-Update
702,553,2024-04-22,Plan Selection,3,185,viewed,4,Apr,Post-Update
703,366,2024-03-04,Pricing Page,2,58,clicked,3,Mar,Pre-Update
704,2333,2024-02-27,Pricing Page,2,40,dropped,2,Feb,Pre-Update
705,209,2024-02-14,Home,1,90,viewed,2,Feb,Pre-Update
706,1195,2024-02-11,Confirmation,5,23,converted,2,Feb,Pre-Update
707,1484,2024-02-17,Payment,4,83,clicked,2,Feb,Pre-Update
708,1801,2024-06-26,Home,1,123,clicked,6,Jun,Post-Update
709,2796,2024-01-15,Plan Selection,3,174,clicked,1,Jan,Pre-Update
710,2620,2024-04-11,Home,1,67,viewed,4,Apr,Post-Update
711,1184,2024-03-16,Confirmation,5,69,converted,3,Mar,Post-Update
712,2274,2024-06-10,Home,1,72,viewed,6,Jun,Post-Update
713,2705,2024-04-19,Pricing Page,2,60,clicked,4,Apr,Post-Update
714,2380,2024-04-08,Pricing Page,2,39,dropped,4,Apr,Post-Update
715,2855,2024-01-20,Plan Selection,3,26,clicked,1,Jan,Pre-Update
716,1737,2024-05-25,Pricing Page,2,66,viewed,5,May,Post-Update
717,2362,2024-01-29,Pricing Page,2,50,dropped,1,Jan,Pre-Update
718,1254,2024-05-28,Payment,4,169,clicked,5,May,Post-Update
719,2337,2024-04-16,Plan Selection,3,67,viewed,4,Apr,Post-Update
720,450,2024-06-19,Pricing Page,2,52,clicked,6,Jun,Post-Update
721,2799,2024-04-20,Pricing Page,2,52,clicked,4,Apr,Post-Update
722,1706,2024-01-08,Plan Selection,3,86,clicked,1,Jan,Pre-Update
723,2607,2024-01-25,Home,1,206,viewed,1,Jan,Pre-Update
724,1388,2024-02-17,Confirmation,5,181,converted,2,Feb,Pre-Update
725,1496,2024-06-15,Home,1,166,clicked,6,Jun,Post-Update
726,1609,2024-06-21,Home,1,204,clicked,6,Jun,Post-Update
727,2638,2024-02-27,Confirmation,5,173,converted,2,Feb,Pre-Update
728,650,2024-04-24,Plan Selection,3,155,dropped,4,Apr,Post-Update
729,303,2024-03-01,Pricing Page,2,55,dropped,3,Mar,Pre-Update
730,698,2024-05-03,Payment,4,123,viewed,5,May,Post-Update
731,1908,2024-02-01,Confirmation,5,71,converted,2,Feb,Pre-Update
732,1945,2024-02-26,Plan Selection,3,38,viewed,2,Feb,Pre-Update
733,2594,2024-05-15,Home,1,120,clicked,5,May,Post-Update
734,2155,2024-05-18,Plan Selection,3,29,clicked,5,May,Post-Update
735,2944,2024-04-07,Payment,4,35,clicked,4,Apr,Post-Update
736,1734,2024-05-09,Payment,4,14,viewed,5,May,Post-Update
737,72,2024-02-17,Pricing Page,2,42,dropped,2,Feb,Pre-Update
738,1680,2024-05-09,Confirmation,5,69,converted,5,May,Post-Update
739,2444,2024-02-03,Pricing Page,2,57,dropped,2,Feb,Pre-Update
740,1346,2024-01-28,Pricing Page,2,47,clicked,1,Jan,Pre-Update
741,2153,2024-04-01,Pricing Page,2,50,viewed,4,Apr,Post-Update
742,848,2024-05-06,Plan Selection,3,36,viewed,5,May,Post-Update
743,763,2024-01-15,Plan Selection,3,190,viewed,1,Jan,Pre-Update
744,1367,2024-03-09,Plan Selection,3,112,viewed,3,Mar,Pre-Update
745,837,2024-04-02,Plan Selection,3,13,viewed,4,Apr,Post-Update
746,2162,2024-05-14,Plan Selection,3,109,viewed,5,May,Post-Update
747,2291,2024-02-18,Home,1,89,viewed,2,Feb,Pre-Update
748,513,2024-02-12,Plan Selection,3,132,dropped,2,Feb,Pre-Update
749,1569,2024-03-13,Pricing Page,2,57,dropped,3,Mar,Pre-Update
750,2605,2024-03-07,Pricing Page,2,31,clicked,3,Mar,Pre-Update
751,1082,2024-02-28,Plan Selection,3,155,dropped,2,Feb,Pre-Update
752,2643,2024-03-07,Pricing Page,2,56,viewed,3,Mar,Pre-Update
753,2180,2024-06-26,Payment,4,148,clicked,6,Jun,Post-Update
754,918,2024-05-06,Plan Selection,3,178,clicked,5,May,Post-Update
755,1975,2024-06-26,Confirmation,5,159,converted,6,Jun,Post-Update
756,2745,2024-03-01,Confirmation,5,143,converted,3,Mar,Pre-Update
757,1582,2024-04-25,Plan Selection,3,31,viewed,4,Apr,Post-Update
758,843,2024-02-14,Pricing Page,2,35,clicked,2,Feb,Pre-Update
759,240,2024-02-13,Confirmation,5,27,converted,2,Feb,Pre-Update
760,1659,2024-03-31,Payment,4,157,dropped,3,Mar,Post-Update
761,1371,2024-06-09,Home,1,141,dropped,6,Jun,Post-Update
762,1520,2024-02-14,Plan Selection,3,171,viewed,2,Feb,Pre-Update
763,459,2024-01-04,Plan Selection,3,26,clicked,1,Jan,Pre-Update
764,1293,2024-04-08,Pricing Page,2,54,dropped,4,Apr,Post-Update
765,1700,2024-03-31,Payment,4,107,dropped,3,Mar,Post-Update
766,2258,2024-04-25,Confirmation,5,148,converted,4,Apr,Post-Update
767,2107,2024-03-19,Home,1,13,viewed,3,Mar,Post-Update
768,1371,2024-04-14,Plan Selection,3,171,clicked,4,Apr,Post-Update
769,361,2024-01-15,Home,1,201,viewed,1,Jan,Pre-Update
770,1401,2024-02-29,Pricing Page,2,38,clicked,2,Feb,Pre-Update
771,314,2024-05-20,Plan Selection,3,123,dropped,5,May,Post-Update
772,2399,2024-05-05,Home,1,62,dropped,5,May,Post-Update
773,2134,2024-02-17,Home,1,23,viewed,2,Feb,Pre-Update
774,2812,2024-02-06,Pricing Page,2,41,dropped,2,Feb,Pre-Update
775,2050,2024-02-23,Pricing Page,2,36,viewed,2,Feb,Pre-Update
776,2319,2024-02-02,Plan Selection,3,91,clicked,2,Feb,Pre-Update
777,395,2024-06-01,Payment,4,120,clicked,6,Jun,Post-Update
778,2890,2024-05-31,Pricing Page,2,38,dropped,5,May,Post-Update
779,2620,2024-05-25,Pricing Page,2,54,dropped,5,May,Post-Update
780,2915,2024-02-25,Plan Selection,3,55,clicked,2,Feb,Pre-Update
781,1725,2024-01-22,Payment,4,198,dropped,1,Jan,Pre-Update
782,2676,2024-01-05,Pricing Page,2,34,clicked,1,Jan,Pre-Update
783,2628,2024-06-22,Home,1,206,clicked,6,Jun,Post-Update
784,12,2024-06-03,Pricing Page,2,58,clicked,6,Jun,Post-Update
785,176,2024-03-22,Home,1,25,dropped,3,Mar,Post-Update
786,1170,2024-04-14,Plan Selection,3,179,dropped,4,Apr,Post-Update
787,2780,2024-03-04,Confirmation,5,168,converted,3,Mar,Pre-Update
788,199,2024-06-20,Plan Selection,3,179,viewed,6,Jun,Post-Update
789,1760,2024-01-10,Plan Selection,3,86,clicked,1,Jan,Pre-Update
790,2394,2024-05-28,Plan Selection,3,26,clicked,5,May,Post-Update
791,484,2024-06-23,Pricing Page,2,60,clicked,6,Jun,Post-Update
792,1982,2024-06-20,Payment,4,205,viewed,6,Jun,Post-Update
793,216,2024-04-09,Plan Selection,3,23,viewed,4,Apr,Post-Update
794,1019,2024-04-13,Payment,4,100,viewed,4,Apr,Post-Update
795,1503,2024-02-03,Pricing Page,2,47,clicked,2,Feb,Pre-Update
796,785,2024-04-03,Payment,4,91,viewed,4,Apr,Post-Update
797,369,2024-04-19,Plan Selection,3,103,clicked,4,Apr,Post-Update
798,1430,2024-02-15,Payment,4,84,clicked,2,Feb,Pre-Update
799,2380,2024-05-28,Payment,4,49,viewed,5,May,Post-Update
800,978,2024-02-20,Pricing Page,2,38,dropped,2,Feb,Pre-Update
801,2110,2024-02-06,Confirmation,5,175,converted,2,Feb,Pre-Update
802,1478,2024-06-25,Pricing Page,2,38,viewed,6,Jun,Post-Update
803,1809,2024-02-09,Pricing Page,2,52,viewed,2,Feb,Pre-Update
804,1131,2024-01-19,Pricing Page,2,46,clicked,1,Jan,Pre-Update
805,1278,2024-02-23,Home,1,31,viewed,2,Feb,Pre-Update
806,1149,2024-01-17,Pricing Page,2,37,dropped,1,Jan,Pre-Update
807,290,2024-03-05,Plan Selection,3,98,viewed,3,Mar,Pre-Update
808,618,2024-06-13,Confirmation,5,180,converted,6,Jun,Post-Update
809,1564,2024-01-09,Plan Selection,3,51,dropped,1,Jan,Pre-Update
810,1693,2024-05-07,Payment,4,20,viewed,5,May,Post-Update
811,2003,2024-01-08,Pricing Page,2,56,viewed,1,Jan,Pre-Update
812,1181,2024-04-08,Plan Selection,3,20,viewed,4,Apr,Post-Update
813,401,2024-05-04,Home,1,45,viewed,5,May,Post-Update
814,619,2024-05-21,Pricing Page,2,42,clicked,5,May,Post-Update
815,1506,2024-01-31,Pricing Page,2,33,clicked,1,Jan,Pre-Update
816,2665,2024-03-28,Payment,4,69,dropped,3,Mar,Post-Update
817,998,2024-06-16,Plan Selection,3,80,viewed,6,Jun,Post-Update
818,1160,2024-02-17,Home,1,15,viewed,2,Feb,Pre-Update
819,444,2024-05-24,Plan Selection,3,87,clicked,5,May,Post-Update
820,530,2024-01-14,Payment,4,19,viewed,1,Jan,Pre-Update
821,669,2024-01-17,Payment,4,153,dropped,1,Jan,Pre-Update
822,2335,2024-03-01,Pricing Page,2,50,dropped,3,Mar,Pre-Update
823,2438,2024-06-22,Pricing Page,2,66,clicked,6,Jun,Post-Update
824,1198,2024-01-09,Home,1,15,dropped,1,Jan,Pre-Update
825,439,2024-04-16,Plan Selection,3,167,clicked,4,Apr,Post-Update
826,1935,2024-01-04,Home,1,164,clicked,1,Jan,Pre-Update
827,1462,2024-03-05,Pricing Page,2,44,clicked,3,Mar,Pre-Update
828,2482,2024-05-22,Pricing Page,2,64,dropped,5,May,Post-Update
829,1516,2024-03-22,Payment,4,84,viewed,3,Mar,Post-Update
830,90,2024-02-16,Pricing Page,2,37,clicked,2,Feb,Pre-Update
831,468,2024-01-12,Payment,4,10,clicked,1,Jan,Pre-Update
832,1497,2024-06-28,Pricing Page,2,47,dropped,6,Jun,Post-Update
833,2549,2024-05-23,Pricing Page,2,58,dropped,5,May,Post-Update
834,2494,2024-04-23,Plan Selection,3,86,viewed,4,Apr,Post-Update
835,1721,2024-01-07,Pricing Page,2,36,clicked,1,Jan,Pre-Update
836,2551,2024-01-27,Home,1,92,clicked,1,Jan,Pre-Update
837,1713,2024-01-31,Home,1,31,dropped,1,Jan,Pre-Update
838,1692,2024-02-21,Payment,4,171,viewed,2,Feb,Pre-Update
839,2224,2024-02-08,Payment,4,114,dropped,2,Feb,Pre-Update
840,110,2024-05-28,Confirmation,5,104,converted,5,May,Post-Update
841,1212,2024-04-19,Payment,4,49,clicked,4,Apr,Post-Update
842,950,2024-05-31,Pricing Page,2,58,clicked,5,May,Post-Update
843,1757,2024-05-12,Confirmation,5,75,converted,5,May,Post-Update
844,2760,2024-04-21,Pricing Page,2,62,dropped,4,Apr,Post-Update
845,2720,2024-02-28,Confirmation,5,110,converted,2,Feb,Pre-Update
846,2500,2024-04-28,Payment,4,197,clicked,4,Apr,Post-Update
847,2833,2024-04-30,Pricing Page,2,51,clicked,4,Apr,Post-Update
848,934,2024-03-10,Confirmation,5,169,converted,3,Mar,Pre-Update
849,40,2024-05-02,Pricing Page,2,57,dropped,5,May,Post-Update
850,1496,2024-04-19,Plan Selection,3,164,clicked,4,Apr,Post-Update
851,746,2024-02-24,Payment,4,198,clicked,2,Feb,Pre-Update
852,493,2024-04-23,Plan Selection,3,75,viewed,4,Apr,Post-Update
853,1681,2024-05-02,Plan Selection,3,110,clicked,5,May,Post-Update
854,1257,2024-06-19,Pricing Page,2,50,clicked,6,Jun,Post-Update
855,1480,2024-02-08,Plan Selection,3,78,viewed,2,Feb,Pre-Update
856,1617,2024-06-22,Home,1,206,clicked,6,Jun,Post-Update
857,142,2024-01-08,Home,1,42,viewed,1,Jan,Pre-Update
858,2232,2024-05-20,Plan Selection,3,205,viewed,5,May,Post-Update
859,1703,2024-01-25,Confirmation,5,111,converted,1,Jan,Pre-Update
860,1763,2024-03-15,Pricing Page,2,47,dropped,3,Mar,Post-Update
861,2928,2024-01-28,Payment,4,155,dropped,1,Jan,Pre-Update
862,1376,2024-06-13,Home,1,24,viewed,6,Jun,Post-Update
863,752,2024-04-12,Home,1,158,clicked,4,Apr,Post-Update
864,74,2024-05-19,Payment,4,117,clicked,5,May,Post-Update
865,961,2024-03-20,Pricing Page,2,63,dropped,3,Mar,Post-Update
866,767,2024-04-16,Home,1,35,dropped,4,Apr,Post-Update
867,423,2024-03-11,Plan Selection,3,94,clicked,3,Mar,Pre-Update
868,1611,2024-01-01,Pricing Page,2,59,clicked,1,Jan,Pre-Update
869,1503,2024-03-22,Payment,4,89,viewed,3,Mar,Post-Update
870,1567,2024-03-09,Pricing Page,2,45,clicked,3,Mar,Pre-Update
871,1159,2024-01-31,Plan Selection,3,199,viewed,1,Jan,Pre-Update
872,1536,2024-04-08,Home,1,62,viewed,4,Apr,Post-Update
873,324,2024-02-06,Plan Selection,3,171,dropped,2,Feb,Pre-Update
874,1717,2024-06-04,Plan Selection,3,76,viewed,6,Jun,Post-Update
875,1820,2024-02-18,Plan Selection,3,167,clicked,2,Feb,Pre-Update
876,1600,2024-04-05,Home,1,143,dropped,4,Apr,Post-Update
877,2619,2024-06-01,Plan Selection,3,98,clicked,6,Jun,Post-Update
878,2482,2024-06-01,Payment,4,38,clicked,6,Jun,Post-Update
879,375,2024-01-17,Home,1,38,clicked,1,Jan,Pre-Update
880,2721,2024-01-24,Confirmation,5,66,converted,1,Jan,Pre-Update
881,1796,2024-01-28,Confirmation,5,79,converted,1,Jan,Pre-Update
882,2569,2024-02-13,Plan Selection,3,90,dropped,2,Feb,Pre-Update
883,1444,2024-06-28,Plan Selection,3,140,viewed,6,Jun,Post-Update
884,1426,2024-02-26,Home,1,168,clicked,2,Feb,Pre-Update
885,625,2024-03-29,Payment,4,147,viewed,3,Mar,Post-Update
886,2049,2024-04-11,Payment,4,35,clicked,4,Apr,Post-Update
887,1208,2024-06-18,Pricing Page,2,55,dropped,6,Jun,Post-Update
888,1747,2024-04-03,Payment,4,140,viewed,4,Apr,Post-Update
889,2126,2024-03-03,Plan Selection,3,207,dropped,3,Mar,Pre-Update
890,1964,2024-06-12,Plan Selection,3,15,clicked,6,Jun,Post-Update
891,1244,2024-04-13,Plan Selection,3,87,dropped,4,Apr,Post-Update
892,553,2024-05-09,Home,1,205,viewed,5,May,Post-Update
893,271,2024-01-08,Confirmation,5,119,converted,1,Jan,Pre-Update
894,2831,2024-01-13,Plan Selection,3,82,clicked,1,Jan,Pre-Update
895,831,2024-04-12,Confirmation,5,63,converted,4,Apr,Post-Update
896,1061,2024-06-24,Payment,4,19,viewed,6,Jun,Post-Update
897,529,2024-02-22,Confirmation,5,151,converted,2,Feb,Pre-Update
898,2357,2024-05-26,Plan Selection,3,22,dropped,5,May,Post-Update
899,2610,2024-05-09,Confirmation,5,150,converted,5,May,Post-Update
900,1803,2024-06-11,Plan Selection,3,160,viewed,6,Jun,Post-Update
901,604,2024-06-17,Home,1,107,clicked,6,Jun,Post-Update
902,2678,2024-04-27,Plan Selection,3,182,viewed,4,Apr,Post-Update
903,1790,2024-01-13,Plan Selection,3,121,dropped,1,Jan,Pre-Update
904,2882,2024-03-17,Pricing Page,2,66,viewed,3,Mar,Post-Update
905,2814,2024-06-01,Pricing Page,2,53,dropped,6,Jun,Post-Update
906,2976,2024-01-11,Pricing Page,2,40,viewed,1,Jan,Pre-Update
907,821,2024-05-17,Confirmation,5,139,converted,5,May,Post-Update
908,844,2024-03-24,Pricing Page,2,65,dropped,3,Mar,Post-Update
909,1618,2024-06-11,Payment,4,137,clicked,6,Jun,Post-Update
910,85,2024-03-09,Payment,4,190,dropped,3,Mar,Pre-Update
911,2204,2024-03-14,Payment,4,202,clicked,3,Mar,Pre-Update
912,1788,2024-01-17,Plan Selection,3,19,clicked,1,Jan,Pre-Update
913,337,2024-05-25,Plan Selection,3,18,dropped,5,May,Post-Update
914,1745,2024-03-27,Plan Selection,3,177,dropped,3,Mar,Post-Update
915,1686,2024-01-31,Home,1,61,viewed,1,Jan,Pre-Update
916,1251,2024-04-12,Plan Selection,3,57,clicked,4,Apr,Post-Update
917,1315,2024-06-11,Home,1,39,dropped,6,Jun,Post-Update
918,2335,2024-01-28,Pricing Page,2,51,dropped,1,Jan,Pre-Update
919,1316,2024-02-09,Payment,4,60,viewed,2,Feb,Pre-Update
920,2480,2024-03-10,Pricing Page,2,59,clicked,3,Mar,Pre-Update
921,1367,2024-02-08,Plan Selection,3,188,clicked,2,Feb,Pre-Update
922,62,2024-01-16,Pricing Page,2,46,clicked,1,Jan,Pre-Update
923,2107,2024-03-31,Pricing Page,2,51,dropped,3,Mar,Post-Update
924,2393,2024-06-16,Pricing Page,2,49,dropped,6,Jun,Post-Update
925,2611,2024-05-15,Home,1,90,viewed,5,May,Post-Update
926,2681,2024-04-20,Pricing Page,2,67,viewed,4,Apr,Post-Update
927,1270,2024-03-26,Home,1,10,viewed,3,Mar,Post-Update
928,2484,2024-05-31,Plan Selection,3,10,viewed,5,May,Post-Update
929,1462,2024-05-14,Pricing Page,2,67,dropped,5,May,Post-Update
930,694,2024-03-18,Pricing Page,2,65,dropped,3,Mar,Post-Update
931,2474,2024-01-28,Pricing Page,2,30,dropped,1,Jan,Pre-Update
932,209,2024-04-29,Home,1,116,clicked,4,Apr,Post-Update
933,491,2024-05-17,Pricing Page,2,45,dropped,5,May,Post-Update
934,441,2024-04-13,Pricing Page,2,50,clicked,4,Apr,Post-Update
935,2506,2024-05-09,Home,1,60,dropped,5,May,Post-Update
936,1071,2024-05-09,Plan Selection,3,82,clicked,5,May,Post-Update
937,1264,2024-02-06,Payment,4,44,clicked,2,Feb,Pre-Update
938,1337,2024-03-22,Confirmation,5,48,converted,3,Mar,Post-Update
939,706,2024-04-18,Pricing Page,2,58,dropped,4,Apr,Post-Update
940,2271,2024-01-16,Home,1,104,viewed,1,Jan,Pre-Update
941,699,2024-03-08,Home,1,155,dropped,3,Mar,Pre-Update
942,1329,2024-06-01,Payment,4,181,viewed,6,Jun,Post-Update
943,2067,2024-03-29,Pricing Page,2,51,dropped,3,Mar,Post-Update
944,1038,2024-02-22,Pricing Page,2,37,viewed,2,Feb,Pre-Update
945,2730,2024-05-20,Home,1,84,clicked,5,May,Post-Update
946,399,2024-02-26,Home,1,184,viewed,2,Feb,Pre-Update
947,2446,2024-03-15,Plan Selection,3,175,clicked,3,Mar,Post-Update
948,2955,2024-01-09,Pricing Page,2,37,clicked,1,Jan,Pre-Update
949,1138,2024-04-21,Confirmation,5,171,converted,4,Apr,Post-Update
950,771,2024-06-04,Plan Selection,3,207,clicked,6,Jun,Post-Update
951,235,2024-01-30,Plan Selection,3,98,clicked,1,Jan,Pre-Update
952,2708,2024-02-01,Home,1,79,dropped,2,Feb,Pre-Update
953,13,2024-03-12,Confirmation,5,131,converted,3,Mar,Pre-Update
954,523,2024-01-08,Plan Selection,3,64,clicked,1,Jan,Pre-Update
955,2587,2024-02-23,Confirmation,5,135,converted,2,Feb,Pre-Update
956,1284,2024-02-15,Confirmation,5,43,converted,2,Feb,Pre-Update
957,2620,2024-06-06,Plan Selection,3,209,viewed,6,Jun,Post-Update
958,348,2024-01-22,Pricing Page,2,55,clicked,1,Jan,Pre-Update
959,2785,2024-01-31,Home,1,172,viewed,1,Jan,Pre-Update
960,2593,2024-05-14,Home,1,90,viewed,5,May,Post-Update
961,2840,2024-06-01,Pricing Page,2,47,dropped,6,Jun,Post-Update
962,618,2024-05-17,Home,1,132,clicked,5,May,Post-Update
963,2463,2024-04-01,Home,1,182,dropped,4,Apr,Post-Update
964,2359,2024-05-08,Home,1,175,clicked,5,May,Post-Update
965,901,2024-05-30,Pricing Page,2,63,dropped,5,May,Post-Update
966,1400,2024-01-26,Pricing Page,2,32,clicked,1,Jan,Pre-Update
967,1130,2024-02-24,Pricing Page,2,59,clicked,2,Feb,Pre-Update
968,2423,2024-05-24,Plan Selection,3,102,clicked,5,May,Post-Update
969,1802,2024-02-07,Pricing Page,2,48,dropped,2,Feb,Pre-Update
970,1872,2024-02-15,Pricing Page,2,36,viewed,2,Feb,Pre-Update
971,16,2024-02-09,Home,1,146,dropped,2,Feb,Pre-Update
972,2985,2024-03-04,Payment,4,172,viewed,3,Mar,Pre-Update
973,818,2024-01-25,Payment,4,193,viewed,1,Jan,Pre-Update
974,506,2024-06-10,Confirmation,5,35,converted,6,Jun,Post-Update
975,2229,2024-03-02,Pricing Page,2,38,dropped,3,Mar,Pre-Update
976,1919,2024-06-07,Pricing Page,2,57,viewed,6,Jun,Post-Update
977,2215,2024-06-03,Home,1,148,clicked,6,Jun,Post-Update
978,1347,2024-02-29,Pricing Page,2,46,viewed,2,Feb,Pre-Update
979,1679,2024-02-17,Plan Selection,3,91,dropped,2,Feb,Pre-Update
980,1141,2024-04-07,Plan Selection,3,39,dropped,4,Apr,Post-Update
981,2857,2024-04-04,Payment,4,58,viewed,4,Apr,Post-Update
982,2706,2024-05-12,Confirmation,5,119,converted,5,May,Post-Update
983,2671,2024-05-26,Pricing Page,2,52,dropped,5,May,Post-Update
984,2229,2024-01-03,Payment,4,34,dropped,1,Jan,Pre-Update
985,637,2024-05-09,Confirmation,5,111,converted,5,May,Post-Update
986,2251,2024-02-11,Confirmation,5,161,converted,2,Feb,Pre-Update
987,343,2024-02-25,Home,1,207,clicked,2,Feb,Pre-Update
988,175,2024-01-14,Pricing Page,2,53,dropped,1,Jan,Pre-Update
989,552,2024-01-01,Pricing Page,2,38,dropped,1,Jan,Pre-Update
990,575,2024-06-20,Home,1,11,clicked,6,Jun,Post-Update
991,1684,2024-02-16,Plan Selection,3,68,viewed,2,Feb,Pre-Update
992,731,2024-03-02,Confirmation,5,185,converted,3,Mar,Pre-Update
993,1306,2024-04-09,Pricing Page,2,55,dropped,4,Apr,Post-Update
994,73,2024-03-25,Pricing Page,2,65,clicked,3,Mar,Post-Update
995,2890,2024-04-20,Home,1,14,viewed,4,Apr,Post-Update
996,2835,2024-06-14,Payment,4,196,clicked,6,Jun,Post-Update
997,1612,2024-02-20,Payment,4,33,dropped,2,Feb,Pre-Update
998,2005,2024-05-12,Plan Selection,3,25,clicked,5,May,Post-Update
999,2602,2024-01-15,Payment,4,150,dropped,1,Jan,Pre-Update
1000,1921,2024-05-16,Payment,4,204,clicked,5,May,Post-Update
1001,2117,2024-04-10,Plan Selection,3,124,viewed,4,Apr,Post-Update
1002,2761,2024-05-27,Pricing Page,2,43,viewed,5,May,Post-Update
1003,2589,2024-05-05,Payment,4,63,viewed,5,May,Post-Update
1004,2562,2024-01-14,Payment,4,181,viewed,1,Jan,Pre-Update
1005,1776,2024-03-24,Plan Selection,3,70,viewed,3,Mar,Post-Update
1006,1851,2024-03-07,Confirmation,5,173,converted,3,Mar,Pre-Update
1007,386,2024-02-05,Plan Selection,3,87,dropped,2,Feb,Pre-Update
1008,1830,2024-04-15,Home,1,154,clicked,4,Apr,Post-Update
1009,1412,2024-03-07,Pricing Page,2,31,dropped,3,Mar,Pre-Update
1010,2712,2024-03-24,Plan Selection,3,125,dropped,3,Mar,Post-Update
1011,2533,2024-06-07,Payment,4,120,clicked,6,Jun,Post-Update
1012,1939,2024-03-21,Pricing Page,2,42,clicked,3,Mar,Post-Update
1013,2203,2024-01-31,Plan Selection,3,153,viewed,1,Jan,Pre-Update
1014,289,2024-04-06,Pricing Page,2,45,dropped,4,Apr,Post-Update
1015,687,2024-04-06,Confirmation,5,61,converted,4,Apr,Post-Update
1016,1124,2024-01-19,Pricing Page,2,48,viewed,1,Jan,Pre-Update
1017,1826,2024-03-10,Home,1,82,clicked,3,Mar,Pre-Update
1018,1114,2024-03-10,Payment,4,190,dropped,3,Mar,Pre-Update
1019,2118,2024-02-20,Pricing Page,2,46,viewed,2,Feb,Pre-Update
1020,2715,2024-05-23,Pricing Page,2,64,clicked,5,May,Post-Update
1021,2847,2024-04-10,Confirmation,5,209,converted,4,Apr,Post-Update
1022,543,2024-06-14,Home,1,98,dropped,6,Jun,Post-Update
1023,629,2024-05-10,Confirmation,5,154,converted,5,May,Post-Update
1024,2019,2024-02-06,Confirmation,5,80,converted,2,Feb,Pre-Update
1025,2364,2024-06-08,Home,1,123,viewed,6,Jun,Post-Update
1026,2587,2024-01-31,Pricing Page,2,54,dropped,1,Jan,Pre-Update
1027,562,2024-06-17,Home,1,156,clicked,6,Jun,Post-Update
1028,1541,2024-04-07,Home,1,50,clicked,4,Apr,Post-Update
1029,42,2024-03-30,Pricing Page,2,57,viewed,3,Mar,Post-Update
1030,1898,2024-03-20,Pricing Page,2,43,dropped,3,Mar,Post-Update
1031,1554,2024-04-09,Home,1,74,dropped,4,Apr,Post-Update
1032,454,2024-05-04,Confirmation,5,183,converted,5,May,Post-Update
1033,1107,2024-02-15,Home,1,199,clicked,2,Feb,Pre-Update
1034,2170,2024-05-03,Pricing Page,2,41,clicked,5,May,Post-Update
1035,2761,2024-01-11,Plan Selection,3,95,clicked,1,Jan,Pre-Update
1036,1755,2024-02-07,Pricing Page,2,53,dropped,2,Feb,Pre-Update
1037,531,2024-04-10,Pricing Page,2,53,viewed,4,Apr,Post-Update
1038,2261,2024-02-04,Plan Selection,3,199,viewed,2,Feb,Pre-Update
1039,733,2024-03-08,Home,1,111,dropped,3,Mar,Pre-Update
1040,825,2024-06-11,Plan Selection,3,135,dropped,6,Jun,Post-Update
1041,2663,2024-06-24,Home,1,22,viewed,6,Jun,Post-Update
1042,1305,2024-01-01,Plan Selection,3,114,clicked,1,Jan,Pre-Update
1043,2772,2024-01-23,Payment,4,178,viewed,1,Jan,Pre-Update
1044,2807,2024-04-17,Home,1,26,viewed,4,Apr,Post-Update
1045,553,2024-02-17,Payment,4,16,viewed,2,Feb,Pre-Update
1046,871,2024-05-27,Pricing Page,2,55,dropped,5,May,Post-Update
1047,1403,2024-04-24,Payment,4,196,clicked,4,Apr,Post-Update
1048,112,2024-01-16,Pricing Page,2,38,clicked,1,Jan,Pre-Update
1049,1343,2024-06-07,Home,1,122,viewed,6,Jun,Post-Update
1050,2305,2024-05-19,Plan Selection,3,96,clicked,5,May,Post-Update
1051,862,2024-06-09,Plan Selection,3,39,dropped,6,Jun,Post-Update
1052,2516,2024-01-05,Plan Selection,3,203,dropped,1,Jan,Pre-Update
1053,573,2024-06-11,Confirmation,5,178,converted,6,Jun,Post-Update
1054,1463,2024-06-14,Home,1,174,viewed,6,Jun,Post-Update
1055,1234,2024-05-11,Pricing Page,2,62,viewed,5,May,Post-Update
1056,526,2024-01-15,Confirmation,5,45,converted,1,Jan,Pre-Update
1057,702,2024-04-25,Pricing Page,2,52,dropped,4,Apr,Post-Update
1058,1738,2024-06-05,Plan Selection,3,86,dropped,6,Jun,Post-Update
1059,1438,2024-01-04,Plan Selection,3,53,dropped,1,Jan,Pre-Update
1060,2776,2024-02-21,Plan Selection,3,81,viewed,2,Feb,Pre-Update
1061,626,2024-03-27,Payment,4,85,clicked,3,Mar,Post-Update
1062,2528,2024-03-19,Plan Selection,3,178,clicked,3,Mar,Post-Update
1063,385,2024-04-27,Payment,4,75,dropped,4,Apr,Post-Update
1064,1226,2024-05-25,Payment,4,130,clicked,5,May,Post-Update
1065,467,2024-01-01,Plan Selection,3,161,dropped,1,Jan,Pre-Update
1066,1136,2024-03-31,Pricing Page,2,47,dropped,3,Mar,Post-Update
1067,1552,2024-01-20,Confirmation,5,122,converted,1,Jan,Pre-Update
1068,2652,2024-05-12,Home,1,184,clicked,5,May,Post-Update
1069,2870,2024-06-01,Pricing Page,2,42,clicked,6,Jun,Post-Update
1070,146,2024-01-31,Plan Selection,3,197,viewed,1,Jan,Pre-Update
1071,950,2024-05-07,Plan Selection,3,161,dropped,5,May,Post-Update
1072,236,2024-02-02,Plan Selection,3,161,viewed,2,Feb,Pre-Update
1073,2436,2024-04-19,Plan Selection,3,38,viewed,4,Apr,Post-Update
1074,839,2024-04-13,Home,1,86,viewed,4,Apr,Post-Update
1075,271,2024-06-13,Pricing Page,2,58,clicked,6,Jun,Post-Update
1076,189,2024-03-16,Confirmation,5,66,converted,3,Mar,Post-Update
1077,2088,2024-04-23,Home,1,78,clicked,4,Apr,Post-Update
1078,2734,2024-05-22,Pricing Page,2,58,clicked,5,May,Post-Update
1079,281,2024-06-22,Plan Selection,3,157,dropped,6,Jun,Post-Update
1080,968,2024-02-23,Plan Selection,3,144,viewed,2,Feb,Pre-Update
1081,374,2024-01-25,Pricing Page,2,34,clicked,1,Jan,Pre-Update
1082,1030,2024-03-25,Pricing Page,2,41,clicked,3,Mar,Post-Update
1083,173,2024-02-13,Home,1,88,viewed,2,Feb,Pre-Update
1084,931,2024-06-04,Pricing Page,2,44,dropped,6,Jun,Post-Update
1085,1522,2024-03-19,Plan Selection,3,186,clicked,3,Mar,Post-Update
1086,2678,2024-06-18,Home,1,56,dropped,6,Jun,Post-Update
1087,66,2024-05-01,Pricing Page,2,52,dropped,5,May,Post-Update
1088,441,2024-02-01,Pricing Page,2,48,viewed,2,Feb,Pre-Update
1089,652,2024-04-25,Plan Selection,3,174,clicked,4,Apr,Post-Update
1090,2551,2024-06-04,Payment,4,49,viewed,6,Jun,Post-Update
1091,2899,2024-05-06,Plan Selection,3,189,viewed,5,May,Post-Update
1092,2310,2024-05-19,Plan Selection,3,91,clicked,5,May,Post-Update
1093,2486,2024-06-13,Home,1,129,viewed,6,Jun,Post-Update
1094,380,2024-02-21,Home,1,80,viewed,2,Feb,Pre-Update
1095,320,2024-04-25,Payment,4,95,clicked,4,Apr,Post-Update
1096,1274,2024-03-30,Home,1,111,viewed,3,Mar,Post-Update
1097,469,2024-06-25,Pricing Page,2,42,dropped,6,Jun,Post-Update
1098,280,2024-06-18,Pricing Page,2,43,clicked,6,Jun,Post-Update
1099,766,2024-06-25,Home,1,132,viewed,6,Jun,Post-Update
1100,2684,2024-02-11,Pricing Page,2,49,viewed,2,Feb,Pre-Update
1101,1577,2024-06-15,Home,1,71,clicked,6,Jun,Post-Update
1102,1792,2024-03-26,Plan Selection,3,99,clicked,3,Mar,Post-Update
1103,667,2024-04-14,Pricing Page,2,47,viewed,4,Apr,Post-Update
1104,2027,2024-04-21,Home,1,102,dropped,4,Apr,Post-Update
1105,697,2024-05-22,Pricing Page,2,63,dropped,5,May,Post-Update
1106,1011,2024-06-16,Plan Selection,3,69,viewed,6,Jun,Post-Update
1107,1046,2024-05-23,Confirmation,5,64,converted,5,May,Post-Update
1108,1696,2024-01-02,Pricing Page,2,52,clicked,1,Jan,Pre-Update
1109,274,2024-03-23,Home,1,148,clicked,3,Mar,Post-Update
1110,229,2024-01-16,Home,1,154,dropped,1,Jan,Pre-Update
1111,2964,2024-06-01,Pricing Page,2,60,viewed,6,Jun,Post-Update
1112,1274,2024-03-02,Pricing Page,2,33,dropped,3,Mar,Pre-Update
1113,2841,2024-06-25,Home,1,63,dropped,6,Jun,Post-Update
1114,916,2024-06-04,Pricing Page,2,48,dropped,6,Jun,Post-Update
1115,2668,2024-05-03,Payment,4,153,clicked,5,May,Post-Update
1116,1295,2024-02-08,Payment,4,46,viewed,2,Feb,Pre-Update
1117,1811,2024-01-23,Payment,4,140,viewed,1,Jan,Pre-Update
1118,979,2024-01-11,Pricing Page,2,41,viewed,1,Jan,Pre-Update
1119,1575,2024-06-01,Plan Selection,3,138,clicked,6,Jun,Post-Update
1120,1907,2024-02-13,Pricing Page,2,52,viewed,2,Feb,Pre-Update
1121,211,2024-05-17,Plan Selection,3,147,viewed,5,May,Post-Update
1122,544,2024-06-23,Pricing Page,2,51,dropped,6,Jun,Post-Update
1123,2967,2024-04-06,Plan Selection,3,180,dropped,4,Apr,Post-Update
1124,1205,2024-03-19,Confirmation,5,115,converted,3,Mar,Post-Update
1125,2245,2024-01-28,Plan Selection,3,35,dropped,1,Jan,Pre-Update
1126,19,2024-05-25,Confirmation,5,118,converted,5,May,Post-Update
1127,2218,2024-01-14,Home,1,108,dropped,1,Jan,Pre-Update
1128,2165,2024-03-29,Pricing Page,2,64,clicked,3,Mar,Post-Update
1129,1687,2024-06-06,Plan Selection,3,143,clicked,6,Jun,Post-Update
1130,2719,2024-03-10,Home,1,171,clicked,3,Mar,Pre-Update
1131,2647,2024-01-06,Plan Selection,3,95,viewed,1,Jan,Pre-Update
1132,2500,2024-02-24,Confirmation,5,23,converted,2,Feb,Pre-Update
1133,1089,2024-04-20,Confirmation,5,201,converted,4,Apr,Post-Update
1134,2779,2024-05-16,Confirmation,5,139,converted,5,May,Post-Update
1135,879,2024-04-04,Payment,4,36,clicked,4,Apr,Post-Update
1136,2420,2024-05-08,Home,1,112,dropped,5,May,Post-Update
1137,1194,2024-03-17,Confirmation,5,78,converted,3,Mar,Post-Update
1138,2852,2024-05-10,Payment,4,130,viewed,5,May,Post-Update
1139,2943,2024-04-23,Pricing Page,2,42,dropped,4,Apr,Post-Update
1140,2610,2024-02-03,Pricing Page,2,32,clicked,2,Feb,Pre-Update
1141,2352,2024-05-08,Home,1,177,viewed,5,May,Post-Update
1142,1722,2024-01-03,Pricing Page,2,50,dropped,1,Jan,Pre-Update
1143,2298,2024-05-15,Pricing Page,2,38,clicked,5,May,Post-Update
1144,779,2024-03-02,Confirmation,5,133,converted,3,Mar,Pre-Update
1145,910,2024-04-30,Pricing Page,2,39,viewed,4,Apr,Post-Update
1146,2303,2024-06-13,Pricing Page,2,51,dropped,6,Jun,Post-Update
1147,552,2024-03-16,Plan Selection,3,96,clicked,3,Mar,Post-Update
1148,1450,2024-05-14,Pricing Page,2,42,viewed,5,May,Post-Update
1149,682,2024-02-28,Confirmation,5,144,converted,2,Feb,Pre-Update
1150,1711,2024-05-31,Pricing Page,2,65,dropped,5,May,Post-Update
1151,2382,2024-04-27,Payment,4,85,clicked,4,Apr,Post-Update
1152,860,2024-04-15,Home,1,126,viewed,4,Apr,Post-Update
1153,2308,2024-05-13,Pricing Page,2,59,dropped,5,May,Post-Update
1154,2138,2024-03-26,Pricing Page,2,57,clicked,3,Mar,Post-Update
1155,665,2024-02-05,Pricing Page,2,58,viewed,2,Feb,Pre-Update
1156,951,2024-01-15,Pricing Page,2,31,viewed,1,Jan,Pre-Update
1157,947,2024-06-09,Pricing Page,2,62,dropped,6,Jun,Post-Update
1158,932,2024-06-14,Plan Selection,3,112,clicked,6,Jun,Post-Update
1159,1336,2024-03-20,Payment,4,12,clicked,3,Mar,Post-Update
1160,681,2024-05-21,Pricing Page,2,60,dropped,5,May,Post-Update
1161,710,2024-06-10,Payment,4,19,dropped,6,Jun,Post-Update
1162,2618,2024-03-05,Home,1,155,dropped,3,Mar,Pre-Update
1163,1742,2024-03-22,Plan Selection,3,45,clicked,3,Mar,Post-Update
1164,1071,2024-04-27,Home,1,191,dropped,4,Apr,Post-Update
1165,1278,2024-01-07,Confirmation,5,102,converted,1,Jan,Pre-Update
1166,1682,2024-03-16,Pricing Page,2,62,clicked,3,Mar,Post-Update
1167,1778,2024-04-09,Confirmation,5,56,converted,4,Apr,Post-Update
1168,719,2024-03-30,Payment,4,68,dropped,3,Mar,Post-Update
1169,288,2024-06-11,Home,1,63,viewed,6,Jun,Post-Update
1170,2984,2024-05-06,Pricing Page,2,50,dropped,5,May,Post-Update
1171,1482,2024-05-31,Plan Selection,3,11,viewed,5,May,Post-Update
1172,1862,2024-02-27,Plan Selection,3,135,viewed,2,Feb,Pre-Update
1173,269,2024-03-24,Home,1,182,dropped,3,Mar,Post-Update
1174,616,2024-04-09,Home,1,18,viewed,4,Apr,Post-Update
1175,2413,2024-04-30,Confirmation,5,128,converted,4,Apr,Post-Update
1176,655,2024-02-25,Payment,4,103,viewed,2,Feb,Pre-Update
1177,367,2024-03-30,Home,1,25,dropped,3,Mar,Post-Update
1178,59,2024-06-20,Plan Selection,3,110,clicked,6,Jun,Post-Update
1179,180,2024-05-16,Plan Selection,3,159,viewed,5,May,Post-Update
1180,1100,2024-01-13,Pricing Page,2,30,dropped,1,Jan,Pre-Update
1181,2650,2024-02-13,Plan Selection,3,207,clicked,2,Feb,Pre-Update
1182,1802,2024-01-12,Plan Selection,3,99,viewed,1,Jan,Pre-Update
1183,2745,2024-04-22,Pricing Page,2,65,dropped,4,Apr,Post-Update
1184,2010,2024-06-14,Plan Selection,3,21,viewed,6,Jun,Post-Update
1185,2698,2024-04-27,Plan Selection,3,169,clicked,4,Apr,Post-Update
1186,1035,2024-05-02,Pricing Page,2,60,clicked,5,May,Post-Update
1187,303,2024-03-31,Home,1,99,viewed,3,Mar,Post-Update
1188,37,2024-01-09,Pricing Page,2,56,viewed,1,Jan,Pre-Update
1189,1675,2024-02-14,Plan Selection,3,14,clicked,2,Feb,Pre-Update
1190,802,2024-06-17,Payment,4,101,viewed,6,Jun,Post-Update
1191,878,2024-02-18,Pricing Page,2,43,viewed,2,Feb,Pre-Update
1192,887,2024-05-02,Plan Selection,3,105,viewed,5,May,Post-Update
1193,2974,2024-02-24,Plan Selection,3,156,dropped,2,Feb,Pre-Update
1194,585,2024-05-14,Home,1,84,clicked,5,May,Post-Update
1195,1296,2024-04-23,Payment,4,75,dropped,4,Apr,Post-Update
1196,1795,2024-04-25,Pricing Page,2,41,dropped,4,Apr,Post-Update
1197,1096,2024-05-25,Confirmation,5,56,converted,5,May,Post-Update
1198,1149,2024-02-08,Confirmation,5,190,converted,2,Feb,Pre-Update
1199,2352,2024-02-09,Payment,4,209,viewed,2,Feb,Pre-Update
1200,2961,2024-04-09,Payment,4,64,dropped,4,Apr,Post-Update
1201,686,2024-01-22,Confirmation,5,34,converted,1,Jan,Pre-Update
1202,2817,2024-02-28,Payment,4,206,clicked,2,Feb,Pre-Update
1203,2224,2024-01-18,Pricing Page,2,30,dropped,1,Jan,Pre-Update
1204,589,2024-02-16,Plan Selection,3,150,clicked,2,Feb,Pre-Update
1205,177,2024-06-28,Payment,4,198,clicked,6,Jun,Post-Update
1206,2860,2024-05-06,Plan Selection,3,30,clicked,5,May,Post-Update
1207,1997,2024-04-08,Plan Selection,3,199,clicked,4,Apr,Post-Update
1208,438,2024-06-17,Pricing Page,2,48,dropped,6,Jun,Post-Update
1209,943,2024-03-03,Payment,4,190,dropped,3,Mar,Pre-Update
1210,225,2024-06-12,Pricing Page,2,58,clicked,6,Jun,Post-Update
1211,400,2024-05-12,Pricing Page,2,41,clicked,5,May,Post-Update
1212,1064,2024-04-14,Payment,4,78,clicked,4,Apr,Post-Update
1213,1125,2024-01-06,Home,1,207,viewed,1,Jan,Pre-Update
1214,1567,2024-06-15,Home,1,86,viewed,6,Jun,Post-Update
1215,2870,2024-02-28,Payment,4,166,viewed,2,Feb,Pre-Update
1216,2786,2024-05-02,Plan Selection,3,209,dropped,5,May,Post-Update
1217,2618,2024-06-01,Plan Selection,3,91,clicked,6,Jun,Post-Update
1218,460,2024-06-19,Pricing Page,2,51,dropped,6,Jun,Post-Update
1219,2695,2024-01-29,Home,1,208,viewed,1,Jan,Pre-Update
1220,1318,2024-01-27,Pricing Page,2,48,viewed,1,Jan,Pre-Update
1221,1317,2024-04-21,Payment,4,13,viewed,4,Apr,Post-Update
1222,2236,2024-03-22,Home,1,151,clicked,3,Mar,Post-Update
1223,1293,2024-04-22,Payment,4,42,clicked,4,Apr,Post-Update
1224,1414,2024-02-03,Plan Selection,3,207,clicked,2,Feb,Pre-Update
1225,212,2024-01-25,Pricing Page,2,58,dropped,1,Jan,Pre-Update
1226,2151,2024-04-28,Home,1,134,viewed,4,Apr,Post-Update
1227,2975,2024-04-25,Pricing Page,2,43,dropped,4,Apr,Post-Update
1228,1600,2024-01-07,Plan Selection,3,163,dropped,1,Jan,Pre-Update
1229,924,2024-01-31,Confirmation,5,29,converted,1,Jan,Pre-Update
1230,2177,2024-03-01,Pricing Page,2,44,viewed,3,Mar,Pre-Update
1231,259,2024-05-09,Pricing Page,2,52,dropped,5,May,Post-Update
1232,2701,2024-01-14,Plan Selection,3,35,viewed,1,Jan,Pre-Update
1233,2348,2024-01-02,Plan Selection,3,109,clicked,1,Jan,Pre-Update
1234,1113,2024-05-13,Plan Selection,3,131,clicked,5,May,Post-Update
1235,2775,2024-04-14,Home,1,170,viewed,4,Apr,Post-Update
1236,217,2024-02-19,Home,1,190,dropped,2,Feb,Pre-Update
1237,2030,2024-01-28,Payment,4,58,viewed,1,Jan,Pre-Update
1238,615,2024-01-12,Plan Selection,3,85,viewed,1,Jan,Pre-Update
1239,1686,2024-04-17,Pricing Page,2,57,dropped,4,Apr,Post-Update
1240,2227,2024-05-10,Pricing Page,2,59,dropped,5,May,Post-Update
1241,1024,2024-02-04,Confirmation,5,29,converted,2,Feb,Pre-Update
1242,2024,2024-01-16,Pricing Page,2,53,clicked,1,Jan,Pre-Update
1243,424,2024-04-19,Plan Selection,3,60,clicked,4,Apr,Post-Update
1244,982,2024-03-10,Confirmation,5,120,converted,3,Mar,Pre-Update
1245,2812,2024-01-06,Pricing Page,2,47,viewed,1,Jan,Pre-Update
1246,2939,2024-01-09,Pricing Page,2,38,clicked,1,Jan,Pre-Update
1247,2992,2024-02-20,Pricing Page,2,33,clicked,2,Feb,Pre-Update
1248,2451,2024-05-20,Pricing Page,2,62,clicked,5,May,Post-Update
1249,1258,2024-05-22,Plan Selection,3,206,viewed,5,May,Post-Update
1250,1743,2024-02-04,Pricing Page,2,43,clicked,2,Feb,Pre-Update
1251,2406,2024-01-23,Pricing Page,2,50,viewed,1,Jan,Pre-Update
1252,2302,2024-04-10,Pricing Page,2,59,dropped,4,Apr,Post-Update
1253,1979,2024-05-26,Home,1,183,dropped,5,May,Post-Update
1254,551,2024-03-22,Plan Selection,3,36,clicked,3,Mar,Post-Update
1255,1554,2024-05-31,Plan Selection,3,131,dropped,5,May,Post-Update
1256,60,2024-04-17,Confirmation,5,168,converted,4,Apr,Post-Update
1257,632,2024-05-02,Payment,4,165,clicked,5,May,Post-Update
1258,1952,2024-03-24,Pricing Page,2,51,dropped,3,Mar,Post-Update
1259,487,2024-04-04,Home,1,30,dropped,4,Apr,Post-Update
1260,807,2024-06-29,Home,1,181,viewed,6,Jun,Post-Update
1261,935,2024-02-11,Pricing Page,2,41,dropped,2,Feb,Pre-Update
1262,2731,2024-06-19,Confirmation,5,32,converted,6,Jun,Post-Update
1263,1764,2024-04-20,Pricing Page,2,54,viewed,4,Apr,Post-Update
1264,533,2024-06-25,Pricing Page,2,59,clicked,6,Jun,Post-Update
1265,459,2024-05-16,Pricing Page,2,47,clicked,5,May,Post-Update
1266,387,2024-05-25,Plan Selection,3,171,dropped,5,May,Post-Update
1267,200,2024-01-08,Home,1,191,clicked,1,Jan,Pre-Update
1268,2499,2024-04-24,Plan Selection,3,106,clicked,4,Apr,Post-Update
1269,1347,2024-01-20,Home,1,129,clicked,1,Jan,Pre-Update
1270,1184,2024-04-29,Home,1,136,viewed,4,Apr,Post-Update
1271,156,2024-06-10,Pricing Page,2,62,dropped,6,Jun,Post-Update
1272,2402,2024-02-10,Plan Selection,3,190,clicked,2,Feb,Pre-Update
1273,375,2024-04-05,Pricing Page,2,58,clicked,4,Apr,Post-Update
1274,1205,2024-06-16,Pricing Page,2,46,dropped,6,Jun,Post-Update
1275,68,2024-04-17,Confirmation,5,156,converted,4,Apr,Post-Update
1276,2882,2024-04-18,Home,1,169,viewed,4,Apr,Post-Update
1277,2160,2024-05-12,Plan Selection,3,82,clicked,5,May,Post-Update
1278,840,2024-04-14,Home,1,116,clicked,4,Apr,Post-Update
1279,2664,2024-06-20,Home,1,126,viewed,6,Jun,Post-Update
1280,1630,2024-05-13,Home,1,29,clicked,5,May,Post-Update
1281,728,2024-02-22,Plan Selection,3,151,clicked,2,Feb,Pre-Update
1282,2444,2024-06-14,Home,1,183,viewed,6,Jun,Post-Update
1283,779,2024-03-09,Home,1,106,dropped,3,Mar,Pre-Update
1284,2091,2024-03-13,Confirmation,5,90,converted,3,Mar,Pre-Update
1285,731,2024-01-03,Pricing Page,2,48,dropped,1,Jan,Pre-Update
1286,1808,2024-05-14,Confirmation,5,66,converted,5,May,Post-Update
1287,2134,2024-05-07,Pricing Page,2,63,dropped,5,May,Post-Update
1288,2583,2024-01-10,Plan Selection,3,56,dropped,1,Jan,Pre-Update
1289,2865,2024-03-10,Home,1,24,dropped,3,Mar,Pre-Update
1290,2918,2024-01-27,Payment,4,136,viewed,1,Jan,Pre-Update
1291,2077,2024-02-25,Pricing Page,2,41,clicked,2,Feb,Pre-Update
1292,2283,2024-01-07,Confirmation,5,76,converted,1,Jan,Pre-Update
1293,2986,2024-06-27,Confirmation,5,152,converted,6,Jun,Post-Update
1294,2319,2024-05-10,Pricing Page,2,45,dropped,5,May,Post-Update
1295,1576,2024-02-12,Plan Selection,3,71,viewed,2,Feb,Pre-Update
1296,2213,2024-03-29,Pricing Page,2,59,viewed,3,Mar,Post-Update
1297,1226,2024-02-22,Pricing Page,2,36,clicked,2,Feb,Pre-Update
1298,1614,2024-03-08,Pricing Page,2,35,dropped,3,Mar,Pre-Update
1299,291,2024-01-18,Home,1,145,viewed,1,Jan,Pre-Update
1300,74,2024-05-04,Pricing Page,2,59,dropped,5,May,Post-Update
1301,1611,2024-01-12,Plan Selection,3,79,viewed,1,Jan,Pre-Update
1302,148,2024-03-11,Payment,4,175,viewed,3,Mar,Pre-Update
1303,671,2024-06-10,Payment,4,72,dropped,6,Jun,Post-Update
1304,2626,2024-06-10,Payment,4,98,viewed,6,Jun,Post-Update
1305,1264,2024-06-03,Home,1,106,clicked,6,Jun,Post-Update
1306,1343,2024-01-19,Home,1,124,clicked,1,Jan,Pre-Update
1307,2728,2024-04-13,Home,1,202,clicked,4,Apr,Post-Update
1308,471,2024-04-10,Pricing Page,2,63,dropped,4,Apr,Post-Update
1309,931,2024-03-16,Home,1,126,clicked,3,Mar,Post-Update
1310,770,2024-01-16,Plan Selection,3,206,viewed,1,Jan,Pre-Update
1311,2794,2024-05-11,Payment,4,15,viewed,5,May,Post-Update
1312,77,2024-02-16,Pricing Page,2,39,viewed,2,Feb,Pre-Update
1313,1269,2024-04-03,Pricing Page,2,38,dropped,4,Apr,Post-Update
1314,1850,2024-05-04,Plan Selection,3,188,viewed,5,May,Post-Update
1315,2377,2024-06-07,Home,1,86,viewed,6,Jun,Post-Update
1316,1212,2024-02-21,Pricing Page,2,37,clicked,2,Feb,Pre-Update
1317,1071,2024-06-12,Pricing Page,2,52,dropped,6,Jun,Post-Update
1318,2874,2024-04-10,Confirmation,5,181,converted,4,Apr,Post-Update
1319,1727,2024-02-24,Payment,4,16,viewed,2,Feb,Pre-Update
1320,2600,2024-06-22,Home,1,21,viewed,6,Jun,Post-Update
1321,1360,2024-01-17,Home,1,57,viewed,1,Jan,Pre-Update
1322,2181,2024-06-23,Plan Selection,3,80,viewed,6,Jun,Post-Update
1323,2931,2024-03-25,Pricing Page,2,56,clicked,3,Mar,Post-Update
1324,822,2024-06-15,Payment,4,28,dropped,6,Jun,Post-Update
1325,1588,2024-01-29,Pricing Page,2,46,dropped,1,Jan,Pre-Update
1326,2585,2024-01-04,Pricing Page,2,43,clicked,1,Jan,Pre-Update
1327,1018,2024-03-29,Pricing Page,2,57,viewed,3,Mar,Post-Update
1328,2916,2024-06-12,Plan Selection,3,75,viewed,6,Jun,Post-Update
1329,201,2024-06-13,Pricing Page,2,65,clicked,6,Jun,Post-Update
1330,1688,2024-05-24,Pricing Page,2,40,dropped,5,May,Post-Update
1331,666,2024-04-26,Plan Selection,3,180,clicked,4,Apr,Post-Update
1332,1234,2024-02-19,Home,1,179,viewed,2,Feb,Pre-Update
1333,1812,2024-04-06,Payment,4,154,dropped,4,Apr,Post-Update
1334,2595,2024-02-25,Confirmation,5,174,converted,2,Feb,Pre-Update
1335,782,2024-05-31,Pricing Page,2,52,dropped,5,May,Post-Update
1336,2814,2024-05-30,Pricing Page,2,43,viewed,5,May,Post-Update
1337,31,2024-02-27,Plan Selection,3,167,clicked,2,Feb,Pre-Update
1338,331,2024-04-30,Home,1,18,dropped,4,Apr,Post-Update
1339,2437,2024-03-30,Home,1,154,clicked,3,Mar,Post-Update
1340,931,2024-01-11,Pricing Page,2,50,dropped,1,Jan,Pre-Update
1341,982,2024-05-28,Home,1,35,clicked,5,May,Post-Update
1342,208,2024-03-26,Home,1,83,clicked,3,Mar,Post-Update
1343,2127,2024-03-23,Home,1,100,viewed,3,Mar,Post-Update
1344,1422,2024-01-13,Confirmation,5,95,converted,1,Jan,Pre-Update
1345,1046,2024-03-25,Pricing Page,2,38,dropped,3,Mar,Post-Update
1346,2749,2024-01-04,Pricing Page,2,51,clicked,1,Jan,Pre-Update
1347,1617,2024-01-13,Payment,4,104,dropped,1,Jan,Pre-Update
1348,1002,2024-02-09,Home,1,171,viewed,2,Feb,Pre-Update
1349,1079,2024-04-05,Plan Selection,3,61,clicked,4,Apr,Post-Update
1350,443,2024-06-26,Pricing Page,2,50,clicked,6,Jun,Post-Update
1351,375,2024-04-17,Plan Selection,3,48,dropped,4,Apr,Post-Update
1352,860,2024-06-14,Payment,4,184,dropped,6,Jun,Post-Update
1353,1003,2024-01-18,Pricing Page,2,34,dropped,1,Jan,Pre-Update
1354,456,2024-05-21,Pricing Page,2,64,dropped,5,May,Post-Update
1355,1714,2024-05-14,Confirmation,5,158,converted,5,May,Post-Update
1356,2174,2024-03-13,Payment,4,197,dropped,3,Mar,Pre-Update
1357,505,2024-02-16,Payment,4,32,dropped,2,Feb,Pre-Update
1358,2545,2024-04-05,Home,1,188,dropped,4,Apr,Post-Update
1359,613,2024-03-30,Payment,4,161,dropped,3,Mar,Post-Update
1360,2854,2024-01-05,Pricing Page,2,37,clicked,1,Jan,Pre-Update
1361,1464,2024-01-19,Home,1,190,clicked,1,Jan,Pre-Update
1362,681,2024-06-25,Home,1,16,clicked,6,Jun,Post-Update
1363,2672,2024-04-28,Plan Selection,3,25,clicked,4,Apr,Post-Update
1364,1838,2024-03-04,Confirmation,5,116,converted,3,Mar,Pre-Update
1365,2708,2024-06-15,Confirmation,5,156,converted,6,Jun,Post-Update
1366,2903,2024-04-25,Pricing Page,2,53,clicked,4,Apr,Post-Update
1367,592,2024-05-11,Home,1,14,viewed,5,May,Post-Update
1368,2750,2024-04-16,Home,1,55,clicked,4,Apr,Post-Update
1369,2932,2024-02-23,Plan Selection,3,169,clicked,2,Feb,Pre-Update
1370,1501,2024-03-07,Pricing Page,2,46,viewed,3,Mar,Pre-Update
1371,1108,2024-03-15,Confirmation,5,123,converted,3,Mar,Post-Update
1372,2834,2024-01-05,Pricing Page,2,41,dropped,1,Jan,Pre-Update
1373,367,2024-03-20,Payment,4,187,viewed,3,Mar,Post-Update
1374,2563,2024-04-12,Pricing Page,2,55,dropped,4,Apr,Post-Update
1375,554,2024-03-03,Home,1,176,viewed,3,Mar,Pre-Update
1376,2144,2024-04-26,Home,1,102,dropped,4,Apr,Post-Update
1377,2841,2024-04-07,Payment,4,136,viewed,4,Apr,Post-Update
1378,391,2024-05-31,Payment,4,107,dropped,5,May,Post-Update
1379,2160,2024-03-29,Pricing Page,2,67,dropped,3,Mar,Post-Update
1380,832,2024-02-15,Pricing Page,2,39,clicked,2,Feb,Pre-Update
1381,51,2024-06-08,Pricing Page,2,41,dropped,6,Jun,Post-Update
1382,1001,2024-01-10,Pricing Page,2,35,dropped,1,Jan,Pre-Update
1383,2327,2024-05-07,Home,1,180,viewed,5,May,Post-Update
1384,2485,2024-01-21,Home,1,19,dropped,1,Jan,Pre-Update
1385,2750,2024-04-08,Confirmation,5,59,converted,4,Apr,Post-Update
1386,914,2024-05-21,Confirmation,5,139,converted,5,May,Post-Update
1387,706,2024-02-12,Pricing Page,2,50,dropped,2,Feb,Pre-Update
1388,2856,2024-05-15,Confirmation,5,45,converted,5,May,Post-Update
1389,722,2024-04-30,Plan Selection,3,18,clicked,4,Apr,Post-Update
1390,2572,2024-01-17,Confirmation,5,39,converted,1,Jan,Pre-Update
1391,247,2024-06-24,Plan Selection,3,30,viewed,6,Jun,Post-Update
1392,565,2024-06-02,Plan Selection,3,167,viewed,6,Jun,Post-Update
1393,1185,2024-01-21,Pricing Page,2,48,viewed,1,Jan,Pre-Update
1394,1612,2024-01-13,Payment,4,92,viewed,1,Jan,Pre-Update
1395,674,2024-03-21,Plan Selection,3,103,viewed,3,Mar,Post-Update
1396,2557,2024-02-25,Confirmation,5,13,converted,2,Feb,Pre-Update
1397,356,2024-04-07,Pricing Page,2,41,dropped,4,Apr,Post-Update
1398,1617,2024-06-19,Home,1,140,viewed,6,Jun,Post-Update
1399,2739,2024-04-26,Pricing Page,2,50,clicked,4,Apr,Post-Update
1400,962,2024-03-21,Pricing Page,2,65,viewed,3,Mar,Post-Update
1401,2150,2024-06-07,Pricing Page,2,53,viewed,6,Jun,Post-Update
1402,2864,2024-01-13,Pricing Page,2,35,clicked,1,Jan,Pre-Update
1403,1955,2024-06-22,Payment,4,70,dropped,6,Jun,Post-Update
1404,409,2024-04-28,Payment,4,77,dropped,4,Apr,Post-Update
1405,1534,2024-02-14,Plan Selection,3,146,clicked,2,Feb,Pre-Update
1406,2338,2024-05-24,Plan Selection,3,193,viewed,5,May,Post-Update
1407,770,2024-03-26,Plan Selection,3,128,dropped,3,Mar,Post-Update
1408,14,2024-04-09,Payment,4,24,dropped,4,Apr,Post-Update
1409,1137,2024-04-07,Plan Selection,3,45,dropped,4,Apr,Post-Update
1410,1572,2024-06-27,Pricing Page,2,62,dropped,6,Jun,Post-Update
1411,1806,2024-06-26,Home,1,128,viewed,6,Jun,Post-Update
1412,1107,2024-06-22,Plan Selection,3,129,viewed,6,Jun,Post-Update
1413,2001,2024-04-30,Pricing Page,2,55,viewed,4,Apr,Post-Update
1414,628,2024-01-12,Plan Selection,3,51,dropped,1,Jan,Pre-Update
1415,1257,2024-01-13,Home,1,49,viewed,1,Jan,Pre-Update
1416,358,2024-03-08,Plan Selection,3,89,clicked,3,Mar,Pre-Update
1417,526,2024-03-23,Payment,4,99,viewed,3,Mar,Post-Update
1418,1262,2024-02-13,Confirmation,5,208,converted,2,Feb,Pre-Update
1419,379,2024-04-29,Confirmation,5,128,converted,4,Apr,Post-Update
1420,639,2024-02-22,Payment,4,59,viewed,2,Feb,Pre-Update
1421,278,2024-01-29,Plan Selection,3,32,dropped,1,Jan,Pre-Update
1422,2231,2024-04-30,Home,1,108,dropped,4,Apr,Post-Update
1423,1050,2024-02-16,Pricing Page,2,40,dropped,2,Feb,Pre-Update
1424,1483,2024-01-24,Home,1,106,viewed,1,Jan,Pre-Update
1425,2922,2024-02-09,Home,1,45,clicked,2,Feb,Pre-Update
1426,1364,2024-01-14,Home,1,181,dropped,1,Jan,Pre-Update
1427,1943,2024-03-31,Plan Selection,3,72,viewed,3,Mar,Post-Update
1428,1279,2024-04-02,Pricing Page,2,64,dropped,4,Apr,Post-Update
1429,690,2024-03-16,Pricing Page,2,58,dropped,3,Mar,Post-Update
1430,1533,2024-04-17,Pricing Page,2,48,dropped,4,Apr,Post-Update
1431,1125,2024-03-16,Confirmation,5,112,converted,3,Mar,Post-Update
1432,2108,2024-06-26,Payment,4,207,clicked,6,Jun,Post-Update
1433,2985,2024-02-05,Confirmation,5,87,converted,2,Feb,Pre-Update
1434,2864,2024-04-20,Home,1,21,viewed,4,Apr,Post-Update
1435,1963,2024-06-24,Confirmation,5,124,converted,6,Jun,Post-Update
1436,539,2024-02-01,Pricing Page,2,32,clicked,2,Feb,Pre-Update
1437,999,2024-01-16,Pricing Page,2,56,dropped,1,Jan,Pre-Update
1438,354,2024-01-22,Pricing Page,2,55,clicked,1,Jan,Pre-Update
1439,371,2024-01-02,Plan Selection,3,76,viewed,1,Jan,Pre-Update
1440,848,2024-03-20,Pricing Page,2,51,dropped,3,Mar,Post-Update
1441,2422,2024-02-27,Home,1,197,dropped,2,Feb,Pre-Update
1442,2909,2024-03-08,Confirmation,5,148,converted,3,Mar,Pre-Update
1443,1743,2024-05-28,Pricing Page,2,48,clicked,5,May,Post-Update
1444,1374,2024-01-31,Pricing Page,2,53,clicked,1,Jan,Pre-Update
1445,1057,2024-01-26,Plan Selection,3,182,clicked,1,Jan,Pre-Update
1446,321,2024-04-03,Pricing Page,2,61,dropped,4,Apr,Post-Update
1447,249,2024-01-31,Plan Selection,3,104,clicked,1,Jan,Pre-Update
1448,1327,2024-03-30,Home,1,67,viewed,3,Mar,Post-Update
1449,2987,2024-01-12,Pricing Page,2,43,dropped,1,Jan,Pre-Update
1450,2188,2024-01-05,Confirmation,5,125,converted,1,Jan,Pre-Update
1451,329,2024-05-26,Plan Selection,3,33,clicked,5,May,Post-Update
1452,2809,2024-02-26,Payment,4,170,viewed,2,Feb,Pre-Update
1453,1412,2024-01-05,Plan Selection,3,102,dropped,1,Jan,Pre-Update
1454,1623,2024-01-28,Home,1,49,viewed,1,Jan,Pre-Update
1455,1298,2024-03-03,Pricing Page,2,32,dropped,3,Mar,Pre-Update
1456,1991,2024-05-16,Payment,4,130,viewed,5,May,Post-Update
1457,1959,2024-02-04,Confirmation,5,85,converted,2,Feb,Pre-Update
1458,2751,2024-03-23,Plan Selection,3,57,viewed,3,Mar,Post-Update
1459,1268,2024-02-11,Confirmation,5,163,converted,2,Feb,Pre-Update
1460,459,2024-03-25,Payment,4,202,dropped,3,Mar,Post-Update
1461,331,2024-06-21,Pricing Page,2,45,dropped,6,Jun,Post-Update
1462,972,2024-04-11,Payment,4,116,dropped,4,Apr,Post-Update
1463,191,2024-06-15,Pricing Page,2,46,dropped,6,Jun,Post-Update
1464,347,2024-06-29,Plan Selection,3,53,dropped,6,Jun,Post-Update
1465,399,2024-02-05,Plan Selection,3,68,viewed,2,Feb,Pre-Update
1466,2288,2024-04-24,Payment,4,107,viewed,4,Apr,Post-Update
1467,1747,2024-03-28,Plan Selection,3,185,clicked,3,Mar,Post-Update
1468,1115,2024-04-27,Home,1,163,clicked,4,Apr,Post-Update
1469,2112,2024-02-27,Pricing Page,2,41,clicked,2,Feb,Pre-Update
1470,2102,2024-05-18,Payment,4,84,viewed,5,May,Post-Update
1471,655,2024-01-16,Payment,4,131,viewed,1,Jan,Pre-Update
1472,2349,2024-05-15,Pricing Page,2,60,dropped,5,May,Post-Update
1473,2039,2024-04-22,Home,1,110,clicked,4,Apr,Post-Update
1474,2859,2024-06-09,Plan Selection,3,57,clicked,6,Jun,Post-Update
1475,1480,2024-01-27,Pricing Page,2,53,dropped,1,Jan,Pre-Update
1476,2099,2024-06-03,Home,1,77,dropped,6,Jun,Post-Update
1477,2219,2024-02-14,Confirmation,5,63,converted,2,Feb,Pre-Update
1478,1023,2024-06-11,Pricing Page,2,58,dropped,6,Jun,Post-Update
1479,198,2024-02-13,Home,1,79,viewed,2,Feb,Pre-Update
1480,1160,2024-06-07,Pricing Page,2,53,viewed,6,Jun,Post-Update
1481,2494,2024-04-06,Home,1,70,viewed,4,Apr,Post-Update
1482,2912,2024-06-15,Plan Selection,3,156,clicked,6,Jun,Post-Update
1483,1821,2024-03-04,Confirmation,5,139,converted,3,Mar,Pre-Update
1484,1264,2024-01-29,Plan Selection,3,46,clicked,1,Jan,Pre-Update
1485,14,2024-01-18,Pricing Page,2,30,clicked,1,Jan,Pre-Update
1486,969,2024-04-19,Home,1,100,dropped,4,Apr,Post-Update
1487,464,2024-03-25,Payment,4,197,dropped,3,Mar,Post-Update
1488,1785,2024-05-12,Payment,4,43,dropped,5,May,Post-Update
1489,1775,2024-02-24,Payment,4,164,viewed,2,Feb,Pre-Update
1490,2752,2024-04-27,Pricing Page,2,53,dropped,4,Apr,Post-Update
1491,2606,2024-01-19,Confirmation,5,52,converted,1,Jan,Pre-Update
1492,1036,2024-01-17,Pricing Page,2,56,dropped,1,Jan,Pre-Update
1493,2548,2024-06-21,Pricing Page,2,46,clicked,6,Jun,Post-Update
1494,1652,2024-05-12,Home,1,190,clicked,5,May,Post-Update
1495,1717,2024-03-29,Payment,4,50,viewed,3,Mar,Post-Update
1496,1293,2024-05-12,Pricing Page,2,57,dropped,5,May,Post-Update
1497,1756,2024-04-22,Pricing Page,2,65,dropped,4,Apr,Post-Update
1498,1732,2024-04-02,Payment,4,131,clicked,4,Apr,Post-Update
1499,2792,2024-01-01,Pricing Page,2,31,clicked,1,Jan,Pre-Update
1500,351,2024-04-20,Plan Selection,3,134,dropped,4,Apr,Post-Update
1501,1175,2024-05-24,Payment,4,150,dropped,5,May,Post-Update
1502,376,2024-03-29,Home,1,189,clicked,3,Mar,Post-Update
1503,1915,2024-03-12,Home,1,23,dropped,3,Mar,Pre-Update
1504,2108,2024-06-25,Payment,4,187,dropped,6,Jun,Post-Update
1505,284,2024-01-04,Payment,4,206,clicked,1,Jan,Pre-Update
1506,1465,2024-06-26,Pricing Page,2,45,dropped,6,Jun,Post-Update
1507,620,2024-01-06,Plan Selection,3,129,clicked,1,Jan,Pre-Update
1508,243,2024-02-20,Home,1,197,dropped,2,Feb,Pre-Update
1509,795,2024-05-03,Plan Selection,3,12,dropped,5,May,Post-Update
1510,245,2024-05-13,Pricing Page,2,38,clicked,5,May,Post-Update
1511,2681,2024-01-15,Plan Selection,3,81,viewed,1,Jan,Pre-Update
1512,100,2024-02-25,Pricing Page,2,37,viewed,2,Feb,Pre-Update
1513,79,2024-02-17,Pricing Page,2,41,dropped,2,Feb,Pre-Update
1514,2188,2024-01-25,Pricing Page,2,32,viewed,1,Jan,Pre-Update
1515,931,2024-05-28,Home,1,81,clicked,5,May,Post-Update
1516,1242,2024-02-02,Plan Selection,3,154,viewed,2,Feb,Pre-Update
1517,414,2024-05-07,Home,1,96,viewed,5,May,Post-Update
1518,2543,2024-05-16,Pricing Page,2,64,clicked,5,May,Post-Update
1519,2186,2024-04-26,Home,1,45,viewed,4,Apr,Post-Update
1520,1880,2024-04-24,Pricing Page,2,54,viewed,4,Apr,Post-Update
1521,2947,2024-01-20,Plan Selection,3,141,clicked,1,Jan,Pre-Update
1522,1651,2024-02-12,Plan Selection,3,186,viewed,2,Feb,Pre-Update
1523,2024,2024-05-20,Payment,4,12,clicked,5,May,Post-Update
1524,554,2024-04-17,Pricing Page,2,46,dropped,4,Apr,Post-Update
1525,511,2024-02-10,Plan Selection,3,95,clicked,2,Feb,Pre-Update
1526,391,2024-05-24,Plan Selection,3,135,clicked,5,May,Post-Update
1527,2171,2024-04-28,Home,1,119,clicked,4,Apr,Post-Update
1528,1447,2024-01-26,Pricing Page,2,54,dropped,1,Jan,Pre-Update
1529,666,2024-01-20,Confirmation,5,29,converted,1,Jan,Pre-Update
1530,2520,2024-06-11,Confirmation,5,50,converted,6,Jun,Post-Update
1531,218,2024-05-16,Plan Selection,3,111,viewed,5,May,Post-Update
1532,2678,2024-05-26,Pricing Page,2,51,dropped,5,May,Post-Update
1533,75,2024-06-15,Plan Selection,3,189,viewed,6,Jun,Post-Update
1534,2166,2024-06-23,Plan Selection,3,89,dropped,6,Jun,Post-Update
1535,2653,2024-03-08,Pricing Page,2,58,dropped,3,Mar,Pre-Update
1536,1981,2024-06-29,Home,1,21,clicked,6,Jun,Post-Update
1537,288,2024-05-10,Pricing Page,2,49,dropped,5,May,Post-Update
1538,2917,2024-05-19,Confirmation,5,90,converted,5,May,Post-Update
1539,547,2024-05-07,Confirmation,5,157,converted,5,May,Post-Update
1540,2369,2024-05-11,Pricing Page,2,43,dropped,5,May,Post-Update
1541,2322,2024-05-04,Home,1,121,clicked,5,May,Post-Update
1542,1054,2024-04-08,Plan Selection,3,157,viewed,4,Apr,Post-Update
1543,275,2024-03-27,Home,1,29,dropped,3,Mar,Post-Update
1544,1823,2024-03-30,Plan Selection,3,158,viewed,3,Mar,Post-Update
1545,2093,2024-01-24,Plan Selection,3,85,dropped,1,Jan,Pre-Update
1546,2912,2024-02-05,Home,1,155,clicked,2,Feb,Pre-Update
1547,226,2024-01-04,Confirmation,5,77,converted,1,Jan,Pre-Update
1548,144,2024-02-11,Confirmation,5,62,converted,2,Feb,Pre-Update
1549,1071,2024-06-28,Confirmation,5,98,converted,6,Jun,Post-Update
1550,1687,2024-03-28,Payment,4,54,viewed,3,Mar,Post-Update
1551,2626,2024-04-27,Plan Selection,3,41,viewed,4,Apr,Post-Update
1552,427,2024-06-19,Pricing Page,2,56,dropped,6,Jun,Post-Update
1553,2782,2024-02-05,Pricing Page,2,43,clicked,2,Feb,Pre-Update
1554,80,2024-01-15,Pricing Page,2,41,dropped,1,Jan,Pre-Update
1555,2455,2024-01-16,Confirmation,5,125,converted,1,Jan,Pre-Update
1556,2997,2024-02-16,Pricing Page,2,48,dropped,2,Feb,Pre-Update
1557,2195,2024-05-02,Pricing Page,2,67,dropped,5,May,Post-Update
1558,822,2024-04-29,Pricing Page,2,52,viewed,4,Apr,Post-Update
1559,99,2024-03-30,Pricing Page,2,48,clicked,3,Mar,Post-Update
1560,151,2024-03-14,Confirmation,5,49,converted,3,Mar,Pre-Update
1561,991,2024-01-12,Pricing Page,2,42,dropped,1,Jan,Pre-Update
1562,1997,2024-05-15,Payment,4,107,dropped,5,May,Post-Update
1563,1535,2024-06-25,Pricing Page,2,60,clicked,6,Jun,Post-Update
1564,1868,2024-05-20,Home,1,155,clicked,5,May,Post-Update
1565,2455,2024-02-22,Home,1,41,viewed,2,Feb,Pre-Update
1566,998,2024-03-10,Confirmation,5,93,converted,3,Mar,Pre-Update
1567,1024,2024-03-24,Pricing Page,2,67,dropped,3,Mar,Post-Update
1568,1770,2024-04-22,Pricing Page,2,63,dropped,4,Apr,Post-Update
1569,928,2024-01-10,Pricing Page,2,45,clicked,1,Jan,Pre-Update
1570,1808,2024-01-18,Plan Selection,3,22,clicked,1,Jan,Pre-Update
1571,1052,2024-05-29,Home,1,199,clicked,5,May,Post-Update
1572,1650,2024-02-27,Confirmation,5,145,converted,2,Feb,Pre-Update
1573,1863,2024-01-13,Pricing Page,2,35,clicked,1,Jan,Pre-Update
1574,1705,2024-04-18,Pricing Page,2,57,dropped,4,Apr,Post-Update
1575,224,2024-01-27,Plan Selection,3,33,dropped,1,Jan,Pre-Update
1576,2653,2024-02-20,Payment,4,194,clicked,2,Feb,Pre-Update
1577,2891,2024-05-21,Home,1,163,viewed,5,May,Post-Update
1578,1579,2024-03-01,Home,1,102,dropped,3,Mar,Pre-Update
1579,2251,2024-05-01,Home,1,109,dropped,5,May,Post-Update
1580,1310,2024-04-22,Payment,4,42,clicked,4,Apr,Post-Update
1581,1435,2024-02-08,Plan Selection,3,107,clicked,2,Feb,Pre-Update
1582,1150,2024-02-07,Confirmation,5,168,converted,2,Feb,Pre-Update
1583,933,2024-02-02,Confirmation,5,67,converted,2,Feb,Pre-Update
1584,1648,2024-06-08,Payment,4,27,dropped,6,Jun,Post-Update
1585,2385,2024-03-01,Pricing Page,2,44,clicked,3,Mar,Pre-Update
1586,418,2024-01-27,Pricing Page,2,32,clicked,1,Jan,Pre-Update
1587,474,2024-03-05,Pricing Page,2,44,clicked,3,Mar,Pre-Update
1588,2997,2024-04-04,Plan Selection,3,109,viewed,4,Apr,Post-Update
1589,2360,2024-06-23,Pricing Page,2,49,dropped,6,Jun,Post-Update
1590,1671,2024-01-31,Home,1,70,dropped,1,Jan,Pre-Update
1591,894,2024-03-06,Confirmation,5,107,converted,3,Mar,Pre-Update
1592,2091,2024-01-04,Home,1,205,viewed,1,Jan,Pre-Update
1593,1273,2024-04-01,Pricing Page,2,60,viewed,4,Apr,Post-Update
1594,1331,2024-03-18,Payment,4,156,clicked,3,Mar,Post-Update
1595,324,2024-05-16,Pricing Page,2,66,dropped,5,May,Post-Update
1596,1053,2024-03-18,Home,1,29,clicked,3,Mar,Post-Update
1597,194,2024-04-01,Pricing Page,2,42,clicked,4,Apr,Post-Update
1598,381,2024-04-01,Home,1,53,viewed,4,Apr,Post-Update
1599,1749,2024-06-24,Home,1,140,viewed,6,Jun,Post-Update
1600,1854,2024-03-03,Confirmation,5,83,converted,3,Mar,Pre-Update
1601,600,2024-06-10,Payment,4,130,clicked,6,Jun,Post-Update
1602,1377,2024-06-17,Pricing Page,2,56,dropped,6,Jun,Post-Update
1603,323,2024-06-27,Plan Selection,3,19,clicked,6,Jun,Post-Update
1604,94,2024-06-03,Home,1,69,viewed,6,Jun,Post-Update
1605,2923,2024-06-21,Payment,4,73,dropped,6,Jun,Post-Update
1606,1405,2024-01-17,Home,1,195,clicked,1,Jan,Pre-Update
1607,2382,2024-03-18,Payment,4,104,dropped,3,Mar,Post-Update
1608,404,2024-03-02,Pricing Page,2,44,clicked,3,Mar,Pre-Update
1609,1166,2024-02-08,Confirmation,5,181,converted,2,Feb,Pre-Update
1610,1760,2024-03-06,Home,1,46,viewed,3,Mar,Pre-Update
1611,619,2024-05-20,Pricing Page,2,39,dropped,5,May,Post-Update
1612,2355,2024-05-20,Plan Selection,3,80,dropped,5,May,Post-Update
1613,2037,2024-06-21,Payment,4,167,viewed,6,Jun,Post-Update
1614,1215,2024-05-17,Plan Selection,3,148,viewed,5,May,Post-Update
1615,812,2024-03-03,Confirmation,5,120,converted,3,Mar,Pre-Update
1616,14,2024-03-07,Payment,4,15,viewed,3,Mar,Pre-Update
1617,556,2024-06-24,Pricing Page,2,53,clicked,6,Jun,Post-Update
1618,74,2024-06-27,Payment,4,74,dropped,6,Jun,Post-Update
1619,873,2024-02-23,Plan Selection,3,36,viewed,2,Feb,Pre-Update
1620,2637,2024-05-29,Pricing Page,2,67,dropped,5,May,Post-Update
1621,1655,2024-02-11,Pricing Page,2,51,dropped,2,Feb,Pre-Update
1622,2538,2024-04-19,Pricing Page,2,57,clicked,4,Apr,Post-Update
1623,2488,2024-06-09,Confirmation,5,12,converted,6,Jun,Post-Update
1624,800,2024-02-22,Plan Selection,3,98,dropped,2,Feb,Pre-Update
1625,2431,2024-03-07,Pricing Page,2,56,dropped,3,Mar,Pre-Update
1626,1420,2024-05-05,Home,1,45,viewed,5,May,Post-Update
1627,404,2024-03-26,Confirmation,5,79,converted,3,Mar,Post-Update
1628,2664,2024-03-11,Pricing Page,2,38,clicked,3,Mar,Pre-Update
1629,209,2024-04-14,Plan Selection,3,136,dropped,4,Apr,Post-Update
1630,2452,2024-04-29,Payment,4,56,viewed,4,Apr,Post-Update
1631,1489,2024-04-12,Pricing Page,2,67,viewed,4,Apr,Post-Update
1632,1212,2024-03-18,Confirmation,5,73,converted,3,Mar,Post-Update
1633,2485,2024-02-04,Pricing Page,2,52,dropped,2,Feb,Pre-Update
1634,1802,2024-06-09,Plan Selection,3,109,clicked,6,Jun,Post-Update
1635,1487,2024-05-03,Confirmation,5,126,converted,5,May,Post-Update
1636,413,2024-06-18,Pricing Page,2,54,viewed,6,Jun,Post-Update
1637,548,2024-06-29,Pricing Page,2,43,clicked,6,Jun,Post-Update
1638,2467,2024-01-11,Payment,4,196,dropped,1,Jan,Pre-Update
1639,503,2024-02-17,Payment,4,60,viewed,2,Feb,Pre-Update
1640,1222,2024-04-07,Pricing Page,2,60,dropped,4,Apr,Post-Update
1641,2121,2024-02-29,Plan Selection,3,145,viewed,2,Feb,Pre-Update
1642,2663,2024-01-16,Payment,4,125,clicked,1,Jan,Pre-Update
1643,666,2024-03-01,Home,1,18,dropped,3,Mar,Pre-Update
1644,2322,2024-02-29,Pricing Page,2,49,dropped,2,Feb,Pre-Update
1645,1077,2024-01-02,Confirmation,5,180,converted,1,Jan,Pre-Update
1646,1018,2024-01-25,Plan Selection,3,181,clicked,1,Jan,Pre-Update
1647,205,2024-03-05,Plan Selection,3,181,clicked,3,Mar,Pre-Update
1648,178,2024-05-09,Pricing Page,2,64,dropped,5,May,Post-Update
1649,1581,2024-06-13,Confirmation,5,29,converted,6,Jun,Post-Update
1650,1760,2024-04-26,Pricing Page,2,49,dropped,4,Apr,Post-Update
1651,916,2024-01-13,Pricing Page,2,58,clicked,1,Jan,Pre-Update
1652,1277,2024-05-17,Plan Selection,3,87,clicked,5,May,Post-Update
1653,1635,2024-05-05,Payment,4,34,dropped,5,May,Post-Update
1654,299,2024-02-08,Payment,4,54,viewed,2,Feb,Pre-Update
1655,940,2024-02-01,Confirmation,5,42,converted,2,Feb,Pre-Update
1656,23,2024-04-08,Plan Selection,3,181,dropped,4,Apr,Post-Update
1657,1276,2024-04-04,Pricing Page,2,42,clicked,4,Apr,Post-Update
1658,354,2024-03-22,Confirmation,5,35,converted,3,Mar,Post-Update
1659,2845,2024-03-06,Confirmation,5,153,converted,3,Mar,Pre-Update
1660,2118,2024-03-09,Payment,4,155,clicked,3,Mar,Pre-Update
1661,1286,2024-02-01,Plan Selection,3,93,clicked,2,Feb,Pre-Update
1662,1022,2024-05-15,Payment,4,82,viewed,5,May,Post-Update
1663,577,2024-06-28,Pricing Page,2,64,dropped,6,Jun,Post-Update
1664,2499,2024-02-20,Confirmation,5,140,converted,2,Feb,Pre-Update
1665,1681,2024-06-02,Plan Selection,3,62,viewed,6,Jun,Post-Update
1666,1180,2024-01-10,Home,1,66,dropped,1,Jan,Pre-Update
1667,2565,2024-06-03,Plan Selection,3,209,viewed,6,Jun,Post-Update
1668,822,2024-05-26,Pricing Page,2,57,clicked,5,May,Post-Update
1669,1086,2024-05-23,Confirmation,5,22,converted,5,May,Post-Update
1670,1950,2024-01-11,Pricing Page,2,45,clicked,1,Jan,Pre-Update
1671,988,2024-06-14,Plan Selection,3,50,clicked,6,Jun,Post-Update
1672,1960,2024-04-01,Plan Selection,3,75,viewed,4,Apr,Post-Update
1673,1934,2024-03-22,Pricing Page,2,44,dropped,3,Mar,Post-Update
1674,214,2024-06-16,Pricing Page,2,45,dropped,6,Jun,Post-Update
1675,1488,2024-02-29,Home,1,157,clicked,2,Feb,Pre-Update
1676,172,2024-04-05,Pricing Page,2,59,dropped,4,Apr,Post-Update
1677,1949,2024-05-23,Home,1,139,dropped,5,May,Post-Update
1678,537,2024-02-10,Plan Selection,3,51,clicked,2,Feb,Pre-Update
1679,2866,2024-05-29,Pricing Page,2,64,dropped,5,May,Post-Update
1680,733,2024-03-30,Payment,4,48,viewed,3,Mar,Post-Update
1681,589,2024-05-10,Home,1,183,clicked,5,May,Post-Update
1682,60,2024-01-23,Plan Selection,3,101,clicked,1,Jan,Pre-Update
1683,1591,2024-06-14,Confirmation,5,35,converted,6,Jun,Post-Update
1684,2182,2024-02-14,Home,1,112,clicked,2,Feb,Pre-Update
1685,1669,2024-04-04,Confirmation,5,34,converted,4,Apr,Post-Update
1686,2433,2024-05-03,Confirmation,5,170,converted,5,May,Post-Update
1687,318,2024-01-23,Pricing Page,2,32,clicked,1,Jan,Pre-Update
1688,2253,2024-06-17,Pricing Page,2,43,clicked,6,Jun,Post-Update
1689,2951,2024-05-26,Home,1,27,dropped,5,May,Post-Update
1690,1157,2024-04-07,Plan Selection,3,16,clicked,4,Apr,Post-Update
1691,2372,2024-02-09,Payment,4,202,viewed,2,Feb,Pre-Update
1692,985,2024-05-08,Plan Selection,3,151,viewed,5,May,Post-Update
1693,233,2024-06-05,Home,1,183,dropped,6,Jun,Post-Update
1694,2105,2024-02-28,Plan Selection,3,134,clicked,2,Feb,Pre-Update
1695,2735,2024-06-10,Plan Selection,3,190,clicked,6,Jun,Post-Update
1696,316,2024-03-20,Confirmation,5,36,converted,3,Mar,Post-Update
1697,2959,2024-04-06,Plan Selection,3,203,viewed,4,Apr,Post-Update
1698,1695,2024-05-14,Home,1,192,clicked,5,May,Post-Update
1699,1885,2024-05-10,Payment,4,104,dropped,5,May,Post-Update
1700,1467,2024-06-11,Home,1,100,dropped,6,Jun,Post-Update
1701,1483,2024-06-22,Pricing Page,2,59,clicked,6,Jun,Post-Update
1702,29,2024-01-27,Plan Selection,3,31,clicked,1,Jan,Pre-Update
1703,2114,2024-02-25,Pricing Page,2,35,clicked,2,Feb,Pre-Update
1704,2074,2024-04-03,Pricing Page,2,66,dropped,4,Apr,Post-Update
1705,643,2024-03-22,Plan Selection,3,158,viewed,3,Mar,Post-Update
1706,82,2024-04-15,Payment,4,97,viewed,4,Apr,Post-Update
1707,119,2024-02-03,Payment,4,117,dropped,2,Feb,Pre-Update
1708,1570,2024-06-18,Home,1,152,clicked,6,Jun,Post-Update
1709,344,2024-05-28,Payment,4,86,viewed,5,May,Post-Update
1710,2665,2024-04-21,Pricing Page,2,45,dropped,4,Apr,Post-Update
1711,838,2024-03-07,Home,1,199,viewed,3,Mar,Pre-Update
1712,2110,2024-03-10,Payment,4,195,dropped,3,Mar,Pre-Update
1713,400,2024-01-22,Home,1,132,clicked,1,Jan,Pre-Update
1714,1695,2024-03-10,Pricing Page,2,59,dropped,3,Mar,Pre-Update
1715,2908,2024-02-27,Plan Selection,3,105,clicked,2,Feb,Pre-Update
1716,575,2024-06-27,Pricing Page,2,61,viewed,6,Jun,Post-Update
1717,2970,2024-03-04,Payment,4,176,viewed,3,Mar,Pre-Update
1718,2017,2024-06-04,Pricing Page,2,62,dropped,6,Jun,Post-Update
1719,2626,2024-04-13,Pricing Page,2,51,dropped,4,Apr,Post-Update
1720,984,2024-01-08,Pricing Page,2,59,dropped,1,Jan,Pre-Update
1721,467,2024-01-24,Home,1,115,dropped,1,Jan,Pre-Update
1722,2531,2024-06-23,Pricing Page,2,53,clicked,6,Jun,Post-Update
1723,732,2024-06-18,Confirmation,5,192,converted,6,Jun,Post-Update
1724,2199,2024-06-16,Pricing Page,2,49,dropped,6,Jun,Post-Update
1725,2147,2024-06-08,Pricing Page,2,57,dropped,6,Jun,Post-Update
1726,798,2024-01-03,Pricing Page,2,40,viewed,1,Jan,Pre-Update
1727,1365,2024-04-14,Plan Selection,3,184,viewed,4,Apr,Post-Update
1728,1102,2024-03-21,Home,1,71,dropped,3,Mar,Post-Update
1729,2376,2024-04-06,Pricing Page,2,64,dropped,4,Apr,Post-Update
1730,2919,2024-02-22,Plan Selection,3,170,clicked,2,Feb,Pre-Update
1731,1848,2024-06-05,Pricing Page,2,62,clicked,6,Jun,Post-Update
1732,2248,2024-05-29,Payment,4,188,viewed,5,May,Post-Update
1733,1502,2024-06-29,Pricing Page,2,52,viewed,6,Jun,Post-Update
1734,573,2024-01-31,Pricing Page,2,55,clicked,1,Jan,Pre-Update
1735,2499,2024-05-09,Home,1,57,viewed,5,May,Post-Update
1736,139,2024-03-09,Payment,4,136,viewed,3,Mar,Pre-Update
1737,1837,2024-03-05,Confirmation,5,137,converted,3,Mar,Pre-Update
1738,1085,2024-06-11,Pricing Page,2,48,dropped,6,Jun,Post-Update
1739,840,2024-01-06,Pricing Page,2,42,dropped,1,Jan,Pre-Update
1740,2911,2024-01-17,Plan Selection,3,91,clicked,1,Jan,Pre-Update
1741,2960,2024-04-19,Home,1,104,dropped,4,Apr,Post-Update
1742,1717,2024-02-17,Plan Selection,3,59,clicked,2,Feb,Pre-Update
1743,967,2024-03-08,Confirmation,5,78,converted,3,Mar,Pre-Update
1744,145,2024-02-07,Confirmation,5,175,converted,2,Feb,Pre-Update
1745,1436,2024-06-12,Home,1,149,clicked,6,Jun,Post-Update
1746,497,2024-01-13,Payment,4,16,viewed,1,Jan,Pre-Update
1747,2902,2024-01-01,Home,1,110,dropped,1,Jan,Pre-Update
1748,1592,2024-01-06,Plan Selection,3,156,viewed,1,Jan,Pre-Update
1749,1809,2024-01-25,Payment,4,205,dropped,1,Jan,Pre-Update
1750,959,2024-06-02,Pricing Page,2,63,dropped,6,Jun,Post-Update
1751,1896,2024-06-01,Pricing Page,2,38,dropped,6,Jun,Post-Update
1752,1474,2024-01-29,Pricing Page,2,31,dropped,1,Jan,Pre-Update
1753,2259,2024-04-19,Payment,4,202,clicked,4,Apr,Post-Update
1754,2698,2024-05-28,Pricing Page,2,55,clicked,5,May,Post-Update
1755,1583,2024-05-04,Payment,4,50,clicked,5,May,Post-Update
1756,2074,2024-01-14,Pricing Page,2,37,clicked,1,Jan,Pre-Update
1757,756,2024-01-08,Pricing Page,2,34,clicked,1,Jan,Pre-Update
1758,1722,2024-04-26,Plan Selection,3,126,clicked,4,Apr,Post-Update
1759,852,2024-02-06,Home,1,33,dropped,2,Feb,Pre-Update
1760,1271,2024-04-28,Confirmation,5,13,converted,4,Apr,Post-Update
1761,309,2024-03-24,Confirmation,5,130,converted,3,Mar,Post-Update
1762,61,2024-02-23,Pricing Page,2,34,clicked,2,Feb,Pre-Update
1763,816,2024-05-10,Payment,4,160,clicked,5,May,Post-Update
1764,2606,2024-01-12,Plan Selection,3,81,viewed,1,Jan,Pre-Update
1765,719,2024-02-07,Pricing Page,2,30,dropped,2,Feb,Pre-Update
1766,810,2024-02-01,Home,1,162,viewed,2,Feb,Pre-Update
1767,2892,2024-06-05,Pricing Page,2,55,dropped,6,Jun,Post-Update
1768,478,2024-01-12,Payment,4,209,clicked,1,Jan,Pre-Update
1769,1051,2024-03-04,Plan Selection,3,95,dropped,3,Mar,Pre-Update
1770,41,2024-06-09,Pricing Page,2,46,dropped,6,Jun,Post-Update
1771,2164,2024-04-24,Home,1,32,clicked,4,Apr,Post-Update
1772,1265,2024-03-23,Home,1,141,clicked,3,Mar,Post-Update
1773,1168,2024-01-24,Pricing Page,2,31,viewed,1,Jan,Pre-Update
1774,2380,2024-04-18,Plan Selection,3,59,clicked,4,Apr,Post-Update
1775,881,2024-02-14,Pricing Page,2,31,dropped,2,Feb,Pre-Update
1776,2849,2024-01-12,Pricing Page,2,35,clicked,1,Jan,Pre-Update
1777,270,2024-06-02,Confirmation,5,66,converted,6,Jun,Post-Update
1778,1541,2024-05-10,Home,1,52,viewed,5,May,Post-Update
1779,1621,2024-02-04,Pricing Page,2,34,clicked,2,Feb,Pre-Update
1780,254,2024-02-25,Pricing Page,2,42,dropped,2,Feb,Pre-Update
1781,890,2024-04-08,Payment,4,112,dropped,4,Apr,Post-Update
1782,2553,2024-01-04,Plan Selection,3,148,viewed,1,Jan,Pre-Update
1783,2818,2024-02-22,Plan Selection,3,63,clicked,2,Feb,Pre-Update
1784,1368,2024-06-16,Pricing Page,2,54,viewed,6,Jun,Post-Update
1785,776,2024-03-01,Confirmation,5,100,converted,3,Mar,Pre-Update
1786,1746,2024-04-11,Home,1,120,viewed,4,Apr,Post-Update
1787,1289,2024-02-24,Pricing Page,2,34,dropped,2,Feb,Pre-Update
1788,2780,2024-03-18,Pricing Page,2,54,clicked,3,Mar,Post-Update
1789,1178,2024-01-29,Plan Selection,3,116,viewed,1,Jan,Pre-Update
1790,2091,2024-06-13,Pricing Page,2,54,dropped,6,Jun,Post-Update
1791,1542,2024-02-14,Plan Selection,3,155,clicked,2,Feb,Pre-Update
1792,1890,2024-03-23,Pricing Page,2,57,viewed,3,Mar,Post-Update
1793,2895,2024-06-11,Plan Selection,3,74,viewed,6,Jun,Post-Update
1794,2977,2024-04-16,Confirmation,5,24,converted,4,Apr,Post-Update
1795,1350,2024-01-07,Payment,4,29,viewed,1,Jan,Pre-Update
1796,1525,2024-04-29,Payment,4,188,dropped,4,Apr,Post-Update
1797,2984,2024-04-13,Payment,4,142,viewed,4,Apr,Post-Update
1798,1449,2024-02-29,Home,1,203,clicked,2,Feb,Pre-Update
1799,1269,2024-02-27,Pricing Page,2,51,clicked,2,Feb,Pre-Update
1800,1328,2024-05-04,Home,1,96,viewed,5,May,Post-Update
1801,262,2024-05-25,Payment,4,75,clicked,5,May,Post-Update
1802,2913,2024-05-04,Plan Selection,3,117,dropped,5,May,Post-Update
1803,144,2024-06-01,Home,1,170,viewed,6,Jun,Post-Update
1804,1989,2024-06-07,Pricing Page,2,46,dropped,6,Jun,Post-Update
1805,624,2024-03-19,Plan Selection,3,100,viewed,3,Mar,Post-Update
1806,2009,2024-04-06,Plan Selection,3,143,clicked,4,Apr,Post-Update
1807,2631,2024-02-16,Plan Selection,3,115,viewed,2,Feb,Pre-Update
1808,2153,2024-04-19,Payment,4,123,dropped,4,Apr,Post-Update
1809,1078,2024-01-29,Plan Selection,3,16,dropped,1,Jan,Pre-Update
1810,717,2024-06-28,Pricing Page,2,43,dropped,6,Jun,Post-Update
1811,2666,2024-04-09,Home,1,160,clicked,4,Apr,Post-Update
1812,1169,2024-03-05,Plan Selection,3,209,dropped,3,Mar,Pre-Update
1813,2364,2024-03-25,Confirmation,5,102,converted,3,Mar,Post-Update
1814,1197,2024-04-19,Payment,4,69,dropped,4,Apr,Post-Update
1815,624,2024-06-26,Pricing Page,2,51,dropped,6,Jun,Post-Update
1816,1449,2024-03-02,Pricing Page,2,35,dropped,3,Mar,Pre-Update
1817,1513,2024-06-08,Confirmation,5,179,converted,6,Jun,Post-Update
1818,1602,2024-01-24,Home,1,190,clicked,1,Jan,Pre-Update
1819,2820,2024-05-08,Payment,4,124,viewed,5,May,Post-Update
1820,1482,2024-04-07,Pricing Page,2,52,clicked,4,Apr,Post-Update
1821,445,2024-04-18,Plan Selection,3,198,dropped,4,Apr,Post-Update
1822,1620,2024-03-27,Payment,4,89,viewed,3,Mar,Post-Update
1823,823,2024-02-22,Plan Selection,3,60,clicked,2,Feb,Pre-Update
1824,662,2024-06-14,Confirmation,5,164,converted,6,Jun,Post-Update
1825,445,2024-03-18,Plan Selection,3,52,viewed,3,Mar,Post-Update
1826,564,2024-01-08,Plan Selection,3,34,viewed,1,Jan,Pre-Update
1827,2737,2024-04-17,Pricing Page,2,51,dropped,4,Apr,Post-Update
1828,104,2024-05-16,Plan Selection,3,29,clicked,5,May,Post-Update
1829,177,2024-06-08,Pricing Page,2,54,viewed,6,Jun,Post-Update
1830,615,2024-01-26,Home,1,209,viewed,1,Jan,Pre-Update
1831,2203,2024-03-19,Confirmation,5,105,converted,3,Mar,Post-Update
1832,1553,2024-01-30,Pricing Page,2,52,dropped,1,Jan,Pre-Update
1833,197,2024-01-21,Pricing Page,2,45,clicked,1,Jan,Pre-Update
1834,1844,2024-05-23,Home,1,50,viewed,5,May,Post-Update
1835,2092,2024-04-01,Pricing Page,2,57,viewed,4,Apr,Post-Update
1836,2865,2024-05-27,Pricing Page,2,57,dropped,5,May,Post-Update
1837,2754,2024-06-07,Plan Selection,3,113,viewed,6,Jun,Post-Update
1838,2860,2024-04-29,Pricing Page,2,45,viewed,4,Apr,Post-Update
1839,2709,2024-05-08,Payment,4,34,dropped,5,May,Post-Update
1840,2722,2024-03-08,Home,1,125,clicked,3,Mar,Pre-Update
1841,1992,2024-06-07,Pricing Page,2,48,dropped,6,Jun,Post-Update
1842,2323,2024-02-01,Plan Selection,3,53,clicked,2,Feb,Pre-Update
1843,1673,2024-03-24,Plan Selection,3,170,dropped,3,Mar,Post-Update
1844,299,2024-02-04,Plan Selection,3,159,viewed,2,Feb,Pre-Update
1845,1330,2024-01-02,Plan Selection,3,111,clicked,1,Jan,Pre-Update
1846,1815,2024-05-14,Confirmation,5,72,converted,5,May,Post-Update
1847,2478,2024-02-05,Plan Selection,3,201,clicked,2,Feb,Pre-Update
1848,1181,2024-02-07,Payment,4,151,viewed,2,Feb,Pre-Update
1849,1596,2024-06-06,Payment,4,40,clicked,6,Jun,Post-Update
1850,186,2024-05-24,Payment,4,138,viewed,5,May,Post-Update
1851,2991,2024-04-24,Home,1,197,dropped,4,Apr,Post-Update
1852,500,2024-02-13,Plan Selection,3,173,viewed,2,Feb,Pre-Update
1853,1077,2024-06-13,Pricing Page,2,55,dropped,6,Jun,Post-Update
1854,2553,2024-05-06,Confirmation,5,138,converted,5,May,Post-Update
1855,1118,2024-06-17,Plan Selection,3,189,viewed,6,Jun,Post-Update
1856,1994,2024-05-08,Plan Selection,3,138,clicked,5,May,Post-Update
1857,2512,2024-04-05,Home,1,11,viewed,4,Apr,Post-Update
1858,1212,2024-06-23,Plan Selection,3,40,viewed,6,Jun,Post-Update
1859,761,2024-03-20,Pricing Page,2,63,viewed,3,Mar,Post-Update
1860,2927,2024-02-03,Confirmation,5,91,converted,2,Feb,Pre-Update
1861,214,2024-01-24,Pricing Page,2,52,clicked,1,Jan,Pre-Update
1862,2448,2024-06-05,Confirmation,5,174,converted,6,Jun,Post-Update
1863,1382,2024-05-30,Payment,4,99,viewed,5,May,Post-Update
1864,2909,2024-02-17,Pricing Page,2,36,viewed,2,Feb,Pre-Update
1865,200,2024-03-26,Home,1,89,clicked,3,Mar,Post-Update
1866,856,2024-06-19,Payment,4,94,clicked,6,Jun,Post-Update
1867,1608,2024-06-29,Pricing Page,2,66,clicked,6,Jun,Post-Update
1868,424,2024-06-12,Home,1,159,clicked,6,Jun,Post-Update
1869,205,2024-06-21,Plan Selection,3,208,clicked,6,Jun,Post-Update
1870,869,2024-05-03,Plan Selection,3,154,viewed,5,May,Post-Update
1871,1656,2024-06-16,Confirmation,5,38,converted,6,Jun,Post-Update
1872,2275,2024-03-06,Plan Selection,3,126,clicked,3,Mar,Pre-Update
1873,2499,2024-02-08,Plan Selection,3,52,clicked,2,Feb,Pre-Update
1874,460,2024-05-04,Confirmation,5,177,converted,5,May,Post-Update
1875,766,2024-05-17,Home,1,176,dropped,5,May,Post-Update
1876,55,2024-05-21,Payment,4,186,viewed,5,May,Post-Update
1877,2359,2024-02-18,Confirmation,5,29,converted,2,Feb,Pre-Update
1878,1613,2024-03-13,Pricing Page,2,52,clicked,3,Mar,Pre-Update
1879,2472,2024-02-16,Payment,4,70,dropped,2,Feb,Pre-Update
1880,1242,2024-06-08,Home,1,34,dropped,6,Jun,Post-Update
1881,1371,2024-05-22,Plan Selection,3,99,clicked,5,May,Post-Update
1882,1165,2024-02-25,Pricing Page,2,57,clicked,2,Feb,Pre-Update
1883,1760,2024-04-07,Confirmation,5,17,converted,4,Apr,Post-Update
1884,1160,2024-05-29,Confirmation,5,87,converted,5,May,Post-Update
1885,30,2024-06-10,Pricing Page,2,52,dropped,6,Jun,Post-Update
1886,159,2024-06-24,Plan Selection,3,129,viewed,6,Jun,Post-Update
1887,1767,2024-02-27,Payment,4,35,dropped,2,Feb,Pre-Update
1888,1609,2024-01-25,Home,1,187,clicked,1,Jan,Pre-Update
1889,1937,2024-03-21,Pricing Page,2,41,clicked,3,Mar,Post-Update
1890,82,2024-01-23,Plan Selection,3,84,dropped,1,Jan,Pre-Update
1891,2885,2024-01-29,Confirmation,5,21,converted,1,Jan,Pre-Update
1892,1687,2024-04-26,Plan Selection,3,150,viewed,4,Apr,Post-Update
1893,1581,2024-06-04,Plan Selection,3,203,viewed,6,Jun,Post-Update
1894,1905,2024-01-10,Pricing Page,2,50,dropped,1,Jan,Pre-Update
1895,981,2024-05-29,Home,1,52,viewed,5,May,Post-Update
1896,1834,2024-01-20,Plan Selection,3,53,viewed,1,Jan,Pre-Update
1897,384,2024-05-20,Pricing Page,2,41,dropped,5,May,Post-Update
1898,2861,2024-04-21,Pricing Page,2,44,dropped,4,Apr,Post-Update
1899,1549,2024-02-22,Confirmation,5,126,converted,2,Feb,Pre-Update
1900,766,2024-04-04,Payment,4,138,viewed,4,Apr,Post-Update
1901,1447,2024-03-07,Pricing Page,2,56,dropped,3,Mar,Pre-Update
1902,943,2024-01-02,Home,1,97,viewed,1,Jan,Pre-Update
1903,793,2024-04-13,Home,1,142,dropped,4,Apr,Post-Update
1904,1245,2024-05-30,Confirmation,5,35,converted,5,May,Post-Update
1905,2568,2024-06-11,Confirmation,5,199,converted,6,Jun,Post-Update
1906,2824,2024-06-06,Plan Selection,3,12,clicked,6,Jun,Post-Update
1907,1365,2024-05-20,Plan Selection,3,51,clicked,5,May,Post-Update
1908,2927,2024-02-27,Plan Selection,3,84,viewed,2,Feb,Pre-Update
1909,524,2024-02-24,Confirmation,5,11,converted,2,Feb,Pre-Update
1910,299,2024-03-25,Home,1,176,dropped,3,Mar,Post-Update
1911,1811,2024-06-22,Confirmation,5,206,converted,6,Jun,Post-Update
1912,2990,2024-01-08,Pricing Page,2,57,viewed,1,Jan,Pre-Update
1913,2536,2024-03-29,Confirmation,5,27,converted,3,Mar,Post-Update
1914,2097,2024-02-12,Home,1,152,clicked,2,Feb,Pre-Update
1915,1155,2024-01-03,Confirmation,5,115,converted,1,Jan,Pre-Update
1916,2708,2024-06-16,Confirmation,5,175,converted,6,Jun,Post-Update
1917,1144,2024-03-16,Confirmation,5,107,converted,3,Mar,Post-Update
1918,1808,2024-04-08,Confirmation,5,191,converted,4,Apr,Post-Update
1919,2466,2024-03-10,Pricing Page,2,32,dropped,3,Mar,Pre-Update
1920,2819,2024-04-19,Pricing Page,2,43,dropped,4,Apr,Post-Update
1921,788,2024-02-07,Pricing Page,2,47,dropped,2,Feb,Pre-Update
1922,124,2024-05-15,Plan Selection,3,186,clicked,5,May,Post-Update
1923,72,2024-04-03,Plan Selection,3,206,clicked,4,Apr,Post-Update
1924,2955,2024-05-19,Confirmation,5,38,converted,5,May,Post-Update
1925,161,2024-05-30,Home,1,111,clicked,5,May,Post-Update
1926,564,2024-02-26,Confirmation,5,10,converted,2,Feb,Pre-Update
1927,157,2024-02-16,Home,1,172,viewed,2,Feb,Pre-Update
1928,369,2024-03-28,Home,1,156,clicked,3,Mar,Post-Update
1929,1821,2024-03-04,Confirmation,5,128,converted,3,Mar,Pre-Update
1930,534,2024-01-21,Home,1,167,viewed,1,Jan,Pre-Update
1931,2803,2024-01-18,Plan Selection,3,23,clicked,1,Jan,Pre-Update
1932,1389,2024-02-26,Home,1,193,dropped,2,Feb,Pre-Update
1933,1798,2024-05-22,Home,1,76,clicked,5,May,Post-Update
1934,816,2024-04-17,Home,1,209,clicked,4,Apr,Post-Update
1935,1790,2024-03-18,Pricing Page,2,53,dropped,3,Mar,Post-Update
1936,2953,2024-03-12,Home,1,204,viewed,3,Mar,Pre-Update
1937,2613,2024-01-16,Payment,4,169,clicked,1,Jan,Pre-Update
1938,1109,2024-02-04,Payment,4,145,viewed,2,Feb,Pre-Update
1939,537,2024-03-06,Pricing Page,2,39,viewed,3,Mar,Pre-Update
1940,2488,2024-06-06,Payment,4,151,viewed,6,Jun,Post-Update
1941,1922,2024-03-02,Payment,4,194,dropped,3,Mar,Pre-Update
1942,1251,2024-03-09,Plan Selection,3,13,dropped,3,Mar,Pre-Update
1943,2836,2024-01-23,Payment,4,133,viewed,1,Jan,Pre-Update
1944,1909,2024-01-15,Plan Selection,3,65,viewed,1,Jan,Pre-Update
1945,1618,2024-01-13,Payment,4,108,dropped,1,Jan,Pre-Update
1946,2069,2024-05-15,Plan Selection,3,37,viewed,5,May,Post-Update
1947,2502,2024-02-10,Plan Selection,3,99,clicked,2,Feb,Pre-Update
1948,1434,2024-02-23,Home,1,80,viewed,2,Feb,Pre-Update
1949,176,2024-03-17,Confirmation,5,85,converted,3,Mar,Post-Update
1950,300,2024-03-07,Plan Selection,3,132,clicked,3,Mar,Pre-Update
1951,1080,2024-03-27,Pricing Page,2,41,dropped,3,Mar,Post-Update
1952,1929,2024-03-21,Pricing Page,2,42,clicked,3,Mar,Post-Update
1953,2152,2024-01-18,Pricing Page,2,41,viewed,1,Jan,Pre-Update
1954,1121,2024-01-29,Plan Selection,3,179,dropped,1,Jan,Pre-Update
1955,1980,2024-04-15,Confirmation,5,187,converted,4,Apr,Post-Update
1956,2001,2024-04-30,Pricing Page,2,57,dropped,4,Apr,Post-Update
1957,1287,2024-02-26,Pricing Page,2,41,dropped,2,Feb,Pre-Update
1958,1260,2024-05-18,Plan Selection,3,113,viewed,5,May,Post-Update
1959,2967,2024-02-09,Home,1,193,clicked,2,Feb,Pre-Update
1960,1577,2024-06-04,Plan Selection,3,204,viewed,6,Jun,Post-Update
1961,2180,2024-03-22,Home,1,10,viewed,3,Mar,Post-Update
1962,2932,2024-03-31,Plan Selection,3,67,viewed,3,Mar,Post-Update
1963,2942,2024-04-17,Home,1,93,viewed,4,Apr,Post-Update
1964,1727,2024-06-26,Home,1,191,dropped,6,Jun,Post-Update
1965,1245,2024-06-28,Payment,4,138,dropped,6,Jun,Post-Update
1966,901,2024-03-06,Confirmation,5,96,converted,3,Mar,Pre-Update
1967,1346,2024-06-20,Pricing Page,2,41,dropped,6,Jun,Post-Update
1968,2920,2024-03-21,Pricing Page,2,43,viewed,3,Mar,Post-Update
1969,907,2024-04-21,Home,1,16,viewed,4,Apr,Post-Update
1970,87,2024-02-19,Pricing Page,2,47,dropped,2,Feb,Pre-Update
1971,1046,2024-05-08,Plan Selection,3,89,clicked,5,May,Post-Update
1972,497,2024-03-15,Plan Selection,3,128,clicked,3,Mar,Post-Update
1973,1575,2024-06-01,Plan Selection,3,153,viewed,6,Jun,Post-Update
1974,201,2024-03-13,Payment,4,161,clicked,3,Mar,Pre-Update
1975,2409,2024-05-19,Pricing Page,2,64,dropped,5,May,Post-Update
1976,262,2024-06-24,Plan Selection,3,23,clicked,6,Jun,Post-Update
1977,1693,2024-01-29,Home,1,16,viewed,1,Jan,Pre-Update
1978,495,2024-02-18,Payment,4,99,viewed,2,Feb,Pre-Update
1979,197,2024-02-21,Pricing Page,2,37,clicked,2,Feb,Pre-Update
1980,953,2024-05-13,Payment,4,97,viewed,5,May,Post-Update
1981,2012,2024-03-06,Payment,4,202,clicked,3,Mar,Pre-Update
1982,16,2024-06-10,Pricing Page,2,53,dropped,6,Jun,Post-Update
1983,1603,2024-01-09,Plan Selection,3,12,dropped,1,Jan,Pre-Update
1984,2501,2024-04-26,Plan Selection,3,141,dropped,4,Apr,Post-Update
1985,2112,2024-01-21,Pricing Page,2,57,dropped,1,Jan,Pre-Update
1986,1466,2024-05-05,Confirmation,5,188,converted,5,May,Post-Update
1987,1467,2024-05-17,Pricing Page,2,50,dropped,5,May,Post-Update
1988,499,2024-04-13,Pricing Page,2,40,dropped,4,Apr,Post-Update
1989,1367,2024-02-15,Confirmation,5,156,converted,2,Feb,Pre-Update
1990,2902,2024-04-25,Pricing Page,2,54,clicked,4,Apr,Post-Update
1991,1620,2024-02-06,Pricing Page,2,39,clicked,2,Feb,Pre-Update
1992,609,2024-05-10,Home,1,184,clicked,5,May,Post-Update
1993,118,2024-02-07,Confirmation,5,192,converted,2,Feb,Pre-Update
1994,2515,2024-03-24,Payment,4,116,clicked,3,Mar,Post-Update
1995,2997,2024-01-07,Home,1,164,clicked,1,Jan,Pre-Update
1996,1100,2024-05-28,Home,1,127,viewed,5,May,Post-Update
1997,2203,2024-06-25,Plan Selection,3,102,clicked,6,Jun,Post-Update
1998,2886,2024-01-01,Home,1,137,viewed,1,Jan,Pre-Update
1999,364,2024-02-03,Plan Selection,3,49,clicked,2,Feb,Pre-Update
2000,415,2024-04-27,Payment,4,53,clicked,4,Apr,Post-Update
2001,767,2024-04-06,Confirmation,5,200,converted,4,Apr,Post-Update
2002,110,2024-02-27,Pricing Page,2,43,viewed,2,Feb,Pre-Update
2003,2711,2024-06-19,Home,1,55,dropped,6,Jun,Post-Update
2004,2355,2024-04-27,Confirmation,5,105,converted,4,Apr,Post-Update
2005,2220,2024-02-17,Home,1,149,dropped,2,Feb,Pre-Update
2006,2677,2024-06-06,Plan Selection,3,157,viewed,6,Jun,Post-Update
2007,614,2024-06-24,Pricing Page,2,47,clicked,6,Jun,Post-Update
2008,2991,2024-04-26,Pricing Page,2,43,dropped,4,Apr,Post-Update
2009,1951,2024-04-06,Payment,4,15,viewed,4,Apr,Post-Update
2010,2137,2024-05-03,Pricing Page,2,48,viewed,5,May,Post-Update
2011,749,2024-05-05,Plan Selection,3,106,clicked,5,May,Post-Update
2012,2684,2024-05-01,Plan Selection,3,81,viewed,5,May,Post-Update
2013,2174,2024-03-03,Plan Selection,3,161,dropped,3,Mar,Pre-Update
2014,793,2024-06-29,Pricing Page,2,38,dropped,6,Jun,Post-Update
2015,1643,2024-01-29,Home,1,61,viewed,1,Jan,Pre-Update
2016,1356,2024-05-11,Pricing Page,2,44,dropped,5,May,Post-Update
2017,1469,2024-05-19,Pricing Page,2,56,viewed,5,May,Post-Update
2018,17,2024-01-17,Pricing Page,2,58,dropped,1,Jan,Pre-Update
2019,373,2024-03-21,Payment,4,197,dropped,3,Mar,Post-Update
2020,2432,2024-05-02,Confirmation,5,161,converted,5,May,Post-Update
2021,2727,2024-02-19,Plan Selection,3,88,dropped,2,Feb,Pre-Update
2022,88,2024-01-04,Home,1,205,viewed,1,Jan,Pre-Update
2023,1324,2024-04-14,Plan Selection,3,28,viewed,4,Apr,Post-Update
2024,1742,2024-04-15,Home,1,44,clicked,4,Apr,Post-Update
2025,142,2024-02-23,Pricing Page,2,52,viewed,2,Feb,Pre-Update
2026,1965,2024-06-16,Plan Selection,3,120,viewed,6,Jun,Post-Update
2027,467,2024-03-29,Confirmation,5,101,converted,3,Mar,Post-Update
2028,1005,2024-02-23,Pricing Page,2,46,dropped,2,Feb,Pre-Update
2029,1486,2024-05-27,Plan Selection,3,108,viewed,5,May,Post-Update
2030,97,2024-01-10,Home,1,151,dropped,1,Jan,Pre-Update
2031,2830,2024-05-02,Plan Selection,3,160,dropped,5,May,Post-Update
2032,572,2024-05-03,Payment,4,51,clicked,5,May,Post-Update
2033,2208,2024-02-18,Home,1,185,viewed,2,Feb,Pre-Update
2034,689,2024-02-12,Pricing Page,2,50,viewed,2,Feb,Pre-Update
2035,2257,2024-06-10,Pricing Page,2,48,dropped,6,Jun,Post-Update
2036,2281,2024-02-24,Pricing Page,2,36,dropped,2,Feb,Pre-Update
2037,716,2024-01-14,Plan Selection,3,27,clicked,1,Jan,Pre-Update
2038,2934,2024-04-08,Payment,4,76,clicked,4,Apr,Post-Update
2039,1321,2024-03-01,Pricing Page,2,52,viewed,3,Mar,Pre-Update
2040,1541,2024-02-21,Payment,4,114,viewed,2,Feb,Pre-Update
2041,1178,2024-06-27,Payment,4,166,viewed,6,Jun,Post-Update
2042,2929,2024-06-09,Plan Selection,3,194,dropped,6,Jun,Post-Update
2043,1620,2024-04-02,Confirmation,5,50,converted,4,Apr,Post-Update
2044,493,2024-02-08,Plan Selection,3,61,clicked,2,Feb,Pre-Update
2045,2891,2024-02-01,Confirmation,5,92,converted,2,Feb,Pre-Update
2046,300,2024-02-17,Home,1,56,dropped,2,Feb,Pre-Update
2047,282,2024-06-28,Plan Selection,3,97,dropped,6,Jun,Post-Update
2048,1242,2024-04-24,Confirmation,5,141,converted,4,Apr,Post-Update
2049,1647,2024-05-20,Pricing Page,2,64,clicked,5,May,Post-Update
2050,2418,2024-06-21,Pricing Page,2,64,dropped,6,Jun,Post-Update
2051,1127,2024-04-26,Home,1,123,clicked,4,Apr,Post-Update
2052,2928,2024-02-19,Pricing Page,2,40,clicked,2,Feb,Pre-Update
2053,142,2024-06-28,Payment,4,36,dropped,6,Jun,Post-Update
2054,1652,2024-02-03,Pricing Page,2,55,clicked,2,Feb,Pre-Update
2055,2121,2024-01-29,Plan Selection,3,180,clicked,1,Jan,Pre-Update
2056,2246,2024-06-23,Plan Selection,3,197,dropped,6,Jun,Post-Update
2057,550,2024-06-14,Home,1,88,viewed,6,Jun,Post-Update
2058,773,2024-04-22,Pricing Page,2,62,dropped,4,Apr,Post-Update
2059,598,2024-04-14,Pricing Page,2,60,viewed,4,Apr,Post-Update
2060,383,2024-01-01,Plan Selection,3,40,viewed,1,Jan,Pre-Update
2061,2704,2024-06-09,Payment,4,209,viewed,6,Jun,Post-Update
2062,45,2024-04-30,Pricing Page,2,50,dropped,4,Apr,Post-Update
2063,60,2024-02-29,Plan Selection,3,197,viewed,2,Feb,Pre-Update
2064,2625,2024-04-11,Home,1,45,clicked,4,Apr,Post-Update
2065,949,2024-03-26,Pricing Page,2,58,dropped,3,Mar,Post-Update
2066,2659,2024-06-03,Plan Selection,3,103,clicked,6,Jun,Post-Update
2067,751,2024-04-28,Plan Selection,3,140,viewed,4,Apr,Post-Update
2068,1468,2024-03-09,Pricing Page,2,30,clicked,3,Mar,Pre-Update
2069,1925,2024-01-04,Home,1,165,clicked,1,Jan,Pre-Update
2070,1814,2024-06-04,Pricing Page,2,63,clicked,6,Jun,Post-Update
2071,1954,2024-05-08,Plan Selection,3,191,viewed,5,May,Post-Update
2072,2390,2024-06-07,Confirmation,5,64,converted,6,Jun,Post-Update
2073,1299,2024-03-03,Pricing Page,2,31,viewed,3,Mar,Pre-Update
2074,2434,2024-01-16,Confirmation,5,147,converted,1,Jan,Pre-Update
2075,1452,2024-03-04,Pricing Page,2,42,dropped,3,Mar,Pre-Update
2076,259,2024-04-18,Payment,4,186,dropped,4,Apr,Post-Update
2077,1228,2024-03-14,Payment,4,179,viewed,3,Mar,Pre-Update
2078,1174,2024-04-18,Payment,4,74,dropped,4,Apr,Post-Update
2079,2126,2024-01-26,Plan Selection,3,97,clicked,1,Jan,Pre-Update
2080,254,2024-06-26,Plan Selection,3,73,viewed,6,Jun,Post-Update
2081,716,2024-02-19,Plan Selection,3,102,clicked,2,Feb,Pre-Update
2082,924,2024-04-04,Plan Selection,3,187,clicked,4,Apr,Post-Update
2083,527,2024-05-19,Pricing Page,2,49,clicked,5,May,Post-Update
2084,201,2024-05-29,Confirmation,5,55,converted,5,May,Post-Update
2085,925,2024-06-04,Pricing Page,2,46,dropped,6,Jun,Post-Update
2086,1673,2024-06-21,Home,1,128,viewed,6,Jun,Post-Update
2087,1939,2024-02-02,Confirmation,5,64,converted,2,Feb,Pre-Update
2088,1402,2024-04-04,Pricing Page,2,53,viewed,4,Apr,Post-Update
2089,144,2024-03-28,Pricing Page,2,66,viewed,3,Mar,Post-Update
2090,2704,2024-04-24,Pricing Page,2,51,clicked,4,Apr,Post-Update
2091,1769,2024-04-20,Pricing Page,2,53,clicked,4,Apr,Post-Update
2092,1863,2024-04-14,Home,1,81,viewed,4,Apr,Post-Update
2093,1797,2024-05-23,Home,1,99,viewed,5,May,Post-Update
2094,1117,2024-04-24,Home,1,75,clicked,4,Apr,Post-Update
2095,1472,2024-06-24,Pricing Page,2,38,viewed,6,Jun,Post-Update
2096,2404,2024-01-14,Confirmation,5,126,converted,1,Jan,Pre-Update
2097,123,2024-03-22,Home,1,70,dropped,3,Mar,Post-Update
2098,1960,2024-06-18,Plan Selection,3,158,clicked,6,Jun,Post-Update
2099,2231,2024-06-17,Pricing Page,2,47,dropped,6,Jun,Post-Update
2100,2056,2024-03-20,Home,1,93,viewed,3,Mar,Post-Update
2101,2763,2024-05-07,Payment,4,145,dropped,5,May,Post-Update
2102,1544,2024-02-14,Plan Selection,3,152,clicked,2,Feb,Pre-Update
2103,1059,2024-02-18,Pricing Page,2,46,viewed,2,Feb,Pre-Update
2104,642,2024-01-25,Home,1,168,viewed,1,Jan,Pre-Update
2105,2552,2024-05-09,Home,1,199,viewed,5,May,Post-Update
2106,1663,2024-05-12,Home,1,179,dropped,5,May,Post-Update
2107,1425,2024-05-18,Pricing Page,2,59,dropped,5,May,Post-Update
2108,1920,2024-01-25,Payment,4,78,clicked,1,Jan,Pre-Update
2109,889,2024-01-16,Plan Selection,3,108,viewed,1,Jan,Pre-Update
2110,1610,2024-02-19,Payment,4,16,viewed,2,Feb,Pre-Update
2111,317,2024-01-02,Payment,4,131,viewed,1,Jan,Pre-Update
2112,1519,2024-06-17,Home,1,181,viewed,6,Jun,Post-Update
2113,2914,2024-01-23,Plan Selection,3,50,viewed,1,Jan,Pre-Update
2114,2036,2024-05-29,Home,1,200,clicked,5,May,Post-Update
2115,2010,2024-05-30,Home,1,69,viewed,5,May,Post-Update
2116,313,2024-04-05,Pricing Page,2,39,dropped,4,Apr,Post-Update
2117,2683,2024-06-07,Plan Selection,3,171,viewed,6,Jun,Post-Update
2118,1426,2024-03-20,Payment,4,108,dropped,3,Mar,Post-Update
2119,1341,2024-05-02,Home,1,51,viewed,5,May,Post-Update
2120,2529,2024-04-06,Home,1,34,dropped,4,Apr,Post-Update
2121,1682,2024-02-13,Plan Selection,3,187,viewed,2,Feb,Pre-Update
2122,2098,2024-06-08,Pricing Page,2,63,dropped,6,Jun,Post-Update
2123,318,2024-04-09,Pricing Page,2,52,dropped,4,Apr,Post-Update
2124,848,2024-06-24,Confirmation,5,27,converted,6,Jun,Post-Update
2125,1342,2024-06-24,Plan Selection,3,129,clicked,6,Jun,Post-Update
2126,2031,2024-06-11,Pricing Page,2,56,clicked,6,Jun,Post-Update
2127,1708,2024-05-24,Pricing Page,2,40,dropped,5,May,Post-Update
2128,709,2024-05-07,Payment,4,191,dropped,5,May,Post-Update
2129,2782,2024-02-14,Pricing Page,2,44,dropped,2,Feb,Pre-Update
2130,738,2024-05-22,Home,1,130,clicked,5,May,Post-Update
2131,994,2024-03-09,Confirmation,5,75,converted,3,Mar,Pre-Update
2132,2873,2024-05-26,Home,1,93,clicked,5,May,Post-Update
2133,2042,2024-04-25,Home,1,185,viewed,4,Apr,Post-Update
2134,2739,2024-05-31,Pricing Page,2,59,dropped,5,May,Post-Update
2135,245,2024-05-01,Home,1,108,dropped,5,May,Post-Update
2136,1027,2024-02-09,Home,1,148,dropped,2,Feb,Pre-Update
2137,430,2024-06-27,Plan Selection,3,126,clicked,6,Jun,Post-Update
2138,583,2024-05-25,Pricing Page,2,61,dropped,5,May,Post-Update
2139,1614,2024-06-24,Pricing Page,2,44,dropped,6,Jun,Post-Update
2140,484,2024-05-14,Pricing Page,2,65,viewed,5,May,Post-Update
2141,88,2024-02-15,Home,1,20,viewed,2,Feb,Pre-Update
2142,2180,2024-02-25,Pricing Page,2,53,viewed,2,Feb,Pre-Update
2143,1310,2024-02-21,Home,1,147,dropped,2,Feb,Pre-Update
2144,1409,2024-01-06,Payment,4,142,dropped,1,Jan,Pre-Update
2145,971,2024-03-18,Home,1,127,clicked,3,Mar,Post-Update
2146,979,2024-03-08,Confirmation,5,82,converted,3,Mar,Pre-Update
2147,358,2024-04-02,Home,1,90,clicked,4,Apr,Post-Update
2148,199,2024-06-23,Plan Selection,3,64,clicked,6,Jun,Post-Update
2149,1397,2024-06-22,Pricing Page,2,41,dropped,6,Jun,Post-Update
2150,1548,2024-03-25,Payment,4,114,clicked,3,Mar,Post-Update
2151,2267,2024-06-26,Plan Selection,3,59,clicked,6,Jun,Post-Update
2152,2529,2024-02-18,Payment,4,49,clicked,2,Feb,Pre-Update
2153,1134,2024-01-20,Pricing Page,2,50,dropped,1,Jan,Pre-Update
2154,2272,2024-02-29,Pricing Page,2,54,dropped,2,Feb,Pre-Update
2155,2480,2024-06-19,Pricing Page,2,48,dropped,6,Jun,Post-Update
2156,853,2024-02-07,Home,1,75,dropped,2,Feb,Pre-Update
2157,1116,2024-04-26,Home,1,126,viewed,4,Apr,Post-Update
2158,897,2024-04-30,Pricing Page,2,42,dropped,4,Apr,Post-Update
2159,1666,2024-04-19,Pricing Page,2,65,dropped,4,Apr,Post-Update
2160,596,2024-02-06,Pricing Page,2,45,dropped,2,Feb,Pre-Update
2161,2197,2024-06-14,Pricing Page,2,42,clicked,6,Jun,Post-Update
2162,2468,2024-01-24,Home,1,111,viewed,1,Jan,Pre-Update
2163,1397,2024-03-01,Pricing Page,2,42,dropped,3,Mar,Pre-Update
2164,2836,2024-01-01,Home,1,189,viewed,1,Jan,Pre-Update
2165,159,2024-03-15,Confirmation,5,72,converted,3,Mar,Post-Update
2166,2514,2024-02-14,Plan Selection,3,179,dropped,2,Feb,Pre-Update
2167,2798,2024-03-08,Home,1,55,viewed,3,Mar,Pre-Update
2168,2906,2024-01-10,Pricing Page,2,48,viewed,1,Jan,Pre-Update
2169,209,2024-03-15,Payment,4,20,viewed,3,Mar,Post-Update
2170,886,2024-03-13,Home,1,95,viewed,3,Mar,Pre-Update
2171,1376,2024-01-10,Confirmation,5,62,converted,1,Jan,Pre-Update
2172,1962,2024-03-29,Pricing Page,2,64,dropped,3,Mar,Post-Update
2173,2127,2024-02-24,Pricing Page,2,58,clicked,2,Feb,Pre-Update
2174,1497,2024-03-26,Payment,4,184,viewed,3,Mar,Post-Update
2175,1028,2024-03-01,Plan Selection,3,62,clicked,3,Mar,Pre-Update
2176,2976,2024-06-09,Pricing Page,2,58,viewed,6,Jun,Post-Update
2177,2646,2024-03-24,Plan Selection,3,185,clicked,3,Mar,Post-Update
2178,1675,2024-03-26,Plan Selection,3,25,clicked,3,Mar,Post-Update
2179,652,2024-02-08,Pricing Page,2,43,viewed,2,Feb,Pre-Update
2180,1864,2024-01-23,Payment,4,90,viewed,1,Jan,Pre-Update
2181,1700,2024-04-12,Home,1,194,dropped,4,Apr,Post-Update
2182,1391,2024-04-14,Pricing Page,2,60,dropped,4,Apr,Post-Update
2183,2877,2024-01-15,Plan Selection,3,77,dropped,1,Jan,Pre-Update
2184,2212,2024-02-12,Confirmation,5,26,converted,2,Feb,Pre-Update
2185,1619,2024-03-22,Plan Selection,3,179,clicked,3,Mar,Post-Update
2186,89,2024-02-06,Confirmation,5,20,converted,2,Feb,Pre-Update
2187,1407,2024-02-03,Plan Selection,3,10,clicked,2,Feb,Pre-Update
2188,1169,2024-04-02,Pricing Page,2,49,clicked,4,Apr,Post-Update
2189,1607,2024-03-28,Payment,4,122,clicked,3,Mar,Post-Update
2190,933,2024-03-05,Payment,4,57,clicked,3,Mar,Pre-Update
2191,770,2024-04-01,Payment,4,57,viewed,4,Apr,Post-Update
2192,7,2024-02-02,Confirmation,5,193,converted,2,Feb,Pre-Update
2193,2726,2024-05-23,Pricing Page,2,62,dropped,5,May,Post-Update
2194,1853,2024-05-29,Pricing Page,2,64,dropped,5,May,Post-Update
2195,324,2024-06-13,Pricing Page,2,49,dropped,6,Jun,Post-Update
2196,2481,2024-04-14,Pricing Page,2,45,dropped,4,Apr,Post-Update
2197,1486,2024-03-01,Home,1,204,clicked,3,Mar,Pre-Update
2198,1379,2024-03-26,Confirmation,5,101,converted,3,Mar,Post-Update
2199,1123,2024-03-30,Pricing Page,2,44,dropped,3,Mar,Post-Update
2200,2798,2024-02-22,Plan Selection,3,82,viewed,2,Feb,Pre-Update
2201,805,2024-05-12,Payment,4,14,clicked,5,May,Post-Update
2202,2711,2024-05-12,Confirmation,5,114,converted,5,May,Post-Update
2203,2342,2024-03-02,Pricing Page,2,51,clicked,3,Mar,Pre-Update
2204,1411,2024-05-22,Plan Selection,3,70,viewed,5,May,Post-Update
2205,1985,2024-04-12,Payment,4,111,dropped,4,Apr,Post-Update
2206,1564,2024-04-15,Pricing Page,2,38,dropped,4,Apr,Post-Update
2207,104,2024-01-23,Plan Selection,3,57,viewed,1,Jan,Pre-Update
2208,1112,2024-01-01,Confirmation,5,116,converted,1,Jan,Pre-Update
2209,2794,2024-01-12,Plan Selection,3,88,clicked,1,Jan,Pre-Update
2210,2628,2024-01-28,Home,1,42,clicked,1,Jan,Pre-Update
2211,2261,2024-03-17,Payment,4,205,clicked,3,Mar,Post-Update
2212,2307,2024-05-29,Payment,4,130,clicked,5,May,Post-Update
2213,2977,2024-02-21,Pricing Page,2,41,clicked,2,Feb,Pre-Update
2214,1773,2024-02-28,Payment,4,54,clicked,2,Feb,Pre-Update
2215,877,2024-05-04,Plan Selection,3,162,dropped,5,May,Post-Update
2216,866,2024-01-18,Plan Selection,3,172,dropped,1,Jan,Pre-Update
2217,1774,2024-03-01,Confirmation,5,114,converted,3,Mar,Pre-Update
2218,2685,2024-06-13,Payment,4,114,dropped,6,Jun,Post-Update
2219,2385,2024-05-16,Pricing Page,2,57,dropped,5,May,Post-Update
2220,2557,2024-05-16,Pricing Page,2,61,dropped,5,May,Post-Update
2221,2395,2024-03-01,Pricing Page,2,39,viewed,3,Mar,Pre-Update
2222,780,2024-05-16,Confirmation,5,138,converted,5,May,Post-Update
2223,841,2024-03-25,Plan Selection,3,32,dropped,3,Mar,Post-Update
2224,2771,2024-03-24,Plan Selection,3,67,viewed,3,Mar,Post-Update
2225,829,2024-06-12,Plan Selection,3,148,clicked,6,Jun,Post-Update
2226,75,2024-06-05,Pricing Page,2,57,dropped,6,Jun,Post-Update
2227,1038,2024-03-08,Payment,4,16,viewed,3,Mar,Pre-Update
2228,855,2024-03-11,Home,1,79,clicked,3,Mar,Pre-Update
2229,216,2024-01-17,Pricing Page,2,57,viewed,1,Jan,Pre-Update
2230,1959,2024-04-21,Home,1,168,clicked,4,Apr,Post-Update
2231,1408,2024-04-26,Payment,4,24,viewed,4,Apr,Post-Update
2232,1838,2024-01-30,Confirmation,5,92,converted,1,Jan,Pre-Update
2233,374,2024-03-10,Plan Selection,3,118,dropped,3,Mar,Pre-Update
2234,2510,2024-06-13,Home,1,89,viewed,6,Jun,Post-Update
2235,1263,2024-03-01,Pricing Page,2,30,viewed,3,Mar,Pre-Update
2236,1371,2024-04-12,Pricing Page,2,56,clicked,4,Apr,Post-Update
2237,999,2024-05-21,Confirmation,5,53,converted,5,May,Post-Update
2238,1071,2024-01-23,Plan Selection,3,91,clicked,1,Jan,Pre-Update
2239,1939,2024-01-20,Plan Selection,3,141,clicked,1,Jan,Pre-Update
2240,1641,2024-02-10,Pricing Page,2,49,viewed,2,Feb,Pre-Update
2241,2009,2024-04-08,Payment,4,203,viewed,4,Apr,Post-Update
2242,1449,2024-03-10,Pricing Page,2,34,clicked,3,Mar,Pre-Update
2243,1647,2024-04-06,Home,1,107,clicked,4,Apr,Post-Update
2244,1267,2024-06-27,Plan Selection,3,72,viewed,6,Jun,Post-Update
2245,321,2024-05-07,Pricing Page,2,65,viewed,5,May,Post-Update
2246,590,2024-01-01,Pricing Page,2,32,dropped,1,Jan,Pre-Update
2247,2559,2024-04-14,Pricing Page,2,63,dropped,4,Apr,Post-Update
2248,2982,2024-01-08,Pricing Page,2,30,dropped,1,Jan,Pre-Update
2249,1914,2024-02-07,Home,1,198,clicked,2,Feb,Pre-Update
2250,242,2024-02-16,Home,1,93,viewed,2,Feb,Pre-Update
2251,1969,2024-03-01,Plan Selection,3,109,clicked,3,Mar,Pre-Update
2252,1399,2024-01-28,Pricing Page,2,42,viewed,1,Jan,Pre-Update
2253,714,2024-04-04,Confirmation,5,204,converted,4,Apr,Post-Update
2254,400,2024-05-15,Pricing Page,2,52,dropped,5,May,Post-Update
2255,896,2024-03-23,Pricing Page,2,55,clicked,3,Mar,Post-Update
2256,2340,2024-05-24,Plan Selection,3,190,clicked,5,May,Post-Update
2257,2876,2024-02-04,Home,1,177,viewed,2,Feb,Pre-Update
2258,596,2024-01-30,Pricing Page,2,49,clicked,1,Jan,Pre-Update
2259,2922,2024-01-19,Plan Selection,3,148,viewed,1,Jan,Pre-Update
2260,561,2024-06-26,Pricing Page,2,59,clicked,6,Jun,Post-Update
2261,2715,2024-05-03,Plan Selection,3,97,dropped,5,May,Post-Update
2262,521,2024-04-14,Pricing Page,2,39,dropped,4,Apr,Post-Update
2263,2428,2024-03-25,Confirmation,5,37,converted,3,Mar,Post-Update
2264,2895,2024-03-15,Home,1,123,clicked,3,Mar,Post-Update
2265,189,2024-02-16,Home,1,152,clicked,2,Feb,Pre-Update
2266,610,2024-02-08,Pricing Page,2,49,viewed,2,Feb,Pre-Update
2267,1640,2024-01-05,Pricing Page,2,39,dropped,1,Jan,Pre-Update
2268,1958,2024-06-14,Plan Selection,3,82,viewed,6,Jun,Post-Update
2269,1937,2024-03-11,Home,1,178,dropped,3,Mar,Pre-Update
2270,1651,2024-01-19,Payment,4,205,clicked,1,Jan,Pre-Update
2271,2062,2024-03-24,Pricing Page,2,63,dropped,3,Mar,Post-Update
2272,2331,2024-04-02,Pricing Page,2,54,dropped,4,Apr,Post-Update
2273,2824,2024-03-03,Confirmation,5,99,converted,3,Mar,Pre-Update
2274,1653,2024-03-15,Pricing Page,2,61,clicked,3,Mar,Post-Update
2275,735,2024-01-12,Plan Selection,3,146,viewed,1,Jan,Pre-Update
2276,1235,2024-06-26,Plan Selection,3,98,dropped,6,Jun,Post-Update
2277,1736,2024-03-03,Home,1,203,viewed,3,Mar,Pre-Update
2278,726,2024-05-11,Confirmation,5,69,converted,5,May,Post-Update
2279,2404,2024-01-22,Home,1,121,dropped,1,Jan,Pre-Update
2280,1643,2024-01-01,Pricing Page,2,57,dropped,1,Jan,Pre-Update
2281,194,2024-02-17,Home,1,173,viewed,2,Feb,Pre-Update
2282,527,2024-05-06,Confirmation,5,159,converted,5,May,Post-Update
2283,2518,2024-06-20,Pricing Page,2,45,clicked,6,Jun,Post-Update
2284,977,2024-05-19,Confirmation,5,33,converted,5,May,Post-Update
2285,2809,2024-02-28,Payment,4,14,viewed,2,Feb,Pre-Update
2286,1615,2024-04-05,Home,1,116,viewed,4,Apr,Post-Update
2287,1201,2024-02-05,Payment,4,83,clicked,2,Feb,Pre-Update
2288,647,2024-05-03,Payment,4,177,viewed,5,May,Post-Update
2289,2232,2024-01-31,Plan Selection,3,108,viewed,1,Jan,Pre-Update
2290,2671,2024-03-18,Pricing Page,2,39,clicked,3,Mar,Post-Update
2291,79,2024-04-24,Home,1,115,clicked,4,Apr,Post-Update
2292,995,2024-04-02,Plan Selection,3,52,clicked,4,Apr,Post-Update
2293,1422,2024-01-19,Home,1,33,clicked,1,Jan,Pre-Update
2294,1032,2024-05-06,Pricing Page,2,44,clicked,5,May,Post-Update
2295,2740,2024-03-16,Pricing Page,2,54,clicked,3,Mar,Post-Update
2296,1256,2024-02-19,Home,1,168,clicked,2,Feb,Pre-Update
2297,1731,2024-01-21,Payment,4,167,clicked,1,Jan,Pre-Update
2298,2940,2024-03-30,Plan Selection,3,38,dropped,3,Mar,Post-Update
2299,812,2024-06-18,Payment,4,109,viewed,6,Jun,Post-Update
2300,132,2024-03-31,Pricing Page,2,46,dropped,3,Mar,Post-Update
2301,166,2024-01-22,Pricing Page,2,53,clicked,1,Jan,Pre-Update
2302,2329,2024-01-02,Plan Selection,3,122,viewed,1,Jan,Pre-Update
2303,1868,2024-01-23,Payment,4,89,viewed,1,Jan,Pre-Update
2304,1174,2024-05-26,Payment,4,200,dropped,5,May,Post-Update
2305,2545,2024-05-27,Plan Selection,3,42,dropped,5,May,Post-Update
2306,2240,2024-06-28,Payment,4,145,dropped,6,Jun,Post-Update
2307,2854,2024-01-30,Confirmation,5,73,converted,1,Jan,Pre-Update
2308,2104,2024-04-10,Plan Selection,3,147,clicked,4,Apr,Post-Update
2309,104,2024-06-15,Pricing Page,2,58,viewed,6,Jun,Post-Update
2310,2227,2024-05-30,Confirmation,5,51,converted,5,May,Post-Update
2311,666,2024-03-27,Payment,4,56,viewed,3,Mar,Post-Update
2312,295,2024-04-21,Payment,4,16,viewed,4,Apr,Post-Update
2313,311,2024-06-29,Plan Selection,3,81,viewed,6,Jun,Post-Update
2314,2374,2024-04-26,Payment,4,57,viewed,4,Apr,Post-Update
2315,2288,2024-05-11,Pricing Page,2,53,dropped,5,May,Post-Update
2316,784,2024-04-22,Pricing Page,2,60,viewed,4,Apr,Post-Update
2317,2871,2024-02-11,Pricing Page,2,52,viewed,2,Feb,Pre-Update
2318,294,2024-06-09,Home,1,19,viewed,6,Jun,Post-Update
2319,2857,2024-02-24,Plan Selection,3,75,viewed,2,Feb,Pre-Update
2320,1561,2024-03-31,Confirmation,5,45,converted,3,Mar,Post-Update
2321,275,2024-06-15,Pricing Page,2,63,dropped,6,Jun,Post-Update
2322,2356,2024-01-25,Pricing Page,2,34,viewed,1,Jan,Pre-Update
2323,1987,2024-06-01,Pricing Page,2,56,dropped,6,Jun,Post-Update
2324,498,2024-04-21,Plan Selection,3,24,viewed,4,Apr,Post-Update
2325,2565,2024-03-18,Plan Selection,3,130,clicked,3,Mar,Post-Update
2326,1763,2024-01-19,Payment,4,91,viewed,1,Jan,Pre-Update
2327,2557,2024-05-27,Plan Selection,3,35,dropped,5,May,Post-Update
2328,164,2024-01-03,Confirmation,5,111,converted,1,Jan,Pre-Update
2329,2420,2024-04-02,Home,1,33,dropped,4,Apr,Post-Update
2330,1858,2024-04-03,Plan Selection,3,18,dropped,4,Apr,Post-Update
2331,554,2024-05-12,Home,1,85,clicked,5,May,Post-Update
2332,1687,2024-02-05,Pricing Page,2,55,clicked,2,Feb,Pre-Update
2333,1624,2024-03-20,Plan Selection,3,108,viewed,3,Mar,Post-Update
2334,1369,2024-06-15,Pricing Page,2,48,dropped,6,Jun,Post-Update
2335,811,2024-01-31,Home,1,147,clicked,1,Jan,Pre-Update
2336,1721,2024-06-08,Plan Selection,3,172,viewed,6,Jun,Post-Update
2337,1538,2024-04-16,Pricing Page,2,47,dropped,4,Apr,Post-Update
2338,2060,2024-03-22,Home,1,137,clicked,3,Mar,Post-Update
2339,154,2024-03-27,Pricing Page,2,60,viewed,3,Mar,Post-Update
2340,2148,2024-04-22,Confirmation,5,199,converted,4,Apr,Post-Update
2341,2570,2024-03-19,Plan Selection,3,152,viewed,3,Mar,Post-Update
2342,1878,2024-06-06,Pricing Page,2,61,dropped,6,Jun,Post-Update
2343,133,2024-05-22,Payment,4,129,viewed,5,May,Post-Update
2344,893,2024-04-24,Pricing Page,2,52,dropped,4,Apr,Post-Update
2345,759,2024-04-30,Plan Selection,3,176,clicked,4,Apr,Post-Update
2346,2447,2024-05-05,Home,1,207,viewed,5,May,Post-Update
2347,1525,2024-06-04,Payment,4,73,dropped,6,Jun,Post-Update
2348,802,2024-04-19,Pricing Page,2,47,viewed,4,Apr,Post-Update
2349,1872,2024-03-07,Confirmation,5,163,converted,3,Mar,Pre-Update
2350,2728,2024-02-14,Plan Selection,3,163,clicked,2,Feb,Pre-Update
2351,1150,2024-06-12,Pricing Page,2,41,dropped,6,Jun,Post-Update
2352,694,2024-04-17,Pricing Page,2,56,dropped,4,Apr,Post-Update
2353,319,2024-06-26,Plan Selection,3,10,dropped,6,Jun,Post-Update
2354,528,2024-02-01,Pricing Page,2,35,viewed,2,Feb,Pre-Update
2355,2313,2024-02-20,Home,1,114,clicked,2,Feb,Pre-Update
2356,1378,2024-01-15,Home,1,175,dropped,1,Jan,Pre-Update
2357,190,2024-06-27,Payment,4,153,clicked,6,Jun,Post-Update
2358,2176,2024-04-01,Pricing Page,2,43,viewed,4,Apr,Post-Update
2359,497,2024-06-26,Pricing Page,2,39,dropped,6,Jun,Post-Update
2360,80,2024-01-07,Home,1,97,viewed,1,Jan,Pre-Update
2361,2974,2024-03-08,Confirmation,5,72,converted,3,Mar,Pre-Update
2362,2696,2024-04-11,Home,1,177,viewed,4,Apr,Post-Update
2363,2535,2024-04-21,Plan Selection,3,173,clicked,4,Apr,Post-Update
2364,61,2024-04-21,Home,1,64,clicked,4,Apr,Post-Update
2365,1887,2024-02-19,Pricing Page,2,49,clicked,2,Feb,Pre-Update
2366,2078,2024-02-23,Pricing Page,2,31,dropped,2,Feb,Pre-Update
2367,1456,2024-01-06,Plan Selection,3,80,viewed,1,Jan,Pre-Update
2368,1200,2024-06-17,Pricing Page,2,50,clicked,6,Jun,Post-Update
2369,2458,2024-04-23,Plan Selection,3,122,viewed,4,Apr,Post-Update
2370,107,2024-06-19,Plan Selection,3,51,dropped,6,Jun,Post-Update
2371,1243,2024-03-23,Home,1,162,viewed,3,Mar,Post-Update
2372,1273,2024-06-10,Home,1,62,viewed,6,Jun,Post-Update
2373,2778,2024-03-14,Pricing Page,2,30,dropped,3,Mar,Pre-Update
2374,1527,2024-04-23,Plan Selection,3,32,viewed,4,Apr,Post-Update
2375,1446,2024-01-22,Home,1,96,viewed,1,Jan,Pre-Update
2376,325,2024-03-31,Home,1,81,clicked,3,Mar,Post-Update
2377,896,2024-05-01,Pricing Page,2,45,viewed,5,May,Post-Update
2378,2606,2024-04-10,Home,1,56,viewed,4,Apr,Post-Update
2379,1246,2024-02-07,Payment,4,76,clicked,2,Feb,Pre-Update
2380,1362,2024-03-13,Plan Selection,3,202,viewed,3,Mar,Pre-Update
2381,2056,2024-05-03,Pricing Page,2,60,clicked,5,May,Post-Update
2382,215,2024-03-07,Plan Selection,3,12,dropped,3,Mar,Pre-Update
2383,2682,2024-06-14,Confirmation,5,150,converted,6,Jun,Post-Update
2384,2516,2024-01-17,Confirmation,5,90,converted,1,Jan,Pre-Update
2385,596,2024-05-23,Pricing Page,2,51,dropped,5,May,Post-Update
2386,870,2024-01-15,Plan Selection,3,84,clicked,1,Jan,Pre-Update
2387,1164,2024-01-07,Home,1,196,viewed,1,Jan,Pre-Update
2388,1124,2024-06-25,Payment,4,167,viewed,6,Jun,Post-Update
2389,523,2024-05-16,Pricing Page,2,66,viewed,5,May,Post-Update
2390,86,2024-02-13,Home,1,178,viewed,2,Feb,Pre-Update
2391,2593,2024-05-04,Payment,4,31,dropped,5,May,Post-Update
2392,2708,2024-03-08,Home,1,153,dropped,3,Mar,Pre-Update
2393,771,2024-01-07,Pricing Page,2,59,clicked,1,Jan,Pre-Update
2394,1753,2024-05-20,Home,1,75,dropped,5,May,Post-Update
2395,632,2024-03-02,Home,1,70,clicked,3,Mar,Pre-Update
2396,2016,2024-03-16,Home,1,17,dropped,3,Mar,Post-Update
2397,2957,2024-06-06,Pricing Page,2,47,dropped,6,Jun,Post-Update
2398,1032,2024-02-29,Plan Selection,3,28,viewed,2,Feb,Pre-Update
2399,2460,2024-02-13,Payment,4,198,clicked,2,Feb,Pre-Update
2400,2354,2024-03-04,Pricing Page,2,59,viewed,3,Mar,Pre-Update
2401,2440,2024-05-20,Pricing Page,2,66,dropped,5,May,Post-Update
2402,2452,2024-01-20,Home,1,27,dropped,1,Jan,Pre-Update
2403,2047,2024-06-02,Home,1,86,clicked,6,Jun,Post-Update
2404,1857,2024-01-07,Pricing Page,2,46,clicked,1,Jan,Pre-Update
2405,167,2024-01-11,Home,1,104,viewed,1,Jan,Pre-Update
2406,1321,2024-02-21,Home,1,149,dropped,2,Feb,Pre-Update
2407,2008,2024-06-09,Pricing Page,2,53,dropped,6,Jun,Post-Update
2408,95,2024-02-04,Payment,4,143,viewed,2,Feb,Pre-Update
2409,6,2024-04-19,Home,1,67,clicked,4,Apr,Post-Update
2410,116,2024-01-10,Home,1,113,dropped,1,Jan,Pre-Update
2411,1125,2024-02-27,Pricing Page,2,41,clicked,2,Feb,Pre-Update
2412,1560,2024-06-27,Pricing Page,2,65,dropped,6,Jun,Post-Update
2413,2040,2024-06-16,Plan Selection,3,50,dropped,6,Jun,Post-Update
2414,1541,2024-06-10,Confirmation,5,199,converted,6,Jun,Post-Update
2415,2882,2024-06-23,Confirmation,5,157,converted,6,Jun,Post-Update
2416,2773,2024-03-13,Pricing Page,2,59,dropped,3,Mar,Pre-Update
2417,196,2024-05-09,Pricing Page,2,61,clicked,5,May,Post-Update
2418,1887,2024-05-13,Payment,4,172,viewed,5,May,Post-Update
2419,2294,2024-06-12,Pricing Page,2,50,dropped,6,Jun,Post-Update
2420,2953,2024-04-11,Payment,4,125,clicked,4,Apr,Post-Update
2421,2640,2024-03-19,Plan Selection,3,88,clicked,3,Mar,Post-Update
2422,1621,2024-05-01,Payment,4,134,viewed,5,May,Post-Update
2423,2395,2024-02-04,Plan Selection,3,59,clicked,2,Feb,Pre-Update
2424,2981,2024-02-28,Plan Selection,3,56,dropped,2,Feb,Pre-Update
2425,1592,2024-06-14,Confirmation,5,32,converted,6,Jun,Post-Update
2426,1986,2024-06-23,Payment,4,72,dropped,6,Jun,Post-Update
2427,608,2024-06-17,Home,1,110,clicked,6,Jun,Post-Update
2428,327,2024-04-14,Plan Selection,3,27,viewed,4,Apr,Post-Update
2429,1240,2024-06-05,Home,1,175,viewed,6,Jun,Post-Update
2430,2785,2024-06-29,Home,1,207,clicked,6,Jun,Post-Update
2431,2408,2024-06-21,Pricing Page,2,65,dropped,6,Jun,Post-Update
2432,2674,2024-06-05,Plan Selection,3,147,clicked,6,Jun,Post-Update
2433,942,2024-01-26,Payment,4,78,clicked,1,Jan,Pre-Update
2434,711,2024-05-29,Pricing Page,2,58,dropped,5,May,Post-Update
2435,842,2024-02-11,Pricing Page,2,54,dropped,2,Feb,Pre-Update
2436,580,2024-04-19,Pricing Page,2,51,viewed,4,Apr,Post-Update
2437,2861,2024-02-06,Home,1,24,viewed,2,Feb,Pre-Update
2438,1840,2024-01-30,Confirmation,5,94,converted,1,Jan,Pre-Update
2439,515,2024-04-15,Pricing Page,2,46,dropped,4,Apr,Post-Update
2440,174,2024-05-15,Plan Selection,3,139,clicked,5,May,Post-Update
2441,1725,2024-03-06,Home,1,74,clicked,3,Mar,Pre-Update
2442,2543,2024-01-28,Pricing Page,2,48,clicked,1,Jan,Pre-Update
2443,836,2024-01-23,Payment,4,116,clicked,1,Jan,Pre-Update
2444,2927,2024-06-18,Payment,4,204,clicked,6,Jun,Post-Update
2445,59,2024-03-02,Plan Selection,3,38,viewed,3,Mar,Pre-Update
2446,1885,2024-05-08,Plan Selection,3,52,dropped,5,May,Post-Update
2447,1939,2024-01-11,Pricing Page,2,48,dropped,1,Jan,Pre-Update
2448,757,2024-02-04,Pricing Page,2,43,clicked,2,Feb,Pre-Update
2449,2159,2024-05-18,Plan Selection,3,20,dropped,5,May,Post-Update
2450,233,2024-04-27,Home,1,34,clicked,4,Apr,Post-Update
2451,1493,2024-05-18,Pricing Page,2,50,dropped,5,May,Post-Update
2452,2484,2024-01-20,Home,1,12,viewed,1,Jan,Pre-Update
2453,704,2024-04-20,Pricing Page,2,64,dropped,4,Apr,Post-Update
2454,1445,2024-01-21,Home,1,56,viewed,1,Jan,Pre-Update
2455,1317,2024-05-08,Pricing Page,2,38,dropped,5,May,Post-Update
2456,471,2024-03-20,Payment,4,71,clicked,3,Mar,Post-Update
2457,2604,2024-02-18,Payment,4,181,dropped,2,Feb,Pre-Update
2458,2626,2024-01-20,Confirmation,5,61,converted,1,Jan,Pre-Update
2459,1597,2024-06-10,Payment,4,140,viewed,6,Jun,Post-Update
2460,969,2024-04-27,Pricing Page,2,51,dropped,4,Apr,Post-Update
2461,2098,2024-02-18,Pricing Page,2,41,dropped,2,Feb,Pre-Update
2462,1830,2024-04-22,Pricing Page,2,52,clicked,4,Apr,Post-Update
2463,2056,2024-04-07,Plan Selection,3,119,viewed,4,Apr,Post-Update
2464,1782,2024-03-17,Pricing Page,2,50,dropped,3,Mar,Post-Update
2465,505,2024-04-15,Pricing Page,2,47,dropped,4,Apr,Post-Update
2466,2800,2024-04-04,Payment,4,98,viewed,4,Apr,Post-Update
2467,2233,2024-02-20,Home,1,193,dropped,2,Feb,Pre-Update
2468,2963,2024-03-29,Pricing Page,2,66,dropped,3,Mar,Post-Update
2469,1795,2024-01-23,Payment,4,170,clicked,1,Jan,Pre-Update
2470,321,2024-01-05,Payment,4,204,clicked,1,Jan,Pre-Update
2471,721,2024-06-13,Payment,4,78,clicked,6,Jun,Post-Update
2472,1014,2024-06-06,Pricing Page,2,40,dropped,6,Jun,Post-Update
2473,2727,2024-02-12,Pricing Page,2,45,dropped,2,Feb,Pre-Update
2474,1893,2024-03-23,Pricing Page,2,53,dropped,3,Mar,Post-Update
2475,2168,2024-02-15,Home,1,143,dropped,2,Feb,Pre-Update
2476,1410,2024-01-12,Confirmation,5,71,converted,1,Jan,Pre-Update
2477,2534,2024-02-23,Confirmation,5,187,converted,2,Feb,Pre-Update
2478,1722,2024-02-06,Pricing Page,2,55,clicked,2,Feb,Pre-Update
2479,1446,2024-02-01,Pricing Page,2,48,viewed,2,Feb,Pre-Update
2480,1271,2024-04-05,Pricing Page,2,44,dropped,4,Apr,Post-Update
2481,1938,2024-01-05,Home,1,188,viewed,1,Jan,Pre-Update
2482,2064,2024-05-29,Home,1,169,viewed,5,May,Post-Update
2483,2200,2024-02-04,Payment,4,51,viewed,2,Feb,Pre-Update
2484,530,2024-04-20,Plan Selection,3,155,dropped,4,Apr,Post-Update
2485,1023,2024-03-11,Confirmation,5,106,converted,3,Mar,Pre-Update
2486,1883,2024-05-03,Plan Selection,3,140,viewed,5,May,Post-Update
2487,694,2024-02-14,Plan Selection,3,187,viewed,2,Feb,Pre-Update
2488,1939,2024-04-27,Pricing Page,2,55,viewed,4,Apr,Post-Update
2489,106,2024-02-28,Plan Selection,3,134,clicked,2,Feb,Pre-Update
2490,2628,2024-05-13,Home,1,20,dropped,5,May,Post-Update
2491,1002,2024-03-09,Confirmation,5,72,converted,3,Mar,Pre-Update
2492,2690,2024-04-08,Home,1,109,clicked,4,Apr,Post-Update
2493,1764,2024-05-04,Plan Selection,3,78,viewed,5,May,Post-Update
2494,1032,2024-05-05,Pricing Page,2,40,dropped,5,May,Post-Update
2495,1591,2024-01-30,Pricing Page,2,50,clicked,1,Jan,Pre-Update
2496,875,2024-03-26,Pricing Page,2,38,dropped,3,Mar,Post-Update
2497,2776,2024-06-03,Pricing Page,2,65,dropped,6,Jun,Post-Update
2498,2050,2024-01-29,Payment,4,64,dropped,1,Jan,Pre-Update
2499,2302,2024-03-28,Home,1,27,dropped,3,Mar,Post-Update
2500,1032,2024-03-05,Payment,4,136,viewed,3,Mar,Pre-Update
2501,2574,2024-03-19,Plan Selection,3,140,clicked,3,Mar,Post-Update
2502,1572,2024-01-24,Home,1,204,viewed,1,Jan,Pre-Update
2503,939,2024-04-23,Home,1,26,viewed,4,Apr,Post-Update
2504,2692,2024-01-01,Pricing Page,2,48,dropped,1,Jan,Pre-Update
2505,1635,2024-03-31,Payment,4,178,viewed,3,Mar,Post-Update
2506,1435,2024-04-16,Plan Selection,3,171,clicked,4,Apr,Post-Update
2507,130,2024-05-12,Plan Selection,3,113,viewed,5,May,Post-Update
2508,711,2024-02-25,Payment,4,59,viewed,2,Feb,Pre-Update
2509,2699,2024-02-26,Payment,4,94,clicked,2,Feb,Pre-Update
2510,467,2024-02-29,Home,1,187,viewed,2,Feb,Pre-Update
2511,2784,2024-06-08,Plan Selection,3,110,viewed,6,Jun,Post-Update
2512,1726,2024-01-06,Pricing Page,2,30,clicked,1,Jan,Pre-Update
2513,2236,2024-03-27,Home,1,79,clicked,3,Mar,Post-Update
2514,916,2024-05-09,Plan Selection,3,47,viewed,5,May,Post-Update
2515,381,2024-05-28,Plan Selection,3,31,clicked,5,May,Post-Update
2516,2062,2024-02-11,Home,1,156,clicked,2,Feb,Pre-Update
2517,2551,2024-01-05,Plan Selection,3,158,dropped,1,Jan,Pre-Update
2518,2835,2024-04-21,Pricing Page,2,50,dropped,4,Apr,Post-Update
2519,398,2024-06-03,Payment,4,171,clicked,6,Jun,Post-Update
2520,2014,2024-01-18,Pricing Page,2,32,dropped,1,Jan,Pre-Update
2521,2410,2024-06-25,Pricing Page,2,49,dropped,6,Jun,Post-Update
2522,2036,2024-05-03,Pricing Page,2,61,clicked,5,May,Post-Update
2523,2316,2024-03-10,Plan Selection,3,191,viewed,3,Mar,Pre-Update
2524,2183,2024-04-13,Plan Selection,3,142,clicked,4,Apr,Post-Update
2525,1299,2024-02-26,Pricing Page,2,41,dropped,2,Feb,Pre-Update
2526,1476,2024-01-14,Confirmation,5,53,converted,1,Jan,Pre-Update
2527,1301,2024-04-02,Pricing Page,2,59,clicked,4,Apr,Post-Update
2528,2722,2024-01-21,Payment,4,187,viewed,1,Jan,Pre-Update
2529,2480,2024-03-20,Payment,4,68,clicked,3,Mar,Post-Update
2530,1830,2024-01-29,Confirmation,5,64,converted,1,Jan,Pre-Update
2531,1545,2024-05-17,Pricing Page,2,67,dropped,5,May,Post-Update
2532,359,2024-06-17,Pricing Page,2,57,dropped,6,Jun,Post-Update
2533,171,2024-01-14,Home,1,160,dropped,1,Jan,Pre-Update
2534,1950,2024-05-07,Plan Selection,3,159,dropped,5,May,Post-Update
2535,2566,2024-02-09,Plan Selection,3,201,dropped,2,Feb,Pre-Update
2536,744,2024-04-12,Home,1,155,clicked,4,Apr,Post-Update
2537,2120,2024-03-13,Confirmation,5,56,converted,3,Mar,Pre-Update
2538,1521,2024-05-30,Plan Selection,3,153,viewed,5,May,Post-Update
2539,292,2024-04-07,Pricing Page,2,50,viewed,4,Apr,Post-Update
2540,115,2024-04-22,Confirmation,5,22,converted,4,Apr,Post-Update
2541,1081,2024-04-20,Confirmation,5,24,converted,4,Apr,Post-Update
2542,1231,2024-05-31,Confirmation,5,63,converted,5,May,Post-Update
2543,1438,2024-04-16,Pricing Page,2,60,dropped,4,Apr,Post-Update
2544,2071,2024-06-14,Pricing Page,2,59,dropped,6,Jun,Post-Update
2545,1158,2024-04-20,Confirmation,5,137,converted,4,Apr,Post-Update
2546,1510,2024-04-19,Plan Selection,3,165,clicked,4,Apr,Post-Update
2547,1100,2024-05-26,Confirmation,5,66,converted,5,May,Post-Update
2548,1768,2024-01-18,Payment,4,75,clicked,1,Jan,Pre-Update
2549,1022,2024-02-25,Plan Selection,3,146,viewed,2,Feb,Pre-Update
2550,606,2024-03-24,Plan Selection,3,22,dropped,3,Mar,Post-Update
2551,126,2024-03-26,Pricing Page,2,61,dropped,3,Mar,Post-Update
2552,2118,2024-06-09,Pricing Page,2,66,clicked,6,Jun,Post-Update
2553,2540,2024-01-07,Plan Selection,3,22,clicked,1,Jan,Pre-Update
2554,2763,2024-03-01,Confirmation,5,119,converted,3,Mar,Pre-Update
2555,26,2024-03-13,Confirmation,5,140,converted,3,Mar,Pre-Update
2556,1064,2024-05-27,Home,1,127,viewed,5,May,Post-Update
2557,2605,2024-04-11,Home,1,66,viewed,4,Apr,Post-Update
2558,883,2024-06-28,Home,1,80,clicked,6,Jun,Post-Update
2559,2328,2024-02-02,Plan Selection,3,76,viewed,2,Feb,Pre-Update
2560,2147,2024-05-15,Plan Selection,3,151,viewed,5,May,Post-Update
2561,2073,2024-01-31,Payment,4,81,clicked,1,Jan,Pre-Update
2562,703,2024-05-23,Pricing Page,2,64,clicked,5,May,Post-Update
2563,1523,2024-04-29,Payment,4,182,dropped,4,Apr,Post-Update
2564,1309,2024-01-31,Plan Selection,3,47,clicked,1,Jan,Pre-Update
2565,243,2024-03-15,Payment,4,186,viewed,3,Mar,Post-Update
2566,139,2024-03-16,Confirmation,5,97,converted,3,Mar,Post-Update
2567,1112,2024-04-08,Plan Selection,3,96,clicked,4,Apr,Post-Update
2568,1044,2024-05-15,Plan Selection,3,57,dropped,5,May,Post-Update
2569,2459,2024-05-20,Pricing Page,2,60,dropped,5,May,Post-Update
2570,1136,2024-02-25,Pricing Page,2,31,dropped,2,Feb,Pre-Update
2571,709,2024-06-20,Home,1,59,dropped,6,Jun,Post-Update
2572,644,2024-03-30,Payment,4,152,dropped,3,Mar,Post-Update
2573,78,2024-01-07,Home,1,86,viewed,1,Jan,Pre-Update
2574,2864,2024-06-13,Plan Selection,3,154,clicked,6,Jun,Post-Update
2575,1478,2024-06-06,Payment,4,161,dropped,6,Jun,Post-Update
2576,1645,2024-02-15,Plan Selection,3,61,clicked,2,Feb,Pre-Update
2577,1893,2024-05-09,Plan Selection,3,57,dropped,5,May,Post-Update
2578,354,2024-01-17,Home,1,46,viewed,1,Jan,Pre-Update
2579,2112,2024-04-12,Plan Selection,3,184,dropped,4,Apr,Post-Update
2580,1577,2024-06-18,Home,1,162,clicked,6,Jun,Post-Update
2581,77,2024-05-14,Plan Selection,3,194,viewed,5,May,Post-Update
2582,2619,2024-02-02,Pricing Page,2,55,dropped,2,Feb,Pre-Update
2583,1171,2024-05-24,Payment,4,161,clicked,5,May,Post-Update
2584,622,2024-01-27,Home,1,33,dropped,1,Jan,Pre-Update
2585,2646,2024-05-01,Plan Selection,3,121,viewed,5,May,Post-Update
2586,1545,2024-04-30,Payment,4,189,dropped,4,Apr,Post-Update
2587,144,2024-05-24,Payment,4,175,viewed,5,May,Post-Update
2588,1738,2024-01-11,Plan Selection,3,117,dropped,1,Jan,Pre-Update
2589,2127,2024-03-04,Plan Selection,3,32,viewed,3,Mar,Pre-Update
2590,2976,2024-06-22,Payment,4,55,viewed,6,Jun,Post-Update
2591,2196,2024-04-19,Payment,4,82,clicked,4,Apr,Post-Update
2592,1182,2024-01-16,Pricing Page,2,58,viewed,1,Jan,Pre-Update
2593,460,2024-05-20,Pricing Page,2,61,clicked,5,May,Post-Update
2594,580,2024-05-26,Pricing Page,2,66,dropped,5,May,Post-Update
2595,2324,2024-06-11,Home,1,25,viewed,6,Jun,Post-Update
2596,1344,2024-03-18,Payment,4,148,dropped,3,Mar,Post-Update
2597,868,2024-02-11,Pricing Page,2,49,clicked,2,Feb,Pre-Update
2598,1464,2024-06-22,Pricing Page,2,61,viewed,6,Jun,Post-Update
2599,807,2024-04-13,Home,1,115,clicked,4,Apr,Post-Update
2600,2579,2024-05-31,Plan Selection,3,104,clicked,5,May,Post-Update
2601,1431,2024-04-26,Payment,4,21,viewed,4,Apr,Post-Update
2602,873,2024-05-20,Home,1,149,clicked,5,May,Post-Update
2603,729,2024-05-27,Pricing Page,2,46,dropped,5,May,Post-Update
2604,765,2024-06-28,Home,1,208,clicked,6,Jun,Post-Update
2605,2844,2024-04-15,Home,1,128,viewed,4,Apr,Post-Update
2606,50,2024-05-25,Confirmation,5,105,converted,5,May,Post-Update
2607,1350,2024-05-28,Payment,4,59,dropped,5,May,Post-Update
2608,951,2024-04-09,Payment,4,82,clicked,4,Apr,Post-Update
2609,2792,2024-03-21,Pricing Page,2,61,dropped,3,Mar,Post-Update
2610,1819,2024-02-21,Plan Selection,3,46,dropped,2,Feb,Pre-Update
2611,2821,2024-03-14,Pricing Page,2,54,clicked,3,Mar,Pre-Update
2612,2067,2024-02-02,Payment,4,125,clicked,2,Feb,Pre-Update
2613,1126,2024-04-20,Confirmation,5,173,converted,4,Apr,Post-Update
2614,901,2024-01-09,Pricing Page,2,45,clicked,1,Jan,Pre-Update
2615,549,2024-02-23,Confirmation,5,163,converted,2,Feb,Pre-Update
2616,144,2024-06-18,Plan Selection,3,175,clicked,6,Jun,Post-Update
2617,916,2024-06-03,Pricing Page,2,45,dropped,6,Jun,Post-Update
2618,2240,2024-03-24,Home,1,10,viewed,3,Mar,Post-Update
2619,2608,2024-01-04,Pricing Page,2,42,clicked,1,Jan,Pre-Update
2620,2205,2024-06-08,Pricing Page,2,50,dropped,6,Jun,Post-Update
2621,2044,2024-02-19,Pricing Page,2,54,dropped,2,Feb,Pre-Update
2622,813,2024-06-11,Plan Selection,3,156,viewed,6,Jun,Post-Update
2623,2465,2024-02-23,Home,1,48,viewed,2,Feb,Pre-Update
2624,87,2024-03-09,Payment,4,180,viewed,3,Mar,Pre-Update
2625,2385,2024-03-06,Pricing Page,2,32,dropped,3,Mar,Pre-Update
2626,1171,2024-04-11,Plan Selection,3,99,clicked,4,Apr,Post-Update
2627,1489,2024-03-09,Pricing Page,2,54,viewed,3,Mar,Pre-Update
2628,757,2024-03-18,Pricing Page,2,57,dropped,3,Mar,Post-Update
2629,706,2024-01-17,Payment,4,96,viewed,1,Jan,Pre-Update
2630,1386,2024-03-22,Payment,4,202,dropped,3,Mar,Post-Update
2631,842,2024-05-06,Plan Selection,3,37,viewed,5,May,Post-Update
2632,1109,2024-04-14,Payment,4,30,dropped,4,Apr,Post-Update
2633,2207,2024-01-11,Home,1,49,viewed,1,Jan,Pre-Update
2634,884,2024-01-25,Payment,4,123,clicked,1,Jan,Pre-Update
2635,1587,2024-02-25,Confirmation,5,182,converted,2,Feb,Pre-Update
2636,1344,2024-04-26,Confirmation,5,108,converted,4,Apr,Post-Update
2637,2389,2024-04-02,Home,1,60,viewed,4,Apr,Post-Update
2638,602,2024-04-23,Plan Selection,3,179,clicked,4,Apr,Post-Update
2639,1206,2024-02-14,Home,1,84,viewed,2,Feb,Pre-Update
2640,2724,2024-01-22,Payment,4,13,clicked,1,Jan,Pre-Update
2641,845,2024-01-01,Home,1,183,viewed,1,Jan,Pre-Update
2642,1456,2024-06-24,Pricing Page,2,39,dropped,6,Jun,Post-Update
2643,110,2024-01-17,Pricing Page,2,42,dropped,1,Jan,Pre-Update
2644,2841,2024-04-24,Pricing Page,2,58,dropped,4,Apr,Post-Update
2645,1592,2024-01-15,Payment,4,182,viewed,1,Jan,Pre-Update
2646,1794,2024-03-28,Plan Selection,3,137,clicked,3,Mar,Post-Update
2647,2336,2024-06-07,Home,1,138,dropped,6,Jun,Post-Update
2648,823,2024-02-15,Pricing Page,2,43,viewed,2,Feb,Pre-Update
2649,270,2024-05-25,Payment,4,76,clicked,5,May,Post-Update
2650,391,2024-03-07,Pricing Page,2,35,clicked,3,Mar,Pre-Update
2651,3,2024-03-29,Pricing Page,2,59,dropped,3,Mar,Post-Update
2652,1575,2024-04-16,Pricing Page,2,41,dropped,4,Apr,Post-Update
2653,2512,2024-06-08,Confirmation,5,172,converted,6,Jun,Post-Update
2654,1189,2024-04-07,Plan Selection,3,194,dropped,4,Apr,Post-Update
2655,2105,2024-02-10,Home,1,88,viewed,2,Feb,Pre-Update
2656,1321,2024-03-19,Payment,4,186,viewed,3,Mar,Post-Update
2657,2578,2024-04-17,Pricing Page,2,43,clicked,4,Apr,Post-Update
2658,504,2024-04-19,Plan Selection,3,168,clicked,4,Apr,Post-Update
2659,1885,2024-06-18,Payment,4,43,clicked,6,Jun,Post-Update
2660,2363,2024-04-11,Pricing Page,2,53,dropped,4,Apr,Post-Update
2661,2328,2024-01-16,Home,1,50,viewed,1,Jan,Pre-Update
2662,249,2024-02-06,Payment,4,44,viewed,2,Feb,Pre-Update
2663,1529,2024-05-11,Home,1,81,clicked,5,May,Post-Update
2664,798,2024-06-16,Payment,4,79,clicked,6,Jun,Post-Update
2665,852,2024-04-22,Pricing Page,2,51,dropped,4,Apr,Post-Update
2666,2497,2024-06-05,Payment,4,109,dropped,6,Jun,Post-Update
2667,2037,2024-02-22,Pricing Page,2,37,viewed,2,Feb,Pre-Update
2668,329,2024-04-24,Payment,4,64,viewed,4,Apr,Post-Update
2669,1512,2024-06-16,Home,1,166,clicked,6,Jun,Post-Update
2670,1687,2024-01-12,Plan Selection,3,205,viewed,1,Jan,Pre-Update
2671,2946,2024-06-22,Payment,4,94,clicked,6,Jun,Post-Update
2672,1146,2024-02-27,Pricing Page,2,38,dropped,2,Feb,Pre-Update
2673,2062,2024-01-18,Pricing Page,2,54,viewed,1,Jan,Pre-Update
2674,1881,2024-05-05,Plan Selection,3,168,dropped,5,May,Post-Update
2675,2595,2024-04-14,Pricing Page,2,59,clicked,4,Apr,Post-Update
2676,969,2024-04-07,Payment,4,21,dropped,4,Apr,Post-Update
2677,602,2024-05-21,Pricing Page,2,42,viewed,5,May,Post-Update
2678,136,2024-04-01,Pricing Page,2,53,dropped,4,Apr,Post-Update
2679,2809,2024-05-28,Pricing Page,2,66,viewed,5,May,Post-Update
2680,2712,2024-04-26,Plan Selection,3,139,viewed,4,Apr,Post-Update
2681,1358,2024-02-11,Payment,4,62,viewed,2,Feb,Pre-Update
2682,2811,2024-06-02,Pricing Page,2,55,clicked,6,Jun,Post-Update
2683,2251,2024-04-22,Payment,4,97,viewed,4,Apr,Post-Update
2684,2260,2024-06-15,Pricing Page,2,67,viewed,6,Jun,Post-Update
2685,1567,2024-06-14,Home,1,68,clicked,6,Jun,Post-Update
2686,1052,2024-03-15,Home,1,177,dropped,3,Mar,Post-Update
2687,558,2024-04-02,Confirmation,5,100,converted,4,Apr,Post-Update
2688,807,2024-06-27,Home,1,150,dropped,6,Jun,Post-Update
2689,1445,2024-01-10,Payment,4,195,dropped,1,Jan,Pre-Update
2690,361,2024-01-12,Confirmation,5,124,converted,1,Jan,Pre-Update
2691,4,2024-02-22,Pricing Page,2,42,clicked,2,Feb,Pre-Update
2692,727,2024-01-22,Payment,4,207,clicked,1,Jan,Pre-Update
2693,2169,2024-04-18,Payment,4,80,clicked,4,Apr,Post-Update
2694,817,2024-04-12,Home,1,82,viewed,4,Apr,Post-Update
2695,2327,2024-04-11,Pricing Page,2,59,dropped,4,Apr,Post-Update
2696,2328,2024-02-24,Home,1,14,clicked,2,Feb,Pre-Update
2697,2102,2024-06-01,Home,1,14,viewed,6,Jun,Post-Update
2698,2578,2024-06-18,Home,1,164,clicked,6,Jun,Post-Update
2699,561,2024-03-19,Plan Selection,3,164,dropped,3,Mar,Post-Update
2700,2253,2024-05-09,Pricing Page,2,51,dropped,5,May,Post-Update
2701,571,2024-01-04,Plan Selection,3,125,clicked,1,Jan,Pre-Update
2702,2505,2024-02-11,Plan Selection,3,120,viewed,2,Feb,Pre-Update
2703,1239,2024-04-22,Payment,4,109,viewed,4,Apr,Post-Update
2704,2540,2024-04-24,Plan Selection,3,42,viewed,4,Apr,Post-Update
2705,1139,2024-06-26,Payment,4,188,dropped,6,Jun,Post-Update
2706,296,2024-01-06,Payment,4,43,clicked,1,Jan,Pre-Update
2707,2672,2024-04-22,Pricing Page,2,45,dropped,4,Apr,Post-Update
2708,1393,2024-01-31,Pricing Page,2,50,dropped,1,Jan,Pre-Update
2709,1512,2024-02-03,Pricing Page,2,45,dropped,2,Feb,Pre-Update
2710,1093,2024-04-27,Home,1,185,viewed,4,Apr,Post-Update
2711,2369,2024-02-23,Home,1,141,viewed,2,Feb,Pre-Update
2712,2530,2024-02-28,Home,1,113,clicked,2,Feb,Pre-Update
2713,2697,2024-04-22,Pricing Page,2,45,viewed,4,Apr,Post-Update
2714,2686,2024-05-08,Payment,4,55,clicked,5,May,Post-Update
2715,2758,2024-01-07,Pricing Page,2,59,clicked,1,Jan,Pre-Update
2716,1126,2024-06-08,Pricing Page,2,60,viewed,6,Jun,Post-Update
2717,464,2024-01-27,Pricing Page,2,57,clicked,1,Jan,Pre-Update
2718,2363,2024-06-01,Payment,4,164,clicked,6,Jun,Post-Update
2719,195,2024-03-30,Pricing Page,2,65,clicked,3,Mar,Post-Update
2720,75,2024-06-03,Home,1,88,clicked,6,Jun,Post-Update
2721,2309,2024-05-03,Home,1,97,viewed,5,May,Post-Update
2722,658,2024-03-08,Pricing Page,2,57,dropped,3,Mar,Pre-Update
2723,825,2024-03-02,Payment,4,76,dropped,3,Mar,Pre-Update
2724,778,2024-01-26,Confirmation,5,61,converted,1,Jan,Pre-Update
2725,1444,2024-04-23,Plan Selection,3,133,viewed,4,Apr,Post-Update
2726,255,2024-03-24,Home,1,184,dropped,3,Mar,Post-Update
2727,1313,2024-04-10,Pricing Page,2,56,clicked,4,Apr,Post-Update
2728,2110,2024-03-10,Payment,4,201,clicked,3,Mar,Pre-Update
2729,2200,2024-05-06,Pricing Page,2,50,dropped,5,May,Post-Update
2730,2027,2024-05-27,Home,1,171,viewed,5,May,Post-Update
2731,2893,2024-02-04,Home,1,165,viewed,2,Feb,Pre-Update
2732,2997,2024-06-29,Confirmation,5,208,converted,6,Jun,Post-Update
2733,2928,2024-06-11,Plan Selection,3,27,viewed,6,Jun,Post-Update
2734,1649,2024-03-25,Plan Selection,3,204,viewed,3,Mar,Post-Update
2735,828,2024-06-05,Plan Selection,3,192,dropped,6,Jun,Post-Update
2736,1764,2024-05-13,Confirmation,5,102,converted,5,May,Post-Update
2737,1520,2024-01-26,Home,1,115,dropped,1,Jan,Pre-Update
2738,2249,2024-04-09,Pricing Page,2,61,dropped,4,Apr,Post-Update
2739,746,2024-04-28,Plan Selection,3,148,viewed,4,Apr,Post-Update
2740,866,2024-05-28,Pricing Page,2,59,viewed,5,May,Post-Update
2741,1229,2024-02-23,Pricing Page,2,40,dropped,2,Feb,Pre-Update
2742,329,2024-03-20,Payment,4,22,viewed,3,Mar,Post-Update
2743,611,2024-06-27,Pricing Page,2,56,dropped,6,Jun,Post-Update
2744,2215,2024-03-04,Plan Selection,3,130,clicked,3,Mar,Pre-Update
2745,942,2024-02-23,Plan Selection,3,167,clicked,2,Feb,Pre-Update
2746,945,2024-04-12,Confirmation,5,160,converted,4,Apr,Post-Update
2747,280,2024-02-07,Payment,4,36,clicked,2,Feb,Pre-Update
2748,1876,2024-06-14,Plan Selection,3,164,viewed,6,Jun,Post-Update
2749,1366,2024-01-02,Plan Selection,3,89,viewed,1,Jan,Pre-Update
2750,1322,2024-03-17,Payment,4,154,dropped,3,Mar,Post-Update
2751,2804,2024-01-02,Pricing Page,2,35,dropped,1,Jan,Pre-Update
2752,1224,2024-03-25,Home,1,29,dropped,3,Mar,Post-Update
2753,2046,2024-05-29,Home,1,190,clicked,5,May,Post-Update
2754,2304,2024-06-20,Pricing Page,2,49,dropped,6,Jun,Post-Update
2755,1979,2024-04-21,Home,1,153,dropped,4,Apr,Post-Update
2756,64,2024-03-14,Confirmation,5,130,converted,3,Mar,Pre-Update
2757,362,2024-05-24,Plan Selection,3,150,viewed,5,May,Post-Update
2758,579,2024-06-26,Pricing Page,2,60,clicked,6,Jun,Post-Update
2759,490,2024-05-22,Pricing Page,2,66,dropped,5,May,Post-Update
2760,1949,2024-03-08,Confirmation,5,110,converted,3,Mar,Pre-Update
2761,2222,2024-02-04,Payment,4,35,clicked,2,Feb,Pre-Update
2762,2194,2024-03-10,Payment,4,106,dropped,3,Mar,Pre-Update
2763,2198,2024-06-21,Plan Selection,3,203,dropped,6,Jun,Post-Update
2764,2466,2024-05-01,Confirmation,5,108,converted,5,May,Post-Update
2765,2252,2024-02-20,Home,1,181,viewed,2,Feb,Pre-Update
2766,2377,2024-03-02,Pricing Page,2,48,dropped,3,Mar,Pre-Update
2767,2716,2024-01-09,Plan Selection,3,107,viewed,1,Jan,Pre-Update
2768,2561,2024-05-02,Payment,4,22,viewed,5,May,Post-Update
2769,348,2024-06-29,Plan Selection,3,46,dropped,6,Jun,Post-Update
2770,1556,2024-04-09,Pricing Page,2,48,dropped,4,Apr,Post-Update
2771,2284,2024-02-26,Pricing Page,2,43,clicked,2,Feb,Pre-Update
2772,2037,2024-02-02,Payment,4,175,clicked,2,Feb,Pre-Update
2773,278,2024-06-14,Pricing Page,2,61,viewed,6,Jun,Post-Update
2774,1875,2024-01-26,Payment,4,152,dropped,1,Jan,Pre-Update
2775,806,2024-01-19,Plan Selection,3,43,viewed,1,Jan,Pre-Update
2776,756,2024-01-02,Pricing Page,2,43,dropped,1,Jan,Pre-Update
2777,1113,2024-05-30,Home,1,149,clicked,5,May,Post-Update
2778,2399,2024-06-04,Confirmation,5,198,converted,6,Jun,Post-Update
2779,12,2024-02-03,Confirmation,5,21,converted,2,Feb,Pre-Update
2780,1543,2024-03-13,Pricing Page,2,32,dropped,3,Mar,Pre-Update
2781,2589,2024-02-16,Plan Selection,3,159,viewed,2,Feb,Pre-Update
2782,2676,2024-04-14,Pricing Page,2,47,viewed,4,Apr,Post-Update
2783,2682,2024-04-10,Home,1,177,viewed,4,Apr,Post-Update
2784,2712,2024-06-06,Plan Selection,3,124,viewed,6,Jun,Post-Update
2785,78,2024-02-21,Pricing Page,2,57,clicked,2,Feb,Pre-Update
2786,1835,2024-04-29,Pricing Page,2,49,dropped,4,Apr,Post-Update
2787,1626,2024-01-14,Payment,4,109,clicked,1,Jan,Pre-Update
2788,2299,2024-01-15,Home,1,53,viewed,1,Jan,Pre-Update
2789,1211,2024-04-16,Payment,4,179,dropped,4,Apr,Post-Update
2790,2522,2024-06-24,Pricing Page,2,60,clicked,6,Jun,Post-Update
2791,1421,2024-01-25,Pricing Page,2,57,viewed,1,Jan,Pre-Update
2792,1037,2024-02-16,Pricing Page,2,42,dropped,2,Feb,Pre-Update
2793,2106,2024-02-29,Plan Selection,3,156,dropped,2,Feb,Pre-Update
2794,2931,2024-05-20,Confirmation,5,96,converted,5,May,Post-Update
2795,927,2024-02-14,Pricing Page,2,52,viewed,2,Feb,Pre-Update
2796,2353,2024-04-05,Pricing Page,2,61,dropped,4,Apr,Post-Update
2797,1221,2024-04-10,Plan Selection,3,34,viewed,4,Apr,Post-Update
2798,1001,2024-06-02,Pricing Page,2,56,dropped,6,Jun,Post-Update
2799,872,2024-01-28,Payment,4,199,dropped,1,Jan,Pre-Update
2800,1853,2024-05-27,Pricing Page,2,58,clicked,5,May,Post-Update
2801,1300,2024-01-18,Home,1,131,clicked,1,Jan,Pre-Update
2802,1919,2024-05-11,Plan Selection,3,76,clicked,5,May,Post-Update
2803,2521,2024-03-30,Confirmation,5,68,converted,3,Mar,Post-Update
2804,1801,2024-01-22,Payment,4,138,viewed,1,Jan,Pre-Update
2805,278,2024-01-10,Confirmation,5,168,converted,1,Jan,Pre-Update
2806,2941,2024-04-06,Plan Selection,3,204,viewed,4,Apr,Post-Update
2807,2116,2024-03-04,Plan Selection,3,42,viewed,3,Mar,Pre-Update
2808,2776,2024-06-25,Home,1,136,viewed,6,Jun,Post-Update
2809,786,2024-05-26,Pricing Page,2,63,dropped,5,May,Post-Update
2810,461,2024-01-22,Home,1,72,dropped,1,Jan,Pre-Update
2811,2717,2024-01-04,Pricing Page,2,54,viewed,1,Jan,Pre-Update
2812,322,2024-05-29,Payment,4,120,clicked,5,May,Post-Update
2813,301,2024-03-21,Confirmation,5,58,converted,3,Mar,Post-Update
2814,1385,2024-04-16,Plan Selection,3,202,dropped,4,Apr,Post-Update
2815,183,2024-05-12,Pricing Page,2,43,dropped,5,May,Post-Update
2816,1860,2024-05-29,Pricing Page,2,62,dropped,5,May,Post-Update
2817,882,2024-03-14,Home,1,112,dropped,3,Mar,Pre-Update
2818,124,2024-06-05,Home,1,83,clicked,6,Jun,Post-Update
2819,576,2024-02-03,Pricing Page,2,35,viewed,2,Feb,Pre-Update
2820,2619,2024-05-07,Confirmation,5,98,converted,5,May,Post-Update
2821,1434,2024-01-11,Payment,4,42,dropped,1,Jan,Pre-Update
2822,1765,2024-02-22,Plan Selection,3,124,viewed,2,Feb,Pre-Update
2823,905,2024-01-17,Plan Selection,3,110,viewed,1,Jan,Pre-Update
2824,2158,2024-01-11,Home,1,117,dropped,1,Jan,Pre-Update
2825,1912,2024-03-20,Pricing Page,2,41,clicked,3,Mar,Post-Update
2826,820,2024-02-04,Home,1,26,dropped,2,Feb,Pre-Update
2827,2535,2024-01-31,Pricing Page,2,31,dropped,1,Jan,Pre-Update
2828,1886,2024-01-11,Pricing Page,2,54,viewed,1,Jan,Pre-Update
2829,2107,2024-01-09,Home,1,119,clicked,1,Jan,Pre-Update
2830,2997,2024-01-02,Home,1,40,viewed,1,Jan,Pre-Update
2831,2438,2024-01-19,Home,1,27,dropped,1,Jan,Pre-Update
2832,2285,2024-02-04,Plan Selection,3,163,viewed,2,Feb,Pre-Update
2833,2610,2024-06-01,Plan Selection,3,119,viewed,6,Jun,Post-Update
2834,2510,2024-03-29,Confirmation,5,60,converted,3,Mar,Post-Update
2835,1298,2024-03-13,Plan Selection,3,77,clicked,3,Mar,Pre-Update
2836,2349,2024-02-13,Payment,4,114,dropped,2,Feb,Pre-Update
2837,2261,2024-04-14,Plan Selection,3,88,dropped,4,Apr,Post-Update
2838,688,2024-06-12,Payment,4,104,viewed,6,Jun,Post-Update
2839,2367,2024-03-17,Payment,4,112,clicked,3,Mar,Post-Update
2840,2658,2024-04-14,Pricing Page,2,50,dropped,4,Apr,Post-Update
2841,2913,2024-03-30,Plan Selection,3,83,dropped,3,Mar,Post-Update
2842,1518,2024-01-30,Pricing Page,2,31,dropped,1,Jan,Pre-Update
2843,496,2024-01-12,Payment,4,202,clicked,1,Jan,Pre-Update
2844,2145,2024-04-20,Confirmation,5,155,converted,4,Apr,Post-Update
2845,2722,2024-03-04,Home,1,24,clicked,3,Mar,Pre-Update
2846,593,2024-01-26,Home,1,42,clicked,1,Jan,Pre-Update
2847,2406,2024-04-25,Payment,4,206,clicked,4,Apr,Post-Update
2848,2855,2024-01-03,Pricing Page,2,32,viewed,1,Jan,Pre-Update
2849,1666,2024-03-28,Payment,4,62,dropped,3,Mar,Post-Update
2850,1978,2024-01-05,Home,1,153,dropped,1,Jan,Pre-Update
2851,1136,2024-04-14,Payment,4,204,viewed,4,Apr,Post-Update
2852,812,2024-03-21,Pricing Page,2,58,dropped,3,Mar,Post-Update
2853,617,2024-02-15,Plan Selection,3,110,clicked,2,Feb,Pre-Update
2854,750,2024-04-17,Pricing Page,2,48,dropped,4,Apr,Post-Update
2855,1747,2024-04-01,Payment,4,76,clicked,4,Apr,Post-Update
2856,2430,2024-06-23,Pricing Page,2,38,viewed,6,Jun,Post-Update
2857,2582,2024-03-01,Home,1,108,dropped,3,Mar,Pre-Update
2858,958,2024-01-22,Plan Selection,3,173,dropped,1,Jan,Pre-Update
2859,1375,2024-05-14,Pricing Page,2,53,dropped,5,May,Post-Update
2860,893,2024-05-17,Confirmation,5,66,converted,5,May,Post-Update
2861,1990,2024-03-26,Pricing Page,2,52,dropped,3,Mar,Post-Update
2862,268,2024-04-01,Pricing Page,2,62,dropped,4,Apr,Post-Update
2863,1954,2024-04-23,Home,1,204,clicked,4,Apr,Post-Update
2864,2685,2024-03-10,Pricing Page,2,30,dropped,3,Mar,Pre-Update
2865,2464,2024-06-27,Pricing Page,2,49,dropped,6,Jun,Post-Update
2866,1890,2024-03-24,Pricing Page,2,57,dropped,3,Mar,Post-Update
2867,1270,2024-06-06,Home,1,178,viewed,6,Jun,Post-Update
2868,409,2024-06-09,Home,1,94,dropped,6,Jun,Post-Update
2869,208,2024-01-26,Plan Selection,3,33,dropped,1,Jan,Pre-Update
2870,2743,2024-03-15,Pricing Page,2,49,viewed,3,Mar,Post-Update
2871,1380,2024-04-08,Pricing Page,2,39,dropped,4,Apr,Post-Update
2872,564,2024-01-23,Home,1,194,clicked,1,Jan,Pre-Update
2873,1228,2024-05-13,Pricing Page,2,42,dropped,5,May,Post-Update
2874,2853,2024-06-18,Payment,4,79,dropped,6,Jun,Post-Update
2875,400,2024-06-23,Pricing Page,2,44,clicked,6,Jun,Post-Update
2876,1472,2024-06-23,Pricing Page,2,63,dropped,6,Jun,Post-Update
2877,626,2024-04-20,Pricing Page,2,48,dropped,4,Apr,Post-Update
2878,1165,2024-03-23,Home,1,41,clicked,3,Mar,Post-Update
2879,2800,2024-02-09,Pricing Page,2,55,dropped,2,Feb,Pre-Update
2880,138,2024-02-21,Pricing Page,2,46,viewed,2,Feb,Pre-Update
2881,2208,2024-01-12,Home,1,82,clicked,1,Jan,Pre-Update
2882,1006,2024-02-09,Home,1,174,viewed,2,Feb,Pre-Update
2883,2041,2024-06-13,Plan Selection,3,165,clicked,6,Jun,Post-Update
2884,1776,2024-05-25,Pricing Page,2,63,dropped,5,May,Post-Update
2885,2553,2024-05-28,Plan Selection,3,56,clicked,5,May,Post-Update
2886,167,2024-04-23,Confirmation,5,199,converted,4,Apr,Post-Update
2887,2513,2024-03-03,Pricing Page,2,32,clicked,3,Mar,Pre-Update
2888,1389,2024-01-16,Home,1,198,clicked,1,Jan,Pre-Update
2889,371,2024-06-02,Payment,4,171,clicked,6,Jun,Post-Update
2890,2158,2024-02-26,Pricing Page,2,31,dropped,2,Feb,Pre-Update
2891,2914,2024-05-24,Home,1,17,viewed,5,May,Post-Update
2892,1597,2024-06-06,Payment,4,50,viewed,6,Jun,Post-Update
2893,136,2024-01-06,Home,1,204,viewed,1,Jan,Pre-Update
2894,614,2024-04-09,Home,1,15,viewed,4,Apr,Post-Update
2895,1782,2024-05-17,Home,1,178,dropped,5,May,Post-Update
2896,452,2024-03-03,Pricing Page,2,40,viewed,3,Mar,Pre-Update
2897,1403,2024-04-24,Payment,4,194,clicked,4,Apr,Post-Update
2898,2429,2024-01-19,Home,1,32,clicked,1,Jan,Pre-Update
2899,605,2024-01-16,Payment,4,180,viewed,1,Jan,Pre-Update
2900,1285,2024-05-15,Pricing Page,2,40,viewed,5,May,Post-Update
2901,2273,2024-05-23,Plan Selection,3,14,dropped,5,May,Post-Update
2902,820,2024-01-30,Home,1,119,viewed,1,Jan,Pre-Update
2903,2724,2024-03-15,Pricing Page,2,49,dropped,3,Mar,Post-Update
2904,2530,2024-02-05,Pricing Page,2,50,dropped,2,Feb,Pre-Update
2905,684,2024-06-24,Home,1,198,dropped,6,Jun,Post-Update
2906,553,2024-02-26,Home,1,29,clicked,2,Feb,Pre-Update
2907,172,2024-06-07,Pricing Page,2,49,dropped,6,Jun,Post-Update
2908,1957,2024-01-29,Payment,4,138,viewed,1,Jan,Pre-Update
2909,2512,2024-06-16,Home,1,163,clicked,6,Jun,Post-Update
2910,787,2024-05-19,Home,1,23,dropped,5,May,Post-Update
2911,932,2024-02-14,Pricing Page,2,52,viewed,2,Feb,Pre-Update
2912,824,2024-04-24,Pricing Page,2,63,dropped,4,Apr,Post-Update
2913,833,2024-06-13,Plan Selection,3,167,viewed,6,Jun,Post-Update
2914,2394,2024-03-30,Home,1,187,dropped,3,Mar,Post-Update
2915,1237,2024-03-16,Payment,4,205,clicked,3,Mar,Post-Update
2916,2585,2024-02-11,Plan Selection,3,25,viewed,2,Feb,Pre-Update
2917,1162,2024-05-18,Plan Selection,3,25,clicked,5,May,Post-Update
2918,1779,2024-06-05,Plan Selection,3,41,dropped,6,Jun,Post-Update
2919,539,2024-04-01,Home,1,106,clicked,4,Apr,Post-Update
2920,1764,2024-05-09,Payment,4,206,clicked,5,May,Post-Update
2921,676,2024-05-28,Pricing Page,2,57,dropped,5,May,Post-Update
2922,300,2024-03-23,Confirmation,5,124,converted,3,Mar,Post-Update
2923,2710,2024-05-23,Pricing Page,2,64,clicked,5,May,Post-Update
2924,2605,2024-02-07,Pricing Page,2,47,clicked,2,Feb,Pre-Update
2925,583,2024-02-07,Pricing Page,2,47,clicked,2,Feb,Pre-Update
2926,1554,2024-04-18,Pricing Page,2,52,dropped,4,Apr,Post-Update
2927,1831,2024-01-06,Pricing Page,2,44,clicked,1,Jan,Pre-Update
2928,234,2024-06-04,Home,1,150,clicked,6,Jun,Post-Update
2929,1969,2024-02-09,Home,1,11,viewed,2,Feb,Pre-Update
2930,397,2024-05-19,Pricing Page,2,67,dropped,5,May,Post-Update
2931,1670,2024-02-23,Payment,4,43,clicked,2,Feb,Pre-Update
2932,1601,2024-03-21,Plan Selection,3,163,viewed,3,Mar,Post-Update
2933,1869,2024-01-29,Confirmation,5,24,converted,1,Jan,Pre-Update
2934,1904,2024-06-22,Confirmation,5,125,converted,6,Jun,Post-Update
2935,628,2024-02-27,Confirmation,5,179,converted,2,Feb,Pre-Update
2936,1079,2024-02-15,Home,1,45,clicked,2,Feb,Pre-Update
2937,281,2024-03-30,Home,1,93,clicked,3,Mar,Post-Update
2938,1448,2024-05-20,Pricing Page,2,61,clicked,5,May,Post-Update
2939,2648,2024-03-27,Payment,4,60,dropped,3,Mar,Post-Update
2940,1594,2024-03-27,Payment,4,129,clicked,3,Mar,Post-Update
2941,48,2024-03-12,Confirmation,5,103,converted,3,Mar,Pre-Update
2942,1637,2024-02-28,Confirmation,5,198,converted,2,Feb,Pre-Update
2943,2297,2024-06-29,Plan Selection,3,110,clicked,6,Jun,Post-Update
2944,1786,2024-05-08,Payment,4,151,dropped,5,May,Post-Update
2945,69,2024-03-18,Home,1,31,clicked,3,Mar,Post-Update
2946,476,2024-06-13,Home,1,120,viewed,6,Jun,Post-Update
2947,1165,2024-01-20,Pricing Page,2,47,clicked,1,Jan,Pre-Update
2948,2676,2024-02-23,Payment,4,27,dropped,2,Feb,Pre-Update
2949,47,2024-06-13,Plan Selection,3,172,clicked,6,Jun,Post-Update
2950,673,2024-04-04,Confirmation,5,46,converted,4,Apr,Post-Update
2951,161,2024-05-11,Pricing Page,2,41,dropped,5,May,Post-Update
2952,2442,2024-03-06,Pricing Page,2,51,clicked,3,Mar,Pre-Update
2953,770,2024-06-02,Pricing Page,2,63,clicked,6,Jun,Post-Update
2954,1375,2024-06-10,Home,1,152,clicked,6,Jun,Post-Update
2955,1616,2024-05-04,Payment,4,12,viewed,5,May,Post-Update
2956,115,2024-03-03,Plan Selection,3,23,clicked,3,Mar,Pre-Update
2957,603,2024-04-11,Home,1,63,viewed,4,Apr,Post-Update
2958,39,2024-05-21,Payment,4,202,dropped,5,May,Post-Update
2959,885,2024-05-18,Confirmation,5,81,converted,5,May,Post-Update
2960,2999,2024-06-16,Plan Selection,3,82,viewed,6,Jun,Post-Update
2961,1680,2024-01-03,Pricing Page,2,55,dropped,1,Jan,Pre-Update
2962,357,2024-02-03,Plan Selection,3,70,viewed,2,Feb,Pre-Update
2963,110,2024-05-28,Confirmation,5,106,converted,5,May,Post-Update
2964,1344,2024-05-23,Plan Selection,3,148,viewed,5,May,Post-Update
2965,2998,2024-01-28,Payment,4,87,viewed,1,Jan,Pre-Update
2966,2889,2024-06-19,Payment,4,58,viewed,6,Jun,Post-Update
2967,483,2024-03-26,Payment,4,196,dropped,3,Mar,Post-Update
2968,1375,2024-01-26,Pricing Page,2,36,dropped,1,Jan,Pre-Update
2969,2189,2024-03-19,Confirmation,5,121,converted,3,Mar,Post-Update
2970,2659,2024-05-15,Home,1,55,viewed,5,May,Post-Update
2971,1825,2024-03-24,Pricing Page,2,39,clicked,3,Mar,Post-Update
2972,1500,2024-03-01,Home,1,192,dropped,3,Mar,Pre-Update
2973,979,2024-04-17,Confirmation,5,32,converted,4,Apr,Post-Update
2974,1917,2024-06-03,Pricing Page,2,42,clicked,6,Jun,Post-Update
2975,302,2024-03-09,Plan Selection,3,180,clicked,3,Mar,Pre-Update
2976,2459,2024-04-30,Confirmation,5,89,converted,4,Apr,Post-Update
2977,1053,2024-04-11,Payment,4,14,viewed,4,Apr,Post-Update
2978,1227,2024-03-05,Plan Selection,3,159,dropped,3,Mar,Pre-Update
2979,2873,2024-05-01,Pricing Page,2,49,dropped,5,May,Post-Update
2980,2928,2024-04-24,Pricing Page,2,44,dropped,4,Apr,Post-Update
2981,2024,2024-06-22,Payment,4,193,clicked,6,Jun,Post-Update
2982,2508,2024-02-10,Plan Selection,3,96,clicked,2,Feb,Pre-Update
2983,480,2024-06-16,Home,1,10,clicked,6,Jun,Post-Update
2984,2062,2024-05-28,Home,1,158,clicked,5,May,Post-Update
2985,2220,2024-06-14,Pricing Page,2,40,dropped,6,Jun,Post-Update
2986,303,2024-05-09,Pricing Page,2,45,dropped,5,May,Post-Update
2987,516,2024-05-10,Home,1,58,viewed,5,May,Post-Update
2988,420,2024-05-20,Pricing Page,2,38,clicked,5,May,Post-Update
2989,1578,2024-03-24,Payment,4,70,clicked,3,Mar,Post-Update
2990,1812,2024-01-20,Payment,4,84,viewed,1,Jan,Pre-Update
2991,126,2024-02-27,Pricing Page,2,40,clicked,2,Feb,Pre-Update
2992,2848,2024-04-06,Payment,4,100,viewed,4,Apr,Post-Update
2993,2504,2024-04-28,Payment,4,188,dropped,4,Apr,Post-Update
2994,122,2024-05-20,Payment,4,94,viewed,5,May,Post-Update
2995,74,2024-04-09,Plan Selection,3,159,viewed,4,Apr,Post-Update
2996,857,2024-02-25,Plan Selection,3,104,clicked,2,Feb,Pre-Update
2997,747,2024-02-13,Pricing Page,2,46,clicked,2,Feb,Pre-Update
2998,1275,2024-06-05,Home,1,146,clicked,6,Jun,Post-Update
2999,655,2024-02-29,Confirmation,5,194,converted,2,Feb,Pre-Update
3000,1980,2024-04-07,Plan Selection,3,200,viewed,4,Apr,Post-Update
3001,850,2024-04-05,Payment,4,85,clicked,4,Apr,Post-Update
3002,1251,2024-04-10,Plan Selection,3,200,dropped,4,Apr,Post-Update
3003,418,2024-01-18,Home,1,208,viewed,1,Jan,Pre-Update
3004,2961,2024-04-10,Payment,4,102,viewed,4,Apr,Post-Update
3005,2282,2024-02-26,Pricing Page,2,45,clicked,2,Feb,Pre-Update
3006,2339,2024-06-15,Pricing Page,2,54,viewed,6,Jun,Post-Update
3007,511,2024-06-22,Pricing Page,2,54,clicked,6,Jun,Post-Update
3008,1566,2024-01-25,Home,1,36,clicked,1,Jan,Pre-Update
3009,894,2024-03-26,Pricing Page,2,66,dropped,3,Mar,Post-Update
3010,1999,2024-03-19,Home,1,118,dropped,3,Mar,Post-Update
3011,1290,2024-04-02,Pricing Page,2,62,dropped,4,Apr,Post-Update
3012,2628,2024-04-16,Pricing Page,2,60,viewed,4,Apr,Post-Update
3013,853,2024-05-01,Plan Selection,3,110,viewed,5,May,Post-Update
3014,1455,2024-03-18,Plan Selection,3,50,viewed,3,Mar,Post-Update
3015,2835,2024-06-29,Home,1,156,dropped,6,Jun,Post-Update
3016,2950,2024-02-07,Home,1,162,clicked,2,Feb,Pre-Update
3017,1833,2024-02-27,Payment,4,179,viewed,2,Feb,Pre-Update
3018,580,2024-01-24,Home,1,197,clicked,1,Jan,Pre-Update
3019,2019,2024-06-06,Pricing Page,2,39,dropped,6,Jun,Post-Update
3020,1280,2024-01-29,Plan Selection,3,23,viewed,1,Jan,Pre-Update
3021,2501,2024-05-15,Pricing Page,2,66,dropped,5,May,Post-Update
3022,1854,2024-05-21,Home,1,187,clicked,5,May,Post-Update
3023,2424,2024-01-30,Pricing Page,2,42,viewed,1,Jan,Pre-Update
3024,1619,2024-05-28,Pricing Page,2,64,dropped,5,May,Post-Update
3025,1934,2024-01-05,Home,1,184,viewed,1,Jan,Pre-Update
3026,1065,2024-03-11,Confirmation,5,65,converted,3,Mar,Pre-Update
3027,2138,2024-05-12,Plan Selection,3,100,viewed,5,May,Post-Update
3028,27,2024-01-05,Home,1,82,clicked,1,Jan,Pre-Update
3029,2182,2024-06-19,Plan Selection,3,176,clicked,6,Jun,Post-Update
3030,894,2024-05-27,Home,1,105,viewed,5,May,Post-Update
3031,2165,2024-01-21,Pricing Page,2,51,dropped,1,Jan,Pre-Update
3032,1808,2024-06-22,Confirmation,5,20,converted,6,Jun,Post-Update
3033,940,2024-03-14,Home,1,45,viewed,3,Mar,Pre-Update
3034,2210,2024-05-10,Pricing Page,2,62,viewed,5,May,Post-Update
3035,48,2024-03-13,Confirmation,5,127,converted,3,Mar,Pre-Update
3036,204,2024-04-13,Plan Selection,3,128,viewed,4,Apr,Post-Update
3037,285,2024-04-09,Pricing Page,2,59,dropped,4,Apr,Post-Update
3038,1551,2024-02-05,Pricing Page,2,47,clicked,2,Feb,Pre-Update
3039,1270,2024-02-06,Payment,4,23,dropped,2,Feb,Pre-Update
3040,1419,2024-06-22,Pricing Page,2,38,viewed,6,Jun,Post-Update
3041,2274,2024-06-11,Pricing Page,2,48,dropped,6,Jun,Post-Update
3042,2100,2024-01-07,Home,1,79,clicked,1,Jan,Pre-Update
3043,804,2024-06-21,Confirmation,5,193,converted,6,Jun,Post-Update
3044,2150,2024-05-31,Home,1,135,dropped,5,May,Post-Update
3045,1127,2024-05-11,Plan Selection,3,75,dropped,5,May,Post-Update
3046,2185,2024-02-08,Payment,4,152,viewed,2,Feb,Pre-Update
3047,1844,2024-02-10,Pricing Page,2,51,clicked,2,Feb,Pre-Update
3048,1044,2024-04-30,Pricing Page,2,49,dropped,4,Apr,Post-Update
3049,1838,2024-04-14,Home,1,103,dropped,4,Apr,Post-Update
3050,2119,2024-06-05,Pricing Page,2,51,clicked,6,Jun,Post-Update
3051,2322,2024-06-28,Plan Selection,3,62,clicked,6,Jun,Post-Update
3052,2989,2024-06-14,Plan Selection,3,45,dropped,6,Jun,Post-Update
3053,421,2024-02-23,Home,1,98,dropped,2,Feb,Pre-Update
3054,2178,2024-04-18,Payment,4,62,viewed,4,Apr,Post-Update
3055,1853,2024-03-21,Pricing Page,2,53,dropped,3,Mar,Post-Update
3056,1694,2024-04-14,Home,1,59,viewed,4,Apr,Post-Update
3057,1406,2024-03-16,Plan Selection,3,45,viewed,3,Mar,Post-Update
3058,1909,2024-05-02,Pricing Page,2,48,dropped,5,May,Post-Update
3059,1602,2024-05-10,Home,1,182,clicked,5,May,Post-Update
3060,2559,2024-03-14,Pricing Page,2,33,dropped,3,Mar,Pre-Update
3061,1098,2024-03-17,Home,1,159,viewed,3,Mar,Post-Update
3062,1353,2024-01-07,Payment,4,14,viewed,1,Jan,Pre-Update
3063,298,2024-04-17,Plan Selection,3,136,dropped,4,Apr,Post-Update
3064,1903,2024-06-03,Pricing Page,2,45,dropped,6,Jun,Post-Update
3065,342,2024-01-09,Confirmation,5,74,converted,1,Jan,Pre-Update
3066,2791,2024-05-04,Plan Selection,3,38,viewed,5,May,Post-Update
3067,1729,2024-03-26,Plan Selection,3,171,dropped,3,Mar,Post-Update
3068,77,2024-06-05,Pricing Page,2,55,dropped,6,Jun,Post-Update
3069,1646,2024-06-19,Home,1,106,dropped,6,Jun,Post-Update
3070,1978,2024-04-24,Home,1,26,viewed,4,Apr,Post-Update
3071,2601,2024-06-05,Payment,4,14,viewed,6,Jun,Post-Update
3072,1914,2024-03-07,Confirmation,5,106,converted,3,Mar,Pre-Update
3073,2006,2024-06-10,Pricing Page,2,55,clicked,6,Jun,Post-Update
3074,952,2024-05-10,Plan Selection,3,28,clicked,5,May,Post-Update
3075,888,2024-06-17,Payment,4,28,dropped,6,Jun,Post-Update
3076,1001,2024-02-24,Plan Selection,3,145,viewed,2,Feb,Pre-Update
3077,343,2024-01-16,Home,1,44,viewed,1,Jan,Pre-Update
3078,1541,2024-05-15,Pricing Page,2,61,dropped,5,May,Post-Update
3079,2653,2024-05-07,Payment,4,60,viewed,5,May,Post-Update
3080,1468,2024-03-30,Home,1,118,viewed,3,Mar,Post-Update
3081,2575,2024-02-05,Pricing Page,2,44,dropped,2,Feb,Pre-Update
3082,2026,2024-05-02,Pricing Page,2,59,dropped,5,May,Post-Update
3083,942,2024-01-21,Plan Selection,3,165,dropped,1,Jan,Pre-Update
3084,2215,2024-04-27,Home,1,56,dropped,4,Apr,Post-Update
3085,1690,2024-04-29,Plan Selection,3,24,clicked,4,Apr,Post-Update
3086,1328,2024-04-21,Payment,4,194,clicked,4,Apr,Post-Update
3087,2805,2024-04-28,Pricing Page,2,50,clicked,4,Apr,Post-Update
3088,417,2024-04-27,Payment,4,48,clicked,4,Apr,Post-Update
3089,2375,2024-04-07,Pricing Page,2,67,viewed,4,Apr,Post-Update
3090,2796,2024-05-10,Payment,4,184,viewed,5,May,Post-Update
3091,213,2024-04-08,Plan Selection,3,186,viewed,4,Apr,Post-Update
3092,2699,2024-05-18,Home,1,88,clicked,5,May,Post-Update
3093,1566,2024-06-28,Pricing Page,2,67,clicked,6,Jun,Post-Update
3094,168,2024-06-02,Home,1,170,viewed,6,Jun,Post-Update
3095,1952,2024-05-27,Home,1,41,clicked,5,May,Post-Update
3096,2017,2024-01-14,Pricing Page,2,45,clicked,1,Jan,Pre-Update
3097,1166,2024-01-29,Plan Selection,3,136,clicked,1,Jan,Pre-Update
3098,1877,2024-02-08,Home,1,62,viewed,2,Feb,Pre-Update
3099,213,2024-01-08,Confirmation,5,176,converted,1,Jan,Pre-Update
3100,550,2024-03-17,Plan Selection,3,124,dropped,3,Mar,Post-Update
3101,78,2024-05-04,Pricing Page,2,60,dropped,5,May,Post-Update
3102,2367,2024-01-27,Pricing Page,2,41,viewed,1,Jan,Pre-Update
3103,358,2024-01-04,Payment,4,139,dropped,1,Jan,Pre-Update
3104,460,2024-05-07,Home,1,53,viewed,5,May,Post-Update
3105,2459,2024-03-15,Plan Selection,3,161,viewed,3,Mar,Post-Update
3106,1966,2024-02-28,Plan Selection,3,63,clicked,2,Feb,Pre-Update
3107,421,2024-04-07,Pricing Page,2,60,viewed,4,Apr,Post-Update
3108,1868,2024-01-31,Confirmation,5,81,converted,1,Jan,Pre-Update
3109,2626,2024-02-24,Payment,4,102,viewed,2,Feb,Pre-Update
3110,319,2024-03-19,Payment,4,197,dropped,3,Mar,Post-Update
3111,2766,2024-01-31,Home,1,182,dropped,1,Jan,Pre-Update
3112,2539,2024-06-25,Pricing Page,2,60,clicked,6,Jun,Post-Update
3113,703,2024-01-19,Payment,4,167,clicked,1,Jan,Pre-Update
3114,2978,2024-04-09,Payment,4,61,viewed,4,Apr,Post-Update
3115,2766,2024-05-23,Pricing Page,2,56,dropped,5,May,Post-Update
3116,1964,2024-05-18,Payment,4,202,clicked,5,May,Post-Update
3117,1192,2024-02-09,Confirmation,5,175,converted,2,Feb,Pre-Update
3118,1368,2024-05-23,Plan Selection,3,129,dropped,5,May,Post-Update
3119,708,2024-04-11,Home,1,166,viewed,4,Apr,Post-Update
3120,2521,2024-02-21,Confirmation,5,150,converted,2,Feb,Pre-Update
3121,2336,2024-05-21,Plan Selection,3,120,dropped,5,May,Post-Update
3122,1267,2024-01-12,Home,1,29,clicked,1,Jan,Pre-Update
3123,903,2024-04-08,Payment,4,105,viewed,4,Apr,Post-Update
3124,597,2024-02-08,Pricing Page,2,50,dropped,2,Feb,Pre-Update
3125,566,2024-05-22,Pricing Page,2,53,dropped,5,May,Post-Update
3126,2129,2024-02-04,Payment,4,129,clicked,2,Feb,Pre-Update
3127,1895,2024-05-07,Plan Selection,3,205,dropped,5,May,Post-Update
3128,728,2024-01-20,Payment,4,161,clicked,1,Jan,Pre-Update
3129,1229,2024-01-08,Confirmation,5,152,converted,1,Jan,Pre-Update
3130,2022,2024-02-10,Home,1,181,viewed,2,Feb,Pre-Update
3131,775,2024-03-12,Home,1,162,dropped,3,Mar,Pre-Update
3132,2843,2024-06-29,Home,1,157,clicked,6,Jun,Post-Update
3133,213,2024-04-15,Plan Selection,3,153,clicked,4,Apr,Post-Update
3134,1092,2024-02-26,Pricing Page,2,42,clicked,2,Feb,Pre-Update
3135,1038,2024-04-09,Plan Selection,3,184,dropped,4,Apr,Post-Update
3136,1817,2024-02-23,Plan Selection,3,103,clicked,2,Feb,Pre-Update
3137,532,2024-06-19,Home,1,15,viewed,6,Jun,Post-Update
3138,58,2024-02-13,Home,1,205,clicked,2,Feb,Pre-Update
3139,1193,2024-04-17,Payment,4,21,viewed,4,Apr,Post-Update
3140,2173,2024-05-04,Pricing Page,2,45,dropped,5,May,Post-Update
3141,2061,2024-06-22,Payment,4,177,viewed,6,Jun,Post-Update
3142,910,2024-04-22,Pricing Page,2,42,dropped,4,Apr,Post-Update
3143,369,2024-02-21,Home,1,82,viewed,2,Feb,Pre-Update
3144,1132,2024-05-25,Confirmation,5,19,converted,5,May,Post-Update
3145,1695,2024-05-02,Plan Selection,3,101,dropped,5,May,Post-Update
3146,1773,2024-03-09,Home,1,91,viewed,3,Mar,Pre-Update
3147,1106,2024-05-04,Pricing Page,2,55,viewed,5,May,Post-Update
3148,554,2024-06-18,Home,1,168,viewed,6,Jun,Post-Update
3149,2061,2024-04-17,Confirmation,5,151,converted,4,Apr,Post-Update
3150,2545,2024-01-22,Home,1,185,dropped,1,Jan,Pre-Update
3151,1702,2024-01-22,Confirmation,5,38,converted,1,Jan,Pre-Update
3152,7,2024-04-16,Confirmation,5,196,converted,4,Apr,Post-Update
3153,2512,2024-03-12,Pricing Page,2,32,dropped,3,Mar,Pre-Update
3154,2528,2024-02-02,Pricing Page,2,37,dropped,2,Feb,Pre-Update
3155,1381,2024-04-08,Pricing Page,2,41,dropped,4,Apr,Post-Update
3156,532,2024-03-09,Pricing Page,2,51,clicked,3,Mar,Pre-Update
3157,1141,2024-03-06,Plan Selection,3,72,clicked,3,Mar,Pre-Update
3158,1949,2024-05-05,Plan Selection,3,123,dropped,5,May,Post-Update
3159,1589,2024-06-13,Confirmation,5,11,converted,6,Jun,Post-Update
3160,586,2024-06-22,Pricing Page,2,42,dropped,6,Jun,Post-Update
3161,2936,2024-04-29,Pricing Page,2,62,dropped,4,Apr,Post-Update
3162,2591,2024-01-19,Confirmation,5,73,converted,1,Jan,Pre-Update
3163,2410,2024-01-13,Confirmation,5,101,converted,1,Jan,Pre-Update
3164,1476,2024-01-16,Confirmation,5,110,converted,1,Jan,Pre-Update
3165,1946,2024-05-14,Payment,4,122,clicked,5,May,Post-Update
3166,133,2024-04-15,Payment,4,30,dropped,4,Apr,Post-Update
3167,2086,2024-06-07,Pricing Page,2,63,dropped,6,Jun,Post-Update
3168,1245,2024-06-08,Home,1,38,dropped,6,Jun,Post-Update
3169,2298,2024-01-21,Pricing Page,2,31,dropped,1,Jan,Pre-Update
3170,2044,2024-02-29,Plan Selection,3,17,clicked,2,Feb,Pre-Update
3171,2304,2024-05-08,Pricing Page,2,40,clicked,5,May,Post-Update
3172,170,2024-02-26,Pricing Page,2,30,viewed,2,Feb,Pre-Update
3173,2164,2024-05-10,Pricing Page,2,40,dropped,5,May,Post-Update
3174,608,2024-05-12,Home,1,11,viewed,5,May,Post-Update
3175,1820,2024-02-15,Pricing Page,2,43,viewed,2,Feb,Pre-Update
3176,1174,2024-01-19,Pricing Page,2,40,clicked,1,Jan,Pre-Update
3177,1503,2024-03-12,Pricing Page,2,36,clicked,3,Mar,Pre-Update
3178,1502,2024-04-21,Plan Selection,3,22,clicked,4,Apr,Post-Update
3179,1859,2024-03-16,Pricing Page,2,62,dropped,3,Mar,Post-Update
3180,221,2024-05-29,Confirmation,5,23,converted,5,May,Post-Update
3181,1864,2024-06-11,Plan Selection,3,85,dropped,6,Jun,Post-Update
3182,353,2024-03-20,Payment,4,181,viewed,3,Mar,Post-Update
3183,974,2024-02-21,Pricing Page,2,43,viewed,2,Feb,Pre-Update
3184,2743,2024-01-04,Pricing Page,2,50,dropped,1,Jan,Pre-Update
3185,2033,2024-03-07,Payment,4,182,viewed,3,Mar,Pre-Update
3186,227,2024-04-15,Plan Selection,3,146,clicked,4,Apr,Post-Update
3187,2098,2024-03-22,Home,1,92,viewed,3,Mar,Post-Update
3188,2382,2024-01-28,Pricing Page,2,41,viewed,1,Jan,Pre-Update
3189,541,2024-02-20,Payment,4,99,viewed,2,Feb,Pre-Update
3190,2947,2024-06-14,Plan Selection,3,96,clicked,6,Jun,Post-Update
3191,2935,2024-01-23,Plan Selection,3,25,clicked,1,Jan,Pre-Update
3192,946,2024-04-27,Pricing Page,2,54,viewed,4,Apr,Post-Update
3193,2727,2024-05-21,Home,1,112,dropped,5,May,Post-Update
3194,2289,2024-04-24,Payment,4,95,clicked,4,Apr,Post-Update
3195,1298,2024-04-06,Pricing Page,2,46,dropped,4,Apr,Post-Update
3196,976,2024-06-19,Payment,4,188,dropped,6,Jun,Post-Update
3197,1385,2024-04-22,Payment,4,168,viewed,4,Apr,Post-Update
3198,1439,2024-01-15,Confirmation,5,122,converted,1,Jan,Pre-Update
3199,2808,2024-06-27,Home,1,150,dropped,6,Jun,Post-Update
3200,1449,2024-01-11,Payment,4,14,clicked,1,Jan,Pre-Update
3201,2680,2024-05-05,Payment,4,171,viewed,5,May,Post-Update
3202,439,2024-04-16,Pricing Page,2,59,dropped,4,Apr,Post-Update
3203,1655,2024-02-27,Confirmation,5,144,converted,2,Feb,Pre-Update
3204,1793,2024-06-23,Home,1,66,clicked,6,Jun,Post-Update
3205,2156,2024-04-27,Home,1,109,dropped,4,Apr,Post-Update
3206,1974,2024-04-17,Confirmation,5,53,converted,4,Apr,Post-Update
3207,233,2024-05-14,Pricing Page,2,42,dropped,5,May,Post-Update
3208,263,2024-04-04,Pricing Page,2,43,viewed,4,Apr,Post-Update
3209,2950,2024-02-02,Confirmation,5,38,converted,2,Feb,Pre-Update
3210,2757,2024-01-29,Home,1,154,clicked,1,Jan,Pre-Update
3211,906,2024-01-05,Pricing Page,2,31,clicked,1,Jan,Pre-Update
3212,2483,2024-03-02,Pricing Page,2,32,clicked,3,Mar,Pre-Update
3213,861,2024-03-01,Payment,4,18,viewed,3,Mar,Pre-Update
3214,2384,2024-04-22,Plan Selection,3,153,clicked,4,Apr,Post-Update
3215,298,2024-01-26,Pricing Page,2,48,viewed,1,Jan,Pre-Update
3216,825,2024-06-14,Payment,4,13,viewed,6,Jun,Post-Update
3217,169,2024-05-28,Confirmation,5,44,converted,5,May,Post-Update
3218,255,2024-06-13,Pricing Page,2,58,dropped,6,Jun,Post-Update
3219,1926,2024-04-20,Home,1,176,viewed,4,Apr,Post-Update
3220,972,2024-02-28,Plan Selection,3,69,clicked,2,Feb,Pre-Update
3221,2312,2024-02-15,Confirmation,5,199,converted,2,Feb,Pre-Update
3222,2741,2024-05-11,Confirmation,5,73,converted,5,May,Post-Update
3223,2688,2024-04-04,Confirmation,5,13,converted,4,Apr,Post-Update
3224,1001,2024-04-22,Home,1,134,viewed,4,Apr,Post-Update
3225,674,2024-05-01,Plan Selection,3,86,viewed,5,May,Post-Update
3226,588,2024-03-09,Pricing Page,2,40,viewed,3,Mar,Pre-Update
3227,1527,2024-05-21,Pricing Page,2,56,viewed,5,May,Post-Update
3228,2471,2024-02-23,Home,1,47,viewed,2,Feb,Pre-Update
3229,2797,2024-06-22,Home,1,34,viewed,6,Jun,Post-Update
3230,2176,2024-05-18,Plan Selection,3,209,viewed,5,May,Post-Update
3231,31,2024-01-10,Pricing Page,2,30,dropped,1,Jan,Pre-Update
3232,2708,2024-03-01,Confirmation,5,173,converted,3,Mar,Pre-Update
3233,602,2024-04-08,Home,1,11,viewed,4,Apr,Post-Update
3234,734,2024-02-17,Plan Selection,3,25,viewed,2,Feb,Pre-Update
3235,318,2024-04-05,Pricing Page,2,38,dropped,4,Apr,Post-Update
3236,2106,2024-01-09,Home,1,105,dropped,1,Jan,Pre-Update
3237,1965,2024-02-10,Home,1,22,viewed,2,Feb,Pre-Update
3238,511,2024-02-13,Plan Selection,3,149,clicked,2,Feb,Pre-Update
3239,414,2024-03-03,Pricing Page,2,47,viewed,3,Mar,Pre-Update
3240,55,2024-02-10,Home,1,137,dropped,2,Feb,Pre-Update
3241,340,2024-04-09,Pricing Page,2,49,clicked,4,Apr,Post-Update
3242,1871,2024-05-29,Pricing Page,2,62,dropped,5,May,Post-Update
3243,476,2024-05-28,Plan Selection,3,141,clicked,5,May,Post-Update
3244,385,2024-03-09,Plan Selection,3,96,viewed,3,Mar,Pre-Update
3245,2295,2024-06-28,Plan Selection,3,73,viewed,6,Jun,Post-Update
3246,311,2024-05-04,Home,1,116,clicked,5,May,Post-Update
3247,2925,2024-06-16,Plan Selection,3,167,viewed,6,Jun,Post-Update
3248,1827,2024-04-29,Pricing Page,2,50,clicked,4,Apr,Post-Update
3249,584,2024-06-08,Payment,4,112,dropped,6,Jun,Post-Update
3250,2238,2024-04-11,Plan Selection,3,50,clicked,4,Apr,Post-Update
3251,2446,2024-02-09,Plan Selection,3,125,viewed,2,Feb,Pre-Update
3252,2958,2024-01-19,Plan Selection,3,93,clicked,1,Jan,Pre-Update
3253,59,2024-05-13,Plan Selection,3,188,clicked,5,May,Post-Update
3254,936,2024-05-19,Confirmation,5,55,converted,5,May,Post-Update
3255,1276,2024-03-20,Confirmation,5,62,converted,3,Mar,Post-Update
3256,1707,2024-01-11,Plan Selection,3,146,viewed,1,Jan,Pre-Update
3257,1461,2024-02-26,Home,1,123,clicked,2,Feb,Pre-Update
3258,2914,2024-02-15,Pricing Page,2,58,viewed,2,Feb,Pre-Update
3259,2819,2024-03-15,Pricing Page,2,65,viewed,3,Mar,Post-Update
3260,1758,2024-03-02,Confirmation,5,159,converted,3,Mar,Pre-Update
3261,2587,2024-01-14,Payment,4,157,clicked,1,Jan,Pre-Update
3262,935,2024-04-26,Pricing Page,2,53,clicked,4,Apr,Post-Update
3263,217,2024-02-02,Plan Selection,3,190,clicked,2,Feb,Pre-Update
3264,1473,2024-01-25,Pricing Page,2,49,clicked,1,Jan,Pre-Update
3265,979,2024-04-26,Pricing Page,2,46,clicked,4,Apr,Post-Update
3266,1985,2024-02-05,Confirmation,5,77,converted,2,Feb,Pre-Update
3267,2215,2024-05-02,Home,1,176,viewed,5,May,Post-Update
3268,2055,2024-04-03,Plan Selection,3,37,dropped,4,Apr,Post-Update
3269,2807,2024-03-25,Plan Selection,3,66,viewed,3,Mar,Post-Update
3270,577,2024-04-06,Home,1,177,viewed,4,Apr,Post-Update
3271,299,2024-05-12,Pricing Page,2,56,dropped,5,May,Post-Update
3272,817,2024-02-19,Plan Selection,3,197,dropped,2,Feb,Pre-Update
3273,1092,2024-05-08,Pricing Page,2,43,dropped,5,May,Post-Update
3274,947,2024-05-31,Pricing Page,2,57,dropped,5,May,Post-Update
3275,2647,2024-05-07,Confirmation,5,74,converted,5,May,Post-Update
3276,2826,2024-05-14,Confirmation,5,58,converted,5,May,Post-Update
3277,1595,2024-06-16,Home,1,97,dropped,6,Jun,Post-Update
3278,2954,2024-05-14,Payment,4,124,clicked,5,May,Post-Update
3279,578,2024-02-09,Plan Selection,3,186,viewed,2,Feb,Pre-Update
3280,2337,2024-02-13,Payment,4,137,clicked,2,Feb,Pre-Update
3281,2731,2024-06-04,Plan Selection,3,63,viewed,6,Jun,Post-Update
3282,912,2024-04-29,Pricing Page,2,65,dropped,4,Apr,Post-Update
3283,2226,2024-02-04,Payment,4,24,dropped,2,Feb,Pre-Update
3284,1942,2024-05-10,Plan Selection,3,30,clicked,5,May,Post-Update
3285,1307,2024-04-07,Pricing Page,2,45,dropped,4,Apr,Post-Update
3286,249,2024-06-11,Pricing Page,2,54,dropped,6,Jun,Post-Update
3287,1054,2024-05-16,Payment,4,80,clicked,5,May,Post-Update
3288,2585,2024-04-11,Pricing Page,2,49,dropped,4,Apr,Post-Update
3289,1161,2024-06-29,Payment,4,44,clicked,6,Jun,Post-Update
3290,957,2024-03-29,Pricing Page,2,67,dropped,3,Mar,Post-Update
3291,805,2024-01-03,Pricing Page,2,36,dropped,1,Jan,Pre-Update
3292,403,2024-04-16,Plan Selection,3,201,dropped,4,Apr,Post-Update
3293,2632,2024-06-18,Home,1,100,dropped,6,Jun,Post-Update
3294,605,2024-05-01,Payment,4,147,dropped,5,May,Post-Update
3295,87,2024-03-29,Pricing Page,2,48,clicked,3,Mar,Post-Update
3296,1577,2024-03-23,Plan Selection,3,34,clicked,3,Mar,Post-Update
3297,628,2024-03-31,Confirmation,5,192,converted,3,Mar,Post-Update
3298,2719,2024-05-24,Pricing Page,2,66,viewed,5,May,Post-Update
3299,1736,2024-02-17,Plan Selection,3,36,viewed,2,Feb,Pre-Update
3300,526,2024-01-24,Home,1,52,viewed,1,Jan,Pre-Update
3301,2716,2024-03-12,Pricing Page,2,34,viewed,3,Mar,Pre-Update
3302,1328,2024-02-17,Confirmation,5,31,converted,2,Feb,Pre-Update
3303,1793,2024-05-01,Plan Selection,3,161,dropped,5,May,Post-Update
3304,1049,2024-03-09,Payment,4,15,viewed,3,Mar,Pre-Update
3305,291,2024-04-15,Plan Selection,3,75,viewed,4,Apr,Post-Update
3306,89,2024-05-13,Plan Selection,3,165,dropped,5,May,Post-Update
3307,339,2024-02-24,Home,1,190,dropped,2,Feb,Pre-Update
3308,1393,2024-02-09,Plan Selection,3,171,viewed,2,Feb,Pre-Update
3309,1214,2024-01-23,Pricing Page,2,50,dropped,1,Jan,Pre-Update
3310,1758,2024-04-13,Home,1,177,viewed,4,Apr,Post-Update
3311,2300,2024-02-17,Home,1,69,clicked,2,Feb,Pre-Update
3312,897,2024-02-02,Confirmation,5,97,converted,2,Feb,Pre-Update
3313,635,2024-05-13,Home,1,31,clicked,5,May,Post-Update
3314,1233,2024-01-03,Payment,4,27,viewed,1,Jan,Pre-Update
3315,1697,2024-06-17,Confirmation,5,208,converted,6,Jun,Post-Update
3316,264,2024-03-25,Home,1,191,clicked,3,Mar,Post-Update
3317,122,2024-01-27,Plan Selection,3,130,dropped,1,Jan,Pre-Update
3318,409,2024-01-21,Home,1,107,viewed,1,Jan,Pre-Update
3319,666,2024-02-24,Payment,4,62,viewed,2,Feb,Pre-Update
3320,770,2024-06-04,Plan Selection,3,22,viewed,6,Jun,Post-Update
3321,1396,2024-01-25,Pricing Page,2,58,viewed,1,Jan,Pre-Update
3322,2215,2024-06-20,Plan Selection,3,172,clicked,6,Jun,Post-Update
3323,2579,2024-06-16,Home,1,91,viewed,6,Jun,Post-Update
3324,1230,2024-02-19,Home,1,177,viewed,2,Feb,Pre-Update
3325,1271,2024-05-17,Plan Selection,3,82,dropped,5,May,Post-Update
3326,268,2024-05-13,Pricing Page,2,63,dropped,5,May,Post-Update
3327,2368,2024-05-09,Pricing Page,2,65,viewed,5,May,Post-Update
3328,608,2024-01-04,Pricing Page,2,41,clicked,1,Jan,Pre-Update
3329,2795,2024-03-18,Pricing Page,2,50,viewed,3,Mar,Post-Update
3330,2369,2024-06-21,Pricing Page,2,40,dropped,6,Jun,Post-Update
3331,811,2024-03-16,Pricing Page,2,40,clicked,3,Mar,Post-Update
3332,2492,2024-02-25,Home,1,60,dropped,2,Feb,Pre-Update
3333,261,2024-06-16,Pricing Page,2,38,dropped,6,Jun,Post-Update
3334,384,2024-04-04,Pricing Page,2,54,dropped,4,Apr,Post-Update
3335,1749,2024-05-23,Pricing Page,2,58,clicked,5,May,Post-Update
3336,2007,2024-01-24,Plan Selection,3,179,clicked,1,Jan,Pre-Update
3337,2808,2024-05-23,Home,1,84,clicked,5,May,Post-Update
3338,2909,2024-04-17,Home,1,112,clicked,4,Apr,Post-Update
3339,1191,2024-05-29,Confirmation,5,42,converted,5,May,Post-Update
3340,110,2024-05-05,Pricing Page,2,58,dropped,5,May,Post-Update
3341,1965,2024-02-17,Pricing Page,2,57,clicked,2,Feb,Pre-Update
3342,2817,2024-01-17,Plan Selection,3,204,viewed,1,Jan,Pre-Update
3343,1850,2024-03-06,Confirmation,5,161,converted,3,Mar,Pre-Update
3344,2666,2024-01-30,Home,1,60,viewed,1,Jan,Pre-Update
3345,867,2024-01-04,Pricing Page,2,33,viewed,1,Jan,Pre-Update
3346,750,2024-03-25,Plan Selection,3,118,viewed,3,Mar,Post-Update
3347,338,2024-05-09,Pricing Page,2,40,clicked,5,May,Post-Update
3348,716,2024-01-17,Payment,4,86,viewed,1,Jan,Pre-Update
3349,1430,2024-02-07,Plan Selection,3,93,clicked,2,Feb,Pre-Update
3350,179,2024-04-02,Pricing Page,2,48,dropped,4,Apr,Post-Update
3351,2485,2024-03-19,Plan Selection,3,40,viewed,3,Mar,Post-Update
3352,64,2024-01-03,Home,1,13,dropped,1,Jan,Pre-Update
3353,595,2024-06-01,Plan Selection,3,110,viewed,6,Jun,Post-Update
3354,38,2024-06-20,Plan Selection,3,145,clicked,6,Jun,Post-Update
3355,1130,2024-01-07,Home,1,28,clicked,1,Jan,Pre-Update
3356,1421,2024-02-26,Home,1,174,viewed,2,Feb,Pre-Update
3357,2328,2024-06-18,Pricing Page,2,66,clicked,6,Jun,Post-Update
3358,1504,2024-04-01,Home,1,139,dropped,4,Apr,Post-Update
3359,2158,2024-02-06,Payment,4,135,clicked,2,Feb,Pre-Update
3360,299,2024-05-08,Pricing Page,2,42,viewed,5,May,Post-Update
3361,659,2024-02-27,Confirmation,5,150,converted,2,Feb,Pre-Update
3362,2141,2024-03-24,Home,1,111,viewed,3,Mar,Post-Update
3363,1291,2024-02-03,Plan Selection,3,124,viewed,2,Feb,Pre-Update
3364,813,2024-03-05,Confirmation,5,167,converted,3,Mar,Pre-Update
3365,45,2024-05-09,Plan Selection,3,123,dropped,5,May,Post-Update
3366,989,2024-01-06,Home,1,145,viewed,1,Jan,Pre-Update
3367,1860,2024-02-25,Plan Selection,3,103,clicked,2,Feb,Pre-Update
3368,272,2024-04-11,Plan Selection,3,200,dropped,4,Apr,Post-Update
3369,81,2024-04-19,Confirmation,5,199,converted,4,Apr,Post-Update
3370,2660,2024-04-15,Pricing Page,2,54,viewed,4,Apr,Post-Update
3371,2849,2024-01-03,Pricing Page,2,30,dropped,1,Jan,Pre-Update
3372,2876,2024-04-20,Home,1,28,viewed,4,Apr,Post-Update
3373,695,2024-03-23,Plan Selection,3,110,viewed,3,Mar,Post-Update
3374,1519,2024-01-22,Home,1,16,viewed,1,Jan,Pre-Update
3375,1655,2024-06-24,Home,1,11,clicked,6,Jun,Post-Update
3376,1270,2024-04-27,Confirmation,5,200,converted,4,Apr,Post-Update
3377,2441,2024-02-08,Plan Selection,3,115,viewed,2,Feb,Pre-Update
3378,176,2024-01-21,Pricing Page,2,47,clicked,1,Jan,Pre-Update
3379,2357,2024-05-30,Payment,4,123,clicked,5,May,Post-Update
3380,743,2024-01-13,Plan Selection,3,175,clicked,1,Jan,Pre-Update
3381,378,2024-04-29,Confirmation,5,143,converted,4,Apr,Post-Update
3382,1611,2024-05-04,Payment,4,28,viewed,5,May,Post-Update
3383,1629,2024-05-29,Pricing Page,2,67,dropped,5,May,Post-Update
3384,1076,2024-03-13,Confirmation,5,88,converted,3,Mar,Pre-Update
3385,613,2024-06-02,Plan Selection,3,126,dropped,6,Jun,Post-Update
3386,1293,2024-01-09,Confirmation,5,129,converted,1,Jan,Pre-Update
3387,439,2024-06-18,Pricing Page,2,49,dropped,6,Jun,Post-Update
3388,196,2024-04-14,Plan Selection,3,154,clicked,4,Apr,Post-Update
3389,1611,2024-01-12,Plan Selection,3,68,clicked,1,Jan,Pre-Update
3390,2994,2024-06-05,Pricing Page,2,40,dropped,6,Jun,Post-Update
3391,1689,2024-05-15,Home,1,12,viewed,5,May,Post-Update
3392,1635,2024-06-24,Pricing Page,2,44,dropped,6,Jun,Post-Update
3393,188,2024-02-26,Pricing Page,2,59,clicked,2,Feb,Pre-Update
3394,2400,2024-05-16,Pricing Page,2,55,clicked,5,May,Post-Update
3395,1404,2024-05-23,Plan Selection,3,94,clicked,5,May,Post-Update
3396,2541,2024-06-24,Pricing Page,2,56,dropped,6,Jun,Post-Update
3397,586,2024-02-29,Home,1,76,clicked,2,Feb,Pre-Update
3398,986,2024-02-15,Pricing Page,2,46,viewed,2,Feb,Pre-Update
3399,385,2024-05-21,Plan Selection,3,65,viewed,5,May,Post-Update
3400,617,2024-04-20,Pricing Page,2,46,dropped,4,Apr,Post-Update
3401,90,2024-04-20,Confirmation,5,204,converted,4,Apr,Post-Update
3402,2946,2024-06-28,Home,1,22,clicked,6,Jun,Post-Update
3403,957,2024-05-04,Pricing Page,2,47,dropped,5,May,Post-Update
3404,2580,2024-05-26,Pricing Page,2,66,dropped,5,May,Post-Update
3405,2287,2024-06-01,Confirmation,5,30,converted,6,Jun,Post-Update
3406,2226,2024-03-12,Payment,4,129,viewed,3,Mar,Pre-Update
3407,2421,2024-06-06,Confirmation,5,26,converted,6,Jun,Post-Update
3408,1785,2024-05-11,Payment,4,17,viewed,5,May,Post-Update
3409,526,2024-06-12,Confirmation,5,63,converted,6,Jun,Post-Update
3410,1032,2024-06-15,Plan Selection,3,29,viewed,6,Jun,Post-Update
3411,1829,2024-05-06,Plan Selection,3,68,clicked,5,May,Post-Update
3412,667,2024-06-03,Plan Selection,3,98,clicked,6,Jun,Post-Update
3413,2291,2024-04-11,Plan Selection,3,181,viewed,4,Apr,Post-Update
3414,902,2024-02-01,Confirmation,5,73,converted,2,Feb,Pre-Update
3415,2071,2024-03-30,Pricing Page,2,53,dropped,3,Mar,Post-Update
3416,1966,2024-06-16,Plan Selection,3,114,viewed,6,Jun,Post-Update
3417,1890,2024-02-11,Pricing Page,2,47,dropped,2,Feb,Pre-Update
3418,2628,2024-01-04,Pricing Page,2,37,viewed,1,Jan,Pre-Update
3419,2002,2024-05-02,Pricing Page,2,65,dropped,5,May,Post-Update
3420,1406,2024-06-29,Plan Selection,3,186,viewed,6,Jun,Post-Update
3421,2480,2024-01-09,Payment,4,131,viewed,1,Jan,Pre-Update
3422,360,2024-02-12,Payment,4,84,clicked,2,Feb,Pre-Update
3423,2962,2024-05-01,Pricing Page,2,66,clicked,5,May,Post-Update
3424,536,2024-01-11,Payment,4,133,viewed,1,Jan,Pre-Update
3425,539,2024-03-27,Payment,4,185,viewed,3,Mar,Post-Update
3426,1030,2024-02-29,Plan Selection,3,36,viewed,2,Feb,Pre-Update
3427,1741,2024-04-02,Payment,4,116,dropped,4,Apr,Post-Update
3428,1624,2024-01-04,Pricing Page,2,40,dropped,1,Jan,Pre-Update
3429,769,2024-04-03,Payment,4,115,dropped,4,Apr,Post-Update
3430,1108,2024-02-19,Pricing Page,2,45,viewed,2,Feb,Pre-Update
3431,1053,2024-03-15,Home,1,175,dropped,3,Mar,Post-Update
3432,2888,2024-04-09,Payment,4,141,viewed,4,Apr,Post-Update
3433,1602,2024-04-12,Pricing Page,2,51,clicked,4,Apr,Post-Update
3434,2106,2024-04-28,Home,1,181,viewed,4,Apr,Post-Update
3435,1103,2024-03-27,Pricing Page,2,67,dropped,3,Mar,Post-Update
3436,1511,2024-02-12,Plan Selection,3,129,viewed,2,Feb,Pre-Update
3437,614,2024-01-06,Plan Selection,3,122,dropped,1,Jan,Pre-Update
3438,1190,2024-03-01,Pricing Page,2,43,clicked,3,Mar,Pre-Update
3439,935,2024-03-09,Confirmation,5,151,converted,3,Mar,Pre-Update
3440,1892,2024-01-06,Pricing Page,2,34,dropped,1,Jan,Pre-Update
3441,2451,2024-06-12,Home,1,135,viewed,6,Jun,Post-Update
3442,2493,2024-02-28,Home,1,134,viewed,2,Feb,Pre-Update
3443,2892,2024-04-03,Plan Selection,3,194,clicked,4,Apr,Post-Update
3444,2650,2024-05-29,Pricing Page,2,64,viewed,5,May,Post-Update
3445,751,2024-02-28,Payment,4,77,dropped,2,Feb,Pre-Update
3446,1493,2024-02-03,Pricing Page,2,46,clicked,2,Feb,Pre-Update
3447,2703,2024-06-23,Home,1,151,dropped,6,Jun,Post-Update
3448,2300,2024-02-24,Home,1,24,viewed,2,Feb,Pre-Update
3449,2196,2024-02-21,Pricing Page,2,38,viewed,2,Feb,Pre-Update
3450,155,2024-06-10,Pricing Page,2,65,dropped,6,Jun,Post-Update
3451,458,2024-01-08,Payment,4,134,viewed,1,Jan,Pre-Update
3452,1246,2024-04-02,Pricing Page,2,38,dropped,4,Apr,Post-Update
3453,1615,2024-03-05,Home,1,158,dropped,3,Mar,Pre-Update
3454,2766,2024-06-15,Payment,4,87,clicked,6,Jun,Post-Update
3455,286,2024-01-22,Pricing Page,2,36,dropped,1,Jan,Pre-Update
3456,568,2024-03-18,Plan Selection,3,121,dropped,3,Mar,Post-Update
3457,2191,2024-03-15,Payment,4,28,viewed,3,Mar,Post-Update
3458,297,2024-06-05,Home,1,117,viewed,6,Jun,Post-Update
3459,1275,2024-02-24,Pricing Page,2,38,clicked,2,Feb,Pre-Update
3460,2054,2024-02-24,Pricing Page,2,39,dropped,2,Feb,Pre-Update
3461,800,2024-04-20,Pricing Page,2,49,dropped,4,Apr,Post-Update
3462,2528,2024-04-21,Plan Selection,3,185,viewed,4,Apr,Post-Update
3463,331,2024-02-25,Pricing Page,2,34,dropped,2,Feb,Pre-Update
3464,2409,2024-06-09,Home,1,106,clicked,6,Jun,Post-Update
3465,554,2024-06-19,Home,1,205,clicked,6,Jun,Post-Update
3466,152,2024-01-13,Home,1,151,viewed,1,Jan,Pre-Update
3467,2513,2024-02-08,Plan Selection,3,28,viewed,2,Feb,Pre-Update
3468,2663,2024-06-18,Home,1,62,clicked,6,Jun,Post-Update
3469,1649,2024-06-20,Home,1,128,viewed,6,Jun,Post-Update
3470,2227,2024-04-18,Payment,4,14,viewed,4,Apr,Post-Update
3471,27,2024-04-19,Confirmation,5,33,converted,4,Apr,Post-Update
3472,1884,2024-05-22,Home,1,201,clicked,5,May,Post-Update
3473,220,2024-04-18,Payment,4,30,dropped,4,Apr,Post-Update
3474,1565,2024-01-21,Confirmation,5,140,converted,1,Jan,Pre-Update
3475,784,2024-03-05,Confirmation,5,182,converted,3,Mar,Pre-Update
3476,1073,2024-02-06,Confirmation,5,19,converted,2,Feb,Pre-Update
3477,1370,2024-01-25,Pricing Page,2,33,clicked,1,Jan,Pre-Update
3478,2548,2024-03-02,Home,1,161,clicked,3,Mar,Pre-Update
3479,1053,2024-05-20,Payment,4,181,viewed,5,May,Post-Update
3480,849,2024-01-19,Plan Selection,3,207,viewed,1,Jan,Pre-Update
3481,2428,2024-02-03,Plan Selection,3,204,clicked,2,Feb,Pre-Update
3482,2469,2024-01-13,Payment,4,35,dropped,1,Jan,Pre-Update
3483,2491,2024-01-04,Plan Selection,3,16,clicked,1,Jan,Pre-Update
3484,1248,2024-01-31,Plan Selection,3,114,viewed,1,Jan,Pre-Update
3485,1236,2024-05-01,Home,1,120,clicked,5,May,Post-Update
3486,1471,2024-01-30,Pricing Page,2,35,viewed,1,Jan,Pre-Update
3487,223,2024-04-17,Payment,4,197,clicked,4,Apr,Post-Update
3488,1500,2024-01-20,Home,1,189,clicked,1,Jan,Pre-Update
3489,178,2024-02-14,Home,1,116,clicked,2,Feb,Pre-Update
3490,2643,2024-06-15,Confirmation,5,209,converted,6,Jun,Post-Update
3491,402,2024-05-02,Confirmation,5,189,converted,5,May,Post-Update
3492,1562,2024-06-14,Home,1,81,viewed,6,Jun,Post-Update
3493,1755,2024-05-11,Payment,4,46,clicked,5,May,Post-Update
3494,2821,2024-05-26,Pricing Page,2,58,clicked,5,May,Post-Update
3495,1675,2024-04-25,Plan Selection,3,154,dropped,4,Apr,Post-Update
3496,2884,2024-05-11,Payment,4,132,viewed,5,May,Post-Update
3497,362,2024-02-10,Payment,4,33,clicked,2,Feb,Pre-Update
3498,578,2024-01-07,Plan Selection,3,197,viewed,1,Jan,Pre-Update
3499,1341,2024-05-03,Home,1,65,dropped,5,May,Post-Update
3500,476,2024-02-05,Plan Selection,3,197,dropped,2,Feb,Pre-Update
3501,51,2024-04-16,Confirmation,5,155,converted,4,Apr,Post-Update
3502,2844,2024-04-09,Confirmation,5,186,converted,4,Apr,Post-Update
3503,2080,2024-05-28,Home,1,132,dropped,5,May,Post-Update
3504,702,2024-01-24,Confirmation,5,81,converted,1,Jan,Pre-Update
3505,2841,2024-04-28,Pricing Page,2,44,clicked,4,Apr,Post-Update
3506,1339,2024-05-16,Pricing Page,2,63,viewed,5,May,Post-Update
3507,727,2024-03-04,Home,1,17,dropped,3,Mar,Pre-Update
3508,1775,2024-04-06,Confirmation,5,185,converted,4,Apr,Post-Update
3509,2069,2024-05-28,Home,1,157,clicked,5,May,Post-Update
3510,1838,2024-03-07,Home,1,193,clicked,3,Mar,Pre-Update
3511,216,2024-05-01,Home,1,137,viewed,5,May,Post-Update
3512,240,2024-01-02,Payment,4,194,clicked,1,Jan,Pre-Update
3513,1470,2024-05-05,Confirmation,5,191,converted,5,May,Post-Update
3514,1635,2024-01-01,Pricing Page,2,56,dropped,1,Jan,Pre-Update
3515,1435,2024-05-14,Pricing Page,2,41,clicked,5,May,Post-Update
3516,2299,2024-03-02,Pricing Page,2,30,viewed,3,Mar,Pre-Update
3517,402,2024-01-31,Pricing Page,2,51,dropped,1,Jan,Pre-Update
3518,89,2024-03-21,Home,1,82,clicked,3,Mar,Post-Update
3519,2727,2024-03-03,Confirmation,5,195,converted,3,Mar,Pre-Update
3520,1986,2024-04-05,Plan Selection,3,142,clicked,4,Apr,Post-Update
3521,2582,2024-02-04,Pricing Page,2,39,clicked,2,Feb,Pre-Update
3522,1182,2024-04-10,Plan Selection,3,61,clicked,4,Apr,Post-Update
3523,2629,2024-05-23,Pricing Page,2,48,clicked,5,May,Post-Update
3524,1196,2024-06-17,Pricing Page,2,54,dropped,6,Jun,Post-Update
3525,2464,2024-02-14,Payment,4,25,dropped,2,Feb,Pre-Update
3526,858,2024-01-22,Payment,4,63,dropped,1,Jan,Pre-Update
3527,68,2024-04-22,Home,1,66,clicked,4,Apr,Post-Update
3528,2497,2024-01-28,Pricing Page,2,54,dropped,1,Jan,Pre-Update
3529,2746,2024-05-21,Home,1,101,viewed,5,May,Post-Update
3530,2029,2024-06-21,Payment,4,165,viewed,6,Jun,Post-Update
3531,607,2024-06-10,Payment,4,124,clicked,6,Jun,Post-Update
3532,2623,2024-03-15,Pricing Page,2,67,clicked,3,Mar,Post-Update
3533,187,2024-03-30,Pricing Page,2,65,clicked,3,Mar,Post-Update
3534,745,2024-05-27,Pricing Page,2,44,dropped,5,May,Post-Update
3535,2673,2024-01-22,Confirmation,5,61,converted,1,Jan,Pre-Update
3536,1562,2024-05-29,Plan Selection,3,94,clicked,5,May,Post-Update
3537,1605,2024-04-17,Pricing Page,2,40,dropped,4,Apr,Post-Update
3538,777,2024-03-10,Home,1,130,clicked,3,Mar,Pre-Update
3539,2872,2024-01-24,Payment,4,105,dropped,1,Jan,Pre-Update
3540,2809,2024-03-23,Pricing Page,2,38,clicked,3,Mar,Post-Update
3541,97,2024-02-29,Plan Selection,3,159,dropped,2,Feb,Pre-Update
3542,685,2024-06-04,Plan Selection,3,111,viewed,6,Jun,Post-Update
3543,2631,2024-03-03,Home,1,102,dropped,3,Mar,Pre-Update
3544,1949,2024-02-11,Home,1,61,viewed,2,Feb,Pre-Update
3545,2519,2024-01-06,Plan Selection,3,28,clicked,1,Jan,Pre-Update
3546,1382,2024-04-29,Confirmation,5,136,converted,4,Apr,Post-Update
3547,1196,2024-01-17,Pricing Page,2,30,dropped,1,Jan,Pre-Update
3548,2190,2024-04-11,Plan Selection,3,82,viewed,4,Apr,Post-Update
3549,2652,2024-03-19,Plan Selection,3,65,viewed,3,Mar,Post-Update
3550,1005,2024-02-02,Confirmation,5,187,converted,2,Feb,Pre-Update
3551,2359,2024-02-18,Confirmation,5,30,converted,2,Feb,Pre-Update
3552,1730,2024-04-13,Home,1,188,dropped,4,Apr,Post-Update
3553,2419,2024-05-14,Pricing Page,2,45,dropped,5,May,Post-Update
3554,2282,2024-06-16,Pricing Page,2,66,clicked,6,Jun,Post-Update
3555,2807,2024-03-10,Home,1,98,viewed,3,Mar,Pre-Update
3556,2687,2024-06-20,Home,1,97,dropped,6,Jun,Post-Update
3557,2198,2024-04-25,Home,1,26,clicked,4,Apr,Post-Update
3558,2411,2024-05-22,Plan Selection,3,67,viewed,5,May,Post-Update
3559,1217,2024-03-24,Home,1,33,clicked,3,Mar,Post-Update
3560,70,2024-02-23,Pricing Page,2,33,dropped,2,Feb,Pre-Update
3561,1467,2024-03-04,Pricing Page,2,40,viewed,3,Mar,Pre-Update
3562,604,2024-03-28,Payment,4,142,viewed,3,Mar,Post-Update
3563,612,2024-04-01,Confirmation,5,25,converted,4,Apr,Post-Update
3564,1877,2024-06-11,Plan Selection,3,87,dropped,6,Jun,Post-Update
3565,752,2024-01-02,Pricing Page,2,41,dropped,1,Jan,Pre-Update
3566,1363,2024-06-09,Home,1,145,dropped,6,Jun,Post-Update
3567,2709,2024-06-21,Home,1,91,viewed,6,Jun,Post-Update
3568,398,2024-01-10,Payment,4,47,clicked,1,Jan,Pre-Update
3569,141,2024-02-19,Pricing Page,2,38,viewed,2,Feb,Pre-Update
3570,2864,2024-03-29,Plan Selection,3,93,clicked,3,Mar,Post-Update
3571,1688,2024-05-10,Confirmation,5,99,converted,5,May,Post-Update
3572,1387,2024-06-25,Pricing Page,2,52,viewed,6,Jun,Post-Update
3573,717,2024-03-13,Pricing Page,2,35,dropped,3,Mar,Pre-Update
3574,2689,2024-02-08,Pricing Page,2,37,dropped,2,Feb,Pre-Update
3575,2656,2024-01-08,Plan Selection,3,125,clicked,1,Jan,Pre-Update
3576,1966,2024-03-20,Pricing Page,2,63,dropped,3,Mar,Post-Update
3577,529,2024-02-14,Plan Selection,3,165,viewed,2,Feb,Pre-Update
3578,1804,2024-04-26,Pricing Page,2,40,dropped,4,Apr,Post-Update
3579,2455,2024-03-22,Payment,4,135,viewed,3,Mar,Post-Update
3580,2548,2024-01-02,Pricing Page,2,43,viewed,1,Jan,Pre-Update
3581,1474,2024-01-28,Pricing Page,2,58,viewed,1,Jan,Pre-Update
3582,1161,2024-03-17,Confirmation,5,105,converted,3,Mar,Post-Update
3583,1618,2024-02-17,Plan Selection,3,156,clicked,2,Feb,Pre-Update
3584,1707,2024-02-02,Home,1,99,viewed,2,Feb,Pre-Update
3585,2614,2024-03-18,Plan Selection,3,77,dropped,3,Mar,Post-Update
3586,1655,2024-03-17,Pricing Page,2,67,dropped,3,Mar,Post-Update
3587,1956,2024-05-10,Plan Selection,3,29,clicked,5,May,Post-Update
3588,1173,2024-03-02,Plan Selection,3,137,clicked,3,Mar,Pre-Update
3589,62,2024-03-03,Plan Selection,3,68,clicked,3,Mar,Pre-Update
3590,1350,2024-06-03,Confirmation,5,209,converted,6,Jun,Post-Update
3591,788,2024-02-27,Payment,4,209,viewed,2,Feb,Pre-Update
3592,323,2024-05-02,Home,1,74,clicked,5,May,Post-Update
3593,2935,2024-05-11,Plan Selection,3,76,clicked,5,May,Post-Update
3594,2419,2024-03-03,Pricing Page,2,45,clicked,3,Mar,Pre-Update
3595,1185,2024-02-12,Confirmation,5,66,converted,2,Feb,Pre-Update
3596,1257,2024-02-14,Confirmation,5,33,converted,2,Feb,Pre-Update
3597,2043,2024-01-09,Home,1,179,viewed,1,Jan,Pre-Update
3598,2032,2024-03-23,Pricing Page,2,62,dropped,3,Mar,Post-Update
3599,944,2024-04-05,Plan Selection,3,178,dropped,4,Apr,Post-Update
3600,887,2024-06-26,Home,1,42,viewed,6,Jun,Post-Update
3601,740,2024-06-28,Pricing Page,2,42,dropped,6,Jun,Post-Update
3602,2485,2024-06-26,Pricing Page,2,43,clicked,6,Jun,Post-Update
3603,1910,2024-02-19,Pricing Page,2,42,viewed,2,Feb,Pre-Update
3604,1508,2024-02-16,Payment,4,41,clicked,2,Feb,Pre-Update
3605,2058,2024-01-24,Plan Selection,3,134,clicked,1,Jan,Pre-Update
3606,1824,2024-01-29,Confirmation,5,76,converted,1,Jan,Pre-Update
3607,2353,2024-06-15,Pricing Page,2,52,clicked,6,Jun,Post-Update
3608,370,2024-03-22,Confirmation,5,23,converted,3,Mar,Post-Update
3609,2076,2024-02-15,Home,1,44,clicked,2,Feb,Pre-Update
3610,65,2024-02-03,Payment,4,151,viewed,2,Feb,Pre-Update
3611,2492,2024-02-02,Pricing Page,2,43,dropped,2,Feb,Pre-Update
3612,2655,2024-02-22,Payment,4,29,dropped,2,Feb,Pre-Update
3613,798,2024-06-28,Home,1,176,viewed,6,Jun,Post-Update
3614,2708,2024-03-26,Plan Selection,3,178,dropped,3,Mar,Post-Update
3615,2175,2024-06-07,Pricing Page,2,50,dropped,6,Jun,Post-Update
3616,2318,2024-05-01,Home,1,57,dropped,5,May,Post-Update
3617,1303,2024-01-16,Home,1,78,clicked,1,Jan,Pre-Update
3618,2338,2024-05-26,Plan Selection,3,31,clicked,5,May,Post-Update
3619,2362,2024-04-30,Confirmation,5,186,converted,4,Apr,Post-Update
3620,1417,2024-05-10,Home,1,158,dropped,5,May,Post-Update
3621,1931,2024-05-05,Plan Selection,3,132,clicked,5,May,Post-Update
3622,1145,2024-04-14,Payment,4,203,viewed,4,Apr,Post-Update
3623,489,2024-06-26,Pricing Page,2,40,dropped,6,Jun,Post-Update
3624,2151,2024-01-02,Confirmation,5,101,converted,1,Jan,Pre-Update
3625,1809,2024-04-25,Pricing Page,2,66,clicked,4,Apr,Post-Update
3626,1817,2024-06-16,Payment,4,73,dropped,6,Jun,Post-Update
3627,2148,2024-02-01,Payment,4,36,clicked,2,Feb,Pre-Update
3628,2746,2024-02-04,Pricing Page,2,43,clicked,2,Feb,Pre-Update
3629,30,2024-01-04,Home,1,57,dropped,1,Jan,Pre-Update
3630,927,2024-04-07,Payment,4,42,clicked,4,Apr,Post-Update
3631,827,2024-05-09,Payment,4,141,dropped,5,May,Post-Update
3632,140,2024-02-09,Confirmation,5,36,converted,2,Feb,Pre-Update
3633,2347,2024-04-03,Pricing Page,2,57,dropped,4,Apr,Post-Update
3634,2757,2024-06-03,Pricing Page,2,66,dropped,6,Jun,Post-Update
3635,452,2024-02-01,Pricing Page,2,48,clicked,2,Feb,Pre-Update
3636,2587,2024-01-20,Confirmation,5,106,converted,1,Jan,Pre-Update
3637,1593,2024-02-06,Pricing Page,2,44,dropped,2,Feb,Pre-Update
3638,1493,2024-06-13,Home,1,105,clicked,6,Jun,Post-Update
3639,2794,2024-05-31,Pricing Page,2,51,dropped,5,May,Post-Update
3640,2232,2024-05-04,Pricing Page,2,38,dropped,5,May,Post-Update
3641,271,2024-01-31,Plan Selection,3,78,dropped,1,Jan,Pre-Update
3642,5,2024-06-28,Confirmation,5,159,converted,6,Jun,Post-Update
3643,2717,2024-02-21,Plan Selection,3,153,clicked,2,Feb,Pre-Update
3644,45,2024-05-20,Payment,4,188,viewed,5,May,Post-Update
3645,2975,2024-01-28,Payment,4,107,dropped,1,Jan,Pre-Update
3646,2541,2024-01-10,Payment,4,100,dropped,1,Jan,Pre-Update
3647,293,2024-02-09,Payment,4,75,dropped,2,Feb,Pre-Update
3648,685,2024-03-16,Pricing Page,2,61,clicked,3,Mar,Post-Update
3649,2429,2024-02-02,Pricing Page,2,55,viewed,2,Feb,Pre-Update
3650,1510,2024-01-16,Confirmation,5,74,converted,1,Jan,Pre-Update
3651,2591,2024-03-04,Home,1,169,clicked,3,Mar,Pre-Update
3652,2920,2024-03-22,Pricing Page,2,45,dropped,3,Mar,Post-Update
3653,2229,2024-05-27,Payment,4,174,clicked,5,May,Post-Update
3654,772,2024-04-28,Pricing Page,2,53,dropped,4,Apr,Post-Update
3655,2294,2024-04-27,Confirmation,5,180,converted,4,Apr,Post-Update
3656,1117,2024-02-25,Pricing Page,2,36,clicked,2,Feb,Pre-Update
3657,224,2024-01-30,Plan Selection,3,103,clicked,1,Jan,Pre-Update
3658,1277,2024-03-18,Payment,4,25,viewed,3,Mar,Post-Update
3659,1887,2024-05-29,Pricing Page,2,59,viewed,5,May,Post-Update
3660,1049,2024-01-06,Home,1,104,dropped,1,Jan,Pre-Update
3661,2030,2024-02-29,Plan Selection,3,17,clicked,2,Feb,Pre-Update
3662,2203,2024-04-12,Plan Selection,3,101,clicked,4,Apr,Post-Update
3663,1727,2024-05-08,Payment,4,208,clicked,5,May,Post-Update
3664,1298,2024-05-10,Pricing Page,2,48,clicked,5,May,Post-Update
3665,526,2024-03-02,Home,1,183,viewed,3,Mar,Pre-Update
3666,1241,2024-04-29,Home,1,63,dropped,4,Apr,Post-Update
3667,557,2024-03-01,Home,1,118,clicked,3,Mar,Pre-Update
3668,1050,2024-04-11,Payment,4,21,dropped,4,Apr,Post-Update
3669,55,2024-06-26,Payment,4,69,viewed,6,Jun,Post-Update
3670,2518,2024-03-05,Pricing Page,2,37,clicked,3,Mar,Pre-Update
3671,1013,2024-03-23,Pricing Page,2,66,viewed,3,Mar,Post-Update
3672,2600,2024-04-02,Confirmation,5,60,converted,4,Apr,Post-Update
3673,1146,2024-01-29,Plan Selection,3,157,viewed,1,Jan,Pre-Update
3674,1844,2024-05-20,Home,1,174,dropped,5,May,Post-Update
3675,2027,2024-02-22,Pricing Page,2,37,viewed,2,Feb,Pre-Update
3676,68,2024-02-17,Pricing Page,2,41,dropped,2,Feb,Pre-Update
3677,578,2024-01-25,Home,1,16,viewed,1,Jan,Pre-Update
3678,1275,2024-03-15,Payment,4,140,viewed,3,Mar,Post-Update
3679,2132,2024-05-15,Plan Selection,3,183,clicked,5,May,Post-Update
3680,2143,2024-02-02,Payment,4,64,dropped,2,Feb,Pre-Update
3681,1573,2024-03-16,Plan Selection,3,75,dropped,3,Mar,Post-Update
3682,1515,2024-02-11,Plan Selection,3,96,clicked,2,Feb,Pre-Update
3683,529,2024-06-29,Pricing Page,2,46,dropped,6,Jun,Post-Update
3684,777,2024-02-14,Pricing Page,2,44,dropped,2,Feb,Pre-Update
3685,2381,2024-06-01,Payment,4,126,clicked,6,Jun,Post-Update
3686,1557,2024-02-12,Plan Selection,3,79,viewed,2,Feb,Pre-Update
3687,1460,2024-05-09,Home,1,103,viewed,5,May,Post-Update
3688,1254,2024-02-06,Payment,4,32,clicked,2,Feb,Pre-Update
3689,1008,2024-05-02,Pricing Page,2,62,dropped,5,May,Post-Update
3690,1959,2024-02-02,Confirmation,5,53,converted,2,Feb,Pre-Update
3691,661,2024-03-23,Plan Selection,3,150,viewed,3,Mar,Post-Update
3692,709,2024-02-02,Home,1,79,dropped,2,Feb,Pre-Update
3693,2982,2024-03-04,Payment,4,161,clicked,3,Mar,Pre-Update
3694,866,2024-06-12,Plan Selection,3,115,viewed,6,Jun,Post-Update
3695,2584,2024-02-14,Plan Selection,3,99,clicked,2,Feb,Pre-Update
3696,794,2024-03-06,Home,1,13,dropped,3,Mar,Pre-Update
3697,263,2024-03-04,Pricing Page,2,42,clicked,3,Mar,Pre-Update
3698,1822,2024-03-01,Payment,4,67,viewed,3,Mar,Pre-Update
3699,1215,2024-03-25,Home,1,49,viewed,3,Mar,Post-Update
3700,1644,2024-06-03,Plan Selection,3,127,dropped,6,Jun,Post-Update
3701,1447,2024-02-17,Payment,4,118,dropped,2,Feb,Pre-Update
3702,2792,2024-02-27,Payment,4,24,viewed,2,Feb,Pre-Update
3703,1622,2024-06-01,Plan Selection,3,102,clicked,6,Jun,Post-Update
3704,638,2024-03-31,Payment,4,174,clicked,3,Mar,Post-Update
3705,481,2024-02-09,Plan Selection,3,98,clicked,2,Feb,Pre-Update
3706,1167,2024-06-15,Pricing Page,2,49,dropped,6,Jun,Post-Update
3707,2414,2024-02-18,Confirmation,5,185,converted,2,Feb,Pre-Update
3708,1722,2024-02-13,Pricing Page,2,48,clicked,2,Feb,Pre-Update
3709,1856,2024-01-02,Home,1,190,viewed,1,Jan,Pre-Update
3710,93,2024-02-27,Pricing Page,2,44,viewed,2,Feb,Pre-Update
3711,669,2024-02-28,Confirmation,5,155,converted,2,Feb,Pre-Update
3712,2496,2024-06-24,Pricing Page,2,64,dropped,6,Jun,Post-Update
3713,2467,2024-02-15,Payment,4,40,clicked,2,Feb,Pre-Update
3714,1979,2024-01-05,Home,1,146,viewed,1,Jan,Pre-Update
3715,2322,2024-06-25,Plan Selection,3,168,clicked,6,Jun,Post-Update
3716,890,2024-03-27,Plan Selection,3,24,viewed,3,Mar,Post-Update
3717,215,2024-05-21,Plan Selection,3,46,viewed,5,May,Post-Update
3718,1188,2024-04-21,Confirmation,5,126,converted,4,Apr,Post-Update
3719,787,2024-04-11,Home,1,84,viewed,4,Apr,Post-Update
3720,60,2024-04-21,Home,1,72,clicked,4,Apr,Post-Update
3721,1094,2024-03-20,Home,1,60,viewed,3,Mar,Post-Update
3722,2472,2024-03-08,Pricing Page,2,53,viewed,3,Mar,Pre-Update
3723,2416,2024-04-01,Home,1,29,dropped,4,Apr,Post-Update
3724,864,2024-01-17,Plan Selection,3,142,clicked,1,Jan,Pre-Update
3725,2415,2024-03-03,Pricing Page,2,46,clicked,3,Mar,Pre-Update
3726,168,2024-01-15,Pricing Page,2,59,dropped,1,Jan,Pre-Update
3727,2096,2024-01-23,Plan Selection,3,71,viewed,1,Jan,Pre-Update
3728,2208,2024-06-08,Home,1,76,dropped,6,Jun,Post-Update
3729,1139,2024-05-01,Pricing Page,2,41,clicked,5,May,Post-Update
3730,2728,2024-01-03,Pricing Page,2,50,clicked,1,Jan,Pre-Update
3731,2923,2024-04-26,Pricing Page,2,55,viewed,4,Apr,Post-Update
3732,89,2024-02-25,Pricing Page,2,37,viewed,2,Feb,Pre-Update
3733,2612,2024-04-17,Pricing Page,2,67,viewed,4,Apr,Post-Update
3734,1852,2024-02-27,Payment,4,166,viewed,2,Feb,Pre-Update
3735,2947,2024-06-14,Plan Selection,3,83,viewed,6,Jun,Post-Update
3736,2370,2024-01-03,Plan Selection,3,90,viewed,1,Jan,Pre-Update
3737,1527,2024-05-09,Home,1,39,clicked,5,May,Post-Update
3738,1059,2024-01-16,Pricing Page,2,48,viewed,1,Jan,Pre-Update
3739,33,2024-01-24,Plan Selection,3,153,viewed,1,Jan,Pre-Update
3740,1267,2024-06-24,Plan Selection,3,205,dropped,6,Jun,Post-Update
3741,2691,2024-06-26,Pricing Page,2,42,dropped,6,Jun,Post-Update
3742,806,2024-06-09,Plan Selection,3,105,clicked,6,Jun,Post-Update
3743,394,2024-01-21,Home,1,117,dropped,1,Jan,Pre-Update
3744,559,2024-03-22,Plan Selection,3,40,viewed,3,Mar,Post-Update
3745,2601,2024-03-01,Home,1,87,viewed,3,Mar,Pre-Update
3746,1032,2024-04-21,Home,1,84,viewed,4,Apr,Post-Update
3747,1721,2024-04-27,Plan Selection,3,146,viewed,4,Apr,Post-Update
3748,511,2024-02-27,Home,1,91,viewed,2,Feb,Pre-Update
3749,2704,2024-01-06,Pricing Page,2,34,clicked,1,Jan,Pre-Update
3750,2109,2024-02-07,Confirmation,5,25,converted,2,Feb,Pre-Update
3751,1666,2024-04-09,Home,1,161,clicked,4,Apr,Post-Update
3752,1289,2024-04-05,Pricing Page,2,42,clicked,4,Apr,Post-Update
3753,1112,2024-04-06,Plan Selection,3,54,clicked,4,Apr,Post-Update
3754,1155,2024-05-05,Pricing Page,2,53,dropped,5,May,Post-Update
3755,944,2024-06-08,Pricing Page,2,56,clicked,6,Jun,Post-Update
3756,1953,2024-01-31,Confirmation,5,201,converted,1,Jan,Pre-Update
3757,313,2024-04-27,Confirmation,5,161,converted,4,Apr,Post-Update
3758,2888,2024-04-07,Payment,4,92,viewed,4,Apr,Post-Update
3759,66,2024-01-28,Plan Selection,3,205,viewed,1,Jan,Pre-Update
3760,782,2024-05-21,Home,1,75,dropped,5,May,Post-Update
3761,548,2024-02-08,Plan Selection,3,198,dropped,2,Feb,Pre-Update
3762,2941,2024-03-16,Home,1,104,viewed,3,Mar,Post-Update
3763,656,2024-02-26,Confirmation,5,124,converted,2,Feb,Pre-Update
3764,496,2024-01-19,Home,1,170,viewed,1,Jan,Pre-Update
3765,859,2024-04-21,Pricing Page,2,46,clicked,4,Apr,Post-Update
3766,354,2024-02-02,Plan Selection,3,51,clicked,2,Feb,Pre-Update
3767,1038,2024-04-08,Plan Selection,3,169,viewed,4,Apr,Post-Update
3768,828,2024-04-14,Home,1,115,clicked,4,Apr,Post-Update
3769,2390,2024-04-11,Pricing Page,2,48,dropped,4,Apr,Post-Update
3770,2493,2024-03-14,Plan Selection,3,101,viewed,3,Mar,Pre-Update
3771,2992,2024-06-24,Payment,4,80,dropped,6,Jun,Post-Update
3772,2893,2024-02-07,Home,1,39,clicked,2,Feb,Pre-Update
3773,2648,2024-04-22,Pricing Page,2,50,clicked,4,Apr,Post-Update
3774,991,2024-03-31,Plan Selection,3,30,viewed,3,Mar,Post-Update
3775,1302,2024-02-28,Pricing Page,2,48,dropped,2,Feb,Pre-Update
3776,1617,2024-03-28,Payment,4,131,viewed,3,Mar,Post-Update
3777,610,2024-02-05,Pricing Page,2,38,dropped,2,Feb,Pre-Update
3778,2493,2024-01-23,Home,1,62,viewed,1,Jan,Pre-Update
3779,2686,2024-04-30,Plan Selection,3,48,dropped,4,Apr,Post-Update
3780,1915,2024-01-12,Pricing Page,2,55,dropped,1,Jan,Pre-Update
3781,2520,2024-06-19,Home,1,22,viewed,6,Jun,Post-Update
3782,2329,2024-03-31,Home,1,76,dropped,3,Mar,Post-Update
3783,2581,2024-05-21,Pricing Page,2,47,clicked,5,May,Post-Update
3784,322,2024-05-04,Home,1,116,clicked,5,May,Post-Update
3785,2663,2024-04-09,Home,1,168,viewed,4,Apr,Post-Update
3786,424,2024-04-16,Plan Selection,3,185,viewed,4,Apr,Post-Update
3787,999,2024-02-22,Pricing Page,2,40,dropped,2,Feb,Pre-Update
3788,2687,2024-02-28,Confirmation,5,157,converted,2,Feb,Pre-Update
3789,2566,2024-01-12,Payment,4,132,viewed,1,Jan,Pre-Update
3790,192,2024-06-25,Plan Selection,3,114,clicked,6,Jun,Post-Update
3791,442,2024-01-20,Home,1,36,clicked,1,Jan,Pre-Update
3792,1556,2024-03-21,Plan Selection,3,20,dropped,3,Mar,Post-Update
3793,34,2024-03-04,Payment,4,123,viewed,3,Mar,Pre-Update
3794,1907,2024-02-01,Confirmation,5,65,converted,2,Feb,Pre-Update
3795,1554,2024-05-15,Home,1,159,dropped,5,May,Post-Update
3796,1351,2024-05-31,Payment,4,131,clicked,5,May,Post-Update
3797,197,2024-04-17,Payment,4,16,viewed,4,Apr,Post-Update
3798,982,2024-06-25,Confirmation,5,131,converted,6,Jun,Post-Update
3799,914,2024-05-07,Plan Selection,3,199,viewed,5,May,Post-Update
3800,2026,2024-04-30,Pricing Page,2,52,dropped,4,Apr,Post-Update
3801,2912,2024-03-17,Pricing Page,2,60,dropped,3,Mar,Post-Update
3802,1228,2024-04-28,Home,1,56,dropped,4,Apr,Post-Update
3803,1567,2024-03-28,Payment,4,159,dropped,3,Mar,Post-Update
3804,2700,2024-05-26,Pricing Page,2,48,clicked,5,May,Post-Update
3805,1204,2024-06-17,Pricing Page,2,51,viewed,6,Jun,Post-Update
3806,177,2024-04-29,Home,1,139,viewed,4,Apr,Post-Update
3807,969,2024-01-11,Pricing Page,2,43,dropped,1,Jan,Pre-Update
3808,2138,2024-06-21,Plan Selection,3,75,viewed,6,Jun,Post-Update
3809,1995,2024-01-24,Plan Selection,3,197,viewed,1,Jan,Pre-Update
3810,1837,2024-01-02,Home,1,202,dropped,1,Jan,Pre-Update
3811,593,2024-03-02,Home,1,112,dropped,3,Mar,Pre-Update
3812,1967,2024-04-12,Payment,4,127,clicked,4,Apr,Post-Update
3813,120,2024-01-23,Pricing Page,2,32,viewed,1,Jan,Pre-Update
3814,2022,2024-03-12,Confirmation,5,134,converted,3,Mar,Pre-Update
3815,684,2024-02-18,Plan Selection,3,113,viewed,2,Feb,Pre-Update
3816,1343,2024-03-19,Payment,4,172,clicked,3,Mar,Post-Update
3817,1487,2024-05-10,Home,1,101,viewed,5,May,Post-Update
3818,594,2024-02-14,Plan Selection,3,101,clicked,2,Feb,Pre-Update
3819,1448,2024-02-24,Home,1,76,clicked,2,Feb,Pre-Update
3820,1842,2024-04-01,Plan Selection,3,184,clicked,4,Apr,Post-Update
3821,167,2024-02-19,Home,1,44,clicked,2,Feb,Pre-Update
3822,2390,2024-02-05,Plan Selection,3,86,dropped,2,Feb,Pre-Update
3823,1525,2024-01-27,Pricing Page,2,48,dropped,1,Jan,Pre-Update
3824,304,2024-03-06,Plan Selection,3,102,viewed,3,Mar,Pre-Update
3825,1571,2024-02-19,Payment,4,31,dropped,2,Feb,Pre-Update
3826,1934,2024-04-25,Pricing Page,2,49,dropped,4,Apr,Post-Update
3827,1600,2024-02-16,Plan Selection,3,134,dropped,2,Feb,Pre-Update
3828,1693,2024-04-11,Home,1,173,viewed,4,Apr,Post-Update
3829,1560,2024-02-08,Plan Selection,3,194,dropped,2,Feb,Pre-Update
3830,1791,2024-05-18,Home,1,188,clicked,5,May,Post-Update
3831,212,2024-02-25,Pricing Page,2,48,dropped,2,Feb,Pre-Update
3832,551,2024-02-20,Payment,4,86,clicked,2,Feb,Pre-Update
3833,2160,2024-03-28,Pricing Page,2,62,dropped,3,Mar,Post-Update
3834,138,2024-03-03,Plan Selection,3,188,viewed,3,Mar,Pre-Update
3835,2658,2024-02-22,Payment,4,18,viewed,2,Feb,Pre-Update
3836,590,2024-03-11,Pricing Page,2,49,dropped,3,Mar,Pre-Update
3837,1930,2024-06-07,Pricing Page,2,58,viewed,6,Jun,Post-Update
3838,2579,2024-03-08,Pricing Page,2,39,clicked,3,Mar,Pre-Update
3839,1975,2024-01-23,Plan Selection,3,186,clicked,1,Jan,Pre-Update
3840,1995,2024-06-18,Plan Selection,3,127,viewed,6,Jun,Post-Update
3841,2332,2024-01-29,Pricing Page,2,55,viewed,1,Jan,Pre-Update
3842,2497,2024-04-04,Home,1,201,clicked,4,Apr,Post-Update
3843,1661,2024-02-25,Payment,4,102,viewed,2,Feb,Pre-Update
3844,2990,2024-06-21,Payment,4,21,viewed,6,Jun,Post-Update
3845,1492,2024-05-03,Confirmation,5,126,converted,5,May,Post-Update
3846,393,2024-06-13,Home,1,12,viewed,6,Jun,Post-Update
3847,311,2024-04-23,Payment,4,68,viewed,4,Apr,Post-Update
3848,2587,2024-03-26,Payment,4,92,viewed,3,Mar,Post-Update
3849,1687,2024-04-06,Confirmation,5,77,converted,4,Apr,Post-Update
3850,2160,2024-04-16,Payment,4,38,clicked,4,Apr,Post-Update
3851,1269,2024-01-01,Payment,4,157,clicked,1,Jan,Pre-Update
3852,2995,2024-04-29,Pricing Page,2,56,dropped,4,Apr,Post-Update
3853,1592,2024-03-21,Plan Selection,3,176,clicked,3,Mar,Post-Update
3854,2522,2024-03-12,Pricing Page,2,33,dropped,3,Mar,Pre-Update
3855,1876,2024-04-08,Payment,4,121,clicked,4,Apr,Post-Update
3856,2145,2024-05-14,Plan Selection,3,126,dropped,5,May,Post-Update
3857,1153,2024-02-14,Home,1,127,viewed,2,Feb,Pre-Update
3858,33,2024-05-22,Confirmation,5,37,converted,5,May,Post-Update
3859,2984,2024-04-10,Payment,4,74,dropped,4,Apr,Post-Update
3860,384,2024-06-26,Plan Selection,3,146,viewed,6,Jun,Post-Update
3861,406,2024-01-31,Pricing Page,2,48,viewed,1,Jan,Pre-Update
3862,1368,2024-05-01,Confirmation,5,202,converted,5,May,Post-Update
3863,2484,2024-02-15,Payment,4,21,dropped,2,Feb,Pre-Update
3864,2511,2024-02-02,Pricing Page,2,42,viewed,2,Feb,Pre-Update
3865,205,2024-05-19,Plan Selection,3,203,viewed,5,May,Post-Update
3866,1181,2024-03-12,Payment,4,163,clicked,3,Mar,Pre-Update
3867,85,2024-05-14,Plan Selection,3,195,viewed,5,May,Post-Update
3868,2831,2024-03-27,Plan Selection,3,94,clicked,3,Mar,Post-Update
3869,2130,2024-03-06,Plan Selection,3,74,clicked,3,Mar,Pre-Update
3870,2684,2024-05-16,Home,1,38,clicked,5,May,Post-Update
3871,2831,2024-02-23,Plan Selection,3,70,viewed,2,Feb,Pre-Update
3872,425,2024-06-07,Confirmation,5,35,converted,6,Jun,Post-Update
3873,2341,2024-04-04,Pricing Page,2,61,dropped,4,Apr,Post-Update
3874,1012,2024-02-16,Pricing Page,2,49,dropped,2,Feb,Pre-Update
3875,2688,2024-03-10,Pricing Page,2,59,dropped,3,Mar,Pre-Update
3876,1627,2024-05-22,Pricing Page,2,42,viewed,5,May,Post-Update
3877,2851,2024-01-17,Plan Selection,3,172,dropped,1,Jan,Pre-Update
3878,1856,2024-03-23,Pricing Page,2,60,dropped,3,Mar,Post-Update
3879,736,2024-05-10,Payment,4,38,dropped,5,May,Post-Update
3880,692,2024-05-17,Home,1,53,viewed,5,May,Post-Update
3881,897,2024-01-23,Payment,4,59,dropped,1,Jan,Pre-Update
3882,1633,2024-04-10,Home,1,11,viewed,4,Apr,Post-Update
3883,460,2024-06-04,Payment,4,140,viewed,6,Jun,Post-Update
3884,1924,2024-01-09,Pricing Page,2,42,dropped,1,Jan,Pre-Update
3885,1224,2024-04-28,Home,1,58,dropped,4,Apr,Post-Update
3886,2121,2024-02-19,Pricing Page,2,43,clicked,2,Feb,Pre-Update
3887,1082,2024-01-27,Plan Selection,3,179,clicked,1,Jan,Pre-Update
3888,2338,2024-01-19,Home,1,120,dropped,1,Jan,Pre-Update
3889,1724,2024-01-25,Confirmation,5,73,converted,1,Jan,Pre-Update
3890,2301,2024-06-07,Home,1,157,clicked,6,Jun,Post-Update
3891,482,2024-03-09,Pricing Page,2,56,dropped,3,Mar,Pre-Update
3892,1868,2024-02-29,Payment,4,179,viewed,2,Feb,Pre-Update
3893,534,2024-01-10,Payment,4,118,clicked,1,Jan,Pre-Update
3894,2471,2024-04-26,Payment,4,183,dropped,4,Apr,Post-Update
3895,1870,2024-06-27,Home,1,71,clicked,6,Jun,Post-Update
3896,41,2024-06-12,Pricing Page,2,57,viewed,6,Jun,Post-Update
3897,1412,2024-05-02,Confirmation,5,176,converted,5,May,Post-Update
3898,765,2024-05-19,Home,1,32,clicked,5,May,Post-Update
3899,712,2024-02-13,Pricing Page,2,50,viewed,2,Feb,Pre-Update
3900,1919,2024-03-14,Home,1,66,dropped,3,Mar,Pre-Update
3901,2199,2024-02-27,Pricing Page,2,58,clicked,2,Feb,Pre-Update
3902,1084,2024-06-05,Pricing Page,2,55,dropped,6,Jun,Post-Update
3903,1825,2024-02-05,Home,1,51,clicked,2,Feb,Pre-Update
3904,467,2024-01-21,Home,1,37,clicked,1,Jan,Pre-Update
3905,1869,2024-06-10,Plan Selection,3,62,clicked,6,Jun,Post-Update
3906,9,2024-03-01,Plan Selection,3,83,viewed,3,Mar,Pre-Update
3907,2909,2024-03-13,Home,1,72,dropped,3,Mar,Pre-Update
3908,927,2024-05-24,Home,1,188,clicked,5,May,Post-Update
3909,2476,2024-02-09,Plan Selection,3,103,clicked,2,Feb,Pre-Update
3910,2837,2024-02-26,Payment,4,157,clicked,2,Feb,Pre-Update
3911,428,2024-02-24,Home,1,118,clicked,2,Feb,Pre-Update
3912,1826,2024-05-06,Plan Selection,3,52,dropped,5,May,Post-Update
3913,2170,2024-03-13,Payment,4,13,clicked,3,Mar,Pre-Update
3914,2169,2024-06-20,Plan Selection,3,207,dropped,6,Jun,Post-Update
3915,698,2024-03-21,Plan Selection,3,75,dropped,3,Mar,Post-Update
3916,521,2024-05-20,Pricing Page,2,53,dropped,5,May,Post-Update
3917,1803,2024-05-12,Payment,4,35,dropped,5,May,Post-Update
3918,2526,2024-01-14,Payment,4,205,clicked,1,Jan,Pre-Update
3919,2806,2024-04-10,Confirmation,5,38,converted,4,Apr,Post-Update
3920,2501,2024-05-13,Home,1,159,dropped,5,May,Post-Update
3921,1706,2024-03-05,Home,1,62,dropped,3,Mar,Pre-Update
3922,2352,2024-04-14,Plan Selection,3,200,dropped,4,Apr,Post-Update
3923,2770,2024-01-27,Confirmation,5,78,converted,1,Jan,Pre-Update
3924,2542,2024-02-07,Pricing Page,2,55,viewed,2,Feb,Pre-Update
3925,1154,2024-04-09,Plan Selection,3,84,dropped,4,Apr,Post-Update
3926,392,2024-03-31,Home,1,28,dropped,3,Mar,Post-Update
3927,708,2024-06-06,Plan Selection,3,137,dropped,6,Jun,Post-Update
3928,704,2024-03-29,Payment,4,49,viewed,3,Mar,Post-Update
3929,1203,2024-04-19,Payment,4,68,viewed,4,Apr,Post-Update
3930,249,2024-03-20,Confirmation,5,102,converted,3,Mar,Post-Update
3931,1331,2024-05-29,Payment,4,122,clicked,5,May,Post-Update
3932,827,2024-02-05,Home,1,45,clicked,2,Feb,Pre-Update
3933,1794,2024-05-08,Payment,4,149,dropped,5,May,Post-Update
3934,2559,2024-05-06,Confirmation,5,116,converted,5,May,Post-Update
3935,2651,2024-05-29,Pricing Page,2,64,viewed,5,May,Post-Update
3936,598,2024-01-19,Confirmation,5,60,converted,1,Jan,Pre-Update
3937,1570,2024-06-05,Payment,4,32,clicked,6,Jun,Post-Update
3938,1203,2024-06-22,Plan Selection,3,29,viewed,6,Jun,Post-Update
3939,665,2024-06-29,Pricing Page,2,57,dropped,6,Jun,Post-Update
3940,1470,2024-04-13,Pricing Page,2,45,dropped,4,Apr,Post-Update
3941,1686,2024-04-23,Pricing Page,2,47,dropped,4,Apr,Post-Update
3942,2074,2024-03-21,Home,1,83,clicked,3,Mar,Post-Update
3943,2933,2024-04-26,Pricing Page,2,51,dropped,4,Apr,Post-Update
3944,2169,2024-03-09,Plan Selection,3,97,dropped,3,Mar,Pre-Update
3945,2640,2024-02-22,Payment,4,35,dropped,2,Feb,Pre-Update
3946,2584,2024-04-10,Pricing Page,2,48,dropped,4,Apr,Post-Update
3947,1870,2024-05-08,Plan Selection,3,74,clicked,5,May,Post-Update
3948,2062,2024-06-02,Home,1,70,dropped,6,Jun,Post-Update
3949,387,2024-04-22,Payment,4,163,viewed,4,Apr,Post-Update
3950,67,2024-01-21,Pricing Page,2,33,dropped,1,Jan,Pre-Update
3951,1537,2024-01-03,Plan Selection,3,138,clicked,1,Jan,Pre-Update
3952,164,2024-03-28,Pricing Page,2,64,dropped,3,Mar,Post-Update
3953,328,2024-06-15,Pricing Page,2,55,dropped,6,Jun,Post-Update
3954,1603,2024-04-05,Home,1,128,viewed,4,Apr,Post-Update
3955,1587,2024-01-11,Plan Selection,3,83,viewed,1,Jan,Pre-Update
3956,1222,2024-06-18,Pricing Page,2,51,viewed,6,Jun,Post-Update
3957,339,2024-06-09,Home,1,182,viewed,6,Jun,Post-Update
3958,1192,2024-06-28,Payment,4,191,dropped,6,Jun,Post-Update
3959,925,2024-06-15,Plan Selection,3,142,clicked,6,Jun,Post-Update
3960,812,2024-04-18,Home,1,36,dropped,4,Apr,Post-Update
3961,420,2024-03-08,Pricing Page,2,34,dropped,3,Mar,Pre-Update
3962,1091,2024-05-13,Plan Selection,3,175,clicked,5,May,Post-Update
3963,55,2024-02-05,Confirmation,5,14,converted,2,Feb,Pre-Update
3964,1034,2024-04-28,Pricing Page,2,46,clicked,4,Apr,Post-Update
3965,1250,2024-01-24,Pricing Page,2,46,clicked,1,Jan,Pre-Update
3966,1718,2024-06-12,Payment,4,64,viewed,6,Jun,Post-Update
3967,166,2024-03-04,Plan Selection,3,193,viewed,3,Mar,Pre-Update
3968,736,2024-05-30,Pricing Page,2,55,clicked,5,May,Post-Update
3969,966,2024-05-23,Home,1,139,dropped,5,May,Post-Update
3970,436,2024-01-14,Confirmation,5,102,converted,1,Jan,Pre-Update
3971,1473,2024-01-14,Confirmation,5,62,converted,1,Jan,Pre-Update
3972,1858,2024-02-26,Plan Selection,3,118,viewed,2,Feb,Pre-Update
3973,1435,2024-04-05,Pricing Page,2,52,clicked,4,Apr,Post-Update
3974,1887,2024-05-02,Pricing Page,2,51,clicked,5,May,Post-Update
3975,1729,2024-04-03,Payment,4,144,viewed,4,Apr,Post-Update
3976,330,2024-01-14,Home,1,19,dropped,1,Jan,Pre-Update
3977,511,2024-04-30,Payment,4,34,dropped,4,Apr,Post-Update
3978,1019,2024-02-19,Pricing Page,2,56,dropped,2,Feb,Pre-Update
3979,741,2024-01-20,Payment,4,132,viewed,1,Jan,Pre-Update
3980,2066,2024-02-29,Plan Selection,3,183,viewed,2,Feb,Pre-Update
3981,1522,2024-05-01,Payment,4,50,clicked,5,May,Post-Update
3982,2381,2024-04-05,Pricing Page,2,58,clicked,4,Apr,Post-Update
3983,514,2024-06-17,Home,1,188,dropped,6,Jun,Post-Update
3984,1883,2024-06-21,Payment,4,110,viewed,6,Jun,Post-Update
3985,2860,2024-01-17,Plan Selection,3,158,viewed,1,Jan,Pre-Update
3986,735,2024-04-08,Confirmation,5,64,converted,4,Apr,Post-Update
3987,1270,2024-02-23,Pricing Page,2,35,dropped,2,Feb,Pre-Update
3988,2538,2024-03-11,Pricing Page,2,55,dropped,3,Mar,Pre-Update
3989,2203,2024-03-30,Pricing Page,2,63,dropped,3,Mar,Post-Update
3990,1669,2024-04-06,Confirmation,5,79,converted,4,Apr,Post-Update
3991,2332,2024-06-01,Payment,4,175,clicked,6,Jun,Post-Update
3992,507,2024-02-15,Payment,4,16,viewed,2,Feb,Pre-Update
3993,1127,2024-02-04,Payment,4,121,clicked,2,Feb,Pre-Update
3994,2649,2024-03-27,Payment,4,73,clicked,3,Mar,Post-Update
3995,2090,2024-03-30,Pricing Page,2,50,viewed,3,Mar,Post-Update
3996,1918,2024-02-14,Pricing Page,2,54,dropped,2,Feb,Pre-Update
3997,1535,2024-06-22,Pricing Page,2,52,dropped,6,Jun,Post-Update
3998,1032,2024-01-12,Pricing Page,2,35,dropped,1,Jan,Pre-Update
3999,2811,2024-03-11,Home,1,124,clicked,3,Mar,Pre-Update
4000,939,2024-03-04,Payment,4,209,clicked,3,Mar,Pre-Update
4001,2386,2024-02-25,Home,1,165,clicked,2,Feb,Pre-Update
4002,26,2024-04-25,Home,1,200,dropped,4,Apr,Post-Update
4003,951,2024-06-08,Pricing Page,2,57,viewed,6,Jun,Post-Update
4004,1163,2024-03-02,Plan Selection,3,131,clicked,3,Mar,Pre-Update
4005,1529,2024-01-27,Pricing Page,2,48,clicked,1,Jan,Pre-Update
4006,1643,2024-02-21,Payment,4,12,viewed,2,Feb,Pre-Update
4007,2070,2024-02-08,Confirmation,5,78,converted,2,Feb,Pre-Update
4008,2150,2024-04-11,Plan Selection,3,125,viewed,4,Apr,Post-Update
4009,2738,2024-05-20,Home,1,92,viewed,5,May,Post-Update
4010,2402,2024-02-03,Plan Selection,3,18,viewed,2,Feb,Pre-Update
4011,462,2024-05-24,Plan Selection,3,66,viewed,5,May,Post-Update
4012,609,2024-04-15,Pricing Page,2,59,clicked,4,Apr,Post-Update
4013,1903,2024-06-07,Pricing Page,2,61,dropped,6,Jun,Post-Update
4014,496,2024-02-24,Home,1,32,clicked,2,Feb,Pre-Update
4015,1419,2024-05-02,Confirmation,5,161,converted,5,May,Post-Update
4016,2722,2024-02-19,Plan Selection,3,81,viewed,2,Feb,Pre-Update
4017,1017,2024-01-09,Pricing Page,2,59,dropped,1,Jan,Pre-Update
4018,633,2024-03-06,Home,1,166,clicked,3,Mar,Pre-Update
4019,1719,2024-05-09,Payment,4,43,clicked,5,May,Post-Update
4020,2293,2024-01-11,Confirmation,5,172,converted,1,Jan,Pre-Update
4021,233,2024-06-20,Pricing Page,2,56,clicked,6,Jun,Post-Update
4022,1366,2024-02-18,Confirmation,5,30,converted,2,Feb,Pre-Update
4023,1714,2024-04-08,Home,1,95,dropped,4,Apr,Post-Update
4024,538,2024-04-22,Plan Selection,3,11,clicked,4,Apr,Post-Update
4025,1633,2024-05-21,Pricing Page,2,38,dropped,5,May,Post-Update
4026,859,2024-04-24,Pricing Page,2,54,viewed,4,Apr,Post-Update
4027,138,2024-03-10,Payment,4,171,viewed,3,Mar,Pre-Update
4028,2684,2024-03-27,Plan Selection,3,37,clicked,3,Mar,Post-Update
4029,949,2024-06-19,Payment,4,206,viewed,6,Jun,Post-Update
4030,606,2024-01-22,Confirmation,5,123,converted,1,Jan,Pre-Update
4031,2638,2024-05-06,Payment,4,37,dropped,5,May,Post-Update
4032,1099,2024-03-06,Plan Selection,3,103,dropped,3,Mar,Pre-Update
4033,1807,2024-03-15,Pricing Page,2,67,dropped,3,Mar,Post-Update
4034,423,2024-01-07,Payment,4,144,dropped,1,Jan,Pre-Update
4035,1263,2024-06-01,Confirmation,5,66,converted,6,Jun,Post-Update
4036,1544,2024-05-12,Home,1,78,clicked,5,May,Post-Update
4037,2752,2024-03-17,Pricing Page,2,53,dropped,3,Mar,Post-Update
4038,2266,2024-03-16,Payment,4,187,viewed,3,Mar,Post-Update
4039,176,2024-03-24,Home,1,71,dropped,3,Mar,Post-Update
4040,2022,2024-01-03,Home,1,40,viewed,1,Jan,Pre-Update
4041,2276,2024-06-05,Home,1,147,clicked,6,Jun,Post-Update
4042,750,2024-03-24,Plan Selection,3,99,clicked,3,Mar,Post-Update
4043,859,2024-06-04,Pricing Page,2,55,clicked,6,Jun,Post-Update
4044,956,2024-05-16,Payment,4,181,viewed,5,May,Post-Update
4045,1383,2024-06-09,Home,1,126,viewed,6,Jun,Post-Update
4046,270,2024-01-27,Pricing Page,2,56,dropped,1,Jan,Pre-Update
4047,2247,2024-03-27,Home,1,61,viewed,3,Mar,Post-Update
4048,1750,2024-02-25,Payment,4,199,clicked,2,Feb,Pre-Update
4049,872,2024-01-31,Confirmation,5,87,converted,1,Jan,Pre-Update
4050,2974,2024-05-24,Home,1,147,clicked,5,May,Post-Update
4051,2710,2024-03-01,Confirmation,5,169,converted,3,Mar,Pre-Update
4052,313,2024-01-24,Pricing Page,2,39,clicked,1,Jan,Pre-Update
4053,2365,2024-02-24,Home,1,178,viewed,2,Feb,Pre-Update
4054,804,2024-01-12,Plan Selection,3,83,clicked,1,Jan,Pre-Update
4055,1327,2024-02-20,Home,1,120,clicked,2,Feb,Pre-Update
4056,2918,2024-02-21,Plan Selection,3,140,viewed,2,Feb,Pre-Update
4057,2541,2024-06-21,Pricing Page,2,44,dropped,6,Jun,Post-Update
4058,2299,2024-03-06,Plan Selection,3,101,viewed,3,Mar,Pre-Update
4059,1202,2024-05-14,Plan Selection,3,73,dropped,5,May,Post-Update
4060,1127,2024-05-02,Pricing Page,2,46,clicked,5,May,Post-Update
4061,982,2024-05-11,Plan Selection,3,18,clicked,5,May,Post-Update
4062,843,2024-04-11,Confirmation,5,30,converted,4,Apr,Post-Update
4063,1958,2024-06-20,Payment,4,25,dropped,6,Jun,Post-Update
4064,2740,2024-03-28,Plan Selection,3,188,clicked,3,Mar,Post-Update
4065,1816,2024-04-29,Pricing Page,2,50,dropped,4,Apr,Post-Update
4066,2057,2024-05-05,Pricing Page,2,38,viewed,5,May,Post-Update
4067,653,2024-04-02,Confirmation,5,208,converted,4,Apr,Post-Update
4068,755,2024-02-20,Plan Selection,3,73,viewed,2,Feb,Pre-Update
4069,1597,2024-04-13,Pricing Page,2,55,dropped,4,Apr,Post-Update
4070,2058,2024-02-04,Confirmation,5,201,converted,2,Feb,Pre-Update
4071,198,2024-03-23,Home,1,22,dropped,3,Mar,Post-Update
4072,157,2024-01-22,Pricing Page,2,55,viewed,1,Jan,Pre-Update
4073,2665,2024-05-23,Pricing Page,2,43,viewed,5,May,Post-Update
4074,446,2024-06-19,Pricing Page,2,51,dropped,6,Jun,Post-Update
4075,877,2024-06-03,Pricing Page,2,51,viewed,6,Jun,Post-Update
4076,1994,2024-02-29,Plan Selection,3,72,clicked,2,Feb,Pre-Update
4077,2788,2024-06-17,Payment,4,108,viewed,6,Jun,Post-Update
4078,2945,2024-02-12,Pricing Page,2,43,clicked,2,Feb,Pre-Update
4079,382,2024-02-02,Plan Selection,3,17,viewed,2,Feb,Pre-Update
4080,358,2024-04-28,Confirmation,5,132,converted,4,Apr,Post-Update
4081,979,2024-05-22,Confirmation,5,93,converted,5,May,Post-Update
4082,670,2024-06-04,Plan Selection,3,131,dropped,6,Jun,Post-Update
4083,2503,2024-05-19,Pricing Page,2,52,dropped,5,May,Post-Update
4084,356,2024-04-29,Confirmation,5,168,converted,4,Apr,Post-Update
4085,302,2024-01-23,Pricing Page,2,35,viewed,1,Jan,Pre-Update
4086,226,2024-04-24,Confirmation,5,158,converted,4,Apr,Post-Update
4087,2813,2024-03-23,Pricing Page,2,67,dropped,3,Mar,Post-Update
4088,1071,2024-03-17,Home,1,190,clicked,3,Mar,Post-Update
4089,1102,2024-04-16,Payment,4,108,viewed,4,Apr,Post-Update
4090,3000,2024-02-27,Plan Selection,3,201,dropped,2,Feb,Pre-Update
4091,1090,2024-05-01,Pricing Page,2,49,dropped,5,May,Post-Update
4092,2890,2024-05-19,Confirmation,5,120,converted,5,May,Post-Update
4093,2527,2024-04-09,Pricing Page,2,53,clicked,4,Apr,Post-Update
4094,1718,2024-03-16,Pricing Page,2,54,clicked,3,Mar,Post-Update
4095,1889,2024-02-03,Home,1,147,clicked,2,Feb,Pre-Update
4096,1045,2024-06-11,Pricing Page,2,53,dropped,6,Jun,Post-Update
4097,2500,2024-02-29,Home,1,150,dropped,2,Feb,Pre-Update
4098,1198,2024-05-05,Pricing Page,2,44,dropped,5,May,Post-Update
4099,264,2024-03-09,Plan Selection,3,10,dropped,3,Mar,Pre-Update
4100,1855,2024-05-09,Payment,4,113,clicked,5,May,Post-Update
4101,1164,2024-05-20,Plan Selection,3,51,viewed,5,May,Post-Update
4102,2919,2024-01-20,Plan Selection,3,165,dropped,1,Jan,Pre-Update
4103,2350,2024-06-02,Confirmation,5,194,converted,6,Jun,Post-Update
4104,2795,2024-06-10,Plan Selection,3,131,dropped,6,Jun,Post-Update
4105,1539,2024-03-07,Pricing Page,2,40,viewed,3,Mar,Pre-Update
4106,165,2024-06-01,Home,1,146,clicked,6,Jun,Post-Update
4107,1083,2024-06-23,Payment,4,163,viewed,6,Jun,Post-Update
4108,2737,2024-04-24,Pricing Page,2,44,viewed,4,Apr,Post-Update
4109,2142,2024-06-16,Pricing Page,2,56,clicked,6,Jun,Post-Update
4110,1386,2024-02-27,Home,1,14,clicked,2,Feb,Pre-Update
4111,1736,2024-02-25,Payment,4,19,viewed,2,Feb,Pre-Update
4112,385,2024-01-15,Home,1,180,dropped,1,Jan,Pre-Update
4113,1496,2024-06-04,Payment,4,84,clicked,6,Jun,Post-Update
4114,1122,2024-03-08,Payment,4,131,viewed,3,Mar,Pre-Update
4115,599,2024-04-15,Pricing Page,2,62,dropped,4,Apr,Post-Update
4116,1615,2024-01-14,Payment,4,114,clicked,1,Jan,Pre-Update
4117,921,2024-03-14,Home,1,79,clicked,3,Mar,Pre-Update
4118,2813,2024-03-31,Plan Selection,3,196,clicked,3,Mar,Post-Update
4119,588,2024-02-03,Pricing Page,2,34,clicked,2,Feb,Pre-Update
4120,2679,2024-03-28,Payment,4,69,dropped,3,Mar,Post-Update
4121,905,2024-05-22,Home,1,179,dropped,5,May,Post-Update
4122,2931,2024-04-13,Confirmation,5,205,converted,4,Apr,Post-Update
4123,215,2024-03-17,Confirmation,5,54,converted,3,Mar,Post-Update
4124,1259,2024-03-18,Confirmation,5,41,converted,3,Mar,Post-Update
4125,363,2024-01-24,Pricing Page,2,32,clicked,1,Jan,Pre-Update
4126,586,2024-04-05,Home,1,149,clicked,4,Apr,Post-Update
4127,1613,2024-05-07,Confirmation,5,101,converted,5,May,Post-Update
4128,1662,2024-03-11,Pricing Page,2,37,dropped,3,Mar,Pre-Update
4129,750,2024-01-09,Pricing Page,2,39,dropped,1,Jan,Pre-Update
4130,2153,2024-02-01,Plan Selection,3,20,dropped,2,Feb,Pre-Update
4131,1379,2024-06-16,Pricing Page,2,51,dropped,6,Jun,Post-Update
4132,1572,2024-06-05,Payment,4,47,viewed,6,Jun,Post-Update
4133,2274,2024-05-24,Plan Selection,3,47,viewed,5,May,Post-Update
4134,1149,2024-04-08,Plan Selection,3,67,viewed,4,Apr,Post-Update
4135,1553,2024-04-11,Pricing Page,2,55,dropped,4,Apr,Post-Update
4136,258,2024-06-16,Pricing Page,2,38,dropped,6,Jun,Post-Update
4137,369,2024-03-31,Home,1,40,clicked,3,Mar,Post-Update
4138,1170,2024-06-01,Home,1,144,clicked,6,Jun,Post-Update
4139,721,2024-03-20,Pricing Page,2,41,dropped,3,Mar,Post-Update
4140,986,2024-02-10,Home,1,21,viewed,2,Feb,Pre-Update
4141,106,2024-04-28,Home,1,175,viewed,4,Apr,Post-Update
4142,2484,2024-01-29,Pricing Page,2,59,dropped,1,Jan,Pre-Update
4143,1755,2024-04-14,Home,1,185,dropped,4,Apr,Post-Update
4144,1424,2024-02-26,Home,1,155,dropped,2,Feb,Pre-Update
4145,49,2024-03-06,Payment,4,155,clicked,3,Mar,Pre-Update
4146,1658,2024-05-10,Confirmation,5,130,converted,5,May,Post-Update
4147,455,2024-06-20,Pricing Page,2,56,dropped,6,Jun,Post-Update
4148,1271,2024-02-29,Pricing Page,2,56,dropped,2,Feb,Pre-Update
4149,2100,2024-05-07,Pricing Page,2,66,dropped,5,May,Post-Update
4150,1710,2024-03-15,Pricing Page,2,53,dropped,3,Mar,Post-Update
4151,736,2024-04-07,Confirmation,5,32,converted,4,Apr,Post-Update
4152,2200,2024-02-29,Pricing Page,2,35,clicked,2,Feb,Pre-Update
4153,2096,2024-04-05,Plan Selection,3,42,dropped,4,Apr,Post-Update
4154,844,2024-06-20,Confirmation,5,141,converted,6,Jun,Post-Update
4155,1778,2024-06-27,Home,1,168,clicked,6,Jun,Post-Update
4156,464,2024-02-16,Payment,4,76,dropped,2,Feb,Pre-Update
4157,2970,2024-03-05,Payment,4,19,viewed,3,Mar,Pre-Update
4158,2014,2024-01-13,Pricing Page,2,42,dropped,1,Jan,Pre-Update
4159,878,2024-01-25,Payment,4,140,viewed,1,Jan,Pre-Update
4160,424,2024-02-14,Payment,4,78,clicked,2,Feb,Pre-Update
4161,754,2024-03-29,Plan Selection,3,17,dropped,3,Mar,Post-Update
4162,750,2024-01-07,Pricing Page,2,30,viewed,1,Jan,Pre-Update
4163,691,2024-04-11,Home,1,188,dropped,4,Apr,Post-Update
4164,2761,2024-02-13,Pricing Page,2,45,dropped,2,Feb,Pre-Update
4165,1000,2024-01-30,Payment,4,137,viewed,1,Jan,Pre-Update
4166,1994,2024-02-01,Payment,4,175,clicked,2,Feb,Pre-Update
4167,429,2024-01-26,Pricing Page,2,59,dropped,1,Jan,Pre-Update
4168,816,2024-02-13,Pricing Page,2,35,viewed,2,Feb,Pre-Update
4169,1388,2024-06-10,Home,1,145,dropped,6,Jun,Post-Update
4170,2675,2024-06-11,Payment,4,92,clicked,6,Jun,Post-Update
4171,2240,2024-06-19,Pricing Page,2,53,dropped,6,Jun,Post-Update
4172,598,2024-04-11,Pricing Page,2,48,dropped,4,Apr,Post-Update
4173,1588,2024-02-25,Confirmation,5,166,converted,2,Feb,Pre-Update
4174,270,2024-01-19,Pricing Page,2,57,viewed,1,Jan,Pre-Update
4175,2151,2024-06-08,Pricing Page,2,57,dropped,6,Jun,Post-Update
4176,1206,2024-04-18,Payment,4,42,clicked,4,Apr,Post-Update
4177,1993,2024-01-06,Home,1,162,clicked,1,Jan,Pre-Update
4178,668,2024-02-06,Pricing Page,2,34,clicked,2,Feb,Pre-Update
4179,2491,2024-02-06,Plan Selection,3,202,clicked,2,Feb,Pre-Update
4180,1542,2024-05-11,Home,1,56,viewed,5,May,Post-Update
4181,2751,2024-05-27,Pricing Page,2,42,clicked,5,May,Post-Update
4182,2147,2024-01-11,Home,1,124,clicked,1,Jan,Pre-Update
4183,974,2024-03-13,Home,1,194,clicked,3,Mar,Pre-Update
4184,2756,2024-06-26,Home,1,174,viewed,6,Jun,Post-Update
4185,2436,2024-01-17,Home,1,166,viewed,1,Jan,Pre-Update
4186,119,2024-04-12,Payment,4,190,clicked,4,Apr,Post-Update
4187,180,2024-02-12,Home,1,72,clicked,2,Feb,Pre-Update
4188,2279,2024-02-03,Plan Selection,3,141,clicked,2,Feb,Pre-Update
4189,2572,2024-02-03,Pricing Page,2,36,dropped,2,Feb,Pre-Update
4190,1531,2024-03-22,Plan Selection,3,56,dropped,3,Mar,Post-Update
4191,1163,2024-06-09,Pricing Page,2,58,dropped,6,Jun,Post-Update
4192,2209,2024-01-07,Confirmation,5,155,converted,1,Jan,Pre-Update
4193,2203,2024-03-29,Pricing Page,2,61,dropped,3,Mar,Post-Update
4194,1702,2024-02-19,Plan Selection,3,123,viewed,2,Feb,Pre-Update
4195,859,2024-01-07,Pricing Page,2,46,clicked,1,Jan,Pre-Update
4196,221,2024-01-25,Pricing Page,2,56,dropped,1,Jan,Pre-Update
4197,2207,2024-03-18,Confirmation,5,95,converted,3,Mar,Post-Update
4198,924,2024-02-16,Pricing Page,2,30,viewed,2,Feb,Pre-Update
4199,2782,2024-04-29,Plan Selection,3,121,clicked,4,Apr,Post-Update
4200,2031,2024-04-13,Payment,4,105,viewed,4,Apr,Post-Update
4201,2787,2024-01-05,Pricing Page,2,48,dropped,1,Jan,Pre-Update
4202,1599,2024-03-18,Plan Selection,3,104,viewed,3,Mar,Post-Update
4203,195,2024-02-13,Confirmation,5,65,converted,2,Feb,Pre-Update
4204,1202,2024-01-30,Plan Selection,3,127,dropped,1,Jan,Pre-Update
4205,2145,2024-02-21,Pricing Page,2,46,viewed,2,Feb,Pre-Update
4206,536,2024-06-24,Pricing Page,2,55,dropped,6,Jun,Post-Update
4207,1928,2024-06-21,Payment,4,73,dropped,6,Jun,Post-Update
4208,1258,2024-06-07,Home,1,207,clicked,6,Jun,Post-Update
4209,2641,2024-05-05,Payment,4,27,viewed,5,May,Post-Update
4210,1192,2024-02-04,Payment,4,61,viewed,2,Feb,Pre-Update
4211,497,2024-06-05,Payment,4,120,clicked,6,Jun,Post-Update
4212,2067,2024-04-25,Home,1,150,dropped,4,Apr,Post-Update
4213,1825,2024-04-20,Pricing Page,2,47,viewed,4,Apr,Post-Update
4214,2325,2024-01-03,Payment,4,147,dropped,1,Jan,Pre-Update
4215,2861,2024-01-29,Confirmation,5,36,converted,1,Jan,Pre-Update
4216,2686,2024-01-15,Payment,4,88,viewed,1,Jan,Pre-Update
4217,2178,2024-02-21,Pricing Page,2,41,dropped,2,Feb,Pre-Update
4218,2803,2024-06-29,Home,1,203,dropped,6,Jun,Post-Update
4219,1055,2024-01-02,Confirmation,5,197,converted,1,Jan,Pre-Update
4220,2124,2024-05-11,Plan Selection,3,81,clicked,5,May,Post-Update
4221,656,2024-02-28,Confirmation,5,171,converted,2,Feb,Pre-Update
4222,488,2024-03-12,Plan Selection,3,71,dropped,3,Mar,Pre-Update
4223,814,2024-02-13,Pricing Page,2,35,viewed,2,Feb,Pre-Update
4224,1552,2024-01-24,Home,1,23,dropped,1,Jan,Pre-Update
4225,263,2024-02-18,Home,1,121,clicked,2,Feb,Pre-Update
4226,656,2024-03-05,Home,1,117,clicked,3,Mar,Pre-Update
4227,2932,2024-06-18,Payment,4,197,clicked,6,Jun,Post-Update
4228,1075,2024-03-29,Pricing Page,2,50,dropped,3,Mar,Post-Update
4229,2258,2024-05-13,Pricing Page,2,65,dropped,5,May,Post-Update
4230,2944,2024-06-02,Pricing Page,2,66,viewed,6,Jun,Post-Update
4231,1475,2024-06-02,Payment,4,55,viewed,6,Jun,Post-Update
4232,2202,2024-01-04,Confirmation,5,82,converted,1,Jan,Pre-Update
4233,477,2024-05-08,Home,1,62,dropped,5,May,Post-Update
4234,1776,2024-05-12,Confirmation,5,51,converted,5,May,Post-Update
4235,1222,2024-03-14,Payment,4,175,viewed,3,Mar,Pre-Update
4236,143,2024-01-22,Pricing Page,2,58,dropped,1,Jan,Pre-Update
4237,2894,2024-05-12,Payment,4,145,dropped,5,May,Post-Update
4238,799,2024-01-28,Confirmation,5,81,converted,1,Jan,Pre-Update
4239,2708,2024-03-20,Pricing Page,2,40,viewed,3,Mar,Post-Update
4240,1408,2024-04-06,Pricing Page,2,57,dropped,4,Apr,Post-Update
4241,2446,2024-03-12,Plan Selection,3,95,clicked,3,Mar,Pre-Update
4242,1781,2024-02-13,Pricing Page,2,41,clicked,2,Feb,Pre-Update
4243,667,2024-01-15,Payment,4,85,viewed,1,Jan,Pre-Update
4244,1477,2024-02-21,Confirmation,5,183,converted,2,Feb,Pre-Update
4245,1516,2024-06-16,Home,1,157,clicked,6,Jun,Post-Update
4246,1989,2024-02-04,Confirmation,5,67,converted,2,Feb,Pre-Update
4247,1565,2024-05-14,Home,1,115,dropped,5,May,Post-Update
4248,946,2024-01-07,Pricing Page,2,33,viewed,1,Jan,Pre-Update
4249,2896,2024-02-11,Pricing Page,2,45,viewed,2,Feb,Pre-Update
4250,2991,2024-02-12,Home,1,50,clicked,2,Feb,Pre-Update
4251,2142,2024-02-02,Payment,4,56,viewed,2,Feb,Pre-Update
4252,2312,2024-02-01,Plan Selection,3,67,viewed,2,Feb,Pre-Update
4253,2606,2024-01-20,Confirmation,5,73,converted,1,Jan,Pre-Update
4254,2384,2024-01-05,Payment,4,145,dropped,1,Jan,Pre-Update
4255,1795,2024-04-21,Pricing Page,2,55,dropped,4,Apr,Post-Update
4256,1230,2024-06-23,Plan Selection,3,29,viewed,6,Jun,Post-Update
4257,415,2024-04-24,Payment,4,187,dropped,4,Apr,Post-Update
4258,350,2024-01-22,Pricing Page,2,56,clicked,1,Jan,Pre-Update
4259,1526,2024-04-30,Payment,4,14,viewed,4,Apr,Post-Update
4260,1339,2024-01-22,Pricing Page,2,59,dropped,1,Jan,Pre-Update
4261,1160,2024-05-15,Plan Selection,3,153,viewed,5,May,Post-Update
4262,2534,2024-05-29,Plan Selection,3,118,viewed,5,May,Post-Update
4263,2680,2024-05-15,Home,1,32,clicked,5,May,Post-Update
4264,1030,2024-05-08,Plan Selection,3,109,viewed,5,May,Post-Update
4265,93,2024-03-21,Home,1,63,viewed,3,Mar,Post-Update
4266,398,2024-05-06,Home,1,85,clicked,5,May,Post-Update
4267,2532,2024-03-20,Plan Selection,3,202,viewed,3,Mar,Post-Update
4268,999,2024-01-25,Plan Selection,3,202,viewed,1,Jan,Pre-Update
4269,109,2024-05-30,Home,1,157,clicked,5,May,Post-Update
4270,1504,2024-06-08,Confirmation,5,182,converted,6,Jun,Post-Update
4271,1858,2024-03-31,Plan Selection,3,159,viewed,3,Mar,Post-Update
4272,2110,2024-01-27,Plan Selection,3,148,clicked,1,Jan,Pre-Update
4273,2497,2024-03-15,Plan Selection,3,137,clicked,3,Mar,Post-Update
4274,1043,2024-03-10,Confirmation,5,59,converted,3,Mar,Pre-Update
4275,1819,2024-02-21,Plan Selection,3,34,viewed,2,Feb,Pre-Update
4276,2339,2024-03-15,Plan Selection,3,74,clicked,3,Mar,Post-Update
4277,1311,2024-05-14,Pricing Page,2,61,clicked,5,May,Post-Update
4278,2750,2024-04-27,Plan Selection,3,123,clicked,4,Apr,Post-Update
4279,2664,2024-03-29,Payment,4,96,viewed,3,Mar,Post-Update
4280,2483,2024-04-29,Payment,4,41,clicked,4,Apr,Post-Update
4281,2970,2024-01-14,Pricing Page,2,54,viewed,1,Jan,Pre-Update
4282,2721,2024-06-14,Payment,4,106,viewed,6,Jun,Post-Update
4283,2791,2024-01-05,Pricing Page,2,48,dropped,1,Jan,Pre-Update
4284,2365,2024-04-05,Pricing Page,2,61,dropped,4,Apr,Post-Update
4285,1313,2024-05-04,Home,1,114,clicked,5,May,Post-Update
4286,2242,2024-06-20,Pricing Page,2,57,clicked,6,Jun,Post-Update
4287,2558,2024-06-25,Pricing Page,2,59,clicked,6,Jun,Post-Update
4288,2888,2024-06-17,Payment,4,18,viewed,6,Jun,Post-Update
4289,1397,2024-04-12,Pricing Page,2,53,dropped,4,Apr,Post-Update
4290,2246,2024-06-22,Plan Selection,3,184,viewed,6,Jun,Post-Update
4291,2969,2024-05-21,Confirmation,5,69,converted,5,May,Post-Update
4292,2142,2024-05-01,Pricing Page,2,39,clicked,5,May,Post-Update
4293,493,2024-05-26,Plan Selection,3,72,viewed,5,May,Post-Update
4294,2137,2024-05-18,Plan Selection,3,47,viewed,5,May,Post-Update
4295,2021,2024-05-29,Home,1,19,viewed,5,May,Post-Update
4296,1463,2024-04-29,Payment,4,45,clicked,4,Apr,Post-Update
4297,1281,2024-06-22,Plan Selection,3,152,dropped,6,Jun,Post-Update
4298,2670,2024-03-19,Pricing Page,2,43,dropped,3,Mar,Post-Update
4299,1844,2024-05-19,Home,1,157,viewed,5,May,Post-Update
4300,255,2024-03-21,Confirmation,5,111,converted,3,Mar,Post-Update
4301,1879,2024-04-21,Home,1,31,viewed,4,Apr,Post-Update
4302,1567,2024-05-07,Confirmation,5,142,converted,5,May,Post-Update
4303,1321,2024-02-09,Payment,4,48,viewed,2,Feb,Pre-Update
4304,2101,2024-04-06,Plan Selection,3,58,clicked,4,Apr,Post-Update
4305,2526,2024-04-30,Payment,4,204,clicked,4,Apr,Post-Update
4306,1650,2024-02-17,Plan Selection,3,122,viewed,2,Feb,Pre-Update
4307,1044,2024-02-26,Plan Selection,3,148,viewed,2,Feb,Pre-Update
4308,975,2024-06-26,Confirmation,5,162,converted,6,Jun,Post-Update
4309,2929,2024-04-18,Home,1,118,clicked,4,Apr,Post-Update
4310,2727,2024-01-05,Pricing Page,2,56,dropped,1,Jan,Pre-Update
4311,932,2024-01-01,Home,1,87,viewed,1,Jan,Pre-Update
4312,921,2024-03-23,Pricing Page,2,51,dropped,3,Mar,Post-Update
4313,576,2024-04-28,Plan Selection,3,127,viewed,4,Apr,Post-Update
4314,757,2024-06-03,Pricing Page,2,66,dropped,6,Jun,Post-Update
4315,623,2024-03-17,Pricing Page,2,41,dropped,3,Mar,Post-Update
4316,2092,2024-05-30,Home,1,181,dropped,5,May,Post-Update
4317,2324,2024-04-30,Home,1,21,dropped,4,Apr,Post-Update
4318,181,2024-04-12,Plan Selection,3,109,clicked,4,Apr,Post-Update
4319,1180,2024-02-12,Confirmation,5,55,converted,2,Feb,Pre-Update
4320,576,2024-02-18,Payment,4,23,dropped,2,Feb,Pre-Update
4321,2503,2024-01-28,Pricing Page,2,54,dropped,1,Jan,Pre-Update
4322,2627,2024-04-20,Pricing Page,2,46,dropped,4,Apr,Post-Update
4323,2003,2024-01-09,Pricing Page,2,32,clicked,1,Jan,Pre-Update
4324,2800,2024-05-20,Home,1,22,dropped,5,May,Post-Update
4325,728,2024-06-21,Home,1,69,clicked,6,Jun,Post-Update
4326,200,2024-01-29,Plan Selection,3,108,viewed,1,Jan,Pre-Update
4327,2803,2024-04-22,Pricing Page,2,59,dropped,4,Apr,Post-Update
4328,2402,2024-02-15,Payment,4,114,dropped,2,Feb,Pre-Update
4329,2043,2024-02-15,Pricing Page,2,40,dropped,2,Feb,Pre-Update
4330,1557,2024-02-13,Plan Selection,3,106,clicked,2,Feb,Pre-Update
4331,19,2024-04-11,Payment,4,51,viewed,4,Apr,Post-Update
4332,2822,2024-04-11,Confirmation,5,58,converted,4,Apr,Post-Update
4333,777,2024-04-12,Home,1,120,viewed,4,Apr,Post-Update
4334,1169,2024-01-23,Pricing Page,2,55,viewed,1,Jan,Pre-Update
4335,2372,2024-03-08,Pricing Page,2,40,dropped,3,Mar,Pre-Update
4336,1029,2024-06-07,Pricing Page,2,40,dropped,6,Jun,Post-Update
4337,1495,2024-03-24,Payment,4,154,dropped,3,Mar,Post-Update
4338,1693,2024-03-09,Pricing Page,2,57,viewed,3,Mar,Pre-Update
4339,2932,2024-01-10,Pricing Page,2,43,dropped,1,Jan,Pre-Update
4340,1098,2024-05-20,Payment,4,117,clicked,5,May,Post-Update
4341,658,2024-06-29,Pricing Page,2,58,dropped,6,Jun,Post-Update
4342,352,2024-02-19,Home,1,61,dropped,2,Feb,Pre-Update
4343,1161,2024-02-14,Home,1,119,clicked,2,Feb,Pre-Update
4344,766,2024-04-06,Confirmation,5,191,converted,4,Apr,Post-Update
4345,2527,2024-03-28,Confirmation,5,203,converted,3,Mar,Post-Update
4346,599,2024-01-16,Payment,4,199,dropped,1,Jan,Pre-Update
4347,554,2024-02-25,Confirmation,5,12,converted,2,Feb,Pre-Update
4348,291,2024-03-22,Confirmation,5,94,converted,3,Mar,Post-Update
4349,773,2024-01-03,Pricing Page,2,44,clicked,1,Jan,Pre-Update
4350,227,2024-06-04,Home,1,161,clicked,6,Jun,Post-Update
4351,1997,2024-04-12,Payment,4,96,viewed,4,Apr,Post-Update
4352,504,2024-05-17,Pricing Page,2,42,viewed,5,May,Post-Update
4353,114,2024-03-30,Pricing Page,2,48,clicked,3,Mar,Post-Update
4354,515,2024-06-16,Home,1,169,viewed,6,Jun,Post-Update
4355,2476,2024-02-05,Pricing Page,2,56,viewed,2,Feb,Pre-Update
4356,869,2024-03-24,Pricing Page,2,60,dropped,3,Mar,Post-Update
4357,1071,2024-02-05,Confirmation,5,206,converted,2,Feb,Pre-Update
4358,527,2024-06-16,Home,1,152,clicked,6,Jun,Post-Update
4359,530,2024-01-18,Confirmation,5,109,converted,1,Jan,Pre-Update
4360,1872,2024-04-22,Pricing Page,2,46,clicked,4,Apr,Post-Update
4361,1782,2024-06-16,Payment,4,91,clicked,6,Jun,Post-Update
4362,1160,2024-03-08,Plan Selection,3,87,viewed,3,Mar,Pre-Update
4363,2971,2024-03-24,Pricing Page,2,46,dropped,3,Mar,Post-Update
4364,1140,2024-04-09,Plan Selection,3,80,viewed,4,Apr,Post-Update
4365,2208,2024-05-25,Payment,4,149,dropped,5,May,Post-Update
4366,2995,2024-06-18,Plan Selection,3,133,dropped,6,Jun,Post-Update
4367,872,2024-03-07,Confirmation,5,158,converted,3,Mar,Pre-Update
4368,2433,2024-05-28,Plan Selection,3,193,clicked,5,May,Post-Update
4369,177,2024-04-19,Payment,4,95,clicked,4,Apr,Post-Update
4370,2073,2024-04-30,Pricing Page,2,48,viewed,4,Apr,Post-Update
4371,1675,2024-01-06,Pricing Page,2,40,dropped,1,Jan,Pre-Update
4372,1237,2024-02-02,Plan Selection,3,158,viewed,2,Feb,Pre-Update
4373,1438,2024-02-01,Pricing Page,2,48,viewed,2,Feb,Pre-Update
4374,1072,2024-02-13,Home,1,203,clicked,2,Feb,Pre-Update
4375,602,2024-05-14,Home,1,70,dropped,5,May,Post-Update
4376,312,2024-06-13,Pricing Page,2,51,dropped,6,Jun,Post-Update
4377,858,2024-06-03,Pricing Page,2,53,dropped,6,Jun,Post-Update
4378,599,2024-06-19,Home,1,150,dropped,6,Jun,Post-Update
4379,2731,2024-06-18,Confirmation,5,205,converted,6,Jun,Post-Update
4380,9,2024-01-17,Pricing Page,2,57,dropped,1,Jan,Pre-Update
4381,1816,2024-02-08,Pricing Page,2,49,clicked,2,Feb,Pre-Update
4382,348,2024-03-07,Pricing Page,2,41,dropped,3,Mar,Pre-Update
4383,2562,2024-01-15,Payment,4,190,dropped,1,Jan,Pre-Update
4384,1456,2024-02-25,Home,1,101,dropped,2,Feb,Pre-Update
4385,2948,2024-05-05,Plan Selection,3,119,dropped,5,May,Post-Update
4386,358,2024-01-26,Pricing Page,2,39,clicked,1,Jan,Pre-Update
4387,76,2024-02-26,Pricing Page,2,45,dropped,2,Feb,Pre-Update
4388,406,2024-02-15,Payment,4,111,viewed,2,Feb,Pre-Update
4389,1058,2024-06-01,Home,1,48,clicked,6,Jun,Post-Update
4390,222,2024-05-21,Plan Selection,3,23,clicked,5,May,Post-Update
4391,879,2024-04-12,Confirmation,5,13,converted,4,Apr,Post-Update
4392,758,2024-02-09,Pricing Page,2,58,viewed,2,Feb,Pre-Update
4393,865,2024-06-19,Payment,4,85,clicked,6,Jun,Post-Update
4394,2079,2024-03-08,Payment,4,161,clicked,3,Mar,Pre-Update
4395,94,2024-05-20,Payment,4,131,viewed,5,May,Post-Update
4396,1698,2024-05-23,Pricing Page,2,38,dropped,5,May,Post-Update
4397,2942,2024-02-24,Plan Selection,3,191,viewed,2,Feb,Pre-Update
4398,1512,2024-06-27,Pricing Page,2,42,dropped,6,Jun,Post-Update
4399,128,2024-05-08,Pricing Page,2,67,clicked,5,May,Post-Update
4400,1279,2024-01-17,Home,1,138,viewed,1,Jan,Pre-Update
4401,1040,2024-05-19,Payment,4,163,clicked,5,May,Post-Update
4402,1980,2024-01-22,Plan Selection,3,156,viewed,1,Jan,Pre-Update
4403,2526,2024-05-22,Pricing Page,2,57,dropped,5,May,Post-Update
4404,1397,2024-01-11,Confirmation,5,79,converted,1,Jan,Pre-Update
4405,45,2024-01-07,Home,1,123,clicked,1,Jan,Pre-Update
4406,1325,2024-06-16,Pricing Page,2,58,dropped,6,Jun,Post-Update
4407,2136,2024-06-11,Pricing Page,2,41,dropped,6,Jun,Post-Update
4408,2515,2024-06-12,Home,1,75,viewed,6,Jun,Post-Update
4409,352,2024-05-10,Pricing Page,2,41,viewed,5,May,Post-Update
4410,21,2024-03-12,Confirmation,5,119,converted,3,Mar,Pre-Update
4411,2695,2024-06-02,Plan Selection,3,56,clicked,6,Jun,Post-Update
4412,2285,2024-03-01,Pricing Page,2,57,dropped,3,Mar,Pre-Update
4413,506,2024-05-09,Home,1,52,viewed,5,May,Post-Update
4414,1792,2024-03-21,Pricing Page,2,63,viewed,3,Mar,Post-Update
4415,2592,2024-05-06,Confirmation,5,84,converted,5,May,Post-Update
4416,576,2024-05-31,Plan Selection,3,116,viewed,5,May,Post-Update
4417,1796,2024-03-26,Plan Selection,3,99,clicked,3,Mar,Post-Update
4418,721,2024-04-27,Plan Selection,3,152,viewed,4,Apr,Post-Update
4419,2146,2024-04-29,Home,1,172,clicked,4,Apr,Post-Update
4420,1540,2024-05-23,Pricing Page,2,60,dropped,5,May,Post-Update
4421,475,2024-03-02,Pricing Page,2,34,dropped,3,Mar,Pre-Update
4422,1944,2024-02-04,Home,1,113,clicked,2,Feb,Pre-Update
4423,163,2024-05-08,Pricing Page,2,63,dropped,5,May,Post-Update
4424,1739,2024-05-31,Pricing Page,2,58,dropped,5,May,Post-Update
4425,1075,2024-04-10,Plan Selection,3,181,dropped,4,Apr,Post-Update
4426,941,2024-01-07,Pricing Page,2,31,clicked,1,Jan,Pre-Update
4427,1020,2024-02-12,Home,1,23,viewed,2,Feb,Pre-Update
4428,391,2024-01-10,Confirmation,5,60,converted,1,Jan,Pre-Update
4429,1837,2024-02-25,Plan Selection,3,110,clicked,2,Feb,Pre-Update
4430,2416,2024-04-25,Payment,4,204,clicked,4,Apr,Post-Update
4431,2319,2024-02-14,Confirmation,5,171,converted,2,Feb,Pre-Update
4432,906,2024-01-17,Plan Selection,3,115,viewed,1,Jan,Pre-Update
4433,608,2024-01-26,Home,1,18,viewed,1,Jan,Pre-Update
4434,1603,2024-06-07,Payment,4,57,viewed,6,Jun,Post-Update
4435,1781,2024-03-11,Home,1,138,viewed,3,Mar,Pre-Update
4436,2138,2024-03-09,Payment,4,138,viewed,3,Mar,Pre-Update
4437,2333,2024-01-12,Confirmation,5,168,converted,1,Jan,Pre-Update
4438,2911,2024-03-26,Pricing Page,2,62,clicked,3,Mar,Post-Update
4439,1016,2024-03-15,Home,1,13,viewed,3,Mar,Post-Update
4440,1915,2024-03-08,Confirmation,5,139,converted,3,Mar,Pre-Update
4441,1100,2024-06-11,Pricing Page,2,44,viewed,6,Jun,Post-Update
4442,760,2024-02-25,Payment,4,191,dropped,2,Feb,Pre-Update
4443,1524,2024-05-24,Pricing Page,2,67,dropped,5,May,Post-Update
4444,898,2024-01-30,Confirmation,5,33,converted,1,Jan,Pre-Update
4445,2463,2024-05-16,Pricing Page,2,45,dropped,5,May,Post-Update
4446,2711,2024-04-06,Confirmation,5,43,converted,4,Apr,Post-Update
4447,2944,2024-03-13,Home,1,28,clicked,3,Mar,Pre-Update
4448,519,2024-06-28,Pricing Page,2,45,viewed,6,Jun,Post-Update
4449,2361,2024-02-08,Plan Selection,3,193,clicked,2,Feb,Pre-Update
4450,1617,2024-02-27,Confirmation,5,181,converted,2,Feb,Pre-Update
4451,1186,2024-03-15,Payment,4,29,viewed,3,Mar,Post-Update
4452,436,2024-01-12,Confirmation,5,58,converted,1,Jan,Pre-Update
4453,1675,2024-01-11,Plan Selection,3,193,viewed,1,Jan,Pre-Update
4454,2675,2024-02-19,Plan Selection,3,133,dropped,2,Feb,Pre-Update
4455,741,2024-02-02,Home,1,51,clicked,2,Feb,Pre-Update
4456,1027,2024-06-17,Plan Selection,3,84,viewed,6,Jun,Post-Update
4457,2081,2024-04-14,Payment,4,82,clicked,4,Apr,Post-Update
4458,1905,2024-01-27,Payment,4,140,viewed,1,Jan,Pre-Update
4459,263,2024-01-02,Payment,4,195,clicked,1,Jan,Pre-Update
4460,1658,2024-06-22,Home,1,171,viewed,6,Jun,Post-Update
4461,2012,2024-03-31,Pricing Page,2,67,dropped,3,Mar,Post-Update
4462,2842,2024-04-21,Pricing Page,2,50,dropped,4,Apr,Post-Update
4463,357,2024-05-23,Plan Selection,3,147,clicked,5,May,Post-Update
4464,2690,2024-05-08,Payment,4,42,dropped,5,May,Post-Update
4465,1988,2024-04-23,Home,1,179,viewed,4,Apr,Post-Update
4466,1318,2024-05-26,Payment,4,53,viewed,5,May,Post-Update
4467,2558,2024-04-11,Pricing Page,2,53,viewed,4,Apr,Post-Update
4468,2585,2024-04-28,Plan Selection,3,95,dropped,4,Apr,Post-Update
4469,852,2024-01-14,Plan Selection,3,92,clicked,1,Jan,Pre-Update
4470,584,2024-04-02,Confirmation,5,70,converted,4,Apr,Post-Update
4471,1852,2024-02-01,Home,1,130,viewed,2,Feb,Pre-Update
4472,2644,2024-04-17,Pricing Page,2,62,dropped,4,Apr,Post-Update
4473,2876,2024-04-13,Confirmation,5,38,converted,4,Apr,Post-Update
4474,2434,2024-04-22,Plan Selection,3,114,clicked,4,Apr,Post-Update
4475,1090,2024-01-10,Home,1,155,dropped,1,Jan,Pre-Update
4476,1159,2024-04-15,Payment,4,27,dropped,4,Apr,Post-Update
4477,1096,2024-03-22,Home,1,103,viewed,3,Mar,Post-Update
4478,2436,2024-04-06,Pricing Page,2,52,clicked,4,Apr,Post-Update
4479,1811,2024-04-12,Home,1,93,dropped,4,Apr,Post-Update
4480,2559,2024-02-05,Pricing Page,2,47,clicked,2,Feb,Pre-Update
4481,295,2024-05-24,Plan Selection,3,40,viewed,5,May,Post-Update
4482,1945,2024-03-09,Confirmation,5,141,converted,3,Mar,Pre-Update
4483,1240,2024-01-17,Pricing Page,2,52,dropped,1,Jan,Pre-Update
4484,1698,2024-02-29,Confirmation,5,161,converted,2,Feb,Pre-Update
4485,2852,2024-03-26,Plan Selection,3,38,dropped,3,Mar,Post-Update
4486,1298,2024-04-27,Confirmation,5,166,converted,4,Apr,Post-Update
4487,232,2024-01-07,Confirmation,5,143,converted,1,Jan,Pre-Update
4488,1417,2024-03-05,Pricing Page,2,52,clicked,3,Mar,Pre-Update
4489,27,2024-01-17,Pricing Page,2,57,dropped,1,Jan,Pre-Update
4490,1024,2024-01-14,Pricing Page,2,45,clicked,1,Jan,Pre-Update
4491,889,2024-05-17,Confirmation,5,59,converted,5,May,Post-Update
4492,1556,2024-06-03,Plan Selection,3,11,viewed,6,Jun,Post-Update
4493,1393,2024-04-23,Payment,4,179,dropped,4,Apr,Post-Update
4494,1410,2024-03-02,Pricing Page,2,42,dropped,3,Mar,Pre-Update
4495,6,2024-02-14,Pricing Page,2,40,dropped,2,Feb,Pre-Update
4496,1094,2024-04-15,Payment,4,79,clicked,4,Apr,Post-Update
4497,986,2024-05-28,Home,1,43,clicked,5,May,Post-Update
4498,2397,2024-04-20,Plan Selection,3,105,clicked,4,Apr,Post-Update
4499,1673,2024-04-17,Pricing Page,2,59,clicked,4,Apr,Post-Update
4500,351,2024-04-25,Payment,4,70,viewed,4,Apr,Post-Update
4501,2864,2024-06-04,Pricing Page,2,55,clicked,6,Jun,Post-Update
4502,1809,2024-06-25,Home,1,103,dropped,6,Jun,Post-Update
4503,152,2024-06-27,Payment,4,187,dropped,6,Jun,Post-Update
4504,116,2024-05-19,Payment,4,80,clicked,5,May,Post-Update
4505,2236,2024-01-09,Confirmation,5,180,converted,1,Jan,Pre-Update
4506,794,2024-05-18,Home,1,186,clicked,5,May,Post-Update
4507,2676,2024-04-06,Confirmation,5,85,converted,4,Apr,Post-Update
4508,2698,2024-03-06,Home,1,110,dropped,3,Mar,Pre-Update
4509,914,2024-01-06,Pricing Page,2,34,dropped,1,Jan,Pre-Update
4510,1930,2024-01-28,Payment,4,144,viewed,1,Jan,Pre-Update
4511,1391,2024-04-22,Payment,4,166,viewed,4,Apr,Post-Update
4512,715,2024-01-08,Pricing Page,2,39,dropped,1,Jan,Pre-Update
4513,1477,2024-02-08,Plan Selection,3,62,clicked,2,Feb,Pre-Update
4514,321,2024-05-23,Plan Selection,3,189,clicked,5,May,Post-Update
4515,2614,2024-05-28,Pricing Page,2,66,dropped,5,May,Post-Update
4516,2846,2024-04-25,Pricing Page,2,62,viewed,4,Apr,Post-Update
4517,1662,2024-05-22,Pricing Page,2,38,dropped,5,May,Post-Update
4518,434,2024-01-03,Plan Selection,3,40,viewed,1,Jan,Pre-Update
4519,2433,2024-03-29,Home,1,129,viewed,3,Mar,Post-Update
4520,2818,2024-06-04,Pricing Page,2,61,dropped,6,Jun,Post-Update
4521,207,2024-06-12,Pricing Page,2,62,dropped,6,Jun,Post-Update
4522,1638,2024-01-22,Confirmation,5,89,converted,1,Jan,Pre-Update
4523,427,2024-04-03,Home,1,48,clicked,4,Apr,Post-Update
4524,4,2024-03-24,Pricing Page,2,41,clicked,3,Mar,Post-Update
4525,549,2024-05-21,Pricing Page,2,53,dropped,5,May,Post-Update
4526,1501,2024-02-23,Confirmation,5,10,converted,2,Feb,Pre-Update
4527,211,2024-03-04,Plan Selection,3,137,clicked,3,Mar,Pre-Update
4528,2767,2024-06-14,Payment,4,67,dropped,6,Jun,Post-Update
4529,565,2024-06-14,Home,1,71,clicked,6,Jun,Post-Update
4530,1832,2024-04-06,Payment,4,122,clicked,4,Apr,Post-Update
4531,2552,2024-03-01,Home,1,126,clicked,3,Mar,Pre-Update
4532,286,2024-05-18,Plan Selection,3,98,clicked,5,May,Post-Update
4533,1618,2024-06-25,Pricing Page,2,47,clicked,6,Jun,Post-Update
4534,219,2024-06-24,Plan Selection,3,54,dropped,6,Jun,Post-Update
4535,1434,2024-05-07,Home,1,78,clicked,5,May,Post-Update
4536,506,2024-04-04,Home,1,209,viewed,4,Apr,Post-Update
4537,755,2024-02-26,Payment,4,17,viewed,2,Feb,Pre-Update
4538,2682,2024-01-13,Plan Selection,3,29,clicked,1,Jan,Pre-Update
4539,800,2024-05-23,Home,1,103,viewed,5,May,Post-Update
4540,2184,2024-01-30,Plan Selection,3,138,clicked,1,Jan,Pre-Update
4541,2369,2024-06-14,Pricing Page,2,46,clicked,6,Jun,Post-Update
4542,2654,2024-02-07,Pricing Page,2,38,dropped,2,Feb,Pre-Update
4543,1533,2024-05-13,Home,1,129,clicked,5,May,Post-Update
4544,2120,2024-01-06,Home,1,35,clicked,1,Jan,Pre-Update
4545,450,2024-02-11,Plan Selection,3,158,viewed,2,Feb,Pre-Update
4546,296,2024-03-30,Home,1,85,clicked,3,Mar,Post-Update
4547,2125,2024-03-20,Home,1,16,viewed,3,Mar,Post-Update
4548,1922,2024-03-06,Confirmation,5,81,converted,3,Mar,Pre-Update
4549,392,2024-04-13,Pricing Page,2,57,viewed,4,Apr,Post-Update
4550,1433,2024-05-07,Home,1,72,clicked,5,May,Post-Update
4551,1784,2024-01-10,Pricing Page,2,38,viewed,1,Jan,Pre-Update
4552,2771,2024-05-15,Confirmation,5,141,converted,5,May,Post-Update
4553,1044,2024-05-18,Payment,4,123,clicked,5,May,Post-Update
4554,2879,2024-02-05,Home,1,193,clicked,2,Feb,Pre-Update
4555,2049,2024-04-09,Plan Selection,3,189,clicked,4,Apr,Post-Update
4556,309,2024-03-19,Payment,4,15,clicked,3,Mar,Post-Update
4557,1753,2024-02-28,Payment,4,81,dropped,2,Feb,Pre-Update
4558,2595,2024-05-18,Pricing Page,2,62,dropped,5,May,Post-Update
4559,2453,2024-05-08,Home,1,82,clicked,5,May,Post-Update
4560,1373,2024-05-18,Pricing Page,2,66,dropped,5,May,Post-Update
4561,932,2024-02-13,Pricing Page,2,50,clicked,2,Feb,Pre-Update
4562,1844,2024-03-30,Plan Selection,3,132,dropped,3,Mar,Post-Update
4563,630,2024-03-17,Pricing Page,2,40,dropped,3,Mar,Post-Update
4564,296,2024-02-16,Confirmation,5,39,converted,2,Feb,Pre-Update
4565,2394,2024-04-07,Pricing Page,2,65,clicked,4,Apr,Post-Update
4566,2008,2024-02-21,Pricing Page,2,35,clicked,2,Feb,Pre-Update
4567,340,2024-03-04,Pricing Page,2,30,viewed,3,Mar,Pre-Update
4568,279,2024-06-27,Plan Selection,3,66,clicked,6,Jun,Post-Update
4569,1433,2024-06-28,Plan Selection,3,152,viewed,6,Jun,Post-Update
4570,1687,2024-06-28,Pricing Page,2,50,dropped,6,Jun,Post-Update
4571,472,2024-06-16,Home,1,207,clicked,6,Jun,Post-Update
4572,1392,2024-06-04,Confirmation,5,205,converted,6,Jun,Post-Update
4573,438,2024-05-24,Plan Selection,3,94,clicked,5,May,Post-Update
4574,2568,2024-01-01,Pricing Page,2,36,clicked,1,Jan,Pre-Update
4575,2416,2024-06-26,Pricing Page,2,52,dropped,6,Jun,Post-Update
4576,1736,2024-06-03,Plan Selection,3,34,viewed,6,Jun,Post-Update
4577,1793,2024-01-03,Pricing Page,2,39,clicked,1,Jan,Pre-Update
4578,2018,2024-02-08,Home,1,123,viewed,2,Feb,Pre-Update
4579,2663,2024-02-21,Payment,4,188,dropped,2,Feb,Pre-Update
4580,1242,2024-03-16,Payment,4,193,dropped,3,Mar,Post-Update
4581,2102,2024-02-11,Home,1,122,viewed,2,Feb,Pre-Update
4582,1863,2024-01-22,Payment,4,70,clicked,1,Jan,Pre-Update
4583,1944,2024-02-25,Plan Selection,3,24,clicked,2,Feb,Pre-Update
4584,1778,2024-02-20,Plan Selection,3,54,clicked,2,Feb,Pre-Update
4585,2166,2024-05-20,Plan Selection,3,61,dropped,5,May,Post-Update
4586,2583,2024-06-16,Home,1,109,clicked,6,Jun,Post-Update
4587,360,2024-04-24,Payment,4,24,viewed,4,Apr,Post-Update
4588,2013,2024-03-17,Home,1,64,dropped,3,Mar,Post-Update
4589,1026,2024-04-21,Home,1,90,viewed,4,Apr,Post-Update
4590,455,2024-01-26,Pricing Page,2,53,dropped,1,Jan,Pre-Update
4591,1451,2024-06-17,Pricing Page,2,45,dropped,6,Jun,Post-Update
4592,638,2024-02-24,Payment,4,90,clicked,2,Feb,Pre-Update
4593,2868,2024-03-28,Plan Selection,3,59,viewed,3,Mar,Post-Update
4594,1112,2024-06-27,Payment,4,33,dropped,6,Jun,Post-Update
4595,1023,2024-02-22,Pricing Page,2,38,dropped,2,Feb,Pre-Update
4596,1563,2024-03-14,Pricing Page,2,33,dropped,3,Mar,Pre-Update
4597,1869,2024-04-04,Payment,4,50,viewed,4,Apr,Post-Update
4598,340,2024-03-01,Pricing Page,2,49,dropped,3,Mar,Pre-Update
4599,1819,2024-01-14,Plan Selection,3,109,viewed,1,Jan,Pre-Update
4600,2293,2024-02-18,Home,1,107,clicked,2,Feb,Pre-Update
4601,2531,2024-03-19,Plan Selection,3,184,clicked,3,Mar,Post-Update
4602,1932,2024-06-05,Pricing Page,2,49,clicked,6,Jun,Post-Update
4603,1932,2024-06-17,Plan Selection,3,165,viewed,6,Jun,Post-Update
4604,1305,2024-06-13,Pricing Page,2,53,clicked,6,Jun,Post-Update
4605,1980,2024-05-19,Payment,4,13,clicked,5,May,Post-Update
4606,1215,2024-04-09,Plan Selection,3,19,viewed,4,Apr,Post-Update
4607,2874,2024-06-16,Payment,4,15,viewed,6,Jun,Post-Update
4608,636,2024-03-27,Payment,4,83,clicked,3,Mar,Post-Update
4609,2081,2024-05-22,Payment,4,194,dropped,5,May,Post-Update
4610,1373,2024-01-28,Pricing Page,2,43,dropped,1,Jan,Pre-Update
4611,862,2024-01-09,Pricing Page,2,50,dropped,1,Jan,Pre-Update
4612,1301,2024-02-22,Home,1,194,dropped,2,Feb,Pre-Update
4613,2571,2024-06-14,Confirmation,5,56,converted,6,Jun,Post-Update
4614,553,2024-02-09,Plan Selection,3,25,viewed,2,Feb,Pre-Update
4615,1399,2024-01-21,Home,1,112,dropped,1,Jan,Pre-Update
4616,2207,2024-04-02,Pricing Page,2,44,dropped,4,Apr,Post-Update
4617,2043,2024-02-04,Confirmation,5,203,converted,2,Feb,Pre-Update
4618,377,2024-05-09,Pricing Page,2,65,viewed,5,May,Post-Update
4619,2389,2024-02-18,Confirmation,5,202,converted,2,Feb,Pre-Update
4620,2857,2024-06-07,Plan Selection,3,196,dropped,6,Jun,Post-Update
4621,2546,2024-06-03,Payment,4,29,clicked,6,Jun,Post-Update
4622,460,2024-06-11,Home,1,104,clicked,6,Jun,Post-Update
4623,2532,2024-03-25,Payment,4,129,clicked,3,Mar,Post-Update
4624,550,2024-01-24,Home,1,25,dropped,1,Jan,Pre-Update
4625,847,2024-01-20,Plan Selection,3,27,clicked,1,Jan,Pre-Update
4626,2191,2024-03-23,Home,1,16,viewed,3,Mar,Post-Update
4627,1536,2024-05-24,Pricing Page,2,62,clicked,5,May,Post-Update
4628,1582,2024-02-12,Plan Selection,3,52,clicked,2,Feb,Pre-Update
4629,2883,2024-06-01,Pricing Page,2,42,clicked,6,Jun,Post-Update
4630,110,2024-01-21,Pricing Page,2,57,dropped,1,Jan,Pre-Update
4631,1770,2024-01-24,Payment,4,200,dropped,1,Jan,Pre-Update
4632,2954,2024-03-16,Home,1,79,clicked,3,Mar,Post-Update
4633,2663,2024-02-20,Payment,4,172,viewed,2,Feb,Pre-Update
4634,2682,2024-06-07,Plan Selection,3,173,dropped,6,Jun,Post-Update
4635,2054,2024-03-02,Plan Selection,3,46,viewed,3,Mar,Pre-Update
4636,1252,2024-01-20,Pricing Page,2,32,clicked,1,Jan,Pre-Update
4637,2632,2024-03-28,Payment,4,113,dropped,3,Mar,Post-Update
4638,1291,2024-04-12,Plan Selection,3,202,dropped,4,Apr,Post-Update
4639,686,2024-03-26,Plan Selection,3,196,viewed,3,Mar,Post-Update
4640,1433,2024-03-17,Plan Selection,3,39,viewed,3,Mar,Post-Update
4641,2843,2024-05-08,Plan Selection,3,80,viewed,5,May,Post-Update
4642,942,2024-04-09,Payment,4,79,clicked,4,Apr,Post-Update
4643,2116,2024-03-26,Pricing Page,2,63,dropped,3,Mar,Post-Update
4644,2642,2024-06-19,Home,1,125,viewed,6,Jun,Post-Update
4645,1341,2024-02-29,Pricing Page,2,45,clicked,2,Feb,Pre-Update
4646,361,2024-03-08,Plan Selection,3,96,viewed,3,Mar,Pre-Update
4647,2490,2024-02-19,Confirmation,5,130,converted,2,Feb,Pre-Update
4648,1094,2024-01-02,Confirmation,5,154,converted,1,Jan,Pre-Update
4649,2297,2024-04-29,Confirmation,5,10,converted,4,Apr,Post-Update
4650,87,2024-01-25,Plan Selection,3,114,viewed,1,Jan,Pre-Update
4651,2135,2024-06-28,Payment,4,37,dropped,6,Jun,Post-Update
4652,2007,2024-05-06,Pricing Page,2,47,dropped,5,May,Post-Update
4653,1289,2024-06-20,Pricing Page,2,51,viewed,6,Jun,Post-Update
4654,2835,2024-01-28,Confirmation,5,49,converted,1,Jan,Pre-Update
4655,600,2024-03-13,Pricing Page,2,55,viewed,3,Mar,Pre-Update
4656,705,2024-02-29,Confirmation,5,164,converted,2,Feb,Pre-Update
4657,2989,2024-04-30,Pricing Page,2,60,clicked,4,Apr,Post-Update
4658,993,2024-03-30,Pricing Page,2,66,dropped,3,Mar,Post-Update
4659,2243,2024-05-18,Plan Selection,3,124,dropped,5,May,Post-Update
4660,2913,2024-03-21,Pricing Page,2,44,dropped,3,Mar,Post-Update
4661,1261,2024-03-18,Confirmation,5,40,converted,3,Mar,Post-Update
4662,286,2024-01-04,Payment,4,12,viewed,1,Jan,Pre-Update
4663,187,2024-03-22,Home,1,205,viewed,3,Mar,Post-Update
4664,1665,2024-05-02,Payment,4,127,viewed,5,May,Post-Update
4665,155,2024-06-24,Plan Selection,3,125,viewed,6,Jun,Post-Update
4666,816,2024-06-21,Confirmation,5,186,converted,6,Jun,Post-Update
4667,1717,2024-02-08,Pricing Page,2,31,dropped,2,Feb,Pre-Update
4668,2860,2024-01-21,Plan Selection,3,52,viewed,1,Jan,Pre-Update
4669,2938,2024-01-24,Plan Selection,3,37,clicked,1,Jan,Pre-Update
4670,1274,2024-03-17,Payment,4,201,dropped,3,Mar,Post-Update
4671,1075,2024-01-10,Home,1,172,clicked,1,Jan,Pre-Update
4672,2786,2024-02-10,Pricing Page,2,31,dropped,2,Feb,Pre-Update
4673,2028,2024-06-13,Plan Selection,3,169,clicked,6,Jun,Post-Update
4674,68,2024-04-29,Pricing Page,2,43,dropped,4,Apr,Post-Update
4675,2501,2024-02-26,Home,1,70,clicked,2,Feb,Pre-Update
4676,2983,2024-05-29,Home,1,66,viewed,5,May,Post-Update
4677,2818,2024-05-28,Pricing Page,2,38,dropped,5,May,Post-Update
4678,1876,2024-05-15,Payment,4,26,viewed,5,May,Post-Update
4679,2572,2024-05-28,Plan Selection,3,52,clicked,5,May,Post-Update
4680,1894,2024-05-24,Home,1,20,viewed,5,May,Post-Update
4681,2359,2024-06-24,Pricing Page,2,53,dropped,6,Jun,Post-Update
4682,1143,2024-02-27,Pricing Page,2,38,dropped,2,Feb,Pre-Update
4683,1602,2024-03-20,Plan Selection,3,132,clicked,3,Mar,Post-Update
4684,2222,2024-05-16,Plan Selection,3,98,viewed,5,May,Post-Update
4685,2026,2024-04-13,Payment,4,92,clicked,4,Apr,Post-Update
4686,2136,2024-05-22,Payment,4,148,dropped,5,May,Post-Update
4687,16,2024-06-26,Confirmation,5,108,converted,6,Jun,Post-Update
4688,2381,2024-03-30,Home,1,12,viewed,3,Mar,Post-Update
4689,2262,2024-03-30,Pricing Page,2,56,dropped,3,Mar,Post-Update
4690,2947,2024-05-31,Pricing Page,2,58,clicked,5,May,Post-Update
4691,1619,2024-04-06,Home,1,143,dropped,4,Apr,Post-Update
4692,2560,2024-05-16,Pricing Page,2,61,dropped,5,May,Post-Update
4693,499,2024-06-14,Home,1,135,viewed,6,Jun,Post-Update
4694,1984,2024-04-15,Confirmation,5,189,converted,4,Apr,Post-Update
4695,2128,2024-06-02,Home,1,208,viewed,6,Jun,Post-Update
4696,737,2024-02-22,Payment,4,160,clicked,2,Feb,Pre-Update
4697,2016,2024-04-18,Confirmation,5,37,converted,4,Apr,Post-Update
4698,2171,2024-02-07,Payment,4,140,viewed,2,Feb,Pre-Update
4699,1531,2024-03-26,Payment,4,168,clicked,3,Mar,Post-Update
4700,2466,2024-05-22,Pricing Page,2,67,dropped,5,May,Post-Update
4701,904,2024-02-03,Home,1,116,viewed,2,Feb,Pre-Update
4702,1473,2024-04-18,Plan Selection,3,170,clicked,4,Apr,Post-Update
4703,2543,2024-06-09,Confirmation,5,166,converted,6,Jun,Post-Update
4704,723,2024-06-04,Plan Selection,3,78,viewed,6,Jun,Post-Update
4705,2187,2024-05-23,Payment,4,113,dropped,5,May,Post-Update
4706,2005,2024-04-20,Home,1,93,viewed,4,Apr,Post-Update
4707,1171,2024-01-31,Plan Selection,3,186,clicked,1,Jan,Pre-Update
4708,716,2024-01-12,Plan Selection,3,163,dropped,1,Jan,Pre-Update
4709,104,2024-06-24,Payment,4,172,viewed,6,Jun,Post-Update
4710,2203,2024-01-31,Plan Selection,3,138,clicked,1,Jan,Pre-Update
4711,2026,2024-03-16,Home,1,24,dropped,3,Mar,Post-Update
4712,1744,2024-03-18,Pricing Page,2,60,dropped,3,Mar,Post-Update
4713,696,2024-05-03,Payment,4,124,viewed,5,May,Post-Update
4714,2294,2024-05-11,Pricing Page,2,54,clicked,5,May,Post-Update
4715,357,2024-02-26,Home,1,22,viewed,2,Feb,Pre-Update
4716,1121,2024-05-12,Plan Selection,3,109,viewed,5,May,Post-Update
4717,2609,2024-05-12,Home,1,11,viewed,5,May,Post-Update
4718,1818,2024-02-15,Pricing Page,2,42,clicked,2,Feb,Pre-Update
4719,1562,2024-03-05,Pricing Page,2,59,dropped,3,Mar,Pre-Update
4720,1847,2024-01-23,Payment,4,121,clicked,1,Jan,Pre-Update
4721,1311,2024-06-15,Pricing Page,2,58,clicked,6,Jun,Post-Update
4722,2982,2024-01-21,Plan Selection,3,135,clicked,1,Jan,Pre-Update
4723,2614,2024-02-25,Confirmation,5,136,converted,2,Feb,Pre-Update
4724,1303,2024-02-19,Home,1,115,clicked,2,Feb,Pre-Update
4725,1532,2024-02-24,Confirmation,5,200,converted,2,Feb,Pre-Update
4726,2578,2024-03-19,Plan Selection,3,131,clicked,3,Mar,Post-Update
4727,2002,2024-03-20,Pricing Page,2,59,viewed,3,Mar,Post-Update
4728,1017,2024-01-06,Home,1,125,clicked,1,Jan,Pre-Update
4729,2210,2024-02-05,Payment,4,70,dropped,2,Feb,Pre-Update
4730,27,2024-03-29,Pricing Page,2,57,viewed,3,Mar,Post-Update
4731,2503,2024-02-26,Home,1,72,clicked,2,Feb,Pre-Update
4732,372,2024-03-10,Plan Selection,3,130,clicked,3,Mar,Pre-Update
4733,2938,2024-05-29,Home,1,102,viewed,5,May,Post-Update
4734,1195,2024-05-09,Pricing Page,2,61,clicked,5,May,Post-Update
4735,816,2024-02-06,Home,1,83,clicked,2,Feb,Pre-Update
4736,607,2024-02-10,Plan Selection,3,192,dropped,2,Feb,Pre-Update
4737,889,2024-03-24,Pricing Page,2,59,dropped,3,Mar,Post-Update
4738,2090,2024-03-04,Plan Selection,3,66,clicked,3,Mar,Pre-Update
4739,601,2024-05-19,Pricing Page,2,67,dropped,5,May,Post-Update
4740,2501,2024-05-04,Confirmation,5,137,converted,5,May,Post-Update
4741,1115,2024-06-19,Plan Selection,3,38,viewed,6,Jun,Post-Update
4742,798,2024-04-02,Payment,4,57,viewed,4,Apr,Post-Update
4743,2862,2024-06-23,Confirmation,5,201,converted,6,Jun,Post-Update
4744,2609,2024-03-27,Payment,4,99,viewed,3,Mar,Post-Update
4745,702,2024-03-17,Pricing Page,2,61,clicked,3,Mar,Post-Update
4746,2471,2024-02-13,Plan Selection,3,186,clicked,2,Feb,Pre-Update
4747,1819,2024-02-20,Plan Selection,3,28,viewed,2,Feb,Pre-Update
4748,593,2024-06-12,Confirmation,5,199,converted,6,Jun,Post-Update
4749,2793,2024-05-28,Pricing Page,2,38,dropped,5,May,Post-Update
4750,617,2024-02-15,Plan Selection,3,93,dropped,2,Feb,Pre-Update
4751,2100,2024-06-16,Plan Selection,3,186,viewed,6,Jun,Post-Update
4752,1312,2024-05-12,Pricing Page,2,55,viewed,5,May,Post-Update
4753,1689,2024-02-09,Pricing Page,2,41,clicked,2,Feb,Pre-Update
4754,495,2024-06-02,Payment,4,52,viewed,6,Jun,Post-Update
4755,1053,2024-03-07,Payment,4,163,clicked,3,Mar,Pre-Update
4756,821,2024-05-29,Pricing Page,2,38,dropped,5,May,Post-Update
4757,120,2024-04-06,Plan Selection,3,33,viewed,4,Apr,Post-Update
4758,1346,2024-03-06,Pricing Page,2,36,clicked,3,Mar,Pre-Update
4759,1836,2024-01-23,Payment,4,131,viewed,1,Jan,Pre-Update
4760,1262,2024-01-29,Plan Selection,3,32,dropped,1,Jan,Pre-Update
4761,2288,2024-05-15,Pricing Page,2,39,viewed,5,May,Post-Update
4762,1180,2024-02-10,Confirmation,5,207,converted,2,Feb,Pre-Update
4763,460,2024-05-24,Plan Selection,3,61,viewed,5,May,Post-Update
4764,2226,2024-04-18,Payment,4,11,viewed,4,Apr,Post-Update
4765,2185,2024-03-12,Payment,4,163,clicked,3,Mar,Pre-Update
4766,188,2024-06-10,Pricing Page,2,57,dropped,6,Jun,Post-Update
4767,231,2024-02-05,Payment,4,32,clicked,2,Feb,Pre-Update
4768,1213,2024-06-25,Plan Selection,3,84,viewed,6,Jun,Post-Update
4769,892,2024-05-31,Pricing Page,2,67,viewed,5,May,Post-Update
4770,8,2024-01-10,Pricing Page,2,34,viewed,1,Jan,Pre-Update
4771,1131,2024-06-27,Payment,4,21,viewed,6,Jun,Post-Update
4772,570,2024-03-01,Home,1,107,dropped,3,Mar,Pre-Update
4773,728,2024-05-23,Pricing Page,2,61,dropped,5,May,Post-Update
4774,2286,2024-01-26,Pricing Page,2,50,dropped,1,Jan,Pre-Update
4775,1932,2024-05-26,Home,1,37,clicked,5,May,Post-Update
4776,1071,2024-05-10,Plan Selection,3,110,viewed,5,May,Post-Update
4777,289,2024-05-09,Pricing Page,2,46,clicked,5,May,Post-Update
4778,393,2024-06-02,Payment,4,150,viewed,6,Jun,Post-Update
4779,2002,2024-03-27,Pricing Page,2,51,dropped,3,Mar,Post-Update
4780,634,2024-05-11,Confirmation,5,167,converted,5,May,Post-Update
4781,2868,2024-03-16,Pricing Page,2,64,clicked,3,Mar,Post-Update
4782,2668,2024-03-01,Home,1,12,dropped,3,Mar,Pre-Update
4783,658,2024-06-19,Home,1,102,dropped,6,Jun,Post-Update
4784,786,2024-06-15,Payment,4,84,clicked,6,Jun,Post-Update
4785,2192,2024-04-09,Plan Selection,3,27,viewed,4,Apr,Post-Update
4786,2082,2024-01-18,Pricing Page,2,53,clicked,1,Jan,Pre-Update
4787,2532,2024-02-27,Home,1,71,clicked,2,Feb,Pre-Update
4788,2957,2024-05-21,Confirmation,5,98,converted,5,May,Post-Update
4789,1027,2024-03-09,Payment,4,55,clicked,3,Mar,Pre-Update
4790,2677,2024-06-14,Confirmation,5,167,converted,6,Jun,Post-Update
4791,643,2024-05-08,Confirmation,5,85,converted,5,May,Post-Update
4792,567,2024-05-26,Pricing Page,2,66,dropped,5,May,Post-Update
4793,62,2024-06-22,Plan Selection,3,154,clicked,6,Jun,Post-Update
4794,433,2024-03-01,Pricing Page,2,34,dropped,3,Mar,Pre-Update
4795,2673,2024-02-14,Plan Selection,3,19,clicked,2,Feb,Pre-Update
4796,2014,2024-05-01,Pricing Page,2,58,dropped,5,May,Post-Update
4797,2251,2024-05-04,Home,1,195,dropped,5,May,Post-Update
4798,1099,2024-05-15,Plan Selection,3,195,viewed,5,May,Post-Update
4799,2665,2024-02-13,Plan Selection,3,199,dropped,2,Feb,Pre-Update
4800,2526,2024-05-24,Pricing Page,2,66,dropped,5,May,Post-Update
4801,2211,2024-05-14,Plan Selection,3,75,dropped,5,May,Post-Update
4802,1601,2024-03-05,Home,1,177,viewed,3,Mar,Pre-Update
4803,1981,2024-03-13,Home,1,194,clicked,3,Mar,Pre-Update
4804,2860,2024-01-24,Payment,4,120,clicked,1,Jan,Pre-Update
4805,1130,2024-04-28,Home,1,172,viewed,4,Apr,Post-Update
4806,1705,2024-01-06,Pricing Page,2,35,clicked,1,Jan,Pre-Update
4807,1311,2024-03-07,Plan Selection,3,119,dropped,3,Mar,Pre-Update
4808,284,2024-01-06,Payment,4,56,clicked,1,Jan,Pre-Update
4809,455,2024-01-09,Payment,4,169,viewed,1,Jan,Pre-Update
4810,2076,2024-04-20,Confirmation,5,24,converted,4,Apr,Post-Update
4811,1231,2024-05-31,Confirmation,5,71,converted,5,May,Post-Update
4812,1930,2024-02-23,Plan Selection,3,171,clicked,2,Feb,Pre-Update
4813,2050,2024-01-28,Plan Selection,3,37,clicked,1,Jan,Pre-Update
4814,547,2024-03-05,Pricing Page,2,34,dropped,3,Mar,Pre-Update
4815,2194,2024-04-07,Pricing Page,2,63,clicked,4,Apr,Post-Update
4816,755,2024-06-27,Home,1,182,viewed,6,Jun,Post-Update
4817,1568,2024-01-27,Home,1,95,viewed,1,Jan,Pre-Update
4818,2250,2024-06-18,Pricing Page,2,46,dropped,6,Jun,Post-Update
4819,663,2024-03-20,Plan Selection,3,75,dropped,3,Mar,Post-Update
4820,886,2024-02-25,Plan Selection,3,79,viewed,2,Feb,Pre-Update
4821,2593,2024-06-25,Pricing Page,2,51,dropped,6,Jun,Post-Update
4822,2478,2024-05-28,Plan Selection,3,142,clicked,5,May,Post-Update
4823,554,2024-04-22,Plan Selection,3,191,viewed,4,Apr,Post-Update
4824,1942,2024-04-21,Home,1,172,viewed,4,Apr,Post-Update
4825,2674,2024-03-24,Plan Selection,3,162,viewed,3,Mar,Post-Update
4826,1017,2024-06-15,Plan Selection,3,36,viewed,6,Jun,Post-Update
4827,650,2024-02-27,Confirmation,5,154,converted,2,Feb,Pre-Update
4828,2443,2024-06-11,Home,1,123,viewed,6,Jun,Post-Update
4829,2057,2024-03-12,Confirmation,5,92,converted,3,Mar,Pre-Update
4830,933,2024-02-26,Plan Selection,3,48,dropped,2,Feb,Pre-Update
4831,2602,2024-01-13,Payment,4,107,dropped,1,Jan,Pre-Update
4832,2087,2024-05-20,Payment,4,145,viewed,5,May,Post-Update
4833,2754,2024-04-21,Pricing Page,2,61,viewed,4,Apr,Post-Update
4834,226,2024-05-14,Plan Selection,3,66,viewed,5,May,Post-Update
4835,1902,2024-03-28,Plan Selection,3,30,viewed,3,Mar,Post-Update
4836,1855,2024-01-25,Payment,4,148,viewed,1,Jan,Pre-Update
4837,2736,2024-04-12,Home,1,175,viewed,4,Apr,Post-Update
4838,1779,2024-04-04,Payment,4,118,clicked,4,Apr,Post-Update
4839,2014,2024-04-13,Payment,4,118,dropped,4,Apr,Post-Update
4840,505,2024-03-06,Pricing Page,2,42,dropped,3,Mar,Pre-Update
4841,2091,2024-06-14,Pricing Page,2,57,clicked,6,Jun,Post-Update
4842,18,2024-04-30,Pricing Page,2,55,viewed,4,Apr,Post-Update
4843,473,2024-05-31,Plan Selection,3,15,dropped,5,May,Post-Update
4844,2893,2024-05-24,Home,1,20,dropped,5,May,Post-Update
4845,2575,2024-02-20,Payment,4,60,viewed,2,Feb,Pre-Update
4846,961,2024-01-28,Payment,4,117,clicked,1,Jan,Pre-Update
4847,2516,2024-02-28,Home,1,112,clicked,2,Feb,Pre-Update
4848,2520,2024-03-08,Pricing Page,2,47,viewed,3,Mar,Pre-Update
4849,2881,2024-06-21,Confirmation,5,120,converted,6,Jun,Post-Update
4850,365,2024-06-20,Pricing Page,2,67,viewed,6,Jun,Post-Update
4851,1286,2024-03-29,Home,1,80,clicked,3,Mar,Post-Update
4852,876,2024-04-27,Pricing Page,2,65,dropped,4,Apr,Post-Update
4853,1334,2024-06-15,Pricing Page,2,53,clicked,6,Jun,Post-Update
4854,1716,2024-03-10,Pricing Page,2,57,viewed,3,Mar,Pre-Update
4855,2065,2024-05-25,Confirmation,5,78,converted,5,May,Post-Update
4856,2569,2024-02-16,Plan Selection,3,171,viewed,2,Feb,Pre-Update
4857,15,2024-03-07,Payment,4,22,viewed,3,Mar,Pre-Update
4858,2682,2024-01-04,Pricing Page,2,59,clicked,1,Jan,Pre-Update
4859,1153,2024-06-18,Plan Selection,3,166,clicked,6,Jun,Post-Update
4860,1364,2024-02-04,Plan Selection,3,92,clicked,2,Feb,Pre-Update
4861,421,2024-06-06,Confirmation,5,22,converted,6,Jun,Post-Update
4862,1491,2024-02-24,Home,1,53,dropped,2,Feb,Pre-Update
4863,1244,2024-01-06,Confirmation,5,104,converted,1,Jan,Pre-Update
4864,1890,2024-05-11,Payment,4,115,clicked,5,May,Post-Update
4865,1533,2024-02-23,Confirmation,5,177,converted,2,Feb,Pre-Update
4866,1092,2024-02-24,Pricing Page,2,34,clicked,2,Feb,Pre-Update
4867,2669,2024-01-13,Plan Selection,3,46,viewed,1,Jan,Pre-Update
4868,2415,2024-03-16,Plan Selection,3,29,clicked,3,Mar,Post-Update
4869,176,2024-06-09,Pricing Page,2,56,dropped,6,Jun,Post-Update
4870,2605,2024-02-23,Confirmation,5,116,converted,2,Feb,Pre-Update
4871,31,2024-03-22,Pricing Page,2,60,dropped,3,Mar,Post-Update
4872,942,2024-02-09,Home,1,35,dropped,2,Feb,Pre-Update
4873,1267,2024-04-23,Confirmation,5,113,converted,4,Apr,Post-Update
4874,2862,2024-02-07,Home,1,70,viewed,2,Feb,Pre-Update
4875,2621,2024-03-31,Payment,4,182,viewed,3,Mar,Post-Update
4876,2675,2024-03-08,Home,1,169,clicked,3,Mar,Pre-Update
4877,2459,2024-05-19,Pricing Page,2,57,dropped,5,May,Post-Update
4878,815,2024-02-13,Pricing Page,2,35,viewed,2,Feb,Pre-Update
4879,1572,2024-01-29,Pricing Page,2,47,dropped,1,Jan,Pre-Update
4880,2052,2024-04-11,Payment,4,14,viewed,4,Apr,Post-Update
4881,1337,2024-04-03,Pricing Page,2,57,dropped,4,Apr,Post-Update
4882,2601,2024-04-23,Plan Selection,3,180,viewed,4,Apr,Post-Update
4883,1502,2024-05-01,Payment,4,59,viewed,5,May,Post-Update
4884,2019,2024-02-26,Plan Selection,3,173,clicked,2,Feb,Pre-Update
4885,2175,2024-02-27,Pricing Page,2,31,dropped,2,Feb,Pre-Update
4886,1222,2024-05-01,Home,1,150,dropped,5,May,Post-Update
4887,872,2024-02-08,Home,1,77,dropped,2,Feb,Pre-Update
4888,1370,2024-01-01,Plan Selection,3,62,clicked,1,Jan,Pre-Update
4889,2724,2024-04-05,Confirmation,5,198,converted,4,Apr,Post-Update
4890,2999,2024-02-01,Payment,4,166,clicked,2,Feb,Pre-Update
4891,948,2024-04-15,Confirmation,5,23,converted,4,Apr,Post-Update
4892,1350,2024-01-09,Confirmation,5,66,converted,1,Jan,Pre-Update
4893,2281,2024-06-21,Pricing Page,2,54,dropped,6,Jun,Post-Update
4894,1738,2024-02-03,Home,1,95,clicked,2,Feb,Pre-Update
4895,1229,2024-03-19,Confirmation,5,98,converted,3,Mar,Post-Update
4896,1082,2024-03-27,Pricing Page,2,40,dropped,3,Mar,Post-Update
4897,2961,2024-04-22,Home,1,182,viewed,4,Apr,Post-Update
4898,2345,2024-02-22,Home,1,132,viewed,2,Feb,Pre-Update
4899,91,2024-05-30,Home,1,177,viewed,5,May,Post-Update
4900,1273,2024-01-29,Plan Selection,3,41,dropped,1,Jan,Pre-Update
4901,1733,2024-02-16,Plan Selection,3,198,dropped,2,Feb,Pre-Update
4902,1888,2024-06-06,Pricing Page,2,58,dropped,6,Jun,Post-Update
4903,1378,2024-06-22,Pricing Page,2,45,dropped,6,Jun,Post-Update
4904,761,2024-02-15,Pricing Page,2,51,dropped,2,Feb,Pre-Update
4905,934,2024-02-21,Pricing Page,2,47,dropped,2,Feb,Pre-Update
4906,656,2024-06-19,Home,1,97,dropped,6,Jun,Post-Update
4907,2563,2024-01-31,Pricing Page,2,57,clicked,1,Jan,Pre-Update
4908,2393,2024-06-06,Confirmation,5,38,converted,6,Jun,Post-Update
4909,2578,2024-06-06,Payment,4,64,dropped,6,Jun,Post-Update
4910,1115,2024-05-14,Plan Selection,3,153,viewed,5,May,Post-Update
4911,2952,2024-03-19,Pricing Page,2,63,dropped,3,Mar,Post-Update
4912,238,2024-05-30,Confirmation,5,32,converted,5,May,Post-Update
4913,2367,2024-04-20,Plan Selection,3,138,dropped,4,Apr,Post-Update
4914,2105,2024-01-24,Plan Selection,3,76,dropped,1,Jan,Pre-Update
4915,545,2024-05-24,Pricing Page,2,62,clicked,5,May,Post-Update
4916,260,2024-03-01,Pricing Page,2,32,dropped,3,Mar,Pre-Update
4917,976,2024-02-25,Plan Selection,3,171,clicked,2,Feb,Pre-Update
4918,1908,2024-06-19,Payment,4,46,clicked,6,Jun,Post-Update
4919,16,2024-03-30,Pricing Page,2,60,dropped,3,Mar,Post-Update
4920,247,2024-06-27,Plan Selection,3,103,clicked,6,Jun,Post-Update
4921,31,2024-02-06,Confirmation,5,71,converted,2,Feb,Pre-Update
4922,1795,2024-01-12,Plan Selection,3,85,clicked,1,Jan,Pre-Update
4923,1977,2024-02-09,Home,1,182,viewed,2,Feb,Pre-Update
4924,1247,2024-01-15,Home,1,111,dropped,1,Jan,Pre-Update
4925,2755,2024-02-29,Confirmation,5,94,converted,2,Feb,Pre-Update
4926,1412,2024-01-16,Home,1,171,dropped,1,Jan,Pre-Update
4927,1870,2024-01-16,Plan Selection,3,109,viewed,1,Jan,Pre-Update
4928,2055,2024-06-15,Plan Selection,3,200,dropped,6,Jun,Post-Update
4929,2573,2024-06-03,Plan Selection,3,197,clicked,6,Jun,Post-Update
4930,458,2024-06-26,Pricing Page,2,46,dropped,6,Jun,Post-Update
4931,2328,2024-03-28,Home,1,208,viewed,3,Mar,Post-Update
4932,1471,2024-03-08,Pricing Page,2,55,dropped,3,Mar,Pre-Update
4933,1746,2024-06-02,Plan Selection,3,207,clicked,6,Jun,Post-Update
4934,206,2024-01-24,Pricing Page,2,53,clicked,1,Jan,Pre-Update
4935,2514,2024-02-18,Payment,4,65,viewed,2,Feb,Pre-Update
4936,2746,2024-05-10,Payment,4,48,clicked,5,May,Post-Update
4937,393,2024-04-24,Payment,4,193,clicked,4,Apr,Post-Update
4938,2301,2024-06-15,Pricing Page,2,61,viewed,6,Jun,Post-Update
4939,1219,2024-02-05,Payment,4,48,viewed,2,Feb,Pre-Update
4940,2708,2024-03-17,Pricing Page,2,61,clicked,3,Mar,Post-Update
4941,864,2024-02-12,Pricing Page,2,55,dropped,2,Feb,Pre-Update
4942,278,2024-03-26,Home,1,205,viewed,3,Mar,Post-Update
4943,1111,2024-06-05,Pricing Page,2,53,clicked,6,Jun,Post-Update
4944,2168,2024-01-14,Pricing Page,2,55,clicked,1,Jan,Pre-Update
4945,1732,2024-06-29,Pricing Page,2,46,clicked,6,Jun,Post-Update
4946,1637,2024-05-02,Payment,4,150,clicked,5,May,Post-Update
4947,707,2024-03-08,Home,1,149,dropped,3,Mar,Pre-Update
4948,2780,2024-04-21,Pricing Page,2,58,dropped,4,Apr,Post-Update
4949,1294,2024-04-30,Home,1,50,viewed,4,Apr,Post-Update
4950,2484,2024-03-27,Confirmation,5,39,converted,3,Mar,Post-Update
4951,2926,2024-03-20,Pricing Page,2,39,dropped,3,Mar,Post-Update
4952,511,2024-03-20,Plan Selection,3,39,viewed,3,Mar,Post-Update
4953,2531,2024-02-14,Plan Selection,3,156,clicked,2,Feb,Pre-Update
4954,2151,2024-05-31,Home,1,136,dropped,5,May,Post-Update
4955,1428,2024-01-29,Pricing Page,2,39,clicked,1,Jan,Pre-Update
4956,1611,2024-02-05,Pricing Page,2,39,dropped,2,Feb,Pre-Update
4957,2925,2024-05-14,Payment,4,158,clicked,5,May,Post-Update
4958,1247,2024-01-17,Pricing Page,2,53,dropped,1,Jan,Pre-Update
4959,2662,2024-05-08,Confirmation,5,75,converted,5,May,Post-Update
4960,2897,2024-06-01,Pricing Page,2,39,dropped,6,Jun,Post-Update
4961,1071,2024-06-08,Pricing Page,2,38,dropped,6,Jun,Post-Update
4962,1994,2024-06-05,Pricing Page,2,41,dropped,6,Jun,Post-Update
4963,1156,2024-02-21,Pricing Page,2,46,viewed,2,Feb,Pre-Update
4964,1748,2024-03-13,Pricing Page,2,31,clicked,3,Mar,Pre-Update
4965,1322,2024-04-25,Confirmation,5,106,converted,4,Apr,Post-Update
4966,2291,2024-03-08,Plan Selection,3,166,dropped,3,Mar,Pre-Update
4967,1512,2024-01-02,Plan Selection,3,135,clicked,1,Jan,Pre-Update
4968,2493,2024-04-05,Home,1,37,clicked,4,Apr,Post-Update
4969,2718,2024-05-12,Confirmation,5,123,converted,5,May,Post-Update
4970,2925,2024-02-01,Confirmation,5,39,converted,2,Feb,Pre-Update
4971,2847,2024-02-23,Plan Selection,3,63,clicked,2,Feb,Pre-Update
4972,1352,2024-06-11,Home,1,11,viewed,6,Jun,Post-Update
4973,244,2024-04-08,Pricing Page,2,58,dropped,4,Apr,Post-Update
4974,1189,2024-05-04,Pricing Page,2,42,dropped,5,May,Post-Update
4975,2216,2024-04-13,Plan Selection,3,117,viewed,4,Apr,Post-Update
4976,91,2024-06-24,Payment,4,177,viewed,6,Jun,Post-Update
4977,552,2024-01-19,Confirmation,5,114,converted,1,Jan,Pre-Update
4978,2143,2024-01-01,Payment,4,77,dropped,1,Jan,Pre-Update
4979,1069,2024-04-11,Payment,4,18,viewed,4,Apr,Post-Update
4980,2286,2024-06-07,Home,1,169,viewed,6,Jun,Post-Update
4981,876,2024-02-15,Pricing Page,2,32,dropped,2,Feb,Pre-Update
4982,1657,2024-04-29,Plan Selection,3,53,dropped,4,Apr,Post-Update
4983,744,2024-05-05,Payment,4,124,viewed,5,May,Post-Update
4984,1798,2024-01-02,Pricing Page,2,35,dropped,1,Jan,Pre-Update
4985,2001,2024-04-14,Confirmation,5,158,converted,4,Apr,Post-Update
4986,48,2024-06-04,Pricing Page,2,57,dropped,6,Jun,Post-Update
4987,1411,2024-06-14,Home,1,20,viewed,6,Jun,Post-Update
4988,2203,2024-03-02,Pricing Page,2,43,viewed,3,Mar,Pre-Update
4989,1477,2024-01-29,Pricing Page,2,31,dropped,1,Jan,Pre-Update
4990,2319,2024-05-04,Home,1,118,clicked,5,May,Post-Update
4991,476,2024-05-09,Home,1,90,viewed,5,May,Post-Update
4992,549,2024-06-08,Payment,4,139,viewed,6,Jun,Post-Update
4993,1142,2024-06-13,Pricing Page,2,45,dropped,6,Jun,Post-Update
4994,1682,2024-04-22,Pricing Page,2,44,clicked,4,Apr,Post-Update
4995,1224,2024-04-21,Payment,4,105,viewed,4,Apr,Post-Update
4996,1638,2024-03-02,Home,1,60,dropped,3,Mar,Pre-Update
4997,2172,2024-03-01,Pricing Page,2,44,viewed,3,Mar,Pre-Update
4998,199,2024-04-24,Confirmation,5,192,converted,4,Apr,Post-Update
4999,2060,2024-05-04,Pricing Page,2,63,dropped,5,May,Post-Update
5000,366,2024-02-04,Plan Selection,3,77,viewed,2,Feb,Pre-Update
5001,2101,2024-05-02,Pricing Page,2,48,viewed,5,May,Post-Update
5002,1092,2024-02-04,Payment,4,159,dropped,2,Feb,Pre-Update
5003,1573,2024-01-29,Pricing Page,2,47,dropped,1,Jan,Pre-Update
5004,1736,2024-01-19,Payment,4,132,viewed,1,Jan,Pre-Update
5005,2150,2024-03-22,Home,1,33,clicked,3,Mar,Post-Update
5006,540,2024-06-26,Pricing Page,2,64,dropped,6,Jun,Post-Update
5007,767,2024-01-19,Payment,4,105,dropped,1,Jan,Pre-Update
5008,302,2024-02-03,Plan Selection,3,122,viewed,2,Feb,Pre-Update
5009,33,2024-02-12,Home,1,19,viewed,2,Feb,Pre-Update
5010,2226,2024-03-10,Plan Selection,3,62,clicked,3,Mar,Pre-Update
5011,1635,2024-06-16,Confirmation,5,48,converted,6,Jun,Post-Update
5012,2951,2024-03-02,Payment,4,146,dropped,3,Mar,Pre-Update
5013,2705,2024-06-19,Confirmation,5,42,converted,6,Jun,Post-Update
5014,2476,2024-04-25,Plan Selection,3,133,viewed,4,Apr,Post-Update
5015,112,2024-02-15,Home,1,197,clicked,2,Feb,Pre-Update
5016,1673,2024-06-23,Home,1,185,viewed,6,Jun,Post-Update
5017,2,2024-02-09,Home,1,180,viewed,2,Feb,Pre-Update
5018,539,2024-01-11,Payment,4,125,viewed,1,Jan,Pre-Update
5019,1408,2024-03-17,Plan Selection,3,67,clicked,3,Mar,Post-Update
5020,1987,2024-03-12,Confirmation,5,161,converted,3,Mar,Pre-Update
5021,2478,2024-06-03,Payment,4,87,clicked,6,Jun,Post-Update
5022,2004,2024-04-26,Pricing Page,2,41,viewed,4,Apr,Post-Update
5023,667,2024-03-11,Pricing Page,2,35,dropped,3,Mar,Pre-Update
5024,837,2024-06-06,Plan Selection,3,199,dropped,6,Jun,Post-Update
5025,493,2024-02-09,Plan Selection,3,75,viewed,2,Feb,Pre-Update
5026,706,2024-04-27,Plan Selection,3,153,viewed,4,Apr,Post-Update
5027,2404,2024-01-07,Payment,4,156,clicked,1,Jan,Pre-Update
5028,1910,2024-01-15,Pricing Page,2,35,clicked,1,Jan,Pre-Update
5029,2816,2024-02-03,Home,1,200,clicked,2,Feb,Pre-Update
5030,1415,2024-06-22,Pricing Page,2,38,viewed,6,Jun,Post-Update
5031,1530,2024-05-30,Plan Selection,3,137,clicked,5,May,Post-Update
5032,1903,2024-02-13,Pricing Page,2,54,dropped,2,Feb,Pre-Update
5033,1546,2024-06-26,Pricing Page,2,62,dropped,6,Jun,Post-Update
5034,2376,2024-05-25,Plan Selection,3,179,clicked,5,May,Post-Update
5035,2456,2024-02-20,Confirmation,5,184,converted,2,Feb,Pre-Update
5036,1622,2024-01-15,Payment,4,146,dropped,1,Jan,Pre-Update
5037,667,2024-06-21,Home,1,126,viewed,6,Jun,Post-Update
5038,1437,2024-03-24,Payment,4,205,clicked,3,Mar,Post-Update
5039,1332,2024-03-11,Plan Selection,3,195,viewed,3,Mar,Pre-Update
5040,414,2024-03-01,Pricing Page,2,38,clicked,3,Mar,Pre-Update
5041,1717,2024-05-22,Pricing Page,2,61,dropped,5,May,Post-Update
5042,1580,2024-01-24,Home,1,207,viewed,1,Jan,Pre-Update
5043,1716,2024-05-13,Confirmation,5,146,converted,5,May,Post-Update
5044,1445,2024-03-04,Pricing Page,2,46,viewed,3,Mar,Pre-Update
5045,918,2024-01-28,Payment,4,163,clicked,1,Jan,Pre-Update
5046,679,2024-02-08,Pricing Page,2,37,dropped,2,Feb,Pre-Update
5047,439,2024-01-30,Pricing Page,2,43,dropped,1,Jan,Pre-Update
5048,2406,2024-06-19,Pricing Page,2,59,clicked,6,Jun,Post-Update
5049,544,2024-06-12,Confirmation,5,37,converted,6,Jun,Post-Update
5050,2311,2024-03-21,Confirmation,5,60,converted,3,Mar,Post-Update
5051,1508,2024-05-17,Pricing Page,2,42,viewed,5,May,Post-Update
5052,566,2024-01-26,Home,1,75,dropped,1,Jan,Pre-Update
5053,2739,2024-01-06,Pricing Page,2,57,clicked,1,Jan,Pre-Update
5054,1184,2024-04-30,Home,1,149,dropped,4,Apr,Post-Update
5055,884,2024-02-13,Pricing Page,2,54,dropped,2,Feb,Pre-Update
5056,908,2024-01-13,Pricing Page,2,58,clicked,1,Jan,Pre-Update
5057,2160,2024-01-06,Confirmation,5,183,converted,1,Jan,Pre-Update
5058,1119,2024-02-15,Home,1,209,clicked,2,Feb,Pre-Update
5059,2111,2024-06-11,Pricing Page,2,42,clicked,6,Jun,Post-Update
5060,2706,2024-03-29,Payment,4,45,viewed,3,Mar,Post-Update
5061,122,2024-01-10,Home,1,128,clicked,1,Jan,Pre-Update
5062,2322,2024-03-02,Pricing Page,2,54,dropped,3,Mar,Pre-Update
5063,2176,2024-03-30,Pricing Page,2,39,dropped,3,Mar,Post-Update
5064,1244,2024-01-26,Pricing Page,2,56,viewed,1,Jan,Pre-Update
5065,981,2024-04-30,Pricing Page,2,60,clicked,4,Apr,Post-Update
5066,575,2024-06-11,Confirmation,5,193,converted,6,Jun,Post-Update
5067,2431,2024-02-24,Home,1,115,clicked,2,Feb,Pre-Update
5068,954,2024-03-21,Pricing Page,2,39,dropped,3,Mar,Post-Update
5069,2819,2024-03-21,Pricing Page,2,57,dropped,3,Mar,Post-Update
5070,1207,2024-05-24,Payment,4,105,dropped,5,May,Post-Update
5071,2818,2024-03-25,Plan Selection,3,58,viewed,3,Mar,Post-Update
5072,1034,2024-06-08,Pricing Page,2,45,dropped,6,Jun,Post-Update
5073,2872,2024-03-03,Payment,4,67,viewed,3,Mar,Pre-Update
5074,1051,2024-02-10,Home,1,133,viewed,2,Feb,Pre-Update
5075,2283,2024-01-07,Confirmation,5,77,converted,1,Jan,Pre-Update
5076,93,2024-01-25,Plan Selection,3,118,viewed,1,Jan,Pre-Update
5077,174,2024-03-27,Pricing Page,2,58,clicked,3,Mar,Post-Update
5078,1967,2024-01-10,Pricing Page,2,41,viewed,1,Jan,Pre-Update
5079,1854,2024-02-14,Pricing Page,2,33,clicked,2,Feb,Pre-Update
5080,798,2024-05-13,Confirmation,5,49,converted,5,May,Post-Update
5081,1060,2024-01-31,Payment,4,87,clicked,1,Jan,Pre-Update
5082,2501,2024-03-08,Pricing Page,2,50,dropped,3,Mar,Pre-Update
5083,1996,2024-02-23,Pricing Page,2,44,dropped,2,Feb,Pre-Update
5084,1670,2024-05-20,Pricing Page,2,60,dropped,5,May,Post-Update
5085,819,2024-01-09,Pricing Page,2,59,clicked,1,Jan,Pre-Update
5086,1103,2024-05-31,Home,1,180,dropped,5,May,Post-Update
5087,2072,2024-02-24,Pricing Page,2,39,dropped,2,Feb,Pre-Update
5088,1007,2024-06-12,Pricing Page,2,61,dropped,6,Jun,Post-Update
5089,2837,2024-03-01,Payment,4,45,clicked,3,Mar,Pre-Update
5090,1029,2024-04-16,Confirmation,5,180,converted,4,Apr,Post-Update
5091,1449,2024-06-04,Payment,4,148,viewed,6,Jun,Post-Update
5092,1228,2024-03-05,Plan Selection,3,140,viewed,3,Mar,Pre-Update
5093,683,2024-02-10,Pricing Page,2,46,dropped,2,Feb,Pre-Update
5094,567,2024-06-05,Payment,4,43,clicked,6,Jun,Post-Update
5095,1221,2024-02-22,Pricing Page,2,37,clicked,2,Feb,Pre-Update
5096,964,2024-05-15,Payment,4,132,viewed,5,May,Post-Update
5097,2664,2024-02-07,Pricing Page,2,36,dropped,2,Feb,Pre-Update
5098,1666,2024-04-22,Pricing Page,2,50,clicked,4,Apr,Post-Update
5099,9,2024-01-17,Pricing Page,2,58,clicked,1,Jan,Pre-Update
5100,792,2024-01-09,Pricing Page,2,33,dropped,1,Jan,Pre-Update
5101,1435,2024-06-16,Home,1,37,dropped,6,Jun,Post-Update
5102,1035,2024-02-18,Pricing Page,2,50,clicked,2,Feb,Pre-Update
5103,1362,2024-05-21,Plan Selection,3,81,dropped,5,May,Post-Update
5104,2178,2024-01-29,Plan Selection,3,114,viewed,1,Jan,Pre-Update
5105,1561,2024-01-28,Home,1,108,viewed,1,Jan,Pre-Update
5106,19,2024-03-02,Plan Selection,3,91,viewed,3,Mar,Pre-Update
5107,2112,2024-04-11,Plan Selection,3,163,viewed,4,Apr,Post-Update
5108,1752,2024-04-15,Home,1,25,viewed,4,Apr,Post-Update
5109,571,2024-02-24,Confirmation,5,159,converted,2,Feb,Pre-Update
5110,2816,2024-03-23,Pricing Page,2,67,dropped,3,Mar,Post-Update
5111,2520,2024-03-31,Confirmation,5,87,converted,3,Mar,Post-Update
5112,12,2024-06-04,Pricing Page,2,62,dropped,6,Jun,Post-Update
5113,2355,2024-02-03,Plan Selection,3,65,viewed,2,Feb,Pre-Update
5114,1986,2024-02-07,Home,1,140,dropped,2,Feb,Pre-Update
5115,1576,2024-03-01,Home,1,112,dropped,3,Mar,Pre-Update
5116,2048,2024-05-03,Pricing Page,2,62,viewed,5,May,Post-Update
5117,577,2024-02-04,Pricing Page,2,39,clicked,2,Feb,Pre-Update
5118,1037,2024-03-03,Plan Selection,3,94,dropped,3,Mar,Pre-Update
5119,2726,2024-03-20,Pricing Page,2,67,dropped,3,Mar,Post-Update
5120,2827,2024-06-22,Confirmation,5,192,converted,6,Jun,Post-Update
5121,2079,2024-05-11,Plan Selection,3,132,clicked,5,May,Post-Update
5122,162,2024-01-25,Plan Selection,3,55,clicked,1,Jan,Pre-Update
5123,262,2024-05-20,Plan Selection,3,152,viewed,5,May,Post-Update
5124,1615,2024-03-29,Payment,4,148,viewed,3,Mar,Post-Update
5125,2244,2024-06-01,Confirmation,5,83,converted,6,Jun,Post-Update
5126,2697,2024-03-11,Pricing Page,2,32,clicked,3,Mar,Pre-Update
5127,819,2024-02-11,Pricing Page,2,30,dropped,2,Feb,Pre-Update
5128,2978,2024-06-22,Payment,4,56,viewed,6,Jun,Post-Update
5129,2438,2024-06-21,Pricing Page,2,61,viewed,6,Jun,Post-Update
5130,1402,2024-03-18,Payment,4,97,viewed,3,Mar,Post-Update
5131,1417,2024-03-29,Home,1,140,dropped,3,Mar,Post-Update
5132,2975,2024-03-11,Confirmation,5,147,converted,3,Mar,Pre-Update
5133,1601,2024-04-18,Pricing Page,2,43,clicked,4,Apr,Post-Update
5134,70,2024-06-26,Payment,4,44,clicked,6,Jun,Post-Update
5135,1459,2024-02-11,Plan Selection,3,149,clicked,2,Feb,Pre-Update
5136,691,2024-05-16,Home,1,42,clicked,5,May,Post-Update
5137,876,2024-05-23,Home,1,16,viewed,5,May,Post-Update
5138,1611,2024-06-11,Confirmation,5,158,converted,6,Jun,Post-Update
5139,170,2024-01-09,Home,1,52,viewed,1,Jan,Pre-Update
5140,1935,2024-04-27,Pricing Page,2,57,dropped,4,Apr,Post-Update
5141,752,2024-04-10,Home,1,102,dropped,4,Apr,Post-Update
5142,2272,2024-01-19,Pricing Page,2,56,clicked,1,Jan,Pre-Update
5143,31,2024-06-01,Home,1,78,dropped,6,Jun,Post-Update
5144,2871,2024-02-04,Home,1,187,dropped,2,Feb,Pre-Update
5145,257,2024-06-26,Plan Selection,3,75,viewed,6,Jun,Post-Update
5146,1140,2024-06-08,Pricing Page,2,58,clicked,6,Jun,Post-Update
5147,1021,2024-04-25,Home,1,201,clicked,4,Apr,Post-Update
5148,1195,2024-02-12,Confirmation,5,38,converted,2,Feb,Pre-Update
5149,2417,2024-04-19,Plan Selection,3,45,dropped,4,Apr,Post-Update
5150,2744,2024-02-25,Payment,4,19,viewed,2,Feb,Pre-Update
5151,411,2024-01-22,Home,1,112,dropped,1,Jan,Pre-Update
5152,2147,2024-03-17,Confirmation,5,124,converted,3,Mar,Post-Update
5153,2872,2024-01-13,Pricing Page,2,34,dropped,1,Jan,Pre-Update
5154,1100,2024-05-12,Plan Selection,3,123,dropped,5,May,Post-Update
5155,523,2024-03-04,Pricing Page,2,31,clicked,3,Mar,Pre-Update
5156,2996,2024-01-16,Pricing Page,2,56,dropped,1,Jan,Pre-Update
5157,942,2024-06-23,Payment,4,103,viewed,6,Jun,Post-Update
5158,652,2024-06-14,Confirmation,5,182,converted,6,Jun,Post-Update
5159,1678,2024-02-06,Pricing Page,2,31,dropped,2,Feb,Pre-Update
5160,2791,2024-01-04,Pricing Page,2,45,clicked,1,Jan,Pre-Update
5161,2650,2024-02-29,Home,1,14,dropped,2,Feb,Pre-Update
5162,1401,2024-01-03,Plan Selection,3,65,clicked,1,Jan,Pre-Update
5163,480,2024-04-19,Plan Selection,3,187,viewed,4,Apr,Post-Update
5164,1190,2024-04-09,Plan Selection,3,40,dropped,4,Apr,Post-Update
5165,2757,2024-03-08,Home,1,87,viewed,3,Mar,Pre-Update
5166,125,2024-02-21,Pricing Page,2,48,dropped,2,Feb,Pre-Update
5167,332,2024-06-26,Plan Selection,3,195,viewed,6,Jun,Post-Update
5168,2436,2024-02-24,Home,1,98,dropped,2,Feb,Pre-Update
5169,2038,2024-03-12,Confirmation,5,102,converted,3,Mar,Pre-Update
5170,1580,2024-02-14,Plan Selection,3,111,viewed,2,Feb,Pre-Update
5171,1417,2024-04-11,Pricing Page,2,44,dropped,4,Apr,Post-Update
5172,995,2024-04-26,Pricing Page,2,44,dropped,4,Apr,Post-Update
5173,536,2024-05-26,Plan Selection,3,30,viewed,5,May,Post-Update
5174,1901,2024-02-07,Home,1,22,viewed,2,Feb,Pre-Update
5175,883,2024-05-22,Home,1,180,dropped,5,May,Post-Update
5176,279,2024-01-15,Home,1,74,clicked,1,Jan,Pre-Update
5177,1162,2024-01-23,Pricing Page,2,59,clicked,1,Jan,Pre-Update
5178,1484,2024-01-02,Plan Selection,3,170,clicked,1,Jan,Pre-Update
5179,506,2024-06-11,Confirmation,5,46,converted,6,Jun,Post-Update
5180,2952,2024-03-09,Confirmation,5,113,converted,3,Mar,Pre-Update
5181,2426,2024-03-28,Confirmation,5,113,converted,3,Mar,Post-Update
5182,1837,2024-04-01,Plan Selection,3,193,clicked,4,Apr,Post-Update
5183,2692,2024-06-10,Payment,4,56,viewed,6,Jun,Post-Update
5184,1019,2024-02-20,Pricing Page,2,30,viewed,2,Feb,Pre-Update
5185,2219,2024-05-30,Confirmation,5,51,converted,5,May,Post-Update
5186,674,2024-03-30,Payment,4,107,dropped,3,Mar,Post-Update
5187,2491,2024-06-25,Pricing Page,2,67,clicked,6,Jun,Post-Update
5188,246,2024-06-25,Plan Selection,3,51,dropped,6,Jun,Post-Update
5189,557,2024-03-21,Plan Selection,3,198,viewed,3,Mar,Post-Update
5190,2729,2024-02-25,Payment,4,30,dropped,2,Feb,Pre-Update
5191,487,2024-04-06,Home,1,64,viewed,4,Apr,Post-Update
5192,1163,2024-03-15,Confirmation,5,69,converted,3,Mar,Post-Update
5193,2316,2024-06-22,Pricing Page,2,54,dropped,6,Jun,Post-Update
5194,2770,2024-04-29,Plan Selection,3,148,viewed,4,Apr,Post-Update
5195,554,2024-03-07,Pricing Page,2,39,clicked,3,Mar,Pre-Update
5196,1879,2024-06-28,Home,1,103,dropped,6,Jun,Post-Update
5197,2889,2024-04-17,Home,1,126,viewed,4,Apr,Post-Update
5198,2241,2024-04-25,Confirmation,5,174,converted,4,Apr,Post-Update
5199,810,2024-06-08,Plan Selection,3,86,dropped,6,Jun,Post-Update
5200,928,2024-02-19,Pricing Page,2,41,clicked,2,Feb,Pre-Update
5201,1920,2024-04-08,Payment,4,75,clicked,4,Apr,Post-Update
5202,1063,2024-06-24,Payment,4,207,viewed,6,Jun,Post-Update
5203,235,2024-04-11,Plan Selection,3,54,clicked,4,Apr,Post-Update
5204,585,2024-06-03,Plan Selection,3,176,dropped,6,Jun,Post-Update
5205,459,2024-03-08,Pricing Page,2,57,dropped,3,Mar,Pre-Update
5206,237,2024-02-23,Pricing Page,2,38,viewed,2,Feb,Pre-Update
5207,2869,2024-03-27,Plan Selection,3,35,dropped,3,Mar,Post-Update
5208,328,2024-02-16,Confirmation,5,200,converted,2,Feb,Pre-Update
5209,2828,2024-06-02,Pricing Page,2,53,dropped,6,Jun,Post-Update
5210,978,2024-03-29,Pricing Page,2,65,dropped,3,Mar,Post-Update
5211,2507,2024-06-01,Plan Selection,3,204,viewed,6,Jun,Post-Update
5212,2791,2024-03-02,Confirmation,5,115,converted,3,Mar,Pre-Update
5213,2749,2024-06-28,Pricing Page,2,41,viewed,6,Jun,Post-Update
5214,350,2024-06-15,Pricing Page,2,51,dropped,6,Jun,Post-Update
5215,508,2024-03-03,Pricing Page,2,31,clicked,3,Mar,Pre-Update
5216,113,2024-02-16,Home,1,27,viewed,2,Feb,Pre-Update
5217,1159,2024-01-25,Plan Selection,3,59,viewed,1,Jan,Pre-Update
5218,1291,2024-02-15,Confirmation,5,18,converted,2,Feb,Pre-Update
5219,1002,2024-04-08,Payment,4,204,viewed,4,Apr,Post-Update
5220,1674,2024-05-07,Payment,4,42,clicked,5,May,Post-Update
5221,2309,2024-01-17,Home,1,95,viewed,1,Jan,Pre-Update
5222,1078,2024-04-19,Confirmation,5,200,converted,4,Apr,Post-Update
5223,2683,2024-04-21,Pricing Page,2,42,dropped,4,Apr,Post-Update
5224,1071,2024-01-18,Pricing Page,2,52,clicked,1,Jan,Pre-Update
5225,560,2024-03-29,Confirmation,5,209,converted,3,Mar,Post-Update
5226,944,2024-04-13,Confirmation,5,188,converted,4,Apr,Post-Update
5227,2096,2024-05-27,Confirmation,5,91,converted,5,May,Post-Update
5228,400,2024-03-20,Payment,4,151,dropped,3,Mar,Post-Update
5229,1298,2024-05-30,Payment,4,180,viewed,5,May,Post-Update
5230,2059,2024-03-28,Pricing Page,2,49,viewed,3,Mar,Post-Update
5231,573,2024-02-28,Home,1,59,dropped,2,Feb,Pre-Update
5232,2518,2024-06-01,Plan Selection,3,201,viewed,6,Jun,Post-Update
5233,1777,2024-06-08,Plan Selection,3,118,viewed,6,Jun,Post-Update
5234,1167,2024-04-06,Pricing Page,2,63,clicked,4,Apr,Post-Update
5235,1818,2024-04-02,Payment,4,48,viewed,4,Apr,Post-Update
5236,150,2024-01-13,Pricing Page,2,54,clicked,1,Jan,Pre-Update
5237,447,2024-01-29,Pricing Page,2,37,dropped,1,Jan,Pre-Update
5238,1425,2024-04-23,Plan Selection,3,135,dropped,4,Apr,Post-Update
5239,875,2024-03-04,Confirmation,5,90,converted,3,Mar,Pre-Update
5240,1005,2024-03-25,Pricing Page,2,45,dropped,3,Mar,Post-Update
5241,2065,2024-04-12,Payment,4,30,dropped,4,Apr,Post-Update
5242,2471,2024-03-21,Payment,4,86,viewed,3,Mar,Post-Update
5243,785,2024-02-17,Plan Selection,3,188,viewed,2,Feb,Pre-Update
5244,1677,2024-02-16,Plan Selection,3,53,clicked,2,Feb,Pre-Update
5245,2553,2024-03-04,Pricing Page,2,59,dropped,3,Mar,Pre-Update
5246,901,2024-05-19,Confirmation,5,105,converted,5,May,Post-Update
5247,1551,2024-01-27,Home,1,110,viewed,1,Jan,Pre-Update
5248,695,2024-02-26,Payment,4,90,clicked,2,Feb,Pre-Update
5249,2476,2024-06-13,Home,1,125,viewed,6,Jun,Post-Update
5250,2296,2024-05-12,Pricing Page,2,56,viewed,5,May,Post-Update
5251,2851,2024-06-09,Plan Selection,3,67,viewed,6,Jun,Post-Update
5252,1505,2024-03-28,Confirmation,5,41,converted,3,Mar,Post-Update
5253,90,2024-05-01,Pricing Page,2,46,clicked,5,May,Post-Update
5254,1141,2024-06-22,Plan Selection,3,96,dropped,6,Jun,Post-Update
5255,1579,2024-01-26,Home,1,49,viewed,1,Jan,Pre-Update
5256,1398,2024-03-30,Home,1,197,clicked,3,Mar,Post-Update
5257,1018,2024-03-14,Home,1,173,dropped,3,Mar,Pre-Update
5258,2789,2024-03-16,Pricing Page,2,43,dropped,3,Mar,Post-Update
5259,2200,2024-03-31,Pricing Page,2,66,viewed,3,Mar,Post-Update
5260,2010,2024-04-23,Home,1,163,clicked,4,Apr,Post-Update
5261,2849,2024-03-12,Home,1,98,viewed,3,Mar,Pre-Update
5262,2614,2024-05-31,Plan Selection,3,68,viewed,5,May,Post-Update
5263,108,2024-05-30,Home,1,166,viewed,5,May,Post-Update
5264,984,2024-03-20,Pricing Page,2,60,dropped,3,Mar,Post-Update
5265,92,2024-01-02,Confirmation,5,162,converted,1,Jan,Pre-Update
5266,2838,2024-03-19,Pricing Page,2,49,viewed,3,Mar,Post-Update
5267,1567,2024-05-23,Pricing Page,2,55,clicked,5,May,Post-Update
5268,687,2024-05-12,Confirmation,5,140,converted,5,May,Post-Update
5269,1084,2024-06-01,Home,1,40,clicked,6,Jun,Post-Update
5270,998,2024-04-15,Confirmation,5,185,converted,4,Apr,Post-Update
5271,1844,2024-03-20,Pricing Page,2,49,viewed,3,Mar,Post-Update
5272,1116,2024-01-27,Plan Selection,3,128,dropped,1,Jan,Pre-Update
5273,2950,2024-03-23,Pricing Page,2,47,dropped,3,Mar,Post-Update
5274,2663,2024-05-13,Home,1,184,clicked,5,May,Post-Update
5275,2736,2024-04-26,Pricing Page,2,54,dropped,4,Apr,Post-Update
5276,962,2024-01-10,Pricing Page,2,39,clicked,1,Jan,Pre-Update
5277,1155,2024-06-19,Plan Selection,3,188,viewed,6,Jun,Post-Update
5278,1593,2024-01-23,Home,1,174,viewed,1,Jan,Pre-Update
5279,1413,2024-03-12,Plan Selection,3,126,clicked,3,Mar,Pre-Update
5280,1650,2024-06-24,Home,1,22,viewed,6,Jun,Post-Update
5281,1531,2024-02-29,Home,1,125,clicked,2,Feb,Pre-Update
5282,2932,2024-02-17,Pricing Page,2,34,clicked,2,Feb,Pre-Update
5283,1544,2024-05-22,Pricing Page,2,57,dropped,5,May,Post-Update
5284,896,2024-03-02,Payment,4,203,clicked,3,Mar,Pre-Update
5285,952,2024-02-16,Pricing Page,2,56,clicked,2,Feb,Pre-Update
5286,1496,2024-02-06,Plan Selection,3,201,dropped,2,Feb,Pre-Update
5287,1129,2024-01-24,Plan Selection,3,60,viewed,1,Jan,Pre-Update
5288,1856,2024-01-13,Pricing Page,2,35,clicked,1,Jan,Pre-Update
5289,2680,2024-06-29,Pricing Page,2,55,viewed,6,Jun,Post-Update
5290,336,2024-04-25,Payment,4,92,clicked,4,Apr,Post-Update
5291,111,2024-05-28,Home,1,120,viewed,5,May,Post-Update
5292,180,2024-01-14,Home,1,148,viewed,1,Jan,Pre-Update
5293,1442,2024-05-01,Confirmation,5,115,converted,5,May,Post-Update
5294,2718,2024-06-21,Home,1,85,viewed,6,Jun,Post-Update
5295,1822,2024-05-23,Home,1,68,dropped,5,May,Post-Update
5296,1437,2024-02-01,Pricing Page,2,50,dropped,2,Feb,Pre-Update
5297,1800,2024-04-16,Home,1,205,clicked,4,Apr,Post-Update
5298,852,2024-01-16,Plan Selection,3,142,clicked,1,Jan,Pre-Update
5299,2278,2024-01-28,Pricing Page,2,58,dropped,1,Jan,Pre-Update
5300,2638,2024-03-02,Home,1,65,dropped,3,Mar,Pre-Update
5301,769,2024-04-22,Pricing Page,2,64,dropped,4,Apr,Post-Update
5302,708,2024-01-08,Pricing Page,2,41,dropped,1,Jan,Pre-Update
5303,1990,2024-02-15,Pricing Page,2,47,dropped,2,Feb,Pre-Update
5304,2791,2024-02-11,Pricing Page,2,34,clicked,2,Feb,Pre-Update
5305,2308,2024-06-14,Pricing Page,2,54,dropped,6,Jun,Post-Update
5306,1269,2024-01-10,Confirmation,5,168,converted,1,Jan,Pre-Update
5307,10,2024-04-24,Home,1,184,viewed,4,Apr,Post-Update
5308,2618,2024-05-01,Payment,4,136,viewed,5,May,Post-Update
5309,33,2024-01-20,Plan Selection,3,49,clicked,1,Jan,Pre-Update
5310,2501,2024-05-08,Home,1,24,dropped,5,May,Post-Update
5311,2940,2024-02-03,Confirmation,5,75,converted,2,Feb,Pre-Update
5312,2114,2024-04-08,Plan Selection,3,96,clicked,4,Apr,Post-Update
5313,840,2024-03-23,Pricing Page,2,62,clicked,3,Mar,Post-Update
5314,1294,2024-05-29,Payment,4,151,dropped,5,May,Post-Update
5315,2911,2024-05-24,Home,1,12,viewed,5,May,Post-Update
5316,215,2024-06-10,Pricing Page,2,53,viewed,6,Jun,Post-Update
5317,2409,2024-03-13,Plan Selection,3,172,dropped,3,Mar,Pre-Update
5318,2414,2024-02-20,Confirmation,5,19,converted,2,Feb,Pre-Update
5319,926,2024-03-13,Home,1,46,viewed,3,Mar,Pre-Update
5320,2553,2024-02-09,Plan Selection,3,11,clicked,2,Feb,Pre-Update
5321,660,2024-05-15,Home,1,53,viewed,5,May,Post-Update
5322,1240,2024-04-22,Payment,4,109,viewed,4,Apr,Post-Update
5323,2631,2024-05-17,Home,1,122,clicked,5,May,Post-Update
5324,2677,2024-04-02,Payment,4,172,clicked,4,Apr,Post-Update
5325,2476,2024-05-19,Pricing Page,2,55,clicked,5,May,Post-Update
5326,427,2024-03-09,Pricing Page,2,34,dropped,3,Mar,Pre-Update
5327,851,2024-03-12,Home,1,97,viewed,3,Mar,Pre-Update
5328,2229,2024-02-21,Home,1,22,viewed,2,Feb,Pre-Update
5329,1961,2024-06-23,Payment,4,82,clicked,6,Jun,Post-Update
5330,578,2024-02-05,Pricing Page,2,44,dropped,2,Feb,Pre-Update
5331,1119,2024-03-08,Payment,4,133,viewed,3,Mar,Pre-Update
5332,1021,2024-02-04,Confirmation,5,17,converted,2,Feb,Pre-Update
5333,1302,2024-01-10,Confirmation,5,134,converted,1,Jan,Pre-Update
5334,740,2024-03-07,Home,1,76,clicked,3,Mar,Pre-Update
5335,80,2024-06-15,Plan Selection,3,173,clicked,6,Jun,Post-Update
5336,887,2024-05-29,Pricing Page,2,59,viewed,5,May,Post-Update
5337,742,2024-04-17,Pricing Page,2,47,viewed,4,Apr,Post-Update
5338,2584,2024-03-13,Pricing Page,2,57,dropped,3,Mar,Pre-Update
5339,212,2024-02-12,Confirmation,5,30,converted,2,Feb,Pre-Update
5340,1862,2024-05-25,Home,1,73,dropped,5,May,Post-Update
5341,2553,2024-05-19,Pricing Page,2,43,viewed,5,May,Post-Update
5342,1147,2024-06-24,Plan Selection,3,123,viewed,6,Jun,Post-Update
5343,67,2024-06-08,Pricing Page,2,39,dropped,6,Jun,Post-Update
5344,2712,2024-06-11,Payment,4,49,viewed,6,Jun,Post-Update
5345,1926,2024-02-19,Pricing Page,2,40,clicked,2,Feb,Pre-Update
5346,258,2024-01-29,Plan Selection,3,51,clicked,1,Jan,Pre-Update
5347,1494,2024-02-09,Plan Selection,3,80,viewed,2,Feb,Pre-Update
5348,2100,2024-04-27,Home,1,155,dropped,4,Apr,Post-Update
5349,68,2024-03-11,Payment,4,50,clicked,3,Mar,Pre-Update
5350,1181,2024-05-18,Plan Selection,3,188,clicked,5,May,Post-Update
5351,372,2024-06-18,Pricing Page,2,59,clicked,6,Jun,Post-Update
5352,246,2024-03-28,Home,1,84,clicked,3,Mar,Post-Update
5353,2347,2024-05-18,Pricing Page,2,42,dropped,5,May,Post-Update
5354,2807,2024-06-02,Pricing Page,2,55,clicked,6,Jun,Post-Update
5355,1760,2024-06-15,Payment,4,92,clicked,6,Jun,Post-Update
5356,1644,2024-01-13,Plan Selection,3,76,clicked,1,Jan,Pre-Update
5357,1992,2024-05-10,Plan Selection,3,203,viewed,5,May,Post-Update
5358,2467,2024-02-20,Confirmation,5,178,converted,2,Feb,Pre-Update
5359,1216,2024-03-30,Pricing Page,2,62,dropped,3,Mar,Post-Update
5360,359,2024-04-27,Confirmation,5,111,converted,4,Apr,Post-Update
5361,2591,2024-05-23,Pricing Page,2,54,dropped,5,May,Post-Update
5362,37,2024-03-29,Pricing Page,2,55,clicked,3,Mar,Post-Update
5363,2642,2024-02-06,Pricing Page,2,38,dropped,2,Feb,Pre-Update
5364,1734,2024-01-06,Pricing Page,2,59,clicked,1,Jan,Pre-Update
5365,508,2024-06-29,Pricing Page,2,51,clicked,6,Jun,Post-Update
5366,963,2024-03-17,Home,1,114,dropped,3,Mar,Post-Update
5367,211,2024-06-25,Plan Selection,3,77,viewed,6,Jun,Post-Update
5368,2108,2024-02-20,Pricing Page,2,48,dropped,2,Feb,Pre-Update
5369,777,2024-04-22,Pricing Page,2,62,dropped,4,Apr,Post-Update
5370,2613,2024-01-31,Pricing Page,2,47,dropped,1,Jan,Pre-Update
5371,2206,2024-05-19,Plan Selection,3,193,viewed,5,May,Post-Update
5372,1514,2024-04-12,Pricing Page,2,66,clicked,4,Apr,Post-Update
5373,1963,2024-02-05,Home,1,104,clicked,2,Feb,Pre-Update
5374,571,2024-06-28,Pricing Page,2,65,dropped,6,Jun,Post-Update
5375,2144,2024-01-14,Pricing Page,2,56,viewed,1,Jan,Pre-Update
5376,1275,2024-04-27,Confirmation,5,196,converted,4,Apr,Post-Update
5377,2179,2024-05-31,Home,1,115,viewed,5,May,Post-Update
5378,1538,2024-05-07,Confirmation,5,168,converted,5,May,Post-Update
5379,54,2024-05-09,Plan Selection,3,96,viewed,5,May,Post-Update
5380,2264,2024-06-20,Pricing Page,2,52,dropped,6,Jun,Post-Update
5381,2301,2024-05-05,Home,1,165,clicked,5,May,Post-Update
5382,1689,2024-05-01,Plan Selection,3,83,viewed,5,May,Post-Update
5383,2705,2024-01-20,Payment,4,174,viewed,1,Jan,Pre-Update
5384,2082,2024-04-13,Payment,4,38,clicked,4,Apr,Post-Update
5385,1804,2024-05-22,Home,1,63,viewed,5,May,Post-Update
5386,3,2024-01-23,Plan Selection,3,150,viewed,1,Jan,Pre-Update
5387,629,2024-01-11,Plan Selection,3,43,viewed,1,Jan,Pre-Update
5388,1944,2024-05-15,Payment,4,163,clicked,5,May,Post-Update
5389,2477,2024-06-03,Payment,4,80,clicked,6,Jun,Post-Update
5390,216,2024-01-15,Home,1,135,viewed,1,Jan,Pre-Update
5391,813,2024-03-23,Pricing Page,2,38,clicked,3,Mar,Post-Update
5392,2998,2024-02-03,Confirmation,5,25,converted,2,Feb,Pre-Update
5393,1856,2024-06-03,Pricing Page,2,52,dropped,6,Jun,Post-Update
5394,2019,2024-05-02,Pricing Page,2,60,clicked,5,May,Post-Update
5395,775,2024-02-02,Home,1,20,viewed,2,Feb,Pre-Update
5396,1207,2024-02-19,Home,1,11,clicked,2,Feb,Pre-Update
5397,2059,2024-05-25,Confirmation,5,92,converted,5,May,Post-Update
5398,471,2024-04-10,Pricing Page,2,62,dropped,4,Apr,Post-Update
5399,1991,2024-04-25,Home,1,24,viewed,4,Apr,Post-Update
5400,2031,2024-01-09,Home,1,174,clicked,1,Jan,Pre-Update
5401,780,2024-04-29,Plan Selection,3,131,clicked,4,Apr,Post-Update
5402,1807,2024-04-10,Confirmation,5,51,converted,4,Apr,Post-Update
5403,307,2024-06-10,Home,1,40,clicked,6,Jun,Post-Update
5404,2467,2024-03-03,Pricing Page,2,37,clicked,3,Mar,Pre-Update
5405,2229,2024-02-07,Payment,4,100,viewed,2,Feb,Pre-Update
5406,2218,2024-02-12,Confirmation,5,29,converted,2,Feb,Pre-Update
5407,1839,2024-05-18,Confirmation,5,143,converted,5,May,Post-Update
5408,1058,2024-05-18,Payment,4,110,dropped,5,May,Post-Update
5409,2129,2024-05-27,Confirmation,5,63,converted,5,May,Post-Update
5410,1546,2024-05-19,Pricing Page,2,44,dropped,5,May,Post-Update
5411,1248,2024-03-16,Payment,4,197,dropped,3,Mar,Post-Update
5412,213,2024-05-28,Confirmation,5,16,converted,5,May,Post-Update
5413,1387,2024-02-08,Plan Selection,3,166,viewed,2,Feb,Pre-Update
5414,2708,2024-06-23,Home,1,154,dropped,6,Jun,Post-Update
5415,70,2024-03-13,Confirmation,5,109,converted,3,Mar,Pre-Update
5416,2004,2024-06-02,Pricing Page,2,55,dropped,6,Jun,Post-Update
5417,1260,2024-03-13,Payment,4,122,clicked,3,Mar,Pre-Update
5418,324,2024-06-04,Confirmation,5,57,converted,6,Jun,Post-Update
5419,913,2024-05-26,Home,1,47,clicked,5,May,Post-Update
5420,978,2024-06-10,Pricing Page,2,60,dropped,6,Jun,Post-Update
5421,1421,2024-02-25,Home,1,147,dropped,2,Feb,Pre-Update
5422,865,2024-02-11,Pricing Page,2,51,viewed,2,Feb,Pre-Update
5423,2357,2024-04-08,Pricing Page,2,43,viewed,4,Apr,Post-Update
5424,2412,2024-03-10,Plan Selection,3,95,clicked,3,Mar,Pre-Update
5425,1993,2024-04-09,Payment,4,42,clicked,4,Apr,Post-Update
5426,429,2024-01-25,Pricing Page,2,54,dropped,1,Jan,Pre-Update
5427,697,2024-01-29,Home,1,13,viewed,1,Jan,Pre-Update
5428,2609,2024-06-29,Pricing Page,2,64,dropped,6,Jun,Post-Update
5429,2632,2024-03-24,Plan Selection,3,19,dropped,3,Mar,Post-Update
5430,2091,2024-06-27,Payment,4,46,clicked,6,Jun,Post-Update
5431,1927,2024-06-11,Plan Selection,3,21,viewed,6,Jun,Post-Update
5432,129,2024-02-21,Pricing Page,2,48,dropped,2,Feb,Pre-Update
5433,395,2024-01-13,Confirmation,5,126,converted,1,Jan,Pre-Update
5434,97,2024-03-16,Confirmation,5,141,converted,3,Mar,Post-Update
5435,1041,2024-05-17,Payment,4,118,clicked,5,May,Post-Update
5436,1462,2024-01-30,Pricing Page,2,38,dropped,1,Jan,Pre-Update
5437,335,2024-03-06,Pricing Page,2,38,dropped,3,Mar,Pre-Update
5438,1037,2024-04-16,Confirmation,5,166,converted,4,Apr,Post-Update
5439,538,2024-04-09,Pricing Page,2,50,dropped,4,Apr,Post-Update
5440,52,2024-05-10,Plan Selection,3,129,clicked,5,May,Post-Update
5441,2468,2024-01-27,Pricing Page,2,57,clicked,1,Jan,Pre-Update
5442,2484,2024-01-04,Plan Selection,3,204,dropped,1,Jan,Pre-Update
5443,1052,2024-04-16,Confirmation,5,145,converted,4,Apr,Post-Update
5444,2154,2024-04-11,Plan Selection,3,122,viewed,4,Apr,Post-Update
5445,1947,2024-04-26,Pricing Page,2,49,dropped,4,Apr,Post-Update
5446,2175,2024-01-15,Pricing Page,2,55,clicked,1,Jan,Pre-Update
5447,940,2024-06-04,Pricing Page,2,45,dropped,6,Jun,Post-Update
5448,2168,2024-03-05,Plan Selection,3,209,dropped,3,Mar,Pre-Update
5449,2311,2024-03-11,Plan Selection,3,18,clicked,3,Mar,Pre-Update
5450,934,2024-05-05,Plan Selection,3,118,dropped,5,May,Post-Update
5451,146,2024-05-31,Home,1,159,clicked,5,May,Post-Update
5452,2013,2024-04-19,Home,1,56,dropped,4,Apr,Post-Update
5453,2849,2024-03-06,Confirmation,5,153,converted,3,Mar,Pre-Update
5454,2137,2024-03-14,Confirmation,5,52,converted,3,Mar,Pre-Update
5455,1239,2024-03-17,Payment,4,29,viewed,3,Mar,Post-Update
5456,83,2024-04-09,Plan Selection,3,137,dropped,4,Apr,Post-Update
5457,633,2024-03-09,Pricing Page,2,34,viewed,3,Mar,Pre-Update
5458,1083,2024-06-16,Plan Selection,3,203,dropped,6,Jun,Post-Update
5459,254,2024-05-29,Confirmation,5,193,converted,5,May,Post-Update
5460,2878,2024-01-07,Pricing Page,2,42,dropped,1,Jan,Pre-Update
5461,889,2024-02-02,Home,1,121,viewed,2,Feb,Pre-Update
5462,2748,2024-03-18,Pricing Page,2,60,dropped,3,Mar,Post-Update
5463,235,2024-01-04,Payment,4,72,viewed,1,Jan,Pre-Update
5464,2185,2024-06-01,Home,1,133,dropped,6,Jun,Post-Update
5465,471,2024-05-20,Pricing Page,2,60,dropped,5,May,Post-Update
5466,1335,2024-04-16,Plan Selection,3,63,clicked,4,Apr,Post-Update
5467,2332,2024-03-02,Pricing Page,2,54,viewed,3,Mar,Pre-Update
5468,936,2024-05-09,Plan Selection,3,24,clicked,5,May,Post-Update
5469,2729,2024-02-19,Plan Selection,3,87,dropped,2,Feb,Pre-Update
5470,2593,2024-02-25,Confirmation,5,171,converted,2,Feb,Pre-Update
5471,614,2024-04-17,Pricing Page,2,39,dropped,4,Apr,Post-Update
5472,1445,2024-01-08,Payment,4,136,viewed,1,Jan,Pre-Update
5473,2077,2024-05-07,Pricing Page,2,41,dropped,5,May,Post-Update
5474,2086,2024-06-05,Pricing Page,2,57,dropped,6,Jun,Post-Update
5475,934,2024-02-10,Home,1,50,clicked,2,Feb,Pre-Update
5476,2509,2024-05-09,Home,1,54,viewed,5,May,Post-Update
5477,2341,2024-02-12,Payment,4,93,viewed,2,Feb,Pre-Update
5478,2385,2024-01-28,Pricing Page,2,41,viewed,1,Jan,Pre-Update
5479,2223,2024-03-11,Plan Selection,3,96,dropped,3,Mar,Pre-Update
5480,2184,2024-04-22,Confirmation,5,170,converted,4,Apr,Post-Update
5481,632,2024-04-26,Plan Selection,3,11,clicked,4,Apr,Post-Update
5482,914,2024-05-12,Payment,4,109,clicked,5,May,Post-Update
5483,2753,2024-05-13,Confirmation,5,103,converted,5,May,Post-Update
5484,1618,2024-02-21,Payment,4,52,viewed,2,Feb,Pre-Update
5485,1470,2024-04-13,Pricing Page,2,43,clicked,4,Apr,Post-Update
5486,720,2024-06-18,Confirmation,5,209,converted,6,Jun,Post-Update
5487,319,2024-04-07,Pricing Page,2,44,viewed,4,Apr,Post-Update
5488,951,2024-04-18,Home,1,103,dropped,4,Apr,Post-Update
5489,1465,2024-06-12,Home,1,127,viewed,6,Jun,Post-Update
5490,89,2024-06-06,Pricing Page,2,59,clicked,6,Jun,Post-Update
5491,2189,2024-02-28,Pricing Page,2,35,clicked,2,Feb,Pre-Update
5492,2358,2024-06-12,Home,1,39,dropped,6,Jun,Post-Update
5493,1957,2024-04-19,Home,1,108,clicked,4,Apr,Post-Update
5494,2767,2024-05-19,Home,1,40,clicked,5,May,Post-Update
5495,2743,2024-01-28,Home,1,132,dropped,1,Jan,Pre-Update
5496,722,2024-01-29,Home,1,191,clicked,1,Jan,Pre-Update
5497,2468,2024-02-03,Pricing Page,2,51,dropped,2,Feb,Pre-Update
5498,2073,2024-06-25,Payment,4,27,dropped,6,Jun,Post-Update
5499,2648,2024-02-29,Confirmation,5,197,converted,2,Feb,Pre-Update
5500,2218,2024-06-08,Home,1,77,dropped,6,Jun,Post-Update
5501,1392,2024-01-06,Payment,4,163,clicked,1,Jan,Pre-Update
5502,825,2024-05-30,Pricing Page,2,41,clicked,5,May,Post-Update
5503,2665,2024-03-28,Payment,4,80,clicked,3,Mar,Post-Update
5504,1004,2024-02-12,Home,1,47,clicked,2,Feb,Pre-Update
5505,1364,2024-01-11,Confirmation,5,111,converted,1,Jan,Pre-Update
5506,2158,2024-01-14,Pricing Page,2,57,viewed,1,Jan,Pre-Update
5507,1922,2024-04-14,Confirmation,5,21,converted,4,Apr,Post-Update
5508,1278,2024-06-21,Pricing Page,2,53,dropped,6,Jun,Post-Update
5509,1054,2024-02-07,Confirmation,5,65,converted,2,Feb,Pre-Update
5510,1353,2024-03-17,Payment,4,107,dropped,3,Mar,Post-Update
5511,1360,2024-05-10,Pricing Page,2,38,dropped,5,May,Post-Update
5512,2055,2024-03-13,Confirmation,5,113,converted,3,Mar,Pre-Update
5513,2283,2024-02-15,Confirmation,5,23,converted,2,Feb,Pre-Update
5514,1365,2024-01-13,Confirmation,5,144,converted,1,Jan,Pre-Update
5515,1286,2024-01-24,Pricing Page,2,43,dropped,1,Jan,Pre-Update
5516,236,2024-01-30,Plan Selection,3,97,clicked,1,Jan,Pre-Update
5517,2466,2024-05-30,Plan Selection,3,193,clicked,5,May,Post-Update
5518,31,2024-03-11,Confirmation,5,93,converted,3,Mar,Pre-Update
5519,976,2024-03-09,Confirmation,5,109,converted,3,Mar,Pre-Update
5520,2110,2024-01-05,Home,1,207,viewed,1,Jan,Pre-Update
5521,1670,2024-01-13,Plan Selection,3,45,viewed,1,Jan,Pre-Update
5522,2321,2024-02-20,Home,1,127,viewed,2,Feb,Pre-Update
5523,1891,2024-01-21,Plan Selection,3,28,clicked,1,Jan,Pre-Update
5524,2016,2024-02-04,Confirmation,5,44,converted,2,Feb,Pre-Update
5525,48,2024-04-11,Payment,4,22,dropped,4,Apr,Post-Update
5526,542,2024-05-02,Payment,4,55,clicked,5,May,Post-Update
5527,672,2024-03-08,Home,1,185,viewed,3,Mar,Pre-Update
5528,783,2024-06-25,Home,1,106,dropped,6,Jun,Post-Update
5529,1242,2024-04-09,Plan Selection,3,197,dropped,4,Apr,Post-Update
5530,2477,2024-05-15,Pricing Page,2,39,dropped,5,May,Post-Update
5531,2845,2024-04-02,Plan Selection,3,204,viewed,4,Apr,Post-Update
5532,2624,2024-01-19,Payment,4,25,viewed,1,Jan,Pre-Update
5533,1636,2024-03-24,Plan Selection,3,207,viewed,3,Mar,Post-Update
5534,1779,2024-02-11,Pricing Page,2,36,viewed,2,Feb,Pre-Update
5535,2302,2024-02-08,Payment,4,33,clicked,2,Feb,Pre-Update
5536,1122,2024-05-30,Home,1,139,dropped,5,May,Post-Update
5537,2631,2024-06-09,Payment,4,89,clicked,6,Jun,Post-Update
5538,1561,2024-06-25,Pricing Page,2,58,dropped,6,Jun,Post-Update
5539,2937,2024-05-06,Plan Selection,3,143,viewed,5,May,Post-Update
5540,1191,2024-06-19,Plan Selection,3,175,clicked,6,Jun,Post-Update
5541,804,2024-05-03,Plan Selection,3,17,clicked,5,May,Post-Update
5542,1542,2024-04-18,Pricing Page,2,50,clicked,4,Apr,Post-Update
5543,2568,2024-05-22,Pricing Page,2,51,dropped,5,May,Post-Update
5544,2190,2024-06-25,Plan Selection,3,116,clicked,6,Jun,Post-Update
5545,1104,2024-01-11,Home,1,153,dropped,1,Jan,Pre-Update
5546,443,2024-04-10,Pricing Page,2,38,dropped,4,Apr,Post-Update
5547,969,2024-03-11,Confirmation,5,153,converted,3,Mar,Pre-Update
5548,1974,2024-01-25,Plan Selection,3,32,clicked,1,Jan,Pre-Update
5549,2746,2024-02-10,Pricing Page,2,36,viewed,2,Feb,Pre-Update
5550,2791,2024-06-15,Payment,4,60,viewed,6,Jun,Post-Update
5551,1670,2024-02-04,Pricing Page,2,55,clicked,2,Feb,Pre-Update
5552,1918,2024-06-05,Pricing Page,2,49,clicked,6,Jun,Post-Update
5553,1762,2024-05-04,Plan Selection,3,70,clicked,5,May,Post-Update
5554,1705,2024-03-05,Home,1,66,dropped,3,Mar,Pre-Update
5555,570,2024-02-28,Home,1,73,clicked,2,Feb,Pre-Update
5556,205,2024-01-24,Pricing Page,2,56,viewed,1,Jan,Pre-Update
5557,1065,2024-05-23,Confirmation,5,43,converted,5,May,Post-Update
5558,288,2024-06-27,Plan Selection,3,49,dropped,6,Jun,Post-Update
5559,2768,2024-02-24,Payment,4,169,viewed,2,Feb,Pre-Update
5560,1280,2024-06-01,Confirmation,5,34,converted,6,Jun,Post-Update
5561,2473,2024-05-16,Pricing Page,2,44,dropped,5,May,Post-Update
5562,503,2024-03-06,Pricing Page,2,44,clicked,3,Mar,Pre-Update
5563,2209,2024-03-10,Payment,4,100,dropped,3,Mar,Pre-Update
5564,378,2024-03-02,Pricing Page,2,46,viewed,3,Mar,Pre-Update
5565,1708,2024-02-23,Payment,4,15,viewed,2,Feb,Pre-Update
5566,2490,2024-05-25,Plan Selection,3,48,clicked,5,May,Post-Update
5567,1425,2024-01-26,Pricing Page,2,58,viewed,1,Jan,Pre-Update
5568,2758,2024-05-10,Payment,4,29,viewed,5,May,Post-Update
5569,1166,2024-01-24,Pricing Page,2,31,viewed,1,Jan,Pre-Update
5570,2353,2024-04-11,Pricing Page,2,54,dropped,4,Apr,Post-Update
5571,847,2024-02-17,Pricing Page,2,47,clicked,2,Feb,Pre-Update
5572,1514,2024-02-04,Pricing Page,2,48,clicked,2,Feb,Pre-Update
5573,2254,2024-04-22,Payment,4,81,clicked,4,Apr,Post-Update
5574,725,2024-03-16,Pricing Page,2,54,clicked,3,Mar,Post-Update
5575,1684,2024-06-10,Payment,4,50,viewed,6,Jun,Post-Update
5576,2553,2024-02-02,Pricing Page,2,33,clicked,2,Feb,Pre-Update
5577,2637,2024-03-19,Plan Selection,3,76,dropped,3,Mar,Post-Update
5578,1266,2024-06-04,Home,1,120,viewed,6,Jun,Post-Update
5579,2264,2024-05-11,Pricing Page,2,58,dropped,5,May,Post-Update
5580,659,2024-03-05,Home,1,120,clicked,3,Mar,Pre-Update
5581,732,2024-01-16,Plan Selection,3,44,viewed,1,Jan,Pre-Update
5582,1528,2024-01-24,Home,1,62,viewed,1,Jan,Pre-Update
5583,2326,2024-01-26,Pricing Page,2,44,dropped,1,Jan,Pre-Update
5584,2618,2024-04-13,Pricing Page,2,53,clicked,4,Apr,Post-Update
5585,1238,2024-05-08,Pricing Page,2,50,dropped,5,May,Post-Update
5586,834,2024-01-18,Plan Selection,3,202,viewed,1,Jan,Pre-Update
5587,1122,2024-02-27,Pricing Page,2,40,clicked,2,Feb,Pre-Update
5588,2887,2024-04-16,Home,1,108,clicked,4,Apr,Post-Update
5589,329,2024-04-16,Plan Selection,3,82,viewed,4,Apr,Post-Update
5590,1717,2024-01-12,Plan Selection,3,176,clicked,1,Jan,Pre-Update
5591,748,2024-02-05,Pricing Page,2,48,dropped,2,Feb,Pre-Update
5592,2114,2024-04-20,Confirmation,5,190,converted,4,Apr,Post-Update
5593,2025,2024-04-29,Pricing Page,2,51,dropped,4,Apr,Post-Update
5594,1747,2024-05-16,Home,1,172,dropped,5,May,Post-Update
5595,2006,2024-02-20,Pricing Page,2,32,dropped,2,Feb,Pre-Update
5596,1114,2024-06-03,Home,1,57,viewed,6,Jun,Post-Update
5597,2574,2024-01-27,Home,1,69,dropped,1,Jan,Pre-Update
5598,990,2024-04-03,Plan Selection,3,103,clicked,4,Apr,Post-Update
5599,608,2024-03-22,Plan Selection,3,181,clicked,3,Mar,Post-Update
5600,806,2024-02-12,Pricing Page,2,34,clicked,2,Feb,Pre-Update
5601,1913,2024-03-03,Payment,4,209,clicked,3,Mar,Pre-Update
5602,2612,2024-04-24,Plan Selection,3,189,viewed,4,Apr,Post-Update
5603,1002,2024-02-16,Pricing Page,2,47,dropped,2,Feb,Pre-Update
5604,45,2024-04-17,Confirmation,5,180,converted,4,Apr,Post-Update
5605,1420,2024-05-27,Plan Selection,3,172,dropped,5,May,Post-Update
5606,397,2024-02-27,Home,1,205,clicked,2,Feb,Pre-Update
5607,2208,2024-05-02,Home,1,183,viewed,5,May,Post-Update
5608,1132,2024-03-31,Pricing Page,2,47,dropped,3,Mar,Post-Update
5609,878,2024-01-26,Payment,4,149,dropped,1,Jan,Pre-Update
5610,54,2024-01-04,Home,1,44,viewed,1,Jan,Pre-Update
5611,175,2024-01-28,Plan Selection,3,94,clicked,1,Jan,Pre-Update
5612,2149,2024-03-11,Payment,4,163,clicked,3,Mar,Pre-Update
5613,292,2024-01-09,Confirmation,5,125,converted,1,Jan,Pre-Update
5614,146,2024-04-03,Pricing Page,2,56,clicked,4,Apr,Post-Update
5615,2713,2024-02-21,Plan Selection,3,149,clicked,2,Feb,Pre-Update
5616,2193,2024-04-10,Plan Selection,3,66,viewed,4,Apr,Post-Update
5617,1022,2024-05-23,Confirmation,5,71,converted,5,May,Post-Update
5618,2181,2024-05-08,Pricing Page,2,60,clicked,5,May,Post-Update
5619,341,2024-04-04,Pricing Page,2,62,dropped,4,Apr,Post-Update
5620,2912,2024-06-27,Home,1,26,clicked,6,Jun,Post-Update
5621,2286,2024-04-18,Plan Selection,3,158,clicked,4,Apr,Post-Update
5622,2147,2024-05-27,Confirmation,5,37,converted,5,May,Post-Update
5623,2858,2024-03-03,Payment,4,62,viewed,3,Mar,Pre-Update
5624,2564,2024-01-17,Confirmation,5,48,converted,1,Jan,Pre-Update
5625,843,2024-05-29,Pricing Page,2,67,dropped,5,May,Post-Update
5626,1360,2024-01-01,Plan Selection,3,65,clicked,1,Jan,Pre-Update
5627,689,2024-06-13,Payment,4,129,clicked,6,Jun,Post-Update
5628,588,2024-05-21,Pricing Page,2,46,dropped,5,May,Post-Update
5629,974,2024-02-27,Plan Selection,3,38,viewed,2,Feb,Pre-Update
5630,2626,2024-05-23,Pricing Page,2,46,dropped,5,May,Post-Update
5631,749,2024-06-27,Home,1,12,clicked,6,Jun,Post-Update
5632,1089,2024-03-08,Payment,4,154,clicked,3,Mar,Pre-Update
5633,1075,2024-06-08,Pricing Page,2,66,clicked,6,Jun,Post-Update
5634,842,2024-06-13,Plan Selection,3,175,viewed,6,Jun,Post-Update
5635,1499,2024-04-02,Home,1,160,clicked,4,Apr,Post-Update
5636,1997,2024-04-14,Confirmation,5,152,converted,4,Apr,Post-Update
5637,2690,2024-03-03,Home,1,35,clicked,3,Mar,Pre-Update
5638,1089,2024-01-30,Payment,4,39,clicked,1,Jan,Pre-Update
5639,967,2024-06-21,Payment,4,36,clicked,6,Jun,Post-Update
5640,2785,2024-06-02,Pricing Page,2,59,dropped,6,Jun,Post-Update
5641,3,2024-02-26,Plan Selection,3,183,viewed,2,Feb,Pre-Update
5642,1916,2024-02-15,Pricing Page,2,58,clicked,2,Feb,Pre-Update
5643,2348,2024-05-12,Pricing Page,2,49,dropped,5,May,Post-Update
5644,2718,2024-03-27,Plan Selection,3,183,clicked,3,Mar,Post-Update
5645,580,2024-06-10,Payment,4,147,viewed,6,Jun,Post-Update
5646,33,2024-04-21,Home,1,76,clicked,4,Apr,Post-Update
5647,2455,2024-03-13,Plan Selection,3,112,viewed,3,Mar,Pre-Update
5648,495,2024-01-01,Plan Selection,3,116,dropped,1,Jan,Pre-Update
5649,375,2024-02-04,Plan Selection,3,70,viewed,2,Feb,Pre-Update
5650,68,2024-05-16,Plan Selection,3,67,clicked,5,May,Post-Update
5651,1896,2024-02-17,Pricing Page,2,40,clicked,2,Feb,Pre-Update
5652,887,2024-01-13,Pricing Page,2,31,viewed,1,Jan,Pre-Update
5653,1561,2024-05-21,Pricing Page,2,50,viewed,5,May,Post-Update
5654,1763,2024-01-12,Plan Selection,3,122,dropped,1,Jan,Pre-Update
5655,369,2024-01-24,Pricing Page,2,59,dropped,1,Jan,Pre-Update
5656,1854,2024-05-13,Payment,4,10,clicked,5,May,Post-Update
5657,1069,2024-03-07,Payment,4,153,clicked,3,Mar,Pre-Update
5658,870,2024-04-16,Home,1,127,viewed,4,Apr,Post-Update
5659,2669,2024-02-16,Plan Selection,3,60,clicked,2,Feb,Pre-Update
5660,1661,2024-03-09,Pricing Page,2,59,dropped,3,Mar,Pre-Update
5661,1200,2024-02-02,Plan Selection,3,200,viewed,2,Feb,Pre-Update
5662,1399,2024-03-02,Pricing Page,2,43,dropped,3,Mar,Pre-Update
5663,1041,2024-05-12,Plan Selection,3,185,clicked,5,May,Post-Update
5664,398,2024-06-29,Plan Selection,3,10,dropped,6,Jun,Post-Update
5665,287,2024-05-26,Payment,4,91,viewed,5,May,Post-Update
5666,1444,2024-02-02,Pricing Page,2,52,dropped,2,Feb,Pre-Update
5667,2135,2024-03-08,Payment,4,115,clicked,3,Mar,Pre-Update
5668,1912,2024-06-04,Pricing Page,2,46,dropped,6,Jun,Post-Update
5669,2643,2024-03-03,Home,1,87,viewed,3,Mar,Pre-Update
5670,686,2024-01-20,Payment,4,10,clicked,1,Jan,Pre-Update
5671,39,2024-06-03,Pricing Page,2,56,dropped,6,Jun,Post-Update
5672,857,2024-01-22,Payment,4,86,viewed,1,Jan,Pre-Update
5673,417,2024-05-11,Pricing Page,2,64,clicked,5,May,Post-Update
5674,1489,2024-06-24,Pricing Page,2,64,dropped,6,Jun,Post-Update
5675,2728,2024-04-23,Pricing Page,2,41,dropped,4,Apr,Post-Update
5676,1877,2024-06-18,Payment,4,64,viewed,6,Jun,Post-Update
5677,2119,2024-05-28,Confirmation,5,94,converted,5,May,Post-Update
5678,534,2024-04-23,Plan Selection,3,31,viewed,4,Apr,Post-Update
5679,1219,2024-05-23,Payment,4,83,clicked,5,May,Post-Update
5680,2573,2024-04-02,Confirmation,5,81,converted,4,Apr,Post-Update
5681,2577,2024-02-09,Plan Selection,3,197,dropped,2,Feb,Pre-Update
5682,2578,2024-06-10,Confirmation,5,155,converted,6,Jun,Post-Update
5683,2987,2024-05-24,Confirmation,5,124,converted,5,May,Post-Update
5684,2672,2024-05-12,Confirmation,5,161,converted,5,May,Post-Update
5685,2429,2024-05-20,Pricing Page,2,67,dropped,5,May,Post-Update
5686,1621,2024-02-09,Pricing Page,2,52,dropped,2,Feb,Pre-Update
5687,165,2024-04-02,Pricing Page,2,51,dropped,4,Apr,Post-Update
5688,2589,2024-02-05,Pricing Page,2,39,clicked,2,Feb,Pre-Update
5689,1650,2024-02-10,Pricing Page,2,49,viewed,2,Feb,Pre-Update
5690,1141,2024-02-24,Pricing Page,2,56,dropped,2,Feb,Pre-Update
5691,58,2024-01-19,Pricing Page,2,57,dropped,1,Jan,Pre-Update
5692,2271,2024-06-03,Home,1,106,clicked,6,Jun,Post-Update
5693,1501,2024-02-29,Home,1,155,dropped,2,Feb,Pre-Update
5694,2523,2024-04-17,Pricing Page,2,50,clicked,4,Apr,Post-Update
5695,1995,2024-06-24,Payment,4,72,dropped,6,Jun,Post-Update
5696,725,2024-01-18,Payment,4,122,clicked,1,Jan,Pre-Update
5697,2260,2024-02-25,Pricing Page,2,42,dropped,2,Feb,Pre-Update
5698,2981,2024-02-13,Pricing Page,2,40,dropped,2,Feb,Pre-Update
5699,1666,2024-03-14,Pricing Page,2,48,dropped,3,Mar,Pre-Update
5700,1085,2024-04-27,Home,1,192,dropped,4,Apr,Post-Update
5701,1392,2024-02-06,Plan Selection,3,96,clicked,2,Feb,Pre-Update
5702,1268,2024-01-15,Home,1,96,viewed,1,Jan,Pre-Update
5703,1399,2024-01-14,Confirmation,5,142,converted,1,Jan,Pre-Update
5704,1137,2024-06-13,Pricing Page,2,46,dropped,6,Jun,Post-Update
5705,501,2024-02-11,Plan Selection,3,118,viewed,2,Feb,Pre-Update
5706,610,2024-05-10,Confirmation,5,175,converted,5,May,Post-Update
5707,395,2024-02-03,Plan Selection,3,18,viewed,2,Feb,Pre-Update
5708,430,2024-05-16,Pricing Page,2,52,dropped,5,May,Post-Update
5709,988,2024-04-15,Confirmation,5,188,converted,4,Apr,Post-Update
5710,2043,2024-05-11,Plan Selection,3,152,viewed,5,May,Post-Update
5711,56,2024-04-18,Confirmation,5,189,converted,4,Apr,Post-Update
5712,2032,2024-05-04,Pricing Page,2,38,clicked,5,May,Post-Update
5713,2880,2024-03-14,Home,1,121,clicked,3,Mar,Pre-Update
5714,2929,2024-06-09,Plan Selection,3,187,viewed,6,Jun,Post-Update
5715,2499,2024-03-26,Payment,4,180,viewed,3,Mar,Post-Update
5716,2914,2024-05-13,Payment,4,143,dropped,5,May,Post-Update
5717,145,2024-02-08,Confirmation,5,190,converted,2,Feb,Pre-Update
5718,2365,2024-02-12,Payment,4,82,clicked,2,Feb,Pre-Update
5719,2425,2024-06-11,Home,1,142,dropped,6,Jun,Post-Update
5720,1506,2024-02-08,Plan Selection,3,51,clicked,2,Feb,Pre-Update
5721,2918,2024-06-13,Plan Selection,3,89,dropped,6,Jun,Post-Update
5722,1046,2024-03-17,Home,1,13,viewed,3,Mar,Post-Update
5723,1665,2024-01-02,Pricing Page,2,56,dropped,1,Jan,Pre-Update
5724,1507,2024-05-31,Plan Selection,3,193,clicked,5,May,Post-Update
5725,2565,2024-05-08,Confirmation,5,179,converted,5,May,Post-Update
5726,717,2024-04-29,Plan Selection,3,188,viewed,4,Apr,Post-Update
5727,2968,2024-05-15,Payment,4,141,viewed,5,May,Post-Update
5728,2308,2024-06-29,Plan Selection,3,97,dropped,6,Jun,Post-Update
5729,917,2024-01-29,Payment,4,187,viewed,1,Jan,Pre-Update
5730,1427,2024-06-10,Home,1,106,clicked,6,Jun,Post-Update
5731,508,2024-06-07,Payment,4,144,viewed,6,Jun,Post-Update
5732,2897,2024-03-19,Pricing Page,2,39,dropped,3,Mar,Post-Update
5733,2379,2024-05-29,Payment,4,54,viewed,5,May,Post-Update
5734,2457,2024-03-13,Plan Selection,3,121,dropped,3,Mar,Pre-Update
5735,2931,2024-03-30,Plan Selection,3,55,clicked,3,Mar,Post-Update
5736,2592,2024-05-23,Pricing Page,2,51,dropped,5,May,Post-Update
5737,1700,2024-02-18,Plan Selection,3,93,dropped,2,Feb,Pre-Update
5738,1669,2024-02-22,Payment,4,24,viewed,2,Feb,Pre-Update
5739,2164,2024-04-26,Home,1,86,viewed,4,Apr,Post-Update
5740,1369,2024-01-22,Pricing Page,2,53,dropped,1,Jan,Pre-Update
5741,2540,2024-04-02,Home,1,117,viewed,4,Apr,Post-Update
5742,1781,2024-01-09,Pricing Page,2,33,dropped,1,Jan,Pre-Update
5743,1774,2024-03-15,Pricing Page,2,43,dropped,3,Mar,Post-Update
5744,2569,2024-01-06,Plan Selection,3,173,clicked,1,Jan,Pre-Update
5745,738,2024-02-08,Pricing Page,2,59,viewed,2,Feb,Pre-Update
5746,2065,2024-04-30,Pricing Page,2,48,viewed,4,Apr,Post-Update
5747,1465,2024-05-12,Pricing Page,2,62,dropped,5,May,Post-Update
5748,96,2024-04-29,Home,1,12,clicked,4,Apr,Post-Update
5749,840,2024-01-03,Pricing Page,2,31,clicked,1,Jan,Pre-Update
5750,2764,2024-05-16,Home,1,171,viewed,5,May,Post-Update
5751,1663,2024-05-21,Pricing Page,2,65,clicked,5,May,Post-Update
5752,1081,2024-03-01,Plan Selection,3,208,dropped,3,Mar,Pre-Update
5753,2391,2024-04-04,Pricing Page,2,54,dropped,4,Apr,Post-Update
5754,2769,2024-02-15,Pricing Page,2,52,dropped,2,Feb,Pre-Update
5755,2147,2024-01-05,Confirmation,5,162,converted,1,Jan,Pre-Update
5756,2712,2024-02-13,Pricing Page,2,51,dropped,2,Feb,Pre-Update
5757,799,2024-01-19,Plan Selection,3,50,viewed,1,Jan,Pre-Update
5758,2802,2024-06-20,Confirmation,5,169,converted,6,Jun,Post-Update
5759,636,2024-04-30,Plan Selection,3,93,dropped,4,Apr,Post-Update
5760,2954,2024-05-20,Confirmation,5,80,converted,5,May,Post-Update
5761,2855,2024-05-06,Plan Selection,3,29,clicked,5,May,Post-Update
5762,1713,2024-01-25,Confirmation,5,96,converted,1,Jan,Pre-Update
5763,792,2024-01-04,Pricing Page,2,43,dropped,1,Jan,Pre-Update
5764,355,2024-05-13,Pricing Page,2,49,dropped,5,May,Post-Update
5765,2901,2024-05-13,Payment,4,148,dropped,5,May,Post-Update
5766,1529,2024-02-05,Pricing Page,2,51,dropped,2,Feb,Pre-Update
5767,2236,2024-02-05,Payment,4,42,clicked,2,Feb,Pre-Update
5768,832,2024-05-12,Payment,4,193,dropped,5,May,Post-Update
5769,2652,2024-01-07,Plan Selection,3,108,viewed,1,Jan,Pre-Update
5770,221,2024-04-24,Confirmation,5,180,converted,4,Apr,Post-Update
5771,1226,2024-03-28,Pricing Page,2,54,dropped,3,Mar,Post-Update
5772,1041,2024-01-21,Plan Selection,3,56,viewed,1,Jan,Pre-Update
5773,1181,2024-01-22,Pricing Page,2,49,dropped,1,Jan,Pre-Update
5774,1017,2024-04-03,Plan Selection,3,69,viewed,4,Apr,Post-Update
5775,2904,2024-04-05,Payment,4,19,dropped,4,Apr,Post-Update
5776,408,2024-04-03,Home,1,73,dropped,4,Apr,Post-Update
5777,1076,2024-04-20,Confirmation,5,209,converted,4,Apr,Post-Update
5778,306,2024-04-02,Pricing Page,2,60,viewed,4,Apr,Post-Update
5779,1326,2024-03-15,Payment,4,101,dropped,3,Mar,Post-Update
5780,2970,2024-05-12,Plan Selection,3,55,dropped,5,May,Post-Update
5781,2191,2024-03-14,Payment,4,198,dropped,3,Mar,Pre-Update
5782,847,2024-05-14,Payment,4,38,dropped,5,May,Post-Update
5783,2956,2024-05-03,Pricing Page,2,44,clicked,5,May,Post-Update
5784,2109,2024-04-05,Plan Selection,3,30,viewed,4,Apr,Post-Update
5785,528,2024-02-04,Pricing Page,2,45,clicked,2,Feb,Pre-Update
5786,1265,2024-06-11,Pricing Page,2,49,dropped,6,Jun,Post-Update
5787,2953,2024-02-17,Pricing Page,2,30,dropped,2,Feb,Pre-Update
5788,200,2024-02-15,Home,1,117,clicked,2,Feb,Pre-Update
5789,2873,2024-02-14,Pricing Page,2,30,dropped,2,Feb,Pre-Update
5790,442,2024-04-21,Plan Selection,3,70,viewed,4,Apr,Post-Update
5791,746,2024-03-03,Confirmation,5,189,converted,3,Mar,Pre-Update
5792,1557,2024-06-12,Confirmation,5,37,converted,6,Jun,Post-Update
5793,2321,2024-03-23,Confirmation,5,95,converted,3,Mar,Post-Update
5794,792,2024-01-07,Pricing Page,2,54,viewed,1,Jan,Pre-Update
5795,264,2024-05-11,Pricing Page,2,58,dropped,5,May,Post-Update
5796,1582,2024-05-03,Payment,4,24,viewed,5,May,Post-Update
5797,677,2024-03-24,Plan Selection,3,173,dropped,3,Mar,Post-Update
5798,1214,2024-04-01,Pricing Page,2,38,dropped,4,Apr,Post-Update
5799,2594,2024-05-18,Pricing Page,2,64,clicked,5,May,Post-Update
5800,61,2024-06-09,Pricing Page,2,43,viewed,6,Jun,Post-Update
5801,2386,2024-03-02,Pricing Page,2,47,viewed,3,Mar,Pre-Update
5802,2995,2024-01-26,Payment,4,44,viewed,1,Jan,Pre-Update
5803,2970,2024-06-01,Pricing Page,2,60,viewed,6,Jun,Post-Update
5804,1540,2024-05-10,Home,1,37,clicked,5,May,Post-Update
5805,497,2024-02-20,Confirmation,5,136,converted,2,Feb,Pre-Update
5806,1431,2024-03-29,Home,1,138,dropped,3,Mar,Post-Update
5807,2264,2024-03-07,Plan Selection,3,160,dropped,3,Mar,Pre-Update
5808,2957,2024-05-21,Confirmation,5,99,converted,5,May,Post-Update
5809,1062,2024-03-18,Home,1,43,clicked,3,Mar,Post-Update
5810,1045,2024-01-05,Home,1,82,clicked,1,Jan,Pre-Update
5811,1834,2024-03-20,Pricing Page,2,53,dropped,3,Mar,Post-Update
5812,2169,2024-02-17,Home,1,202,clicked,2,Feb,Pre-Update
5813,2699,2024-03-18,Pricing Page,2,64,dropped,3,Mar,Post-Update
5814,441,2024-02-12,Payment,4,209,viewed,2,Feb,Pre-Update
5815,2564,2024-06-23,Pricing Page,2,48,viewed,6,Jun,Post-Update
5816,2505,2024-02-16,Payment,4,39,clicked,2,Feb,Pre-Update
5817,1551,2024-03-14,Pricing Page,2,35,clicked,3,Mar,Pre-Update
5818,1727,2024-04-23,Pricing Page,2,42,dropped,4,Apr,Post-Update
5819,1498,2024-05-06,Confirmation,5,184,converted,5,May,Post-Update
5820,1173,2024-02-29,Pricing Page,2,42,clicked,2,Feb,Pre-Update
5821,2459,2024-02-18,Payment,4,126,clicked,2,Feb,Pre-Update
5822,1906,2024-03-04,Payment,4,40,clicked,3,Mar,Pre-Update
5823,2388,2024-02-10,Payment,4,202,viewed,2,Feb,Pre-Update
5824,802,2024-03-21,Pricing Page,2,61,clicked,3,Mar,Post-Update
5825,2737,2024-04-18,Pricing Page,2,53,clicked,4,Apr,Post-Update
5826,1971,2024-05-13,Plan Selection,3,83,viewed,5,May,Post-Update
5827,1110,2024-05-18,Plan Selection,3,61,dropped,5,May,Post-Update
5828,99,2024-05-02,Pricing Page,2,51,dropped,5,May,Post-Update
5829,1644,2024-04-16,Pricing Page,2,61,viewed,4,Apr,Post-Update
5830,893,2024-05-11,Payment,4,106,dropped,5,May,Post-Update
5831,1969,2024-04-21,Home,1,156,clicked,4,Apr,Post-Update
5832,978,2024-05-10,Plan Selection,3,196,viewed,5,May,Post-Update
5833,719,2024-05-20,Home,1,103,viewed,5,May,Post-Update
5834,2580,2024-05-15,Home,1,113,dropped,5,May,Post-Update
5835,267,2024-01-12,Home,1,16,dropped,1,Jan,Pre-Update
5836,174,2024-02-05,Payment,4,99,viewed,2,Feb,Pre-Update
5837,2213,2024-02-13,Confirmation,5,51,converted,2,Feb,Pre-Update
5838,235,2024-05-19,Plan Selection,3,167,dropped,5,May,Post-Update
5839,173,2024-01-06,Confirmation,5,178,converted,1,Jan,Pre-Update
5840,743,2024-05-08,Payment,4,196,dropped,5,May,Post-Update
5841,1059,2024-01-13,Pricing Page,2,37,dropped,1,Jan,Pre-Update
5842,436,2024-04-16,Pricing Page,2,59,dropped,4,Apr,Post-Update
5843,1871,2024-04-23,Pricing Page,2,50,dropped,4,Apr,Post-Update
5844,1511,2024-03-21,Plan Selection,3,55,viewed,3,Mar,Post-Update
5845,858,2024-03-22,Pricing Page,2,57,dropped,3,Mar,Post-Update
5846,1099,2024-04-24,Home,1,100,dropped,4,Apr,Post-Update
5847,2560,2024-01-27,Home,1,82,clicked,1,Jan,Pre-Update
5848,1784,2024-06-23,Home,1,62,dropped,6,Jun,Post-Update
5849,917,2024-06-07,Pricing Page,2,56,clicked,6,Jun,Post-Update
5850,248,2024-01-06,Confirmation,5,102,converted,1,Jan,Pre-Update
5851,1709,2024-03-25,Plan Selection,3,149,viewed,3,Mar,Post-Update
5852,235,2024-03-29,Home,1,117,dropped,3,Mar,Post-Update
5853,2362,2024-05-06,Home,1,130,clicked,5,May,Post-Update
5854,352,2024-05-30,Payment,4,128,clicked,5,May,Post-Update
5855,2274,2024-02-18,Home,1,113,clicked,2,Feb,Pre-Update
5856,1365,2024-01-12,Confirmation,5,137,converted,1,Jan,Pre-Update
5857,829,2024-03-27,Plan Selection,3,73,viewed,3,Mar,Post-Update
5858,2344,2024-01-12,Confirmation,5,144,converted,1,Jan,Pre-Update
5859,1342,2024-02-09,Payment,4,21,dropped,2,Feb,Pre-Update
5860,468,2024-04-15,Pricing Page,2,51,viewed,4,Apr,Post-Update
5861,1070,2024-06-21,Plan Selection,3,139,dropped,6,Jun,Post-Update
5862,2112,2024-01-24,Plan Selection,3,79,dropped,1,Jan,Pre-Update
5863,1334,2024-06-16,Pricing Page,2,59,clicked,6,Jun,Post-Update
5864,1298,2024-06-29,Plan Selection,3,104,clicked,6,Jun,Post-Update
5865,2882,2024-06-26,Home,1,37,viewed,6,Jun,Post-Update
5866,2489,2024-02-06,Plan Selection,3,197,dropped,2,Feb,Pre-Update
5867,58,2024-04-17,Confirmation,5,177,converted,4,Apr,Post-Update
5868,1208,2024-04-01,Pricing Page,2,40,dropped,4,Apr,Post-Update
5869,168,2024-06-10,Pricing Page,2,62,dropped,6,Jun,Post-Update
5870,1370,2024-05-14,Pricing Page,2,51,dropped,5,May,Post-Update
5871,2415,2024-03-02,Pricing Page,2,41,dropped,3,Mar,Pre-Update
5872,93,2024-01-12,Pricing Page,2,59,dropped,1,Jan,Pre-Update
5873,2683,2024-06-26,Pricing Page,2,44,dropped,6,Jun,Post-Update
5874,696,2024-01-07,Pricing Page,2,38,viewed,1,Jan,Pre-Update
5875,2325,2024-01-24,Pricing Page,2,36,dropped,1,Jan,Pre-Update
5876,2092,2024-02-24,Pricing Page,2,35,clicked,2,Feb,Pre-Update
5877,2447,2024-01-10,Payment,4,200,clicked,1,Jan,Pre-Update
5878,1735,2024-01-06,Pricing Page,2,31,viewed,1,Jan,Pre-Update
5879,1649,2024-06-18,Home,1,90,viewed,6,Jun,Post-Update
5880,494,2024-02-06,Plan Selection,3,10,clicked,2,Feb,Pre-Update
5881,749,2024-06-10,Plan Selection,3,179,dropped,6,Jun,Post-Update
5882,185,2024-06-20,Plan Selection,3,195,viewed,6,Jun,Post-Update
5883,385,2024-05-05,Home,1,68,dropped,5,May,Post-Update
5884,948,2024-06-05,Pricing Page,2,46,dropped,6,Jun,Post-Update
5885,2235,2024-05-16,Plan Selection,3,90,clicked,5,May,Post-Update
5886,2696,2024-02-10,Pricing Page,2,44,dropped,2,Feb,Pre-Update
5887,387,2024-02-24,Home,1,140,viewed,2,Feb,Pre-Update
5888,2150,2024-05-20,Payment,4,81,clicked,5,May,Post-Update
5889,2318,2024-01-29,Pricing Page,2,56,viewed,1,Jan,Pre-Update
5890,531,2024-01-02,Pricing Page,2,44,viewed,1,Jan,Pre-Update
5891,276,2024-05-13,Pricing Page,2,63,dropped,5,May,Post-Update
5892,1423,2024-03-06,Pricing Page,2,53,viewed,3,Mar,Pre-Update
5893,2635,2024-05-30,Plan Selection,3,36,dropped,5,May,Post-Update
5894,1,2024-05-18,Payment,4,177,viewed,5,May,Post-Update
5895,172,2024-01-26,Plan Selection,3,58,viewed,1,Jan,Pre-Update
5896,946,2024-05-16,Payment,4,178,viewed,5,May,Post-Update
5897,624,2024-05-24,Pricing Page,2,52,dropped,5,May,Post-Update
5898,2501,2024-03-15,Plan Selection,3,122,dropped,3,Mar,Post-Update
5899,2833,2024-03-03,Confirmation,5,98,converted,3,Mar,Pre-Update
5900,1558,2024-02-19,Payment,4,51,viewed,2,Feb,Pre-Update
5901,1403,2024-03-28,Home,1,145,clicked,3,Mar,Post-Update
5902,1389,2024-03-17,Plan Selection,3,72,clicked,3,Mar,Post-Update
5903,488,2024-04-09,Pricing Page,2,58,clicked,4,Apr,Post-Update
5904,106,2024-02-28,Plan Selection,3,131,clicked,2,Feb,Pre-Update
5905,1757,2024-03-28,Plan Selection,3,192,clicked,3,Mar,Post-Update
5906,2783,2024-01-08,Pricing Page,2,59,clicked,1,Jan,Pre-Update
5907,1684,2024-05-02,Plan Selection,3,96,dropped,5,May,Post-Update
5908,479,2024-04-04,Home,1,26,dropped,4,Apr,Post-Update
5909,2515,2024-01-26,Home,1,121,dropped,1,Jan,Pre-Update
5910,936,2024-06-24,Confirmation,5,134,converted,6,Jun,Post-Update
5911,1182,2024-01-19,Pricing Page,2,40,viewed,1,Jan,Pre-Update
5912,2793,2024-02-14,Pricing Page,2,43,viewed,2,Feb,Pre-Update
5913,784,2024-04-09,Confirmation,5,32,converted,4,Apr,Post-Update
5914,2148,2024-02-13,Home,1,109,clicked,2,Feb,Pre-Update
5915,1012,2024-04-16,Confirmation,5,177,converted,4,Apr,Post-Update
5916,1272,2024-04-20,Payment,4,24,dropped,4,Apr,Post-Update
5917,2674,2024-03-11,Pricing Page,2,36,dropped,3,Mar,Pre-Update
5918,1390,2024-04-29,Confirmation,5,131,converted,4,Apr,Post-Update
5919,821,2024-04-09,Confirmation,5,11,converted,4,Apr,Post-Update
5920,745,2024-02-08,Pricing Page,2,59,viewed,2,Feb,Pre-Update
5921,2319,2024-01-06,Payment,4,20,viewed,1,Jan,Pre-Update
5922,2214,2024-03-04,Plan Selection,3,142,viewed,3,Mar,Pre-Update
5923,1198,2024-06-23,Plan Selection,3,62,clicked,6,Jun,Post-Update
5924,774,2024-01-12,Plan Selection,3,123,dropped,1,Jan,Pre-Update
5925,706,2024-04-20,Pricing Page,2,64,dropped,4,Apr,Post-Update
5926,1246,2024-05-29,Payment,4,193,viewed,5,May,Post-Update
5927,52,2024-02-10,Home,1,143,dropped,2,Feb,Pre-Update
5928,2012,2024-06-20,Payment,4,173,viewed,6,Jun,Post-Update
5929,2944,2024-02-14,Pricing Page,2,51,clicked,2,Feb,Pre-Update
5930,357,2024-04-29,Confirmation,5,157,converted,4,Apr,Post-Update
5931,2600,2024-01-21,Confirmation,5,107,converted,1,Jan,Pre-Update
5932,1622,2024-02-13,Plan Selection,3,48,dropped,2,Feb,Pre-Update
5933,1379,2024-05-02,Home,1,16,dropped,5,May,Post-Update
5934,1458,2024-01-15,Confirmation,5,111,converted,1,Jan,Pre-Update
5935,2028,2024-06-05,Pricing Page,2,64,dropped,6,Jun,Post-Update
5936,2596,2024-05-30,Plan Selection,3,64,viewed,5,May,Post-Update
5937,2209,2024-04-08,Plan Selection,3,205,clicked,4,Apr,Post-Update
5938,2028,2024-03-15,Home,1,196,clicked,3,Mar,Post-Update
5939,31,2024-03-07,Payment,4,188,dropped,3,Mar,Pre-Update
5940,1900,2024-06-26,Home,1,35,clicked,6,Jun,Post-Update
5941,1828,2024-02-14,Pricing Page,2,39,dropped,2,Feb,Pre-Update
5942,1767,2024-01-08,Pricing Page,2,31,viewed,1,Jan,Pre-Update
5943,1105,2024-01-28,Plan Selection,3,170,dropped,1,Jan,Pre-Update
5944,2576,2024-01-25,Home,1,33,clicked,1,Jan,Pre-Update
5945,2948,2024-01-21,Plan Selection,3,165,dropped,1,Jan,Pre-Update
5946,2288,2024-05-16,Pricing Page,2,42,dropped,5,May,Post-Update
5947,2845,2024-06-14,Payment,4,183,dropped,6,Jun,Post-Update
5948,929,2024-06-29,Home,1,63,dropped,6,Jun,Post-Update
5949,428,2024-01-27,Pricing Page,2,30,dropped,1,Jan,Pre-Update
5950,482,2024-01-12,Payment,4,208,clicked,1,Jan,Pre-Update
5951,959,2024-02-09,Home,1,201,clicked,2,Feb,Pre-Update
5952,859,2024-01-24,Payment,4,133,viewed,1,Jan,Pre-Update
5953,1618,2024-04-29,Plan Selection,3,101,dropped,4,Apr,Post-Update
5954,2361,2024-02-12,Payment,4,77,clicked,2,Feb,Pre-Update
5955,933,2024-05-17,Payment,4,23,viewed,5,May,Post-Update
5956,1432,2024-02-01,Pricing Page,2,49,dropped,2,Feb,Pre-Update
5957,186,2024-02-19,Home,1,36,dropped,2,Feb,Pre-Update
5958,209,2024-01-12,Home,1,84,clicked,1,Jan,Pre-Update
5959,1404,2024-05-23,Plan Selection,3,87,clicked,5,May,Post-Update
5960,864,2024-04-12,Confirmation,5,30,converted,4,Apr,Post-Update
5961,1926,2024-06-11,Plan Selection,3,28,viewed,6,Jun,Post-Update
5962,2185,2024-02-12,Confirmation,5,53,converted,2,Feb,Pre-Update
5963,403,2024-01-04,Plan Selection,3,96,dropped,1,Jan,Pre-Update
5964,60,2024-06-13,Pricing Page,2,59,dropped,6,Jun,Post-Update
5965,1802,2024-04-06,Payment,4,165,clicked,4,Apr,Post-Update
5966,2962,2024-01-26,Payment,4,69,dropped,1,Jan,Pre-Update
5967,1063,2024-01-05,Home,1,60,dropped,1,Jan,Pre-Update
5968,1667,2024-04-16,Pricing Page,2,57,dropped,4,Apr,Post-Update
5969,718,2024-06-05,Plan Selection,3,91,dropped,6,Jun,Post-Update
5970,23,2024-02-23,Pricing Page,2,42,clicked,2,Feb,Pre-Update
5971,29,2024-01-21,Plan Selection,3,86,clicked,1,Jan,Pre-Update
5972,767,2024-03-19,Pricing Page,2,58,dropped,3,Mar,Post-Update
5973,1100,2024-06-21,Plan Selection,3,115,viewed,6,Jun,Post-Update
5974,1276,2024-02-27,Pricing Page,2,50,dropped,2,Feb,Pre-Update
5975,2624,2024-02-13,Plan Selection,3,37,viewed,2,Feb,Pre-Update
5976,1485,2024-04-05,Home,1,40,clicked,4,Apr,Post-Update
5977,449,2024-05-22,Pricing Page,2,38,clicked,5,May,Post-Update
5978,1277,2024-01-05,Payment,4,46,clicked,1,Jan,Pre-Update
5979,833,2024-02-22,Plan Selection,3,48,dropped,2,Feb,Pre-Update
5980,103,2024-05-26,Confirmation,5,56,converted,5,May,Post-Update
5981,1106,2024-01-27,Plan Selection,3,152,viewed,1,Jan,Pre-Update
5982,574,2024-06-22,Pricing Page,2,46,clicked,6,Jun,Post-Update
5983,1658,2024-05-13,Home,1,201,viewed,5,May,Post-Update
5984,1530,2024-04-04,Home,1,180,dropped,4,Apr,Post-Update
5985,1478,2024-03-19,Plan Selection,3,33,clicked,3,Mar,Post-Update
5986,1073,2024-01-30,Payment,4,42,viewed,1,Jan,Pre-Update
5987,1945,2024-03-05,Payment,4,45,clicked,3,Mar,Pre-Update
5988,330,2024-04-12,Plan Selection,3,172,clicked,4,Apr,Post-Update
5989,1130,2024-02-04,Payment,4,117,dropped,2,Feb,Pre-Update
5990,1397,2024-05-03,Home,1,22,dropped,5,May,Post-Update
5991,148,2024-03-31,Pricing Page,2,47,dropped,3,Mar,Post-Update
5992,680,2024-06-03,Plan Selection,3,80,dropped,6,Jun,Post-Update
5993,121,2024-01-26,Plan Selection,3,111,viewed,1,Jan,Pre-Update
5994,1077,2024-03-25,Pricing Page,2,64,clicked,3,Mar,Post-Update
5995,2058,2024-03-16,Home,1,192,clicked,3,Mar,Post-Update
5996,1841,2024-04-28,Pricing Page,2,42,dropped,4,Apr,Post-Update
5997,652,2024-03-24,Plan Selection,3,192,clicked,3,Mar,Post-Update
5998,401,2024-06-20,Pricing Page,2,64,dropped,6,Jun,Post-Update
5999,538,2024-05-25,Pricing Page,2,38,dropped,5,May,Post-Update
6000,2859,2024-06-25,Home,1,37,viewed,6,Jun,Post-Update
6001,2430,2024-01-22,Home,1,105,viewed,1,Jan,Pre-Update
6002,81,2024-03-23,Home,1,132,clicked,3,Mar,Post-Update
6003,1625,2024-02-20,Payment,4,15,viewed,2,Feb,Pre-Update
6004,42,2024-04-20,Home,1,58,dropped,4,Apr,Post-Update
6005,288,2024-06-27,Plan Selection,3,58,clicked,6,Jun,Post-Update
6006,2179,2024-05-17,Plan Selection,3,175,clicked,5,May,Post-Update
6007,2693,2024-04-29,Plan Selection,3,12,clicked,4,Apr,Post-Update
6008,1031,2024-06-09,Pricing Page,2,48,dropped,6,Jun,Post-Update
6009,2428,2024-02-27,Home,1,178,viewed,2,Feb,Pre-Update
6010,438,2024-04-05,Home,1,85,clicked,4,Apr,Post-Update
6011,1381,2024-03-03,Pricing Page,2,49,dropped,3,Mar,Pre-Update
6012,1058,2024-06-24,Payment,4,28,dropped,6,Jun,Post-Update
6013,2936,2024-05-14,Payment,4,138,viewed,5,May,Post-Update
6014,1567,2024-06-19,Home,1,189,dropped,6,Jun,Post-Update
6015,1621,2024-04-12,Pricing Page,2,47,viewed,4,Apr,Post-Update
6016,2526,2024-03-03,Home,1,194,dropped,3,Mar,Pre-Update
6017,1319,2024-01-14,Home,1,11,viewed,1,Jan,Pre-Update
6018,1533,2024-05-30,Plan Selection,3,139,clicked,5,May,Post-Update
6019,2474,2024-01-12,Payment,4,205,clicked,1,Jan,Pre-Update
6020,159,2024-01-13,Home,1,161,dropped,1,Jan,Pre-Update
6021,2299,2024-02-07,Payment,4,20,dropped,2,Feb,Pre-Update
6022,414,2024-04-02,Home,1,47,clicked,4,Apr,Post-Update
6023,2907,2024-02-28,Plan Selection,3,133,viewed,2,Feb,Pre-Update
6024,2426,2024-02-14,Payment,4,65,viewed,2,Feb,Pre-Update
6025,110,2024-02-17,Pricing Page,2,37,clicked,2,Feb,Pre-Update
6026,1742,2024-06-09,Plan Selection,3,162,viewed,6,Jun,Post-Update
6027,1570,2024-02-29,Home,1,88,viewed,2,Feb,Pre-Update
6028,1352,2024-01-15,Home,1,13,viewed,1,Jan,Pre-Update
6029,1796,2024-02-06,Pricing Page,2,44,viewed,2,Feb,Pre-Update
6030,999,2024-03-12,Confirmation,5,158,converted,3,Mar,Pre-Update
6031,2232,2024-03-31,Pricing Page,2,61,dropped,3,Mar,Post-Update
6032,1933,2024-04-18,Home,1,124,viewed,4,Apr,Post-Update
6033,1326,2024-02-26,Pricing Page,2,39,viewed,2,Feb,Pre-Update
6034,2763,2024-02-25,Payment,4,193,clicked,2,Feb,Pre-Update
6035,2127,2024-04-30,Home,1,206,clicked,4,Apr,Post-Update
6036,2128,2024-04-09,Plan Selection,3,103,clicked,4,Apr,Post-Update
6037,2661,2024-01-12,Plan Selection,3,35,viewed,1,Jan,Pre-Update
6038,2436,2024-01-27,Pricing Page,2,30,dropped,1,Jan,Pre-Update
6039,2697,2024-06-18,Confirmation,5,32,converted,6,Jun,Post-Update
6040,1822,2024-05-06,Plan Selection,3,67,clicked,5,May,Post-Update
6041,514,2024-04-25,Plan Selection,3,92,dropped,4,Apr,Post-Update
6042,361,2024-03-10,Plan Selection,3,146,viewed,3,Mar,Pre-Update
6043,1373,2024-02-04,Plan Selection,3,65,viewed,2,Feb,Pre-Update
6044,1799,2024-06-18,Confirmation,5,131,converted,6,Jun,Post-Update
6045,1194,2024-01-29,Plan Selection,3,118,viewed,1,Jan,Pre-Update
6046,2733,2024-05-29,Pricing Page,2,54,dropped,5,May,Post-Update
6047,2962,2024-03-05,Payment,4,10,clicked,3,Mar,Pre-Update
6048,2629,2024-04-27,Plan Selection,3,32,viewed,4,Apr,Post-Update
6049,954,2024-03-12,Home,1,196,clicked,3,Mar,Pre-Update
6050,428,2024-06-20,Pricing Page,2,60,clicked,6,Jun,Post-Update
6051,2037,2024-01-08,Home,1,148,viewed,1,Jan,Pre-Update
6052,2405,2024-01-15,Confirmation,5,157,converted,1,Jan,Pre-Update
6053,2104,2024-02-23,Pricing Page,2,58,clicked,2,Feb,Pre-Update
6054,584,2024-01-31,Pricing Page,2,51,viewed,1,Jan,Pre-Update
6055,1163,2024-02-04,Payment,4,83,clicked,2,Feb,Pre-Update
6056,867,2024-01-02,Home,1,176,viewed,1,Jan,Pre-Update
6057,2252,2024-05-25,Payment,4,92,viewed,5,May,Post-Update
6058,1902,2024-06-01,Pricing Page,2,40,dropped,6,Jun,Post-Update
6059,2384,2024-05-18,Pricing Page,2,64,dropped,5,May,Post-Update
6060,2561,2024-06-24,Pricing Page,2,54,viewed,6,Jun,Post-Update
6061,1910,2024-04-21,Home,1,21,viewed,4,Apr,Post-Update
6062,1545,2024-03-06,Pricing Page,2,37,clicked,3,Mar,Pre-Update
6063,2035,2024-06-14,Plan Selection,3,203,dropped,6,Jun,Post-Update
6064,396,2024-01-08,Payment,4,187,dropped,1,Jan,Pre-Update
6065,1586,2024-04-05,Home,1,138,dropped,4,Apr,Post-Update
6066,1475,2024-02-07,Plan Selection,3,37,dropped,2,Feb,Pre-Update
6067,2268,2024-05-03,Home,1,132,viewed,5,May,Post-Update
6068,1549,2024-04-12,Pricing Page,2,61,viewed,4,Apr,Post-Update
6069,1474,2024-04-14,Pricing Page,2,47,dropped,4,Apr,Post-Update
6070,2911,2024-05-04,Plan Selection,3,114,dropped,5,May,Post-Update
6071,2257,2024-04-13,Plan Selection,3,62,clicked,4,Apr,Post-Update
6072,2543,2024-04-29,Payment,4,160,clicked,4,Apr,Post-Update
6073,1271,2024-04-01,Pricing Page,2,60,dropped,4,Apr,Post-Update
6074,2401,2024-06-23,Pricing Page,2,43,clicked,6,Jun,Post-Update
6075,1608,2024-06-03,Plan Selection,3,161,viewed,6,Jun,Post-Update
6076,2005,2024-06-26,Confirmation,5,117,converted,6,Jun,Post-Update
6077,4,2024-03-12,Confirmation,5,136,converted,3,Mar,Pre-Update
6078,810,2024-03-23,Pricing Page,2,67,dropped,3,Mar,Post-Update
6079,1610,2024-02-05,Pricing Page,2,37,dropped,2,Feb,Pre-Update
6080,2549,2024-06-12,Confirmation,5,25,converted,6,Jun,Post-Update
6081,1581,2024-03-12,Pricing Page,2,54,viewed,3,Mar,Pre-Update
6082,465,2024-06-28,Pricing Page,2,52,viewed,6,Jun,Post-Update
6083,748,2024-03-18,Pricing Page,2,57,dropped,3,Mar,Post-Update
6084,2306,2024-03-10,Plan Selection,3,204,viewed,3,Mar,Pre-Update
6085,2931,2024-06-21,Payment,4,61,viewed,6,Jun,Post-Update
6086,952,2024-01-25,Payment,4,50,viewed,1,Jan,Pre-Update
6087,1858,2024-04-11,Confirmation,5,23,converted,4,Apr,Post-Update
6088,1459,2024-02-11,Plan Selection,3,157,viewed,2,Feb,Pre-Update
6089,2802,2024-05-21,Home,1,54,viewed,5,May,Post-Update
6090,656,2024-05-16,Home,1,84,clicked,5,May,Post-Update
6091,834,2024-06-21,Confirmation,5,158,converted,6,Jun,Post-Update
6092,2887,2024-04-14,Home,1,72,clicked,4,Apr,Post-Update
6093,2048,2024-06-01,Home,1,76,dropped,6,Jun,Post-Update
6094,2035,2024-06-28,Confirmation,5,131,converted,6,Jun,Post-Update
6095,893,2024-04-29,Pricing Page,2,40,dropped,4,Apr,Post-Update
6096,1067,2024-03-20,Home,1,86,clicked,3,Mar,Post-Update
6097,905,2024-01-07,Pricing Page,2,39,clicked,1,Jan,Pre-Update
6098,1407,2024-02-26,Home,1,180,viewed,2,Feb,Pre-Update
6099,1266,2024-05-09,Pricing Page,2,52,dropped,5,May,Post-Update
6100,1244,2024-06-26,Plan Selection,3,88,viewed,6,Jun,Post-Update
6101,1835,2024-02-03,Home,1,190,dropped,2,Feb,Pre-Update
6102,1391,2024-04-21,Plan Selection,3,130,viewed,4,Apr,Post-Update
6103,2753,2024-05-15,Home,1,162,viewed,5,May,Post-Update
6104,2061,2024-01-10,Pricing Page,2,56,clicked,1,Jan,Pre-Update
6105,373,2024-03-08,Pricing Page,2,40,dropped,3,Mar,Pre-Update
6106,1211,2024-01-25,Pricing Page,2,57,dropped,1,Jan,Pre-Update
6107,2768,2024-02-12,Pricing Page,2,40,clicked,2,Feb,Pre-Update
6108,2068,2024-05-22,Payment,4,206,clicked,5,May,Post-Update
6109,1687,2024-06-13,Payment,4,116,dropped,6,Jun,Post-Update
6110,2751,2024-02-20,Plan Selection,3,84,viewed,2,Feb,Pre-Update
6111,1646,2024-06-20,Home,1,125,viewed,6,Jun,Post-Update
6112,1291,2024-02-16,Confirmation,5,49,converted,2,Feb,Pre-Update
6113,2992,2024-03-13,Home,1,175,dropped,3,Mar,Pre-Update
6114,461,2024-03-10,Pricing Page,2,34,dropped,3,Mar,Pre-Update
6115,271,2024-04-10,Plan Selection,3,184,viewed,4,Apr,Post-Update
6116,1695,2024-02-27,Confirmation,5,108,converted,2,Feb,Pre-Update
6117,2367,2024-03-26,Confirmation,5,123,converted,3,Mar,Post-Update
6118,2523,2024-04-01,Home,1,108,clicked,4,Apr,Post-Update
6119,2515,2024-05-24,Pricing Page,2,38,clicked,5,May,Post-Update
6120,2974,2024-01-26,Payment,4,66,dropped,1,Jan,Pre-Update
6121,353,2024-01-01,Plan Selection,3,80,viewed,1,Jan,Pre-Update
6122,2040,2024-01-28,Payment,4,45,viewed,1,Jan,Pre-Update
6123,2976,2024-06-01,Pricing Page,2,58,clicked,6,Jun,Post-Update
6124,1673,2024-04-19,Pricing Page,2,67,viewed,4,Apr,Post-Update
6125,1182,2024-03-03,Plan Selection,3,154,viewed,3,Mar,Pre-Update
6126,1770,2024-01-18,Plan Selection,3,65,clicked,1,Jan,Pre-Update
6127,1310,2024-03-16,Payment,4,138,viewed,3,Mar,Post-Update
6128,1385,2024-05-01,Confirmation,5,183,converted,5,May,Post-Update
6129,1242,2024-03-24,Home,1,203,viewed,3,Mar,Post-Update
6130,736,2024-03-01,Confirmation,5,147,converted,3,Mar,Pre-Update
6131,1847,2024-01-04,Pricing Page,2,36,dropped,1,Jan,Pre-Update
6132,1933,2024-03-26,Pricing Page,2,59,dropped,3,Mar,Post-Update
6133,1638,2024-05-05,Payment,4,26,viewed,5,May,Post-Update
6134,1027,2024-06-21,Payment,4,185,dropped,6,Jun,Post-Update
6135,328,2024-01-18,Home,1,114,dropped,1,Jan,Pre-Update
6136,37,2024-05-09,Plan Selection,3,121,dropped,5,May,Post-Update
6137,461,2024-02-19,Confirmation,5,146,converted,2,Feb,Pre-Update
6138,2171,2024-04-11,Plan Selection,3,115,viewed,4,Apr,Post-Update
6139,2746,2024-03-28,Plan Selection,3,180,clicked,3,Mar,Post-Update
6140,2666,2024-04-13,Home,1,63,viewed,4,Apr,Post-Update
6141,2877,2024-04-06,Payment,4,83,clicked,4,Apr,Post-Update
6142,669,2024-05-09,Confirmation,5,86,converted,5,May,Post-Update
6143,566,2024-05-24,Pricing Page,2,61,clicked,5,May,Post-Update
6144,2322,2024-06-27,Plan Selection,3,23,clicked,6,Jun,Post-Update
6145,1178,2024-03-14,Payment,4,27,viewed,3,Mar,Pre-Update
6146,60,2024-04-05,Plan Selection,3,69,viewed,4,Apr,Post-Update
6147,2834,2024-03-16,Pricing Page,2,67,dropped,3,Mar,Post-Update
6148,654,2024-03-06,Home,1,149,dropped,3,Mar,Pre-Update
6149,2903,2024-05-25,Home,1,42,clicked,5,May,Post-Update
6150,2672,2024-01-05,Pricing Page,2,34,clicked,1,Jan,Pre-Update
6151,1838,2024-05-29,Pricing Page,2,38,dropped,5,May,Post-Update
6152,201,2024-04-26,Home,1,48,viewed,4,Apr,Post-Update
6153,2560,2024-04-20,Pricing Page,2,55,dropped,4,Apr,Post-Update
6154,1194,2024-05-10,Pricing Page,2,64,dropped,5,May,Post-Update
6155,1312,2024-04-04,Pricing Page,2,64,dropped,4,Apr,Post-Update
6156,764,2024-04-03,Payment,4,113,dropped,4,Apr,Post-Update
6157,552,2024-03-27,Payment,4,165,clicked,3,Mar,Post-Update
6158,1318,2024-01-25,Pricing Page,2,41,viewed,1,Jan,Pre-Update
6159,2816,2024-02-15,Pricing Page,2,44,dropped,2,Feb,Pre-Update
6160,1981,2024-02-16,Pricing Page,2,53,dropped,2,Feb,Pre-Update
6161,2553,2024-01-20,Confirmation,5,119,converted,1,Jan,Pre-Update
6162,2476,2024-03-27,Confirmation,5,46,converted,3,Mar,Post-Update
6163,438,2024-02-01,Pricing Page,2,51,dropped,2,Feb,Pre-Update
6164,2245,2024-02-11,Confirmation,5,168,converted,2,Feb,Pre-Update
6165,816,2024-06-27,Home,1,127,viewed,6,Jun,Post-Update
6166,969,2024-05-17,Payment,4,189,viewed,5,May,Post-Update
6167,568,2024-01-04,Plan Selection,3,122,dropped,1,Jan,Pre-Update
6168,1630,2024-06-25,Pricing Page,2,47,clicked,6,Jun,Post-Update
6169,500,2024-03-07,Pricing Page,2,49,dropped,3,Mar,Pre-Update
6170,2347,2024-03-30,Home,1,35,clicked,3,Mar,Post-Update
6171,2966,2024-01-22,Plan Selection,3,168,dropped,1,Jan,Pre-Update
6172,2831,2024-04-05,Payment,4,106,viewed,4,Apr,Post-Update
6173,1291,2024-02-10,Payment,4,95,viewed,2,Feb,Pre-Update
6174,377,2024-04-15,Plan Selection,3,199,dropped,4,Apr,Post-Update
6175,2359,2024-04-09,Pricing Page,2,47,dropped,4,Apr,Post-Update
6176,2769,2024-04-01,Payment,4,58,viewed,4,Apr,Post-Update
6177,284,2024-04-14,Plan Selection,3,63,clicked,4,Apr,Post-Update
6178,2818,2024-01-09,Pricing Page,2,57,dropped,1,Jan,Pre-Update
6179,645,2024-06-07,Payment,4,14,viewed,6,Jun,Post-Update
6180,1667,2024-01-01,Pricing Page,2,52,clicked,1,Jan,Pre-Update
6181,202,2024-03-06,Plan Selection,3,190,viewed,3,Mar,Pre-Update
6182,2845,2024-04-08,Payment,4,157,dropped,4,Apr,Post-Update
6183,311,2024-02-29,Pricing Page,2,51,clicked,2,Feb,Pre-Update
6184,1174,2024-03-23,Home,1,38,clicked,3,Mar,Post-Update
6185,1710,2024-04-28,Plan Selection,3,183,viewed,4,Apr,Post-Update
6186,1828,2024-01-22,Payment,4,93,viewed,1,Jan,Pre-Update
6187,2630,2024-06-13,Confirmation,5,168,converted,6,Jun,Post-Update
6188,751,2024-06-07,Plan Selection,3,120,viewed,6,Jun,Post-Update
6189,1729,2024-03-03,Confirmation,5,188,converted,3,Mar,Pre-Update
6190,1561,2024-06-14,Home,1,84,viewed,6,Jun,Post-Update
6191,2477,2024-05-17,Pricing Page,2,49,viewed,5,May,Post-Update
6192,807,2024-05-08,Payment,4,118,clicked,5,May,Post-Update
6193,2786,2024-01-20,Payment,4,108,dropped,1,Jan,Pre-Update
6194,1000,2024-02-03,Confirmation,5,16,converted,2,Feb,Pre-Update
6195,1217,2024-06-18,Pricing Page,2,52,dropped,6,Jun,Post-Update
6196,2911,2024-04-14,Confirmation,5,46,converted,4,Apr,Post-Update
6197,2912,2024-02-24,Plan Selection,3,13,clicked,2,Feb,Pre-Update
6198,1925,2024-02-04,Home,1,128,viewed,2,Feb,Pre-Update
6199,1647,2024-01-27,Home,1,11,viewed,1,Jan,Pre-Update
6200,2453,2024-05-21,Pricing Page,2,67,dropped,5,May,Post-Update
6201,1172,2024-04-13,Plan Selection,3,153,clicked,4,Apr,Post-Update
6202,1414,2024-05-21,Plan Selection,3,41,clicked,5,May,Post-Update
6203,2799,2024-05-28,Pricing Page,2,40,dropped,5,May,Post-Update
6204,1075,2024-02-07,Confirmation,5,55,converted,2,Feb,Pre-Update
6205,666,2024-03-18,Pricing Page,2,40,dropped,3,Mar,Post-Update
6206,2956,2024-05-17,Payment,4,198,dropped,5,May,Post-Update
6207,90,2024-04-25,Home,1,131,viewed,4,Apr,Post-Update
6208,2460,2024-06-13,Home,1,160,clicked,6,Jun,Post-Update
6209,284,2024-01-11,Home,1,193,clicked,1,Jan,Pre-Update
6210,2795,2024-01-08,Pricing Page,2,59,clicked,1,Jan,Pre-Update
6211,611,2024-01-25,Home,1,190,clicked,1,Jan,Pre-Update
6212,2838,2024-05-13,Payment,4,14,clicked,5,May,Post-Update
6213,2352,2024-02-07,Plan Selection,3,177,dropped,2,Feb,Pre-Update
6214,230,2024-01-05,Confirmation,5,92,converted,1,Jan,Pre-Update
6215,1124,2024-04-24,Home,1,61,dropped,4,Apr,Post-Update
6216,699,2024-04-11,Home,1,175,viewed,4,Apr,Post-Update
6217,2025,2024-06-08,Pricing Page,2,45,dropped,6,Jun,Post-Update
6218,2319,2024-04-10,Pricing Page,2,56,clicked,4,Apr,Post-Update
6219,2115,2024-03-12,Payment,4,26,viewed,3,Mar,Pre-Update
6220,93,2024-04-16,Payment,4,97,viewed,4,Apr,Post-Update
6221,145,2024-02-10,Confirmation,5,47,converted,2,Feb,Pre-Update
6222,61,2024-04-07,Plan Selection,3,129,dropped,4,Apr,Post-Update
6223,1489,2024-02-25,Home,1,70,clicked,2,Feb,Pre-Update
6224,67,2024-06-20,Plan Selection,3,121,viewed,6,Jun,Post-Update
6225,177,2024-01-10,Home,1,72,clicked,1,Jan,Pre-Update
6226,1248,2024-02-18,Home,1,150,dropped,2,Feb,Pre-Update
6227,2751,2024-06-24,Home,1,127,viewed,6,Jun,Post-Update
6228,1267,2024-02-06,Payment,4,29,clicked,2,Feb,Pre-Update
6229,63,2024-02-27,Plan Selection,3,147,viewed,2,Feb,Pre-Update
6230,609,2024-03-23,Plan Selection,3,200,viewed,3,Mar,Post-Update
6231,2926,2024-04-14,Confirmation,5,33,converted,4,Apr,Post-Update
6232,2026,2024-01-05,Home,1,86,viewed,1,Jan,Pre-Update
6233,246,2024-03-25,Home,1,28,dropped,3,Mar,Post-Update
6234,1600,2024-02-02,Pricing Page,2,58,viewed,2,Feb,Pre-Update
6235,1985,2024-04-14,Confirmation,5,168,converted,4,Apr,Post-Update
6236,768,2024-06-11,Plan Selection,3,183,dropped,6,Jun,Post-Update
6237,1198,2024-03-12,Payment,4,161,clicked,3,Mar,Pre-Update
6238,2312,2024-04-24,Payment,4,72,dropped,4,Apr,Post-Update
6239,725,2024-01-19,Payment,4,135,viewed,1,Jan,Pre-Update
6240,142,2024-06-07,Pricing Page,2,53,viewed,6,Jun,Post-Update
6241,190,2024-04-07,Pricing Page,2,64,viewed,4,Apr,Post-Update
6242,2547,2024-04-10,Pricing Page,2,51,dropped,4,Apr,Post-Update
6243,1789,2024-02-07,Pricing Page,2,50,clicked,2,Feb,Pre-Update
6244,2853,2024-06-24,Confirmation,5,12,converted,6,Jun,Post-Update
6245,328,2024-04-02,Pricing Page,2,56,dropped,4,Apr,Post-Update
6246,777,2024-01-03,Pricing Page,2,43,dropped,1,Jan,Pre-Update
6247,616,2024-01-21,Confirmation,5,92,converted,1,Jan,Pre-Update
6248,619,2024-05-24,Pricing Page,2,51,dropped,5,May,Post-Update
6249,858,2024-01-11,Pricing Page,2,58,clicked,1,Jan,Pre-Update
6250,1973,2024-05-19,Confirmation,5,33,converted,5,May,Post-Update
6251,2793,2024-02-24,Plan Selection,3,137,dropped,2,Feb,Pre-Update
6252,1369,2024-01-11,Confirmation,5,85,converted,1,Jan,Pre-Update
6253,460,2024-04-25,Payment,4,159,clicked,4,Apr,Post-Update
6254,1367,2024-04-29,Confirmation,5,145,converted,4,Apr,Post-Update
6255,1759,2024-06-12,Payment,4,24,dropped,6,Jun,Post-Update
6256,843,2024-01-19,Plan Selection,3,16,dropped,1,Jan,Pre-Update
6257,2128,2024-01-12,Home,1,151,dropped,1,Jan,Pre-Update
6258,2738,2024-04-07,Confirmation,5,45,converted,4,Apr,Post-Update
6259,62,2024-04-11,Payment,4,26,dropped,4,Apr,Post-Update
6260,1622,2024-02-10,Plan Selection,3,180,viewed,2,Feb,Pre-Update
6261,630,2024-05-22,Pricing Page,2,41,clicked,5,May,Post-Update
6262,498,2024-05-10,Home,1,76,clicked,5,May,Post-Update
6263,2435,2024-06-25,Pricing Page,2,46,dropped,6,Jun,Post-Update
6264,2121,2024-02-04,Payment,4,127,clicked,2,Feb,Pre-Update
6265,1325,2024-06-09,Home,1,182,viewed,6,Jun,Post-Update
6266,1210,2024-01-05,Confirmation,5,100,converted,1,Jan,Pre-Update
6267,1632,2024-03-07,Home,1,186,viewed,3,Mar,Pre-Update
6268,1434,2024-06-14,Home,1,196,clicked,6,Jun,Post-Update
6269,1618,2024-06-09,Payment,4,104,viewed,6,Jun,Post-Update
6270,2933,2024-02-15,Pricing Page,2,55,dropped,2,Feb,Pre-Update
6271,2343,2024-01-22,Pricing Page,2,55,clicked,1,Jan,Pre-Update
6272,691,2024-03-26,Plan Selection,3,186,clicked,3,Mar,Post-Update
6273,1716,2024-04-04,Confirmation,5,203,converted,4,Apr,Post-Update
6274,307,2024-04-21,Payment,4,13,viewed,4,Apr,Post-Update
6275,2418,2024-05-08,Home,1,126,clicked,5,May,Post-Update
6276,1901,2024-05-14,Payment,4,168,clicked,5,May,Post-Update
6277,1215,2024-03-05,Plan Selection,3,151,viewed,3,Mar,Pre-Update
6278,810,2024-05-08,Payment,4,135,viewed,5,May,Post-Update
6279,1454,2024-05-25,Plan Selection,3,99,clicked,5,May,Post-Update
6280,704,2024-04-23,Pricing Page,2,47,dropped,4,Apr,Post-Update
6281,831,2024-04-28,Pricing Page,2,46,dropped,4,Apr,Post-Update
6282,640,2024-01-10,Plan Selection,3,207,dropped,1,Jan,Pre-Update
6283,759,2024-01-25,Confirmation,5,58,converted,1,Jan,Pre-Update
6284,1225,2024-02-28,Pricing Page,2,58,clicked,2,Feb,Pre-Update
6285,2777,2024-06-27,Home,1,166,clicked,6,Jun,Post-Update
6286,145,2024-05-24,Payment,4,181,viewed,5,May,Post-Update
6287,284,2024-02-19,Home,1,129,viewed,2,Feb,Pre-Update
6288,2580,2024-01-21,Confirmation,5,119,converted,1,Jan,Pre-Update
6289,2441,2024-03-17,Plan Selection,3,22,clicked,3,Mar,Post-Update
6290,1307,2024-02-06,Plan Selection,3,186,clicked,2,Feb,Pre-Update
6291,2749,2024-04-27,Pricing Page,2,52,viewed,4,Apr,Post-Update
6292,1384,2024-03-04,Pricing Page,2,53,viewed,3,Mar,Pre-Update
6293,1960,2024-06-06,Pricing Page,2,49,clicked,6,Jun,Post-Update
6294,998,2024-04-15,Confirmation,5,180,converted,4,Apr,Post-Update
6295,1493,2024-06-17,Home,1,17,viewed,6,Jun,Post-Update
6296,931,2024-03-31,Plan Selection,3,75,viewed,3,Mar,Post-Update
6297,2077,2024-04-29,Pricing Page,2,42,dropped,4,Apr,Post-Update
6298,1878,2024-01-20,Plan Selection,3,17,dropped,1,Jan,Pre-Update
6299,2172,2024-01-22,Pricing Page,2,51,dropped,1,Jan,Pre-Update
6300,1526,2024-04-09,Pricing Page,2,53,viewed,4,Apr,Post-Update
6301,2848,2024-01-07,Pricing Page,2,46,viewed,1,Jan,Pre-Update
6302,831,2024-01-03,Pricing Page,2,34,dropped,1,Jan,Pre-Update
6303,1978,2024-02-12,Pricing Page,2,39,viewed,2,Feb,Pre-Update
6304,74,2024-01-23,Plan Selection,3,84,dropped,1,Jan,Pre-Update
6305,2819,2024-01-12,Plan Selection,3,79,dropped,1,Jan,Pre-Update
6306,2956,2024-02-26,Plan Selection,3,24,clicked,2,Feb,Pre-Update
6307,1670,2024-01-22,Confirmation,5,69,converted,1,Jan,Pre-Update
6308,2053,2024-04-06,Plan Selection,3,110,viewed,4,Apr,Post-Update
6309,2063,2024-04-05,Plan Selection,3,59,clicked,4,Apr,Post-Update
6310,2954,2024-02-21,Pricing Page,2,45,dropped,2,Feb,Pre-Update
6311,282,2024-01-18,Pricing Page,2,52,dropped,1,Jan,Pre-Update
6312,926,2024-02-08,Home,1,20,viewed,2,Feb,Pre-Update
6313,326,2024-06-26,Plan Selection,3,198,viewed,6,Jun,Post-Update
6314,270,2024-03-31,Pricing Page,2,56,dropped,3,Mar,Post-Update
6315,311,2024-03-05,Pricing Page,2,39,dropped,3,Mar,Pre-Update
6316,143,2024-04-21,Confirmation,5,173,converted,4,Apr,Post-Update
6317,886,2024-01-04,Pricing Page,2,59,dropped,1,Jan,Pre-Update
6318,2169,2024-04-16,Payment,4,40,clicked,4,Apr,Post-Update
6319,1805,2024-05-19,Home,1,196,clicked,5,May,Post-Update
6320,2324,2024-02-29,Pricing Page,2,49,dropped,2,Feb,Pre-Update
6321,558,2024-02-18,Payment,4,24,dropped,2,Feb,Pre-Update
6322,2847,2024-04-27,Pricing Page,2,38,viewed,4,Apr,Post-Update
6323,1489,2024-05-16,Pricing Page,2,41,clicked,5,May,Post-Update
6324,986,2024-03-21,Pricing Page,2,64,clicked,3,Mar,Post-Update
6325,2592,2024-02-06,Pricing Page,2,44,dropped,2,Feb,Pre-Update
6326,1417,2024-05-24,Plan Selection,3,101,clicked,5,May,Post-Update
6327,1444,2024-05-06,Home,1,31,clicked,5,May,Post-Update
6328,2337,2024-04-24,Payment,4,57,viewed,4,Apr,Post-Update
6329,2517,2024-01-12,Payment,4,165,clicked,1,Jan,Pre-Update
6330,511,2024-03-05,Pricing Page,2,37,clicked,3,Mar,Pre-Update
6331,917,2024-02-27,Plan Selection,3,96,dropped,2,Feb,Pre-Update
6332,1179,2024-04-08,Plan Selection,3,33,viewed,4,Apr,Post-Update
6333,823,2024-04-18,Home,1,24,viewed,4,Apr,Post-Update
6334,2835,2024-02-11,Pricing Page,2,56,clicked,2,Feb,Pre-Update
6335,2774,2024-01-11,Plan Selection,3,88,clicked,1,Jan,Pre-Update
6336,2924,2024-04-14,Confirmation,5,28,converted,4,Apr,Post-Update
6337,1724,2024-04-16,Pricing Page,2,48,dropped,4,Apr,Post-Update
6338,1200,2024-05-10,Pricing Page,2,65,dropped,5,May,Post-Update
6339,2866,2024-05-15,Payment,4,36,dropped,5,May,Post-Update
6340,2213,2024-04-20,Payment,4,87,clicked,4,Apr,Post-Update
6341,2564,2024-01-12,Payment,4,121,clicked,1,Jan,Pre-Update
6342,22,2024-03-18,Home,1,80,clicked,3,Mar,Post-Update
6343,2623,2024-02-07,Pricing Page,2,43,viewed,2,Feb,Pre-Update
6344,1317,2024-03-03,Pricing Page,2,30,viewed,3,Mar,Pre-Update
6345,222,2024-06-13,Pricing Page,2,63,dropped,6,Jun,Post-Update
6346,786,2024-02-05,Home,1,83,clicked,2,Feb,Pre-Update
6347,565,2024-01-31,Pricing Page,2,57,viewed,1,Jan,Pre-Update
6348,295,2024-01-30,Plan Selection,3,26,viewed,1,Jan,Pre-Update
6349,238,2024-05-25,Payment,4,105,dropped,5,May,Post-Update
6350,2631,2024-02-05,Pricing Page,2,34,viewed,2,Feb,Pre-Update
6351,901,2024-02-11,Pricing Page,2,46,dropped,2,Feb,Pre-Update
6352,1383,2024-02-11,Payment,4,41,clicked,2,Feb,Pre-Update
6353,2671,2024-01-07,Plan Selection,3,100,viewed,1,Jan,Pre-Update
6354,714,2024-01-07,Pricing Page,2,35,clicked,1,Jan,Pre-Update
6355,746,2024-04-10,Home,1,115,clicked,4,Apr,Post-Update
6356,2907,2024-02-27,Plan Selection,3,101,dropped,2,Feb,Pre-Update
6357,2539,2024-03-31,Confirmation,5,62,converted,3,Mar,Post-Update
6358,1387,2024-04-04,Pricing Page,2,54,dropped,4,Apr,Post-Update
6359,1721,2024-05-15,Home,1,193,clicked,5,May,Post-Update
6360,2047,2024-06-20,Plan Selection,3,142,dropped,6,Jun,Post-Update
6361,145,2024-04-21,Confirmation,5,184,converted,4,Apr,Post-Update
6362,1581,2024-01-04,Plan Selection,3,103,viewed,1,Jan,Pre-Update
6363,2302,2024-02-29,Pricing Page,2,53,viewed,2,Feb,Pre-Update
6364,2082,2024-01-12,Pricing Page,2,59,dropped,1,Jan,Pre-Update
6365,448,2024-01-16,Confirmation,5,128,converted,1,Jan,Pre-Update
6366,153,2024-03-27,Pricing Page,2,62,dropped,3,Mar,Post-Update
6367,289,2024-04-11,Plan Selection,3,196,dropped,4,Apr,Post-Update
6368,1937,2024-06-23,Payment,4,111,viewed,6,Jun,Post-Update
6369,2806,2024-01-01,Pricing Page,2,32,viewed,1,Jan,Pre-Update
6370,1833,2024-05-12,Payment,4,192,dropped,5,May,Post-Update
6371,2330,2024-04-13,Plan Selection,3,199,dropped,4,Apr,Post-Update
6372,2465,2024-05-08,Home,1,80,clicked,5,May,Post-Update
6373,734,2024-06-01,Pricing Page,2,65,dropped,6,Jun,Post-Update
6374,2791,2024-02-11,Pricing Page,2,34,clicked,2,Feb,Pre-Update
6375,2037,2024-04-05,Plan Selection,3,83,dropped,4,Apr,Post-Update
6376,723,2024-01-01,Pricing Page,2,41,dropped,1,Jan,Pre-Update
6377,1523,2024-01-22,Home,1,19,viewed,1,Jan,Pre-Update
6378,2462,2024-01-23,Home,1,95,viewed,1,Jan,Pre-Update
6379,29,2024-01-14,Pricing Page,2,43,dropped,1,Jan,Pre-Update
6380,2549,2024-04-06,Home,1,204,clicked,4,Apr,Post-Update
6381,1961,2024-05-11,Plan Selection,3,51,dropped,5,May,Post-Update
6382,1214,2024-01-01,Payment,4,19,viewed,1,Jan,Pre-Update
6383,2639,2024-06-26,Pricing Page,2,50,dropped,6,Jun,Post-Update
6384,514,2024-06-28,Pricing Page,2,46,dropped,6,Jun,Post-Update
6385,1460,2024-02-10,Plan Selection,3,145,clicked,2,Feb,Pre-Update
6386,2416,2024-06-16,Pricing Page,2,46,clicked,6,Jun,Post-Update
6387,925,2024-01-04,Home,1,177,viewed,1,Jan,Pre-Update
6388,2125,2024-04-20,Confirmation,5,167,converted,4,Apr,Post-Update
6389,485,2024-03-22,Payment,4,105,dropped,3,Mar,Post-Update
6390,19,2024-05-19,Payment,4,176,viewed,5,May,Post-Update
6391,2675,2024-03-17,Pricing Page,2,66,dropped,3,Mar,Post-Update
6392,1038,2024-03-13,Confirmation,5,134,converted,3,Mar,Pre-Update
6393,675,2024-02-15,Plan Selection,3,46,dropped,2,Feb,Pre-Update
6394,465,2024-03-05,Pricing Page,2,45,clicked,3,Mar,Pre-Update
6395,2092,2024-04-05,Plan Selection,3,45,dropped,4,Apr,Post-Update
6396,1774,2024-02-21,Plan Selection,3,82,viewed,2,Feb,Pre-Update
6397,1079,2024-01-24,Plan Selection,3,93,clicked,1,Jan,Pre-Update
6398,2241,2024-04-07,Pricing Page,2,57,viewed,4,Apr,Post-Update
6399,1342,2024-04-19,Plan Selection,3,121,viewed,4,Apr,Post-Update
6400,458,2024-03-25,Confirmation,5,13,converted,3,Mar,Post-Update
6401,1321,2024-01-27,Pricing Page,2,47,clicked,1,Jan,Pre-Update
6402,1514,2024-04-17,Pricing Page,2,54,dropped,4,Apr,Post-Update
6403,159,2024-02-14,Home,1,132,viewed,2,Feb,Pre-Update
6404,1186,2024-03-20,Home,1,159,viewed,3,Mar,Post-Update
6405,672,2024-01-08,Plan Selection,3,120,dropped,1,Jan,Pre-Update
6406,302,2024-01-10,Confirmation,5,128,converted,1,Jan,Pre-Update
6407,342,2024-05-23,Plan Selection,3,161,viewed,5,May,Post-Update
6408,741,2024-04-04,Payment,4,171,clicked,4,Apr,Post-Update
6409,1860,2024-06-07,Plan Selection,3,201,dropped,6,Jun,Post-Update
6410,1000,2024-06-19,Plan Selection,3,151,clicked,6,Jun,Post-Update
6411,24,2024-05-17,Payment,4,120,clicked,5,May,Post-Update
6412,1923,2024-05-29,Pricing Page,2,56,dropped,5,May,Post-Update
6413,698,2024-06-14,Payment,4,140,viewed,6,Jun,Post-Update
6414,420,2024-06-01,Payment,4,98,viewed,6,Jun,Post-Update
6415,2356,2024-03-24,Confirmation,5,89,converted,3,Mar,Post-Update
6416,328,2024-03-05,Pricing Page,2,37,viewed,3,Mar,Pre-Update
6417,1340,2024-05-10,Pricing Page,2,43,dropped,5,May,Post-Update
6418,2922,2024-04-10,Payment,4,136,clicked,4,Apr,Post-Update
6419,2943,2024-02-02,Confirmation,5,58,converted,2,Feb,Pre-Update
6420,1045,2024-01-02,Home,1,10,dropped,1,Jan,Pre-Update
6421,4,2024-06-29,Confirmation,5,187,converted,6,Jun,Post-Update
6422,1529,2024-06-09,Confirmation,5,186,converted,6,Jun,Post-Update
6423,2076,2024-05-26,Confirmation,5,84,converted,5,May,Post-Update
6424,2959,2024-05-27,Home,1,31,dropped,5,May,Post-Update
6425,2282,2024-01-27,Pricing Page,2,56,viewed,1,Jan,Pre-Update
6426,601,2024-01-21,Confirmation,5,108,converted,1,Jan,Pre-Update
6427,1706,2024-03-06,Home,1,93,viewed,3,Mar,Pre-Update
6428,1966,2024-06-18,Plan Selection,3,154,clicked,6,Jun,Post-Update
6429,888,2024-01-01,Home,1,140,viewed,1,Jan,Pre-Update
6430,1081,2024-02-08,Confirmation,5,53,converted,2,Feb,Pre-Update
6431,545,2024-02-15,Payment,4,179,dropped,2,Feb,Pre-Update
6432,2453,2024-06-06,Confirmation,5,193,converted,6,Jun,Post-Update
6433,2614,2024-04-18,Pricing Page,2,42,dropped,4,Apr,Post-Update
6434,1467,2024-05-02,Confirmation,5,118,converted,5,May,Post-Update
6435,2927,2024-02-14,Pricing Page,2,53,dropped,2,Feb,Pre-Update
6436,2425,2024-06-17,Pricing Page,2,49,dropped,6,Jun,Post-Update
6437,2755,2024-06-20,Confirmation,5,23,converted,6,Jun,Post-Update
6438,1158,2024-05-12,Pricing Page,2,46,viewed,5,May,Post-Update
6439,2854,2024-06-04,Pricing Page,2,58,dropped,6,Jun,Post-Update
6440,528,2024-05-15,Pricing Page,2,63,dropped,5,May,Post-Update
6441,951,2024-06-06,Pricing Page,2,51,viewed,6,Jun,Post-Update
6442,1906,2024-02-04,Home,1,140,dropped,2,Feb,Pre-Update
6443,2155,2024-02-02,Payment,4,57,viewed,2,Feb,Pre-Update
6444,2624,2024-04-22,Pricing Page,2,53,dropped,4,Apr,Post-Update
6445,1402,2024-05-07,Home,1,103,viewed,5,May,Post-Update
6446,1590,2024-05-05,Payment,4,64,viewed,5,May,Post-Update
6447,2964,2024-04-28,Pricing Page,2,54,clicked,4,Apr,Post-Update
6448,1316,2024-05-16,Pricing Page,2,67,dropped,5,May,Post-Update
6449,1872,2024-04-19,Home,1,191,dropped,4,Apr,Post-Update
6450,2407,2024-05-06,Home,1,69,dropped,5,May,Post-Update
6451,1033,2024-06-26,Confirmation,5,101,converted,6,Jun,Post-Update
6452,1924,2024-05-31,Pricing Page,2,61,dropped,5,May,Post-Update
6453,421,2024-03-18,Plan Selection,3,68,clicked,3,Mar,Post-Update
6454,2180,2024-05-01,Home,1,174,viewed,5,May,Post-Update
6455,1776,2024-01-23,Payment,4,185,viewed,1,Jan,Pre-Update
6456,1736,2024-03-06,Home,1,72,clicked,3,Mar,Pre-Update
6457,2001,2024-03-08,Payment,4,45,clicked,3,Mar,Pre-Update
6458,179,2024-03-02,Plan Selection,3,121,dropped,3,Mar,Pre-Update
6459,1576,2024-06-13,Confirmation,5,33,converted,6,Jun,Post-Update
6460,2042,2024-01-10,Pricing Page,2,56,viewed,1,Jan,Pre-Update
6461,1385,2024-05-30,Payment,4,71,clicked,5,May,Post-Update
6462,1279,2024-02-27,Pricing Page,2,47,dropped,2,Feb,Pre-Update
6463,1401,2024-02-02,Plan Selection,3,206,clicked,2,Feb,Pre-Update
6464,217,2024-01-27,Plan Selection,3,35,dropped,1,Jan,Pre-Update
6465,246,2024-01-25,Pricing Page,2,51,dropped,1,Jan,Pre-Update
6466,447,2024-06-28,Plan Selection,3,118,dropped,6,Jun,Post-Update
6467,1201,2024-03-10,Payment,4,100,dropped,3,Mar,Pre-Update
6468,514,2024-04-06,Home,1,52,clicked,4,Apr,Post-Update
6469,763,2024-04-06,Confirmation,5,190,converted,4,Apr,Post-Update
6470,2451,2024-03-08,Pricing Page,2,58,clicked,3,Mar,Pre-Update
6471,2943,2024-02-02,Confirmation,5,51,converted,2,Feb,Pre-Update
6472,601,2024-03-08,Pricing Page,2,35,dropped,3,Mar,Pre-Update
6473,703,2024-05-04,Payment,4,145,dropped,5,May,Post-Update
6474,2017,2024-06-18,Plan Selection,3,114,viewed,6,Jun,Post-Update
6475,1541,2024-05-09,Home,1,24,dropped,5,May,Post-Update
6476,2778,2024-06-19,Confirmation,5,179,converted,6,Jun,Post-Update
6477,1297,2024-04-21,Payment,4,35,clicked,4,Apr,Post-Update
6478,2680,2024-05-05,Payment,4,193,dropped,5,May,Post-Update
6479,493,2024-02-19,Payment,4,111,viewed,2,Feb,Pre-Update
6480,736,2024-03-06,Home,1,61,dropped,3,Mar,Pre-Update
6481,1918,2024-06-20,Payment,4,69,dropped,6,Jun,Post-Update
6482,416,2024-05-01,Confirmation,5,149,converted,5,May,Post-Update
6483,1989,2024-02-09,Home,1,185,dropped,2,Feb,Pre-Update
6484,2207,2024-03-22,Home,1,196,clicked,3,Mar,Post-Update
6485,1889,2024-05-05,Plan Selection,3,166,dropped,5,May,Post-Update
6486,1835,2024-03-28,Plan Selection,3,109,viewed,3,Mar,Post-Update
6487,199,2024-02-05,Payment,4,80,clicked,2,Feb,Pre-Update
6488,2764,2024-03-16,Pricing Page,2,49,viewed,3,Mar,Post-Update
6489,1705,2024-01-01,Pricing Page,2,47,viewed,1,Jan,Pre-Update
6490,373,2024-05-04,Home,1,66,dropped,5,May,Post-Update
6491,450,2024-01-28,Pricing Page,2,33,clicked,1,Jan,Pre-Update
6492,2543,2024-02-27,Home,1,66,clicked,2,Feb,Pre-Update
6493,1439,2024-04-19,Plan Selection,3,28,viewed,4,Apr,Post-Update
6494,886,2024-03-01,Payment,4,199,clicked,3,Mar,Pre-Update
6495,2944,2024-05-27,Home,1,41,clicked,5,May,Post-Update
6496,2072,2024-01-28,Plan Selection,3,11,viewed,1,Jan,Pre-Update
6497,2360,2024-01-09,Payment,4,50,clicked,1,Jan,Pre-Update
6498,1312,2024-06-22,Pricing Page,2,54,dropped,6,Jun,Post-Update
6499,2644,2024-03-27,Payment,4,79,clicked,3,Mar,Post-Update
6500,953,2024-01-31,Confirmation,5,194,converted,1,Jan,Pre-Update
6501,2859,2024-06-29,Home,1,149,dropped,6,Jun,Post-Update
6502,897,2024-02-16,Pricing Page,2,33,clicked,2,Feb,Pre-Update
6503,543,2024-03-06,Pricing Page,2,36,dropped,3,Mar,Pre-Update
6504,535,2024-05-18,Pricing Page,2,42,clicked,5,May,Post-Update
6505,2426,2024-04-01,Home,1,198,clicked,4,Apr,Post-Update
6506,1131,2024-04-11,Plan Selection,3,151,clicked,4,Apr,Post-Update
6507,1071,2024-02-24,Pricing Page,2,37,viewed,2,Feb,Pre-Update
6508,2576,2024-04-08,Home,1,34,dropped,4,Apr,Post-Update
6509,1191,2024-04-05,Pricing Page,2,57,viewed,4,Apr,Post-Update
6510,1597,2024-06-26,Pricing Page,2,54,clicked,6,Jun,Post-Update
6511,1037,2024-03-06,Payment,4,155,clicked,3,Mar,Pre-Update
6512,1725,2024-05-28,Pricing Page,2,50,viewed,5,May,Post-Update
6513,2120,2024-04-08,Plan Selection,3,78,viewed,4,Apr,Post-Update
6514,1958,2024-03-22,Pricing Page,2,42,viewed,3,Mar,Post-Update
6515,2827,2024-01-11,Pricing Page,2,35,clicked,1,Jan,Pre-Update
6516,255,2024-05-30,Confirmation,5,207,converted,5,May,Post-Update
6517,726,2024-02-15,Plan Selection,3,198,dropped,2,Feb,Pre-Update
6518,1892,2024-06-07,Pricing Page,2,63,clicked,6,Jun,Post-Update
6519,462,2024-04-10,Pricing Page,2,66,clicked,4,Apr,Post-Update
6520,2343,2024-05-15,Pricing Page,2,62,clicked,5,May,Post-Update
6521,1717,2024-03-25,Plan Selection,3,139,clicked,3,Mar,Post-Update
6522,446,2024-03-28,Confirmation,5,99,converted,3,Mar,Post-Update
6523,875,2024-01-22,Plan Selection,3,51,viewed,1,Jan,Pre-Update
6524,2671,2024-05-14,Home,1,209,viewed,5,May,Post-Update
6525,822,2024-05-26,Pricing Page,2,58,clicked,5,May,Post-Update
6526,2206,2024-03-13,Payment,4,171,viewed,3,Mar,Pre-Update
6527,2229,2024-05-27,Payment,4,161,clicked,5,May,Post-Update
6528,216,2024-04-09,Plan Selection,3,24,viewed,4,Apr,Post-Update
6529,1156,2024-05-18,Plan Selection,3,27,clicked,5,May,Post-Update
6530,2379,2024-05-11,Pricing Page,2,41,clicked,5,May,Post-Update
6531,2003,2024-06-16,Plan Selection,3,85,viewed,6,Jun,Post-Update
6532,2442,2024-01-19,Home,1,21,dropped,1,Jan,Pre-Update
6533,466,2024-04-15,Pricing Page,2,51,viewed,4,Apr,Post-Update
6534,822,2024-04-18,Home,1,27,viewed,4,Apr,Post-Update
6535,680,2024-03-21,Plan Selection,3,77,dropped,3,Mar,Post-Update
6536,1384,2024-01-04,Plan Selection,3,105,clicked,1,Jan,Pre-Update
6537,2859,2024-06-17,Payment,4,41,clicked,6,Jun,Post-Update
6538,1944,2024-06-23,Payment,4,110,viewed,6,Jun,Post-Update
6539,2714,2024-06-06,Plan Selection,3,130,dropped,6,Jun,Post-Update
6540,1936,2024-06-20,Payment,4,54,viewed,6,Jun,Post-Update
6541,2010,2024-03-03,Payment,4,131,viewed,3,Mar,Pre-Update
6542,1247,2024-04-06,Pricing Page,2,53,dropped,4,Apr,Post-Update
6543,2906,2024-06-18,Payment,4,18,viewed,6,Jun,Post-Update
6544,1151,2024-02-08,Confirmation,5,189,converted,2,Feb,Pre-Update
6545,2296,2024-01-25,Pricing Page,2,45,clicked,1,Jan,Pre-Update
6546,1835,2024-05-17,Confirmation,5,113,converted,5,May,Post-Update
6547,2154,2024-01-06,Home,1,195,viewed,1,Jan,Pre-Update
6548,1101,2024-06-19,Plan Selection,3,53,clicked,6,Jun,Post-Update
6549,2093,2024-05-01,Pricing Page,2,48,viewed,5,May,Post-Update
6550,2443,2024-01-24,Pricing Page,2,49,clicked,1,Jan,Pre-Update
6551,534,2024-01-03,Plan Selection,3,132,clicked,1,Jan,Pre-Update
6552,1658,2024-02-28,Confirmation,5,183,converted,2,Feb,Pre-Update
6553,1301,2024-04-12,Plan Selection,3,190,viewed,4,Apr,Post-Update
6554,317,2024-04-25,Payment,4,94,clicked,4,Apr,Post-Update
6555,820,2024-06-01,Pricing Page,2,52,dropped,6,Jun,Post-Update
6556,1153,2024-03-20,Home,1,192,clicked,3,Mar,Post-Update
6557,1082,2024-04-08,Plan Selection,3,129,dropped,4,Apr,Post-Update
6558,1383,2024-01-28,Pricing Page,2,41,viewed,1,Jan,Pre-Update
6559,593,2024-03-04,Home,1,172,clicked,3,Mar,Pre-Update
6560,717,2024-04-16,Pricing Page,2,49,dropped,4,Apr,Post-Update
6561,467,2024-06-25,Pricing Page,2,43,clicked,6,Jun,Post-Update
6562,1550,2024-05-17,Pricing Page,2,66,viewed,5,May,Post-Update
6563,2868,2024-06-15,Payment,4,196,clicked,6,Jun,Post-Update
6564,1261,2024-05-19,Plan Selection,3,141,clicked,5,May,Post-Update
6565,1557,2024-01-19,Confirmation,5,103,converted,1,Jan,Pre-Update
6566,1434,2024-06-27,Pricing Page,2,52,viewed,6,Jun,Post-Update
6567,146,2024-04-13,Plan Selection,3,176,dropped,4,Apr,Post-Update
6568,1910,2024-01-20,Plan Selection,3,167,dropped,1,Jan,Pre-Update
6569,140,2024-06-27,Payment,4,197,clicked,6,Jun,Post-Update
6570,2901,2024-05-18,Confirmation,5,81,converted,5,May,Post-Update
6571,2964,2024-06-06,Pricing Page,2,47,dropped,6,Jun,Post-Update
6572,1486,2024-06-26,Pricing Page,2,41,dropped,6,Jun,Post-Update
6573,672,2024-02-04,Pricing Page,2,56,clicked,2,Feb,Pre-Update
6574,2845,2024-02-04,Home,1,206,clicked,2,Feb,Pre-Update
6575,2865,2024-01-06,Pricing Page,2,41,viewed,1,Jan,Pre-Update
6576,2398,2024-01-09,Payment,4,11,clicked,1,Jan,Pre-Update
6577,2173,2024-06-25,Plan Selection,3,121,viewed,6,Jun,Post-Update
6578,2385,2024-06-11,Home,1,171,viewed,6,Jun,Post-Update
6579,927,2024-02-24,Plan Selection,3,12,clicked,2,Feb,Pre-Update
6580,1558,2024-04-29,Payment,4,164,viewed,4,Apr,Post-Update
6581,2220,2024-06-05,Home,1,189,dropped,6,Jun,Post-Update
6582,807,2024-05-19,Home,1,186,clicked,5,May,Post-Update
6583,2482,2024-02-15,Payment,4,41,clicked,2,Feb,Pre-Update
6584,2032,2024-01-19,Pricing Page,2,31,viewed,1,Jan,Pre-Update
6585,2991,2024-03-31,Plan Selection,3,25,viewed,3,Mar,Post-Update
6586,2764,2024-01-22,Payment,4,163,clicked,1,Jan,Pre-Update
6587,1630,2024-04-19,Pricing Page,2,44,clicked,4,Apr,Post-Update
6588,1659,2024-02-15,Plan Selection,3,57,clicked,2,Feb,Pre-Update
6589,657,2024-06-18,Home,1,84,viewed,6,Jun,Post-Update
6590,1804,2024-05-20,Home,1,26,dropped,5,May,Post-Update
6591,1807,2024-03-31,Plan Selection,3,197,viewed,3,Mar,Post-Update
6592,1035,2024-05-29,Home,1,19,viewed,5,May,Post-Update
6593,1421,2024-04-17,Plan Selection,3,207,clicked,4,Apr,Post-Update
6594,1144,2024-01-19,Pricing Page,2,46,clicked,1,Jan,Pre-Update
6595,815,2024-04-23,Pricing Page,2,60,clicked,4,Apr,Post-Update
6596,2411,2024-04-12,Pricing Page,2,49,clicked,4,Apr,Post-Update
6597,170,2024-03-08,Plan Selection,3,79,viewed,3,Mar,Pre-Update
6598,832,2024-03-11,Home,1,100,viewed,3,Mar,Pre-Update
6599,148,2024-04-19,Payment,4,121,dropped,4,Apr,Post-Update
6600,434,2024-02-12,Payment,4,200,clicked,2,Feb,Pre-Update
6601,33,2024-03-01,Plan Selection,3,42,viewed,3,Mar,Pre-Update
6602,138,2024-04-02,Pricing Page,2,56,clicked,4,Apr,Post-Update
6603,2732,2024-02-26,Payment,4,61,viewed,2,Feb,Pre-Update
6604,157,2024-06-24,Plan Selection,3,108,clicked,6,Jun,Post-Update
6605,2016,2024-01-13,Pricing Page,2,42,dropped,1,Jan,Pre-Update
6606,409,2024-03-25,Confirmation,5,51,converted,3,Mar,Post-Update
6607,798,2024-05-08,Payment,4,147,dropped,5,May,Post-Update
6608,1897,2024-05-15,Payment,4,195,dropped,5,May,Post-Update
6609,2827,2024-02-19,Plan Selection,3,182,viewed,2,Feb,Pre-Update
6610,2873,2024-04-29,Pricing Page,2,41,dropped,4,Apr,Post-Update
6611,601,2024-01-15,Payment,4,162,clicked,1,Jan,Pre-Update
6612,2162,2024-03-13,Payment,4,14,clicked,3,Mar,Pre-Update
6613,2573,2024-04-05,Home,1,163,viewed,4,Apr,Post-Update
6614,2351,2024-01-13,Confirmation,5,166,converted,1,Jan,Pre-Update
6615,2774,2024-02-18,Plan Selection,3,27,viewed,2,Feb,Pre-Update
6616,551,2024-06-03,Payment,4,17,dropped,6,Jun,Post-Update
6617,215,2024-02-13,Confirmation,5,63,converted,2,Feb,Pre-Update
6618,1048,2024-06-18,Plan Selection,3,83,viewed,6,Jun,Post-Update
6619,1651,2024-06-22,Home,1,179,viewed,6,Jun,Post-Update
6620,1509,2024-01-16,Confirmation,5,72,converted,1,Jan,Pre-Update
6621,2501,2024-02-10,Plan Selection,3,89,dropped,2,Feb,Pre-Update
6622,1506,2024-01-18,Confirmation,5,131,converted,1,Jan,Pre-Update
6623,269,2024-04-24,Confirmation,5,120,converted,4,Apr,Post-Update
6624,268,2024-05-23,Plan Selection,3,24,clicked,5,May,Post-Update
6625,773,2024-03-13,Pricing Page,2,59,dropped,3,Mar,Pre-Update
6626,878,2024-05-05,Plan Selection,3,189,viewed,5,May,Post-Update
6627,2464,2024-06-29,Plan Selection,3,124,clicked,6,Jun,Post-Update
6628,2730,2024-04-13,Home,1,207,clicked,4,Apr,Post-Update
6629,1899,2024-04-19,Home,1,167,clicked,4,Apr,Post-Update
6630,1643,2024-06-28,Pricing Page,2,54,clicked,6,Jun,Post-Update
6631,1757,2024-03-10,Home,1,135,viewed,3,Mar,Pre-Update
6632,1532,2024-04-03,Home,1,140,dropped,4,Apr,Post-Update
6633,2232,2024-02-24,Pricing Page,2,43,clicked,2,Feb,Pre-Update
6634,407,2024-01-29,Pricing Page,2,43,dropped,1,Jan,Pre-Update
6635,2849,2024-04-15,Home,1,134,viewed,4,Apr,Post-Update
6636,1806,2024-02-28,Payment,4,32,dropped,2,Feb,Pre-Update
6637,648,2024-05-15,Home,1,50,viewed,5,May,Post-Update
6638,360,2024-03-06,Pricing Page,2,35,clicked,3,Mar,Pre-Update
6639,245,2024-06-01,Confirmation,5,67,converted,6,Jun,Post-Update
6640,1650,2024-06-09,Payment,4,63,viewed,6,Jun,Post-Update
6641,278,2024-04-05,Pricing Page,2,43,viewed,4,Apr,Post-Update
6642,146,2024-03-23,Home,1,62,viewed,3,Mar,Post-Update
6643,2717,2024-05-08,Payment,4,22,viewed,5,May,Post-Update
6644,2394,2024-04-18,Plan Selection,3,43,dropped,4,Apr,Post-Update
6645,2338,2024-05-12,Pricing Page,2,48,viewed,5,May,Post-Update
6646,1079,2024-01-23,Plan Selection,3,83,dropped,1,Jan,Pre-Update
6647,2598,2024-05-15,Home,1,99,viewed,5,May,Post-Update
6648,2376,2024-03-27,Home,1,134,dropped,3,Mar,Post-Update
6649,1495,2024-02-19,Payment,4,124,dropped,2,Feb,Pre-Update
6650,1146,2024-02-15,Home,1,171,viewed,2,Feb,Pre-Update
6651,275,2024-03-03,Pricing Page,2,38,dropped,3,Mar,Pre-Update
6652,642,2024-01-07,Plan Selection,3,119,dropped,1,Jan,Pre-Update
6653,315,2024-01-14,Home,1,25,dropped,1,Jan,Pre-Update
6654,2428,2024-03-16,Plan Selection,3,26,clicked,3,Mar,Post-Update
6655,2521,2024-06-19,Pricing Page,2,43,dropped,6,Jun,Post-Update
6656,2669,2024-04-17,Pricing Page,2,58,dropped,4,Apr,Post-Update
6657,2065,2024-05-23,Confirmation,5,43,converted,5,May,Post-Update
6658,319,2024-01-06,Payment,4,15,viewed,1,Jan,Pre-Update
6659,742,2024-02-13,Pricing Page,2,47,clicked,2,Feb,Pre-Update
6660,1882,2024-05-13,Payment,4,176,viewed,5,May,Post-Update
6661,583,2024-05-16,Home,1,144,viewed,5,May,Post-Update
6662,19,2024-04-21,Home,1,100,dropped,4,Apr,Post-Update
6663,195,2024-01-13,Home,1,121,clicked,1,Jan,Pre-Update
6664,2964,2024-06-19,Payment,4,188,dropped,6,Jun,Post-Update
6665,1425,2024-05-03,Confirmation,5,192,converted,5,May,Post-Update
6666,1747,2024-02-01,Home,1,36,clicked,2,Feb,Pre-Update
6667,2845,2024-06-17,Payment,4,65,viewed,6,Jun,Post-Update
6668,2628,2024-04-10,Home,1,26,viewed,4,Apr,Post-Update
6669,1693,2024-06-18,Confirmation,5,29,converted,6,Jun,Post-Update
6670,1627,2024-03-17,Pricing Page,2,42,dropped,3,Mar,Post-Update
6671,234,2024-03-26,Home,1,45,clicked,3,Mar,Post-Update
6672,400,2024-01-13,Confirmation,5,104,converted,1,Jan,Pre-Update
6673,1703,2024-03-15,Pricing Page,2,55,viewed,3,Mar,Post-Update
6674,1733,2024-02-18,Plan Selection,3,67,clicked,2,Feb,Pre-Update
6675,192,2024-04-11,Plan Selection,3,83,dropped,4,Apr,Post-Update
6676,2755,2024-04-14,Home,1,208,clicked,4,Apr,Post-Update
6677,1790,2024-03-21,Pricing Page,2,61,clicked,3,Mar,Post-Update
6678,2712,2024-04-12,Home,1,193,dropped,4,Apr,Post-Update
6679,1064,2024-01-20,Pricing Page,2,30,clicked,1,Jan,Pre-Update
6680,481,2024-06-10,Confirmation,5,62,converted,6,Jun,Post-Update
6681,1029,2024-06-17,Plan Selection,3,70,viewed,6,Jun,Post-Update
6682,1287,2024-01-25,Pricing Page,2,48,viewed,1,Jan,Pre-Update
6683,590,2024-04-15,Pricing Page,2,63,dropped,4,Apr,Post-Update
6684,2184,2024-06-10,Pricing Page,2,58,dropped,6,Jun,Post-Update
6685,2018,2024-05-17,Payment,4,124,clicked,5,May,Post-Update
6686,208,2024-05-01,Home,1,163,clicked,5,May,Post-Update
6687,1536,2024-03-26,Payment,4,149,dropped,3,Mar,Post-Update
6688,2931,2024-06-01,Pricing Page,2,66,clicked,6,Jun,Post-Update
6689,1015,2024-02-03,Confirmation,5,20,converted,2,Feb,Pre-Update
6690,1500,2024-03-02,Home,1,194,dropped,3,Mar,Pre-Update
6691,1377,2024-01-30,Pricing Page,2,49,dropped,1,Jan,Pre-Update
6692,489,2024-05-10,Home,1,98,viewed,5,May,Post-Update
6693,2634,2024-06-06,Plan Selection,3,197,clicked,6,Jun,Post-Update
6694,105,2024-03-24,Pricing Page,2,57,dropped,3,Mar,Post-Update
6695,2762,2024-06-13,Payment,4,36,clicked,6,Jun,Post-Update
6696,1092,2024-05-17,Plan Selection,3,70,clicked,5,May,Post-Update
6697,2571,2024-02-11,Plan Selection,3,48,dropped,2,Feb,Pre-Update
6698,1914,2024-03-23,Pricing Page,2,51,dropped,3,Mar,Post-Update
6699,1641,2024-02-03,Pricing Page,2,56,clicked,2,Feb,Pre-Update
6700,1206,2024-01-28,Plan Selection,3,64,viewed,1,Jan,Pre-Update
6701,2536,2024-01-05,Plan Selection,3,189,viewed,1,Jan,Pre-Update
6702,2550,2024-01-22,Home,1,191,clicked,1,Jan,Pre-Update
6703,491,2024-05-04,Confirmation,5,134,converted,5,May,Post-Update
6704,920,2024-04-30,Pricing Page,2,38,viewed,4,Apr,Post-Update
6705,800,2024-05-15,Confirmation,5,106,converted,5,May,Post-Update
6706,1698,2024-03-11,Pricing Page,2,31,clicked,3,Mar,Pre-Update
6707,942,2024-01-19,Plan Selection,3,128,dropped,1,Jan,Pre-Update
6708,898,2024-06-03,Pricing Page,2,45,dropped,6,Jun,Post-Update
6709,473,2024-02-12,Plan Selection,3,173,viewed,2,Feb,Pre-Update
6710,1120,2024-06-25,Payment,4,178,viewed,6,Jun,Post-Update
6711,692,2024-02-23,Payment,4,30,dropped,2,Feb,Pre-Update
6712,850,2024-01-11,Pricing Page,2,32,dropped,1,Jan,Pre-Update
6713,2518,2024-01-30,Pricing Page,2,58,viewed,1,Jan,Pre-Update
6714,2709,2024-04-24,Pricing Page,2,50,clicked,4,Apr,Post-Update
6715,2784,2024-05-17,Home,1,169,viewed,5,May,Post-Update
6716,946,2024-05-15,Payment,4,168,clicked,5,May,Post-Update
6717,931,2024-06-18,Payment,4,200,clicked,6,Jun,Post-Update
6718,2050,2024-06-10,Pricing Page,2,47,dropped,6,Jun,Post-Update
6719,444,2024-03-25,Confirmation,5,21,converted,3,Mar,Post-Update
6720,1818,2024-06-04,Pricing Page,2,64,viewed,6,Jun,Post-Update
6721,2413,2024-03-07,Pricing Page,2,31,dropped,3,Mar,Pre-Update
6722,2768,2024-04-07,Confirmation,5,20,converted,4,Apr,Post-Update
6723,1380,2024-01-26,Pricing Page,2,35,dropped,1,Jan,Pre-Update
6724,1573,2024-04-08,Home,1,42,clicked,4,Apr,Post-Update
6725,474,2024-05-25,Plan Selection,3,68,viewed,5,May,Post-Update
6726,945,2024-01-12,Pricing Page,2,48,dropped,1,Jan,Pre-Update
6727,812,2024-02-18,Plan Selection,3,186,viewed,2,Feb,Pre-Update
6728,944,2024-02-05,Home,1,133,viewed,2,Feb,Pre-Update
6729,2816,2024-05-28,Pricing Page,2,66,viewed,5,May,Post-Update
6730,2216,2024-06-17,Pricing Page,2,51,viewed,6,Jun,Post-Update
6731,561,2024-02-07,Pricing Page,2,53,clicked,2,Feb,Pre-Update
6732,2734,2024-02-07,Pricing Page,2,57,clicked,2,Feb,Pre-Update
6733,1474,2024-04-03,Home,1,207,viewed,4,Apr,Post-Update
6734,353,2024-05-13,Pricing Page,2,52,dropped,5,May,Post-Update
6735,2231,2024-03-10,Plan Selection,3,60,dropped,3,Mar,Pre-Update
6736,1102,2024-01-30,Plan Selection,3,14,dropped,1,Jan,Pre-Update
6737,2889,2024-05-24,Home,1,30,dropped,5,May,Post-Update
6738,2220,2024-01-14,Home,1,113,dropped,1,Jan,Pre-Update
6739,495,2024-03-12,Pricing Page,2,36,clicked,3,Mar,Pre-Update
6740,1783,2024-01-04,Pricing Page,2,46,viewed,1,Jan,Pre-Update
6741,1207,2024-04-12,Plan Selection,3,91,dropped,4,Apr,Post-Update
6742,1877,2024-04-22,Pricing Page,2,47,clicked,4,Apr,Post-Update
6743,331,2024-01-27,Pricing Page,2,45,dropped,1,Jan,Pre-Update
6744,1230,2024-06-08,Home,1,68,viewed,6,Jun,Post-Update
6745,1725,2024-02-07,Pricing Page,2,57,clicked,2,Feb,Pre-Update
6746,1652,2024-05-19,Pricing Page,2,60,dropped,5,May,Post-Update
6747,218,2024-02-04,Payment,4,29,clicked,2,Feb,Pre-Update
6748,559,2024-01-08,Plan Selection,3,25,clicked,1,Jan,Pre-Update
6749,349,2024-02-01,Plan Selection,3,15,viewed,2,Feb,Pre-Update
6750,3000,2024-01-27,Payment,4,60,dropped,1,Jan,Pre-Update
6751,1536,2024-03-12,Pricing Page,2,59,clicked,3,Mar,Pre-Update
6752,2504,2024-04-06,Home,1,43,clicked,4,Apr,Post-Update
6753,1126,2024-05-16,Plan Selection,3,191,viewed,5,May,Post-Update
6754,1324,2024-02-26,Pricing Page,2,36,clicked,2,Feb,Pre-Update
6755,1382,2024-01-04,Payment,4,126,viewed,1,Jan,Pre-Update
6756,2496,2024-01-03,Plan Selection,3,179,clicked,1,Jan,Pre-Update
6757,2818,2024-02-08,Pricing Page,2,46,viewed,2,Feb,Pre-Update
6758,1041,2024-05-16,Payment,4,96,viewed,5,May,Post-Update
6759,1222,2024-02-08,Payment,4,130,clicked,2,Feb,Pre-Update
6760,1452,2024-01-09,Payment,4,169,viewed,1,Jan,Pre-Update
6761,2230,2024-05-30,Confirmation,5,42,converted,5,May,Post-Update
6762,80,2024-04-25,Home,1,139,viewed,4,Apr,Post-Update
6763,1747,2024-02-05,Pricing Page,2,46,dropped,2,Feb,Pre-Update
6764,1381,2024-02-16,Confirmation,5,161,converted,2,Feb,Pre-Update
6765,239,2024-01-22,Pricing Page,2,42,viewed,1,Jan,Pre-Update
6766,1914,2024-02-20,Pricing Page,2,45,dropped,2,Feb,Pre-Update
6767,1535,2024-06-12,Confirmation,5,47,converted,6,Jun,Post-Update
6768,31,2024-03-28,Pricing Page,2,50,dropped,3,Mar,Post-Update
6769,2458,2024-01-06,Plan Selection,3,95,dropped,1,Jan,Pre-Update
6770,2392,2024-06-19,Pricing Page,2,60,clicked,6,Jun,Post-Update
6771,1944,2024-06-14,Plan Selection,3,83,viewed,6,Jun,Post-Update
6772,2251,2024-06-01,Confirmation,5,60,converted,6,Jun,Post-Update
6773,1161,2024-02-03,Payment,4,59,viewed,2,Feb,Pre-Update
6774,214,2024-03-25,Home,1,40,clicked,3,Mar,Post-Update
6775,2255,2024-03-18,Confirmation,5,41,converted,3,Mar,Post-Update
6776,334,2024-01-17,Home,1,73,dropped,1,Jan,Pre-Update
6777,792,2024-04-15,Home,1,192,dropped,4,Apr,Post-Update
6778,168,2024-05-25,Payment,4,183,viewed,5,May,Post-Update
6779,655,2024-05-24,Pricing Page,2,48,clicked,5,May,Post-Update
6780,694,2024-02-07,Pricing Page,2,33,clicked,2,Feb,Pre-Update
6781,373,2024-01-29,Pricing Page,2,47,clicked,1,Jan,Pre-Update
6782,2622,2024-02-01,Pricing Page,2,52,dropped,2,Feb,Pre-Update
6783,2276,2024-05-21,Plan Selection,3,163,viewed,5,May,Post-Update
6784,1775,2024-01-04,Pricing Page,2,46,clicked,1,Jan,Pre-Update
6785,93,2024-06-24,Payment,4,183,dropped,6,Jun,Post-Update
6786,2299,2024-04-20,Payment,4,188,dropped,4,Apr,Post-Update
6787,1572,2024-06-10,Confirmation,5,175,converted,6,Jun,Post-Update
6788,1290,2024-04-30,Home,1,54,viewed,4,Apr,Post-Update
6789,585,2024-01-11,Plan Selection,3,86,viewed,1,Jan,Pre-Update
6790,2295,2024-03-26,Home,1,197,clicked,3,Mar,Post-Update
6791,1731,2024-03-22,Plan Selection,3,55,clicked,3,Mar,Post-Update
6792,772,2024-04-04,Payment,4,144,viewed,4,Apr,Post-Update
6793,151,2024-05-26,Confirmation,5,28,converted,5,May,Post-Update
6794,2233,2024-03-21,Confirmation,5,135,converted,3,Mar,Post-Update
6795,507,2024-06-22,Pricing Page,2,53,clicked,6,Jun,Post-Update
6796,2687,2024-03-20,Plan Selection,3,62,viewed,3,Mar,Post-Update
6797,82,2024-06-02,Home,1,53,viewed,6,Jun,Post-Update
6798,1481,2024-04-15,Pricing Page,2,49,clicked,4,Apr,Post-Update
6799,274,2024-04-01,Pricing Page,2,61,dropped,4,Apr,Post-Update
6800,1840,2024-03-24,Pricing Page,2,65,dropped,3,Mar,Post-Update
6801,936,2024-06-15,Plan Selection,3,116,viewed,6,Jun,Post-Update
6802,2657,2024-03-01,Home,1,23,clicked,3,Mar,Pre-Update
6803,952,2024-05-01,Pricing Page,2,67,clicked,5,May,Post-Update
6804,2107,2024-02-27,Pricing Page,2,41,clicked,2,Feb,Pre-Update
6805,2249,2024-06-26,Plan Selection,3,68,clicked,6,Jun,Post-Update
6806,2204,2024-01-20,Pricing Page,2,40,clicked,1,Jan,Pre-Update
6807,1194,2024-06-20,Plan Selection,3,184,viewed,6,Jun,Post-Update
6808,185,2024-01-18,Pricing Page,2,37,dropped,1,Jan,Pre-Update
6809,170,2024-02-02,Payment,4,31,clicked,2,Feb,Pre-Update
6810,1155,2024-06-12,Pricing Page,2,40,dropped,6,Jun,Post-Update
6811,2153,2024-03-10,Payment,4,137,viewed,3,Mar,Pre-Update
6812,1986,2024-04-12,Payment,4,113,dropped,4,Apr,Post-Update
6813,2151,2024-03-18,Confirmation,5,131,converted,3,Mar,Post-Update
6814,330,2024-05-11,Pricing Page,2,47,clicked,5,May,Post-Update
6815,826,2024-03-24,Pricing Page,2,38,clicked,3,Mar,Post-Update
6816,1165,2024-06-04,Home,1,14,viewed,6,Jun,Post-Update
6817,2272,2024-03-29,Home,1,84,clicked,3,Mar,Post-Update
6818,2094,2024-03-13,Confirmation,5,73,converted,3,Mar,Pre-Update
6819,2633,2024-03-19,Plan Selection,3,91,clicked,3,Mar,Post-Update
6820,2534,2024-06-26,Pricing Page,2,65,dropped,6,Jun,Post-Update
6821,1867,2024-05-03,Plan Selection,3,152,viewed,5,May,Post-Update
6822,1144,2024-02-05,Payment,4,124,clicked,2,Feb,Pre-Update
6823,359,2024-03-30,Home,1,30,dropped,3,Mar,Post-Update
6824,1389,2024-06-03,Confirmation,5,180,converted,6,Jun,Post-Update
6825,1854,2024-04-05,Payment,4,83,clicked,4,Apr,Post-Update
6826,776,2024-06-06,Plan Selection,3,72,viewed,6,Jun,Post-Update
6827,194,2024-06-16,Pricing Page,2,48,dropped,6,Jun,Post-Update
6828,280,2024-02-06,Payment,4,28,dropped,2,Feb,Pre-Update
6829,2634,2024-05-06,Payment,4,56,clicked,5,May,Post-Update
6830,247,2024-05-14,Pricing Page,2,43,dropped,5,May,Post-Update
6831,2026,2024-01-09,Pricing Page,2,58,dropped,1,Jan,Pre-Update
6832,2507,2024-05-14,Pricing Page,2,63,dropped,5,May,Post-Update
6833,467,2024-02-03,Pricing Page,2,50,dropped,2,Feb,Pre-Update
6834,1312,2024-06-09,Home,1,188,dropped,6,Jun,Post-Update
6835,2920,2024-03-27,Pricing Page,2,65,dropped,3,Mar,Post-Update
6836,530,2024-02-28,Home,1,92,viewed,2,Feb,Pre-Update
6837,2890,2024-02-23,Plan Selection,3,15,clicked,2,Feb,Pre-Update
6838,2523,2024-01-10,Payment,4,120,clicked,1,Jan,Pre-Update
6839,2975,2024-03-08,Payment,4,66,viewed,3,Mar,Pre-Update
6840,204,2024-06-27,Payment,4,148,clicked,6,Jun,Post-Update
6841,812,2024-04-08,Confirmation,5,191,converted,4,Apr,Post-Update
6842,2417,2024-02-26,Home,1,160,clicked,2,Feb,Pre-Update
6843,1478,2024-03-15,Plan Selection,3,152,viewed,3,Mar,Post-Update
6844,2455,2024-05-09,Home,1,109,dropped,5,May,Post-Update
6845,68,2024-05-25,Confirmation,5,69,converted,5,May,Post-Update
6846,2002,2024-03-21,Pricing Page,2,60,dropped,3,Mar,Post-Update
6847,2872,2024-05-05,Plan Selection,3,179,clicked,5,May,Post-Update
6848,2555,2024-05-29,Plan Selection,3,82,dropped,5,May,Post-Update
6849,1289,2024-06-01,Confirmation,5,20,converted,6,Jun,Post-Update
6850,1548,2024-03-17,Plan Selection,3,122,dropped,3,Mar,Post-Update
6851,2781,2024-02-17,Plan Selection,3,179,viewed,2,Feb,Pre-Update
6852,2129,2024-04-18,Payment,4,123,dropped,4,Apr,Post-Update
6853,1221,2024-03-07,Plan Selection,3,200,viewed,3,Mar,Pre-Update
6854,2416,2024-02-11,Payment,4,197,clicked,2,Feb,Pre-Update
6855,2343,2024-03-03,Pricing Page,2,56,dropped,3,Mar,Pre-Update
6856,2713,2024-04-12,Home,1,189,dropped,4,Apr,Post-Update
6857,2844,2024-03-05,Confirmation,5,129,converted,3,Mar,Pre-Update
6858,542,2024-01-22,Home,1,181,dropped,1,Jan,Pre-Update
6859,802,2024-05-30,Pricing Page,2,45,dropped,5,May,Post-Update
6860,1285,2024-03-16,Payment,4,172,viewed,3,Mar,Post-Update
6861,1901,2024-02-29,Payment,4,148,dropped,2,Feb,Pre-Update
6862,526,2024-01-24,Home,1,48,viewed,1,Jan,Pre-Update
6863,1467,2024-04-19,Plan Selection,3,208,clicked,4,Apr,Post-Update
6864,1251,2024-02-14,Confirmation,5,41,converted,2,Feb,Pre-Update
6865,2579,2024-05-28,Plan Selection,3,36,dropped,5,May,Post-Update
6866,312,2024-02-10,Payment,4,73,dropped,2,Feb,Pre-Update
6867,111,2024-04-16,Payment,4,99,viewed,4,Apr,Post-Update
6868,637,2024-06-16,Confirmation,5,42,converted,6,Jun,Post-Update
6869,2572,2024-05-23,Pricing Page,2,55,clicked,5,May,Post-Update
6870,648,2024-05-01,Plan Selection,3,125,viewed,5,May,Post-Update
6871,2632,2024-02-10,Pricing Page,2,52,dropped,2,Feb,Pre-Update
6872,820,2024-03-22,Pricing Page,2,61,dropped,3,Mar,Post-Update
6873,1703,2024-01-21,Payment,4,205,clicked,1,Jan,Pre-Update
6874,1658,2024-06-06,Plan Selection,3,187,clicked,6,Jun,Post-Update
6875,145,2024-02-08,Confirmation,5,195,converted,2,Feb,Pre-Update
6876,2689,2024-05-06,Payment,4,206,clicked,5,May,Post-Update
6877,1107,2024-03-23,Home,1,98,viewed,3,Mar,Post-Update
6878,1064,2024-04-11,Payment,4,14,viewed,4,Apr,Post-Update
6879,1011,2024-01-09,Pricing Page,2,58,dropped,1,Jan,Pre-Update
6880,2551,2024-05-26,Plan Selection,3,26,viewed,5,May,Post-Update
6881,817,2024-04-27,Pricing Page,2,43,clicked,4,Apr,Post-Update
6882,1773,2024-01-14,Plan Selection,3,166,dropped,1,Jan,Pre-Update
6883,708,2024-05-29,Pricing Page,2,56,viewed,5,May,Post-Update
6884,1380,2024-05-06,Home,1,93,viewed,5,May,Post-Update
6885,2137,2024-02-02,Payment,4,54,viewed,2,Feb,Pre-Update
6886,1780,2024-03-15,Pricing Page,2,43,dropped,3,Mar,Post-Update
6887,2680,2024-02-04,Pricing Page,2,52,viewed,2,Feb,Pre-Update
6888,1274,2024-02-29,Pricing Page,2,56,dropped,2,Feb,Pre-Update
6889,15,2024-01-03,Home,1,52,viewed,1,Jan,Pre-Update
6890,2656,2024-05-09,Confirmation,5,102,converted,5,May,Post-Update
6891,1632,2024-03-01,Home,1,47,viewed,3,Mar,Pre-Update
6892,1723,2024-03-11,Pricing Page,2,56,viewed,3,Mar,Pre-Update
6893,1826,2024-03-24,Pricing Page,2,67,dropped,3,Mar,Post-Update
6894,815,2024-01-10,Pricing Page,2,31,viewed,1,Jan,Pre-Update
6895,976,2024-06-22,Payment,4,44,clicked,6,Jun,Post-Update
6896,1954,2024-06-22,Payment,4,62,viewed,6,Jun,Post-Update
6897,1172,2024-03-21,Home,1,196,clicked,3,Mar,Post-Update
6898,2091,2024-06-27,Payment,4,69,viewed,6,Jun,Post-Update
6899,2155,2024-05-29,Confirmation,5,96,converted,5,May,Post-Update
6900,667,2024-05-26,Pricing Page,2,50,viewed,5,May,Post-Update
6901,2050,2024-03-23,Pricing Page,2,59,viewed,3,Mar,Post-Update
6902,1949,2024-03-05,Payment,4,31,dropped,3,Mar,Pre-Update
6903,2601,2024-02-09,Pricing Page,2,53,clicked,2,Feb,Pre-Update
6904,2748,2024-02-09,Pricing Page,2,33,clicked,2,Feb,Pre-Update
6905,440,2024-02-13,Payment,4,39,clicked,2,Feb,Pre-Update
6906,1898,2024-06-14,Plan Selection,3,144,clicked,6,Jun,Post-Update
6907,1584,2024-05-08,Confirmation,5,159,converted,5,May,Post-Update
6908,2452,2024-05-31,Payment,4,39,clicked,5,May,Post-Update
6909,869,2024-05-26,Home,1,92,clicked,5,May,Post-Update
6910,1635,2024-01-11,Plan Selection,3,26,clicked,1,Jan,Pre-Update
6911,166,2024-06-10,Pricing Page,2,63,dropped,6,Jun,Post-Update
6912,2987,2024-01-11,Pricing Page,2,41,viewed,1,Jan,Pre-Update
6913,2175,2024-05-06,Pricing Page,2,54,clicked,5,May,Post-Update
6914,113,2024-06-27,Payment,4,31,dropped,6,Jun,Post-Update
6915,672,2024-05-22,Pricing Page,2,66,dropped,5,May,Post-Update
6916,491,2024-05-23,Pricing Page,2,66,dropped,5,May,Post-Update
6917,2463,2024-01-21,Home,1,41,clicked,1,Jan,Pre-Update
6918,2960,2024-03-23,Pricing Page,2,45,dropped,3,Mar,Post-Update
6919,1422,2024-04-27,Payment,4,50,clicked,4,Apr,Post-Update
6920,2902,2024-02-23,Plan Selection,3,198,dropped,2,Feb,Pre-Update
6921,778,2024-02-14,Pricing Page,2,44,dropped,2,Feb,Pre-Update
6922,424,2024-03-01,Pricing Page,2,38,clicked,3,Mar,Pre-Update
6923,1527,2024-04-03,Home,1,144,dropped,4,Apr,Post-Update
6924,556,2024-02-06,Pricing Page,2,49,viewed,2,Feb,Pre-Update
6925,1446,2024-05-16,Pricing Page,2,50,dropped,5,May,Post-Update
6926,2580,2024-02-16,Plan Selection,3,161,viewed,2,Feb,Pre-Update
6927,148,2024-02-16,Home,1,188,dropped,2,Feb,Pre-Update
6928,2057,2024-02-07,Confirmation,5,64,converted,2,Feb,Pre-Update
6929,1260,2024-02-21,Home,1,208,clicked,2,Feb,Pre-Update
6930,828,2024-01-05,Pricing Page,2,44,clicked,1,Jan,Pre-Update
6931,1882,2024-06-15,Plan Selection,3,171,viewed,6,Jun,Post-Update
6932,282,2024-05-16,Plan Selection,3,59,viewed,5,May,Post-Update
6933,2533,2024-01-14,Payment,4,198,dropped,1,Jan,Pre-Update
6934,642,2024-03-22,Plan Selection,3,138,clicked,3,Mar,Post-Update
6935,433,2024-03-28,Confirmation,5,96,converted,3,Mar,Post-Update
6936,721,2024-06-12,Payment,4,51,viewed,6,Jun,Post-Update
6937,2647,2024-02-24,Payment,4,100,viewed,2,Feb,Pre-Update
6938,2468,2024-02-07,Plan Selection,3,57,clicked,2,Feb,Pre-Update
6939,1906,2024-05-18,Confirmation,5,81,converted,5,May,Post-Update
6940,2998,2024-06-15,Plan Selection,3,51,clicked,6,Jun,Post-Update
6941,1987,2024-04-08,Payment,4,209,viewed,4,Apr,Post-Update
6942,142,2024-05-27,Confirmation,5,52,converted,5,May,Post-Update
6943,809,2024-05-08,Payment,4,122,clicked,5,May,Post-Update
6944,778,2024-04-06,Confirmation,5,173,converted,4,Apr,Post-Update
6945,1334,2024-05-18,Pricing Page,2,43,dropped,5,May,Post-Update
6946,2370,2024-04-05,Pricing Page,2,59,clicked,4,Apr,Post-Update
6947,203,2024-05-22,Payment,4,80,clicked,5,May,Post-Update
6948,1749,2024-02-29,Confirmation,5,119,converted,2,Feb,Pre-Update
6949,25,2024-03-13,Confirmation,5,150,converted,3,Mar,Pre-Update
6950,1728,2024-05-18,Home,1,55,viewed,5,May,Post-Update
6951,1145,2024-03-26,Pricing Page,2,58,clicked,3,Mar,Post-Update
6952,1861,2024-06-13,Plan Selection,3,148,clicked,6,Jun,Post-Update
6953,2978,2024-05-10,Plan Selection,3,196,viewed,5,May,Post-Update
6954,835,2024-06-19,Payment,4,120,dropped,6,Jun,Post-Update
6955,94,2024-05-14,Plan Selection,3,177,clicked,5,May,Post-Update
6956,803,2024-02-18,Plan Selection,3,183,viewed,2,Feb,Pre-Update
6957,234,2024-02-02,Plan Selection,3,173,dropped,2,Feb,Pre-Update
6958,2664,2024-02-12,Plan Selection,3,185,viewed,2,Feb,Pre-Update
6959,1745,2024-03-09,Home,1,119,clicked,3,Mar,Pre-Update
6960,2988,2024-06-29,Home,1,17,dropped,6,Jun,Post-Update
6961,2192,2024-01-27,Plan Selection,3,60,viewed,1,Jan,Pre-Update
6962,1411,2024-03-16,Plan Selection,3,25,clicked,3,Mar,Post-Update
6963,2329,2024-05-01,Home,1,40,viewed,5,May,Post-Update
6964,2440,2024-01-20,Home,1,39,clicked,1,Jan,Pre-Update
6965,2586,2024-06-16,Home,1,95,dropped,6,Jun,Post-Update
6966,2476,2024-01-11,Payment,4,188,dropped,1,Jan,Pre-Update
6967,1368,2024-02-05,Plan Selection,3,112,viewed,2,Feb,Pre-Update
6968,2980,2024-06-01,Pricing Page,2,58,clicked,6,Jun,Post-Update
6969,320,2024-04-30,Home,1,18,dropped,4,Apr,Post-Update
6970,2459,2024-04-05,Home,1,78,dropped,4,Apr,Post-Update
6971,2141,2024-01-23,Pricing Page,2,32,viewed,1,Jan,Pre-Update
6972,449,2024-01-25,Pricing Page,2,52,dropped,1,Jan,Pre-Update
6973,958,2024-02-10,Home,1,46,clicked,2,Feb,Pre-Update
6974,1280,2024-06-20,Pricing Page,2,52,viewed,6,Jun,Post-Update
6975,1031,2024-06-06,Pricing Page,2,67,dropped,6,Jun,Post-Update
6976,312,2024-03-24,Confirmation,5,132,converted,3,Mar,Post-Update
6977,188,2024-03-27,Home,1,116,dropped,3,Mar,Post-Update
6978,2604,2024-01-11,Plan Selection,3,54,dropped,1,Jan,Pre-Update
6979,2222,2024-03-23,Home,1,192,clicked,3,Mar,Post-Update
6980,728,2024-01-05,Pricing Page,2,56,dropped,1,Jan,Pre-Update
6981,1680,2024-01-14,Plan Selection,3,57,dropped,1,Jan,Pre-Update
6982,2633,2024-01-06,Plan Selection,3,108,viewed,1,Jan,Pre-Update
6983,354,2024-05-30,Payment,4,106,dropped,5,May,Post-Update
6984,2036,2024-02-27,Plan Selection,3,177,clicked,2,Feb,Pre-Update
6985,14,2024-04-03,Plan Selection,3,64,viewed,4,Apr,Post-Update
6986,1742,2024-06-04,Plan Selection,3,52,clicked,6,Jun,Post-Update
6987,804,2024-02-05,Home,1,80,dropped,2,Feb,Pre-Update
6988,2736,2024-06-25,Home,1,174,viewed,6,Jun,Post-Update
6989,2397,2024-01-07,Payment,4,180,viewed,1,Jan,Pre-Update
6990,2566,2024-04-23,Plan Selection,3,206,dropped,4,Apr,Post-Update
6991,182,2024-05-05,Pricing Page,2,48,viewed,5,May,Post-Update
6992,2004,2024-03-28,Pricing Page,2,56,clicked,3,Mar,Post-Update
6993,831,2024-06-15,Payment,4,14,viewed,6,Jun,Post-Update
6994,612,2024-03-22,Plan Selection,3,191,clicked,3,Mar,Post-Update
6995,395,2024-06-20,Pricing Page,2,64,dropped,6,Jun,Post-Update
6996,1106,2024-04-22,Confirmation,5,33,converted,4,Apr,Post-Update
6997,1805,2024-04-28,Pricing Page,2,49,dropped,4,Apr,Post-Update
6998,581,2024-04-15,Pricing Page,2,64,dropped,4,Apr,Post-Update
6999,1266,2024-06-07,Home,1,209,viewed,6,Jun,Post-Update
7000,55,2024-02-21,Pricing Page,2,31,dropped,2,Feb,Pre-Update
7001,854,2024-01-31,Confirmation,5,100,converted,1,Jan,Pre-Update
7002,887,2024-01-21,Plan Selection,3,24,clicked,1,Jan,Pre-Update
7003,1122,2024-06-14,Pricing Page,2,51,viewed,6,Jun,Post-Update
7004,1173,2024-01-19,Pricing Page,2,43,dropped,1,Jan,Pre-Update
7005,1525,2024-01-07,Plan Selection,3,40,viewed,1,Jan,Pre-Update
7006,1879,2024-05-02,Plan Selection,3,108,viewed,5,May,Post-Update
7007,707,2024-03-04,Home,1,55,viewed,3,Mar,Pre-Update
7008,379,2024-05-15,Pricing Page,2,54,clicked,5,May,Post-Update
7009,52,2024-06-04,Pricing Page,2,55,dropped,6,Jun,Post-Update
7010,1996,2024-03-22,Pricing Page,2,64,clicked,3,Mar,Post-Update
7011,2197,2024-04-24,Confirmation,5,202,converted,4,Apr,Post-Update
7012,2677,2024-04-13,Home,1,60,viewed,4,Apr,Post-Update
7013,1966,2024-02-10,Home,1,37,dropped,2,Feb,Pre-Update
7014,1607,2024-01-21,Confirmation,5,100,converted,1,Jan,Pre-Update
7015,1171,2024-04-17,Payment,4,44,clicked,4,Apr,Post-Update
7016,2866,2024-02-22,Plan Selection,3,28,viewed,2,Feb,Pre-Update
7017,495,2024-05-16,Pricing Page,2,42,viewed,5,May,Post-Update
7018,251,2024-05-05,Pricing Page,2,38,dropped,5,May,Post-Update
7019,2835,2024-04-07,Payment,4,150,viewed,4,Apr,Post-Update
7020,1515,2024-05-16,Pricing Page,2,39,dropped,5,May,Post-Update
7021,2758,2024-03-09,Home,1,112,dropped,3,Mar,Pre-Update
7022,1051,2024-02-09,Home,1,113,clicked,2,Feb,Pre-Update
7023,2700,2024-01-05,Pricing Page,2,31,dropped,1,Jan,Pre-Update
7024,2948,2024-05-26,Home,1,17,viewed,5,May,Post-Update
7025,1380,2024-04-10,Pricing Page,2,46,dropped,4,Apr,Post-Update
7026,864,2024-05-19,Confirmation,5,125,converted,5,May,Post-Update
7027,2881,2024-01-13,Pricing Page,2,32,dropped,1,Jan,Pre-Update
7028,2403,2024-06-28,Plan Selection,3,164,dropped,6,Jun,Post-Update
7029,2314,2024-02-06,Plan Selection,3,183,clicked,2,Feb,Pre-Update
7030,2112,2024-05-12,Plan Selection,3,121,dropped,5,May,Post-Update
7031,2905,2024-03-24,Pricing Page,2,55,clicked,3,Mar,Post-Update
7032,2257,2024-05-02,Home,1,137,viewed,5,May,Post-Update
7033,148,2024-06-05,Home,1,67,viewed,6,Jun,Post-Update
7034,1929,2024-04-03,Plan Selection,3,146,clicked,4,Apr,Post-Update
7035,1128,2024-03-17,Confirmation,5,137,converted,3,Mar,Post-Update
7036,730,2024-02-25,Payment,4,25,viewed,2,Feb,Pre-Update
7037,2255,2024-05-18,Plan Selection,3,117,viewed,5,May,Post-Update
7038,1017,2024-05-10,Plan Selection,3,175,clicked,5,May,Post-Update
7039,676,2024-01-19,Payment,4,175,viewed,1,Jan,Pre-Update
7040,2581,2024-02-22,Payment,4,109,viewed,2,Feb,Pre-Update
7041,2644,2024-05-20,Pricing Page,2,64,clicked,5,May,Post-Update
7042,2279,2024-05-16,Pricing Page,2,43,dropped,5,May,Post-Update
7043,2696,2024-01-01,Pricing Page,2,48,dropped,1,Jan,Pre-Update
7044,2080,2024-01-25,Plan Selection,3,138,clicked,1,Jan,Pre-Update
7045,2763,2024-03-31,Payment,4,46,viewed,3,Mar,Post-Update
7046,23,2024-06-11,Pricing Page,2,58,dropped,6,Jun,Post-Update
7047,123,2024-01-25,Plan Selection,3,80,dropped,1,Jan,Pre-Update
7048,1406,2024-01-06,Payment,4,129,viewed,1,Jan,Pre-Update
7049,283,2024-01-26,Pricing Page,2,49,viewed,1,Jan,Pre-Update
7050,14,2024-01-11,Pricing Page,2,36,dropped,1,Jan,Pre-Update
7051,1943,2024-03-23,Pricing Page,2,45,dropped,3,Mar,Post-Update
7052,2606,2024-03-04,Home,1,156,dropped,3,Mar,Pre-Update
7053,2362,2024-03-02,Pricing Page,2,50,dropped,3,Mar,Pre-Update
7054,2330,2024-05-24,Plan Selection,3,200,viewed,5,May,Post-Update
7055,2593,2024-01-17,Payment,4,17,viewed,1,Jan,Pre-Update
7056,2738,2024-05-15,Confirmation,5,155,converted,5,May,Post-Update
7057,1976,2024-01-20,Plan Selection,3,118,viewed,1,Jan,Pre-Update
7058,1062,2024-05-20,Payment,4,164,clicked,5,May,Post-Update
7059,2037,2024-02-05,Confirmation,5,41,converted,2,Feb,Pre-Update
7060,2798,2024-02-05,Home,1,65,viewed,2,Feb,Pre-Update
7061,1646,2024-01-21,Confirmation,5,58,converted,1,Jan,Pre-Update
7062,1392,2024-04-17,Plan Selection,3,25,viewed,4,Apr,Post-Update
7063,485,2024-05-19,Pricing Page,2,53,dropped,5,May,Post-Update
7064,2075,2024-01-24,Plan Selection,3,115,viewed,1,Jan,Pre-Update
7065,2408,2024-03-10,Plan Selection,3,96,viewed,3,Mar,Pre-Update
7066,2299,2024-06-28,Plan Selection,3,72,clicked,6,Jun,Post-Update
7067,46,2024-02-25,Pricing Page,2,44,viewed,2,Feb,Pre-Update
7068,829,2024-04-11,Confirmation,5,49,converted,4,Apr,Post-Update
7069,176,2024-05-06,Pricing Page,2,53,clicked,5,May,Post-Update
7070,2345,2024-06-08,Home,1,149,clicked,6,Jun,Post-Update
7071,885,2024-04-26,Pricing Page,2,59,clicked,4,Apr,Post-Update
7072,417,2024-05-05,Home,1,33,clicked,5,May,Post-Update
7073,160,2024-05-28,Confirmation,5,54,converted,5,May,Post-Update
7074,941,2024-06-10,Plan Selection,3,199,dropped,6,Jun,Post-Update
7075,2851,2024-02-20,Plan Selection,3,177,clicked,2,Feb,Pre-Update
7076,1364,2024-03-29,Home,1,195,clicked,3,Mar,Post-Update
7077,752,2024-01-06,Pricing Page,2,57,dropped,1,Jan,Pre-Update
7078,216,2024-02-19,Home,1,196,dropped,2,Feb,Pre-Update
7079,706,2024-04-10,Home,1,159,clicked,4,Apr,Post-Update
7080,456,2024-02-28,Home,1,187,viewed,2,Feb,Pre-Update
7081,2887,2024-01-06,Pricing Page,2,38,clicked,1,Jan,Pre-Update
7082,677,2024-02-18,Plan Selection,3,117,viewed,2,Feb,Pre-Update
7083,2481,2024-01-13,Payment,4,22,viewed,1,Jan,Pre-Update
7084,1798,2024-05-10,Payment,4,192,dropped,5,May,Post-Update
7085,2466,2024-05-20,Pricing Page,2,59,dropped,5,May,Post-Update
7086,1993,2024-02-11,Home,1,33,dropped,2,Feb,Pre-Update
7087,398,2024-03-08,Pricing Page,2,36,clicked,3,Mar,Pre-Update
7088,2966,2024-05-13,Payment,4,88,viewed,5,May,Post-Update
7089,2412,2024-04-24,Payment,4,179,viewed,4,Apr,Post-Update
7090,1222,2024-01-13,Home,1,84,clicked,1,Jan,Pre-Update
7091,1463,2024-06-07,Confirmation,5,188,converted,6,Jun,Post-Update
7092,2293,2024-01-25,Pricing Page,2,47,clicked,1,Jan,Pre-Update
7093,1869,2024-01-21,Plan Selection,3,30,clicked,1,Jan,Pre-Update
7094,2935,2024-04-03,Plan Selection,3,145,clicked,4,Apr,Post-Update
7095,641,2024-05-10,Confirmation,5,144,converted,5,May,Post-Update
7096,1383,2024-02-21,Home,1,88,viewed,2,Feb,Pre-Update
7097,2699,2024-01-10,Plan Selection,3,130,clicked,1,Jan,Pre-Update
7098,2927,2024-05-26,Home,1,49,viewed,5,May,Post-Update
7099,1308,2024-03-07,Plan Selection,3,107,viewed,3,Mar,Pre-Update
7100,2873,2024-01-26,Payment,4,145,viewed,1,Jan,Pre-Update
7101,1790,2024-02-07,Pricing Page,2,49,clicked,2,Feb,Pre-Update
7102,500,2024-04-17,Pricing Page,2,53,dropped,4,Apr,Post-Update
7103,1745,2024-02-09,Pricing Page,2,33,clicked,2,Feb,Pre-Update
7104,89,2024-05-13,Plan Selection,3,175,clicked,5,May,Post-Update
7105,115,2024-02-20,Pricing Page,2,48,dropped,2,Feb,Pre-Update
7106,984,2024-06-15,Plan Selection,3,67,viewed,6,Jun,Post-Update
7107,604,2024-01-31,Pricing Page,2,49,clicked,1,Jan,Pre-Update
7108,2546,2024-04-11,Pricing Page,2,57,dropped,4,Apr,Post-Update
7109,1676,2024-02-17,Plan Selection,3,82,viewed,2,Feb,Pre-Update
7110,1738,2024-01-17,Payment,4,76,clicked,1,Jan,Pre-Update
7111,1476,2024-06-23,Pricing Page,2,64,dropped,6,Jun,Post-Update
7112,2691,2024-04-13,Home,1,44,clicked,4,Apr,Post-Update
7113,361,2024-04-21,Payment,4,166,viewed,4,Apr,Post-Update
7114,942,2024-03-08,Confirmation,5,104,converted,3,Mar,Pre-Update
7115,1821,2024-04-21,Pricing Page,2,52,clicked,4,Apr,Post-Update
7116,2733,2024-04-02,Payment,4,122,clicked,4,Apr,Post-Update
7117,257,2024-03-07,Plan Selection,3,160,dropped,3,Mar,Pre-Update
7118,35,2024-06-11,Pricing Page,2,54,dropped,6,Jun,Post-Update
7119,817,2024-02-09,Pricing Page,2,51,clicked,2,Feb,Pre-Update
7120,1314,2024-01-11,Confirmation,5,150,converted,1,Jan,Pre-Update
7121,1777,2024-06-02,Pricing Page,2,62,clicked,6,Jun,Post-Update
7122,2328,2024-06-21,Pricing Page,2,47,dropped,6,Jun,Post-Update
7123,1187,2024-02-01,Plan Selection,3,194,clicked,2,Feb,Pre-Update
7124,2949,2024-02-17,Pricing Page,2,30,viewed,2,Feb,Pre-Update
7125,2211,2024-05-30,Confirmation,5,68,converted,5,May,Post-Update
7126,1764,2024-01-11,Plan Selection,3,112,viewed,1,Jan,Pre-Update
7127,470,2024-06-24,Pricing Page,2,67,clicked,6,Jun,Post-Update
7128,2867,2024-03-19,Pricing Page,2,44,dropped,3,Mar,Post-Update
7129,362,2024-01-27,Pricing Page,2,44,dropped,1,Jan,Pre-Update
7130,1674,2024-02-08,Pricing Page,2,38,dropped,2,Feb,Pre-Update
7131,917,2024-06-02,Pricing Page,2,42,clicked,6,Jun,Post-Update
7132,2774,2024-04-22,Pricing Page,2,63,dropped,4,Apr,Post-Update
7133,892,2024-01-01,Home,1,123,clicked,1,Jan,Pre-Update
7134,2390,2024-03-27,Home,1,134,dropped,3,Mar,Post-Update
7135,1560,2024-03-07,Pricing Page,2,37,clicked,3,Mar,Pre-Update
7136,1186,2024-05-05,Pricing Page,2,48,viewed,5,May,Post-Update
7137,1521,2024-05-22,Pricing Page,2,60,dropped,5,May,Post-Update
7138,1328,2024-04-12,Plan Selection,3,185,viewed,4,Apr,Post-Update
7139,1642,2024-02-11,Plan Selection,3,173,clicked,2,Feb,Pre-Update
7140,1550,2024-05-24,Pricing Page,2,61,dropped,5,May,Post-Update
7141,1938,2024-03-20,Pricing Page,2,66,viewed,3,Mar,Post-Update
7142,224,2024-03-17,Confirmation,5,38,converted,3,Mar,Post-Update
7143,189,2024-06-10,Pricing Page,2,57,dropped,6,Jun,Post-Update
7144,1124,2024-03-26,Pricing Page,2,61,dropped,3,Mar,Post-Update
7145,2741,2024-05-21,Home,1,111,dropped,5,May,Post-Update
7146,1893,2024-01-11,Pricing Page,2,55,dropped,1,Jan,Pre-Update
7147,1554,2024-04-10,Pricing Page,2,52,clicked,4,Apr,Post-Update
7148,1243,2024-05-12,Pricing Page,2,62,viewed,5,May,Post-Update
7149,689,2024-02-26,Payment,4,101,viewed,2,Feb,Pre-Update
7150,2678,2024-03-31,Payment,4,139,viewed,3,Mar,Post-Update
7151,2484,2024-06-07,Confirmation,5,170,converted,6,Jun,Post-Update
7152,1075,2024-03-10,Payment,4,24,viewed,3,Mar,Pre-Update
7153,2795,2024-01-31,Home,1,153,clicked,1,Jan,Pre-Update
7154,360,2024-02-12,Payment,4,86,clicked,2,Feb,Pre-Update
7155,390,2024-02-21,Home,1,72,clicked,2,Feb,Pre-Update
7156,1068,2024-03-14,Confirmation,5,127,converted,3,Mar,Pre-Update
7157,144,2024-03-28,Pricing Page,2,63,dropped,3,Mar,Post-Update
7158,184,2024-05-09,Pricing Page,2,63,dropped,5,May,Post-Update
7159,2525,2024-06-22,Pricing Page,2,52,dropped,6,Jun,Post-Update
7160,836,2024-05-21,Home,1,14,viewed,5,May,Post-Update
7161,1271,2024-03-16,Payment,4,185,viewed,3,Mar,Post-Update
7162,2573,2024-04-18,Pricing Page,2,46,dropped,4,Apr,Post-Update
7163,2773,2024-01-30,Home,1,162,viewed,1,Jan,Pre-Update
7164,2969,2024-06-26,Confirmation,5,163,converted,6,Jun,Post-Update
7165,45,2024-05-18,Payment,4,141,viewed,5,May,Post-Update
7166,1795,2024-02-14,Pricing Page,2,44,dropped,2,Feb,Pre-Update
7167,2619,2024-02-02,Pricing Page,2,54,dropped,2,Feb,Pre-Update
7168,2760,2024-05-20,Home,1,69,dropped,5,May,Post-Update
7169,1928,2024-06-10,Plan Selection,3,11,clicked,6,Jun,Post-Update
7170,266,2024-02-02,Plan Selection,3,127,dropped,2,Feb,Pre-Update
7171,1643,2024-04-10,Home,1,201,clicked,4,Apr,Post-Update
7172,568,2024-05-08,Confirmation,5,173,converted,5,May,Post-Update
7173,319,2024-01-16,Home,1,67,dropped,1,Jan,Pre-Update
7174,2128,2024-02-06,Payment,4,166,clicked,2,Feb,Pre-Update
7175,137,2024-03-12,Payment,4,201,clicked,3,Mar,Pre-Update
7176,1941,2024-02-28,Plan Selection,3,92,dropped,2,Feb,Pre-Update
7177,2904,2024-05-08,Plan Selection,3,38,viewed,5,May,Post-Update
7178,929,2024-02-25,Plan Selection,3,23,clicked,2,Feb,Pre-Update
7179,1661,2024-01-21,Confirmation,5,43,converted,1,Jan,Pre-Update
7180,437,2024-02-09,Plan Selection,3,130,dropped,2,Feb,Pre-Update
7181,1450,2024-02-13,Payment,4,23,dropped,2,Feb,Pre-Update
7182,374,2024-03-17,Payment,4,105,dropped,3,Mar,Post-Update
7183,626,2024-04-29,Plan Selection,3,97,dropped,4,Apr,Post-Update
7184,1149,2024-03-30,Pricing Page,2,41,clicked,3,Mar,Post-Update
7185,2604,2024-03-13,Pricing Page,2,53,clicked,3,Mar,Pre-Update
7186,2986,2024-06-29,Confirmation,5,208,converted,6,Jun,Post-Update
7187,2904,2024-06-05,Pricing Page,2,54,dropped,6,Jun,Post-Update
7188,1431,2024-01-23,Home,1,130,clicked,1,Jan,Pre-Update
7189,907,2024-02-14,Pricing Page,2,56,clicked,2,Feb,Pre-Update
7190,2385,2024-03-28,Home,1,161,viewed,3,Mar,Post-Update
7191,125,2024-02-09,Confirmation,5,40,converted,2,Feb,Pre-Update
7192,2660,2024-06-24,Home,1,23,viewed,6,Jun,Post-Update
7193,1636,2024-03-27,Payment,4,71,clicked,3,Mar,Post-Update
7194,1527,2024-05-04,Confirmation,5,120,converted,5,May,Post-Update
7195,2982,2024-02-25,Plan Selection,3,181,viewed,2,Feb,Pre-Update
7196,1613,2024-05-28,Pricing Page,2,67,dropped,5,May,Post-Update
7197,497,2024-04-13,Pricing Page,2,40,dropped,4,Apr,Post-Update
7198,1466,2024-03-12,Plan Selection,3,83,clicked,3,Mar,Pre-Update
7199,1302,2024-02-14,Confirmation,5,191,converted,2,Feb,Pre-Update
7200,2262,2024-01-09,Confirmation,5,144,converted,1,Jan,Pre-Update
7201,1405,2024-02-29,Pricing Page,2,37,clicked,2,Feb,Pre-Update
7202,60,2024-03-15,Home,1,169,viewed,3,Mar,Post-Update
7203,1210,2024-01-26,Pricing Page,2,32,viewed,1,Jan,Pre-Update
7204,33,2024-04-05,Plan Selection,3,88,dropped,4,Apr,Post-Update
7205,2260,2024-02-07,Payment,4,52,viewed,2,Feb,Pre-Update
7206,503,2024-04-10,Pricing Page,2,59,clicked,4,Apr,Post-Update
7207,2593,2024-06-09,Payment,4,126,clicked,6,Jun,Post-Update
7208,248,2024-02-26,Pricing Page,2,49,dropped,2,Feb,Pre-Update
7209,1834,2024-01-21,Payment,4,67,clicked,1,Jan,Pre-Update
7210,1421,2024-04-12,Pricing Page,2,47,dropped,4,Apr,Post-Update
7211,2065,2024-03-28,Pricing Page,2,46,dropped,3,Mar,Post-Update
7212,144,2024-01-19,Pricing Page,2,44,dropped,1,Jan,Pre-Update
7213,1429,2024-02-07,Plan Selection,3,90,dropped,2,Feb,Pre-Update
7214,2338,2024-02-25,Home,1,14,clicked,2,Feb,Pre-Update
7215,2085,2024-05-27,Confirmation,5,113,converted,5,May,Post-Update
7216,1837,2024-04-01,Plan Selection,3,202,viewed,4,Apr,Post-Update
7217,2130,2024-03-12,Payment,4,207,clicked,3,Mar,Pre-Update
7218,733,2024-06-11,Payment,4,19,dropped,6,Jun,Post-Update
7219,2615,2024-03-03,Home,1,119,clicked,3,Mar,Pre-Update
7220,894,2024-02-28,Payment,4,142,dropped,2,Feb,Pre-Update
7221,2119,2024-01-21,Pricing Page,2,55,viewed,1,Jan,Pre-Update
7222,237,2024-04-22,Confirmation,5,117,converted,4,Apr,Post-Update
7223,109,2024-04-13,Payment,4,21,dropped,4,Apr,Post-Update
7224,2854,2024-05-03,Plan Selection,3,148,viewed,5,May,Post-Update
7225,50,2024-04-23,Home,1,122,clicked,4,Apr,Post-Update
7226,3,2024-03-12,Confirmation,5,147,converted,3,Mar,Pre-Update
7227,1513,2024-03-25,Payment,4,140,viewed,3,Mar,Post-Update
7228,631,2024-04-09,Home,1,206,clicked,4,Apr,Post-Update
7229,2079,2024-06-08,Pricing Page,2,67,dropped,6,Jun,Post-Update
7230,166,2024-02-13,Home,1,114,clicked,2,Feb,Pre-Update
7231,2192,2024-02-19,Home,1,25,viewed,2,Feb,Pre-Update
7232,2969,2024-03-16,Home,1,68,dropped,3,Mar,Post-Update
7233,2577,2024-06-02,Plan Selection,3,167,viewed,6,Jun,Post-Update
7234,993,2024-05-31,Home,1,102,viewed,5,May,Post-Update
7235,682,2024-06-24,Home,1,192,dropped,6,Jun,Post-Update
7236,1900,2024-06-19,Payment,4,56,viewed,6,Jun,Post-Update
7237,2896,2024-04-23,Pricing Page,2,46,clicked,4,Apr,Post-Update
7238,1678,2024-05-19,Home,1,117,dropped,5,May,Post-Update
7239,918,2024-06-25,Confirmation,5,187,converted,6,Jun,Post-Update
7240,1633,2024-01-11,Plan Selection,3,43,viewed,1,Jan,Pre-Update
7241,1982,2024-05-25,Home,1,161,viewed,5,May,Post-Update
7242,368,2024-04-14,Plan Selection,3,191,viewed,4,Apr,Post-Update
7243,2978,2024-01-25,Plan Selection,3,33,clicked,1,Jan,Pre-Update
7244,67,2024-05-03,Pricing Page,2,59,dropped,5,May,Post-Update
7245,1980,2024-04-17,Confirmation,5,41,converted,4,Apr,Post-Update
7246,2497,2024-05-03,Confirmation,5,122,converted,5,May,Post-Update
7247,103,2024-03-29,Pricing Page,2,46,dropped,3,Mar,Post-Update
7248,2239,2024-05-23,Payment,4,68,clicked,5,May,Post-Update
7249,1269,2024-03-01,Pricing Page,2,59,clicked,3,Mar,Pre-Update
7250,1384,2024-02-20,Home,1,62,dropped,2,Feb,Pre-Update
7251,1246,2024-03-05,Plan Selection,3,143,viewed,3,Mar,Pre-Update
7252,1324,2024-01-26,Pricing Page,2,43,dropped,1,Jan,Pre-Update
7253,1789,2024-03-10,Home,1,109,dropped,3,Mar,Pre-Update
7254,2962,2024-04-27,Pricing Page,2,52,dropped,4,Apr,Post-Update
7255,804,2024-05-09,Payment,4,154,clicked,5,May,Post-Update
7256,909,2024-04-24,Pricing Page,2,47,viewed,4,Apr,Post-Update
7257,1566,2024-06-13,Confirmation,5,45,converted,6,Jun,Post-Update
7258,2822,2024-02-01,Home,1,148,clicked,2,Feb,Pre-Update
7259,1712,2024-06-05,Plan Selection,3,110,viewed,6,Jun,Post-Update
7260,2279,2024-05-31,Confirmation,5,14,converted,5,May,Post-Update
7261,1166,2024-06-07,Pricing Page,2,52,clicked,6,Jun,Post-Update
7262,542,2024-05-12,Home,1,100,viewed,5,May,Post-Update
7263,2884,2024-02-09,Pricing Page,2,40,dropped,2,Feb,Pre-Update
7264,2824,2024-01-16,Plan Selection,3,170,dropped,1,Jan,Pre-Update
7265,1466,2024-06-12,Home,1,112,clicked,6,Jun,Post-Update
7266,1858,2024-05-25,Home,1,81,clicked,5,May,Post-Update
7267,1606,2024-05-09,Confirmation,5,150,converted,5,May,Post-Update
7268,1835,2024-06-20,Confirmation,5,134,converted,6,Jun,Post-Update
7269,1331,2024-03-03,Pricing Page,2,58,clicked,3,Mar,Pre-Update
7270,2996,2024-02-20,Pricing Page,2,34,clicked,2,Feb,Pre-Update
7271,761,2024-04-28,Plan Selection,3,126,clicked,4,Apr,Post-Update
7272,561,2024-05-19,Pricing Page,2,44,dropped,5,May,Post-Update
7273,2754,2024-02-18,Plan Selection,3,48,dropped,2,Feb,Pre-Update
7274,553,2024-03-25,Payment,4,115,clicked,3,Mar,Post-Update
7275,2307,2024-01-07,Confirmation,5,71,converted,1,Jan,Pre-Update
7276,2631,2024-03-25,Plan Selection,3,33,clicked,3,Mar,Post-Update
7277,127,2024-05-19,Payment,4,84,viewed,5,May,Post-Update
7278,229,2024-03-25,Home,1,46,clicked,3,Mar,Post-Update
7279,605,2024-03-06,Pricing Page,2,58,dropped,3,Mar,Pre-Update
7280,2284,2024-03-20,Confirmation,5,69,converted,3,Mar,Post-Update
7281,2146,2024-05-03,Pricing Page,2,46,clicked,5,May,Post-Update
7282,1015,2024-05-19,Payment,4,178,viewed,5,May,Post-Update
7283,201,2024-02-02,Plan Selection,3,201,viewed,2,Feb,Pre-Update
7284,1697,2024-05-18,Home,1,78,clicked,5,May,Post-Update
7285,1903,2024-02-01,Confirmation,5,66,converted,2,Feb,Pre-Update
7286,1612,2024-05-31,Plan Selection,3,76,viewed,5,May,Post-Update
7287,2244,2024-06-11,Pricing Page,2,52,clicked,6,Jun,Post-Update
7288,991,2024-03-06,Payment,4,15,viewed,3,Mar,Pre-Update
7289,792,2024-02-26,Payment,4,187,dropped,2,Feb,Pre-Update
7290,85,2024-05-12,Plan Selection,3,138,clicked,5,May,Post-Update
7291,1943,2024-05-05,Plan Selection,3,108,viewed,5,May,Post-Update
7292,501,2024-01-09,Payment,4,106,dropped,1,Jan,Pre-Update
7293,2226,2024-06-29,Payment,4,175,viewed,6,Jun,Post-Update
7294,2296,2024-02-19,Home,1,122,clicked,2,Feb,Pre-Update
7295,544,2024-02-04,Pricing Page,2,42,viewed,2,Feb,Pre-Update
7296,661,2024-03-16,Pricing Page,2,65,dropped,3,Mar,Post-Update
7297,1845,2024-02-16,Pricing Page,2,44,dropped,2,Feb,Pre-Update
7298,1809,2024-01-02,Pricing Page,2,32,viewed,1,Jan,Pre-Update
7299,2441,2024-04-18,Plan Selection,3,17,clicked,4,Apr,Post-Update
7300,761,2024-06-03,Plan Selection,3,199,dropped,6,Jun,Post-Update
7301,1050,2024-01-06,Home,1,102,viewed,1,Jan,Pre-Update
7302,1542,2024-04-23,Plan Selection,3,26,viewed,4,Apr,Post-Update
7303,2794,2024-05-15,Confirmation,5,106,converted,5,May,Post-Update
7304,1751,2024-03-25,Plan Selection,3,109,viewed,3,Mar,Post-Update
7305,653,2024-06-05,Plan Selection,3,166,viewed,6,Jun,Post-Update
7306,346,2024-06-10,Home,1,198,clicked,6,Jun,Post-Update
7307,2669,2024-03-15,Pricing Page,2,60,clicked,3,Mar,Post-Update
7308,2412,2024-01-29,Pricing Page,2,43,dropped,1,Jan,Pre-Update
7309,997,2024-02-11,Home,1,30,dropped,2,Feb,Pre-Update
7310,2645,2024-02-22,Payment,4,53,viewed,2,Feb,Pre-Update
7311,1557,2024-05-04,Confirmation,5,88,converted,5,May,Post-Update
7312,876,2024-02-20,Plan Selection,3,154,dropped,2,Feb,Pre-Update
7313,727,2024-06-23,Home,1,124,clicked,6,Jun,Post-Update
7314,507,2024-01-21,Home,1,10,viewed,1,Jan,Pre-Update
7315,2921,2024-03-28,Pricing Page,2,38,clicked,3,Mar,Post-Update
7316,307,2024-04-19,Payment,4,175,viewed,4,Apr,Post-Update
7317,801,2024-03-28,Plan Selection,3,138,clicked,3,Mar,Post-Update
7318,2567,2024-02-07,Pricing Page,2,51,dropped,2,Feb,Pre-Update
7319,2589,2024-05-05,Confirmation,5,82,converted,5,May,Post-Update
7320,425,2024-04-22,Plan Selection,3,116,viewed,4,Apr,Post-Update
7321,1633,2024-05-31,Plan Selection,3,50,clicked,5,May,Post-Update
7322,1094,2024-04-25,Home,1,114,clicked,4,Apr,Post-Update
7323,688,2024-01-12,Plan Selection,3,208,dropped,1,Jan,Pre-Update
7324,879,2024-02-24,Plan Selection,3,53,dropped,2,Feb,Pre-Update
7325,1153,2024-02-24,Pricing Page,2,57,clicked,2,Feb,Pre-Update
7326,2102,2024-01-06,Home,1,43,viewed,1,Jan,Pre-Update
7327,2797,2024-04-18,Home,1,44,clicked,4,Apr,Post-Update
7328,2696,2024-04-26,Plan Selection,3,139,viewed,4,Apr,Post-Update
7329,1555,2024-04-03,Home,1,123,viewed,4,Apr,Post-Update
7330,485,2024-03-29,Confirmation,5,69,converted,3,Mar,Post-Update
7331,1907,2024-02-21,Plan Selection,3,144,viewed,2,Feb,Pre-Update
7332,612,2024-03-29,Payment,4,153,dropped,3,Mar,Post-Update
7333,638,2024-06-01,Plan Selection,3,91,clicked,6,Jun,Post-Update
7334,307,2024-05-10,Pricing Page,2,47,clicked,5,May,Post-Update
7335,793,2024-03-16,Pricing Page,2,44,dropped,3,Mar,Post-Update
7336,1920,2024-03-13,Home,1,42,clicked,3,Mar,Pre-Update
7337,1507,2024-05-09,Home,1,56,viewed,5,May,Post-Update
7338,42,2024-02-13,Home,1,17,viewed,2,Feb,Pre-Update
7339,1796,2024-05-18,Home,1,169,viewed,5,May,Post-Update
7340,968,2024-05-21,Confirmation,5,75,converted,5,May,Post-Update
7341,2492,2024-02-01,Pricing Page,2,41,clicked,2,Feb,Pre-Update
7342,1505,2024-03-02,Home,1,190,viewed,3,Mar,Pre-Update
7343,321,2024-04-26,Confirmation,5,132,converted,4,Apr,Post-Update
7344,1021,2024-06-04,Pricing Page,2,60,viewed,6,Jun,Post-Update
7345,1677,2024-06-13,Payment,4,122,dropped,6,Jun,Post-Update
7346,1587,2024-06-14,Confirmation,5,47,converted,6,Jun,Post-Update
7347,2946,2024-03-03,Payment,4,180,viewed,3,Mar,Pre-Update
7348,368,2024-05-25,Plan Selection,3,173,dropped,5,May,Post-Update
7349,910,2024-01-12,Pricing Page,2,55,viewed,1,Jan,Pre-Update
7350,1402,2024-03-01,Pricing Page,2,41,dropped,3,Mar,Pre-Update
7351,1265,2024-05-15,Pricing Page,2,42,dropped,5,May,Post-Update
7352,563,2024-06-20,Home,1,17,viewed,6,Jun,Post-Update
7353,683,2024-01-24,Confirmation,5,93,converted,1,Jan,Pre-Update
7354,601,2024-05-16,Home,1,116,dropped,5,May,Post-Update
7355,1114,2024-02-19,Pricing Page,2,42,dropped,2,Feb,Pre-Update
7356,2033,2024-02-08,Home,1,105,clicked,2,Feb,Pre-Update
7357,434,2024-05-20,Pricing Page,2,67,dropped,5,May,Post-Update
7358,1113,2024-03-29,Pricing Page,2,44,dropped,3,Mar,Post-Update
7359,2229,2024-03-27,Home,1,72,dropped,3,Mar,Post-Update
7360,1981,2024-06-19,Payment,4,175,viewed,6,Jun,Post-Update
7361,849,2024-04-09,Confirmation,5,184,converted,4,Apr,Post-Update
7362,1919,2024-04-16,Home,1,71,clicked,4,Apr,Post-Update
7363,1650,2024-02-18,Plan Selection,3,133,dropped,2,Feb,Pre-Update
7364,1102,2024-05-06,Pricing Page,2,65,dropped,5,May,Post-Update
7365,402,2024-04-07,Pricing Page,2,61,dropped,4,Apr,Post-Update
7366,854,2024-01-04,Pricing Page,2,34,dropped,1,Jan,Pre-Update
7367,2585,2024-01-19,Confirmation,5,76,converted,1,Jan,Pre-Update
7368,2668,2024-03-20,Plan Selection,3,81,dropped,3,Mar,Post-Update
7369,2464,2024-04-13,Pricing Page,2,44,viewed,4,Apr,Post-Update
7370,270,2024-04-17,Plan Selection,3,161,viewed,4,Apr,Post-Update
7371,215,2024-03-03,Plan Selection,3,121,dropped,3,Mar,Pre-Update
7372,1441,2024-05-08,Home,1,88,viewed,5,May,Post-Update
7373,305,2024-04-07,Pricing Page,2,47,dropped,4,Apr,Post-Update
7374,489,2024-04-09,Pricing Page,2,56,dropped,4,Apr,Post-Update
7375,1535,2024-05-18,Pricing Page,2,43,dropped,5,May,Post-Update
7376,1990,2024-02-02,Confirmation,5,16,converted,2,Feb,Pre-Update
7377,1229,2024-06-22,Plan Selection,3,187,viewed,6,Jun,Post-Update
7378,724,2024-06-05,Plan Selection,3,94,clicked,6,Jun,Post-Update
7379,817,2024-03-19,Pricing Page,2,51,dropped,3,Mar,Post-Update
7380,2315,2024-02-01,Plan Selection,3,54,clicked,2,Feb,Pre-Update
7381,2151,2024-01-28,Plan Selection,3,116,viewed,1,Jan,Pre-Update
7382,2293,2024-02-07,Payment,4,21,dropped,2,Feb,Pre-Update
7383,635,2024-05-30,Plan Selection,3,27,viewed,5,May,Post-Update
7384,595,2024-02-26,Confirmation,5,197,converted,2,Feb,Pre-Update
7385,2260,2024-06-22,Plan Selection,3,162,dropped,6,Jun,Post-Update
7386,2656,2024-05-10,Confirmation,5,127,converted,5,May,Post-Update
7387,252,2024-04-29,Home,1,59,dropped,4,Apr,Post-Update
7388,2279,2024-03-30,Pricing Page,2,53,dropped,3,Mar,Post-Update
7389,1959,2024-01-21,Plan Selection,3,151,viewed,1,Jan,Pre-Update
7390,1229,2024-06-17,Pricing Page,2,47,dropped,6,Jun,Post-Update
7391,1320,2024-03-10,Plan Selection,3,184,clicked,3,Mar,Pre-Update
7392,338,2024-06-16,Pricing Page,2,57,dropped,6,Jun,Post-Update
7393,184,2024-01-18,Pricing Page,2,35,dropped,1,Jan,Pre-Update
7394,2340,2024-05-04,Home,1,88,viewed,5,May,Post-Update
7395,923,2024-03-21,Pricing Page,2,42,viewed,3,Mar,Post-Update
7396,2878,2024-01-26,Payment,4,149,dropped,1,Jan,Pre-Update
7397,2923,2024-05-30,Pricing Page,2,58,clicked,5,May,Post-Update
7398,2316,2024-04-07,Pricing Page,2,47,dropped,4,Apr,Post-Update
7399,2591,2024-02-16,Plan Selection,3,153,clicked,2,Feb,Pre-Update
7400,914,2024-01-09,Pricing Page,2,45,clicked,1,Jan,Pre-Update
7401,447,2024-01-27,Pricing Page,2,59,dropped,1,Jan,Pre-Update
7402,1929,2024-05-30,Pricing Page,2,57,clicked,5,May,Post-Update
7403,129,2024-03-13,Payment,4,46,clicked,3,Mar,Pre-Update
7404,2597,2024-03-27,Payment,4,118,clicked,3,Mar,Post-Update
7405,53,2024-01-18,Pricing Page,2,57,dropped,1,Jan,Pre-Update
7406,1216,2024-03-03,Plan Selection,3,111,dropped,3,Mar,Pre-Update
7407,1524,2024-04-04,Home,1,194,clicked,4,Apr,Post-Update
7408,2470,2024-01-29,Pricing Page,2,34,viewed,1,Jan,Pre-Update
7409,1622,2024-02-23,Payment,4,91,clicked,2,Feb,Pre-Update
7410,99,2024-05-27,Confirmation,5,97,converted,5,May,Post-Update
7411,784,2024-06-28,Home,1,186,viewed,6,Jun,Post-Update
7412,2555,2024-04-11,Pricing Page,2,53,viewed,4,Apr,Post-Update
7413,2223,2024-01-25,Pricing Page,2,55,viewed,1,Jan,Pre-Update
7414,2062,2024-06-15,Plan Selection,3,186,viewed,6,Jun,Post-Update
7415,1485,2024-06-28,Pricing Page,2,48,dropped,6,Jun,Post-Update
7416,2700,2024-02-26,Payment,4,90,clicked,2,Feb,Pre-Update
7417,2534,2024-06-28,Pricing Page,2,41,dropped,6,Jun,Post-Update
7418,491,2024-06-16,Home,1,183,viewed,6,Jun,Post-Update
7419,471,2024-06-17,Home,1,31,dropped,6,Jun,Post-Update
7420,2058,2024-03-17,Home,1,10,viewed,3,Mar,Post-Update
7421,693,2024-04-21,Pricing Page,2,38,dropped,4,Apr,Post-Update
7422,233,2024-02-21,Home,1,29,viewed,2,Feb,Pre-Update
7423,939,2024-05-24,Home,1,184,dropped,5,May,Post-Update
7424,1101,2024-02-14,Home,1,192,dropped,2,Feb,Pre-Update
7425,431,2024-02-03,Plan Selection,3,201,clicked,2,Feb,Pre-Update
7426,1473,2024-04-25,Plan Selection,3,143,dropped,4,Apr,Post-Update
7427,2962,2024-03-02,Payment,4,132,viewed,3,Mar,Pre-Update
7428,1935,2024-04-05,Plan Selection,3,208,viewed,4,Apr,Post-Update
7429,246,2024-06-25,Plan Selection,3,48,dropped,6,Jun,Post-Update
7430,2699,2024-02-08,Pricing Page,2,34,clicked,2,Feb,Pre-Update
7431,2160,2024-05-10,Pricing Page,2,39,viewed,5,May,Post-Update
7432,1315,2024-03-20,Confirmation,5,33,converted,3,Mar,Post-Update
7433,2801,2024-02-25,Payment,4,165,viewed,2,Feb,Pre-Update
7434,2915,2024-06-07,Pricing Page,2,60,dropped,6,Jun,Post-Update
7435,181,2024-04-08,Plan Selection,3,15,clicked,4,Apr,Post-Update
7436,1970,2024-04-25,Pricing Page,2,43,dropped,4,Apr,Post-Update
7437,2515,2024-03-04,Pricing Page,2,32,viewed,3,Mar,Pre-Update
7438,2028,2024-01-01,Confirmation,5,192,converted,1,Jan,Pre-Update
7439,1853,2024-03-03,Payment,4,78,dropped,3,Mar,Pre-Update
7440,1052,2024-04-05,Plan Selection,3,90,dropped,4,Apr,Post-Update
7441,2739,2024-06-09,Plan Selection,3,179,dropped,6,Jun,Post-Update
7442,368,2024-02-08,Plan Selection,3,178,dropped,2,Feb,Pre-Update
7443,282,2024-01-18,Home,1,149,viewed,1,Jan,Pre-Update
7444,1192,2024-02-22,Pricing Page,2,43,clicked,2,Feb,Pre-Update
7445,2736,2024-02-06,Pricing Page,2,54,dropped,2,Feb,Pre-Update
7446,1957,2024-04-18,Home,1,100,dropped,4,Apr,Post-Update
7447,577,2024-04-24,Plan Selection,3,208,dropped,4,Apr,Post-Update
7448,660,2024-03-09,Pricing Page,2,59,dropped,3,Mar,Pre-Update
7449,1024,2024-06-16,Plan Selection,3,66,clicked,6,Jun,Post-Update
7450,139,2024-03-29,Pricing Page,2,41,clicked,3,Mar,Post-Update
7451,2882,2024-05-24,Home,1,50,viewed,5,May,Post-Update
7452,1915,2024-02-14,Pricing Page,2,53,dropped,2,Feb,Pre-Update
7453,2884,2024-04-17,Home,1,134,viewed,4,Apr,Post-Update
7454,1357,2024-05-01,Home,1,14,dropped,5,May,Post-Update
7455,1077,2024-04-07,Plan Selection,3,110,viewed,4,Apr,Post-Update
7456,1926,2024-02-28,Plan Selection,3,107,clicked,2,Feb,Pre-Update
7457,1169,2024-05-30,Confirmation,5,107,converted,5,May,Post-Update
7458,1314,2024-05-12,Pricing Page,2,54,clicked,5,May,Post-Update
7459,1806,2024-01-16,Plan Selection,3,169,dropped,1,Jan,Pre-Update
7460,1097,2024-03-09,Payment,4,170,viewed,3,Mar,Pre-Update
7461,2606,2024-03-09,Pricing Page,2,37,dropped,3,Mar,Pre-Update
7462,589,2024-05-30,Plan Selection,3,73,viewed,5,May,Post-Update
7463,1581,2024-06-20,Home,1,209,clicked,6,Jun,Post-Update
7464,1225,2024-04-18,Payment,4,26,dropped,4,Apr,Post-Update
7465,478,2024-04-09,Pricing Page,2,60,viewed,4,Apr,Post-Update
7466,1107,2024-01-12,Pricing Page,2,56,viewed,1,Jan,Pre-Update
7467,819,2024-01-01,Pricing Page,2,59,dropped,1,Jan,Pre-Update
7468,2281,2024-05-18,Plan Selection,3,92,clicked,5,May,Post-Update
7469,2861,2024-03-23,Pricing Page,2,58,dropped,3,Mar,Post-Update
7470,2125,2024-01-19,Pricing Page,2,49,dropped,1,Jan,Pre-Update
7471,1818,2024-05-02,Plan Selection,3,177,clicked,5,May,Post-Update
7472,2297,2024-03-25,Home,1,158,viewed,3,Mar,Post-Update
7473,2866,2024-06-05,Pricing Page,2,58,viewed,6,Jun,Post-Update
7474,2733,2024-04-19,Pricing Page,2,58,dropped,4,Apr,Post-Update
7475,1683,2024-02-12,Pricing Page,2,52,dropped,2,Feb,Pre-Update
7476,2574,2024-04-27,Plan Selection,3,103,clicked,4,Apr,Post-Update
7477,2967,2024-01-21,Plan Selection,3,139,clicked,1,Jan,Pre-Update
7478,903,2024-01-29,Confirmation,5,196,converted,1,Jan,Pre-Update
7479,56,2024-02-23,Pricing Page,2,37,dropped,2,Feb,Pre-Update
7480,1008,2024-04-19,Home,1,55,dropped,4,Apr,Post-Update
7481,2756,2024-02-11,Pricing Page,2,37,dropped,2,Feb,Pre-Update
7482,2923,2024-03-15,Home,1,89,viewed,3,Mar,Post-Update
7483,2570,2024-03-23,Plan Selection,3,35,clicked,3,Mar,Post-Update
7484,1116,2024-02-06,Confirmation,5,191,converted,2,Feb,Pre-Update
7485,2501,2024-03-20,Plan Selection,3,44,viewed,3,Mar,Post-Update
7486,1046,2024-03-16,Home,1,10,viewed,3,Mar,Post-Update
7487,858,2024-06-03,Pricing Page,2,51,dropped,6,Jun,Post-Update
7488,102,2024-06-16,Plan Selection,3,175,clicked,6,Jun,Post-Update
7489,1129,2024-01-31,Plan Selection,3,23,dropped,1,Jan,Pre-Update
7490,2250,2024-02-02,Plan Selection,3,150,clicked,2,Feb,Pre-Update
7491,2136,2024-06-06,Pricing Page,2,51,dropped,6,Jun,Post-Update
7492,1842,2024-02-24,Plan Selection,3,93,dropped,2,Feb,Pre-Update
7493,641,2024-05-22,Pricing Page,2,42,viewed,5,May,Post-Update
7494,2515,2024-04-20,Plan Selection,3,179,viewed,4,Apr,Post-Update
7495,1893,2024-02-15,Pricing Page,2,30,dropped,2,Feb,Pre-Update
7496,2999,2024-06-25,Payment,4,100,viewed,6,Jun,Post-Update
7497,2423,2024-01-26,Pricing Page,2,59,dropped,1,Jan,Pre-Update
7498,471,2024-05-14,Pricing Page,2,39,dropped,5,May,Post-Update
7499,2836,2024-03-31,Plan Selection,3,164,viewed,3,Mar,Post-Update
7500,471,2024-01-19,Home,1,196,clicked,1,Jan,Pre-Update
7501,2460,2024-04-05,Home,1,62,viewed,4,Apr,Post-Update
7502,863,2024-06-28,Home,1,102,dropped,6,Jun,Post-Update
7503,2752,2024-03-13,Pricing Page,2,31,clicked,3,Mar,Pre-Update
7504,484,2024-03-20,Plan Selection,3,49,viewed,3,Mar,Post-Update
7505,2580,2024-04-22,Plan Selection,3,172,clicked,4,Apr,Post-Update
7506,2564,2024-06-11,Confirmation,5,186,converted,6,Jun,Post-Update
7507,2010,2024-05-07,Plan Selection,3,90,clicked,5,May,Post-Update
7508,969,2024-01-18,Plan Selection,3,66,viewed,1,Jan,Pre-Update
7509,1409,2024-05-17,Pricing Page,2,58,dropped,5,May,Post-Update
7510,849,2024-04-18,Home,1,205,clicked,4,Apr,Post-Update
7511,427,2024-03-25,Confirmation,5,41,converted,3,Mar,Post-Update
7512,161,2024-05-23,Payment,4,141,viewed,5,May,Post-Update
7513,971,2024-01-08,Pricing Page,2,32,clicked,1,Jan,Pre-Update
7514,2793,2024-05-19,Home,1,12,viewed,5,May,Post-Update
7515,944,2024-06-22,Payment,4,86,clicked,6,Jun,Post-Update
7516,1914,2024-01-22,Plan Selection,3,12,dropped,1,Jan,Pre-Update
7517,644,2024-06-15,Confirmation,5,205,converted,6,Jun,Post-Update
7518,155,2024-02-28,Pricing Page,2,39,dropped,2,Feb,Pre-Update
7519,840,2024-04-26,Pricing Page,2,38,viewed,4,Apr,Post-Update
7520,1224,2024-03-08,Plan Selection,3,28,clicked,3,Mar,Pre-Update
7521,1276,2024-03-31,Pricing Page,2,57,clicked,3,Mar,Post-Update
7522,403,2024-05-23,Plan Selection,3,91,clicked,5,May,Post-Update
7523,1862,2024-06-29,Home,1,130,viewed,6,Jun,Post-Update
7524,1337,2024-02-20,Home,1,104,dropped,2,Feb,Pre-Update
7525,1312,2024-05-02,Home,1,69,clicked,5,May,Post-Update
7526,1745,2024-01-05,Pricing Page,2,52,clicked,1,Jan,Pre-Update
7527,1030,2024-04-06,Plan Selection,3,122,viewed,4,Apr,Post-Update
7528,2736,2024-05-24,Pricing Page,2,64,clicked,5,May,Post-Update
7529,1223,2024-02-10,Confirmation,5,162,converted,2,Feb,Pre-Update
7530,466,2024-03-29,Confirmation,5,96,converted,3,Mar,Post-Update
7531,679,2024-05-30,Pricing Page,2,64,dropped,5,May,Post-Update
7532,1222,2024-06-28,Payment,4,149,clicked,6,Jun,Post-Update
7533,1117,2024-06-25,Payment,4,195,clicked,6,Jun,Post-Update
7534,2528,2024-02-12,Plan Selection,3,116,viewed,2,Feb,Pre-Update
7535,117,2024-01-02,Confirmation,5,130,converted,1,Jan,Pre-Update
7536,702,2024-03-06,Home,1,104,dropped,3,Mar,Pre-Update
7537,2119,2024-03-23,Home,1,103,viewed,3,Mar,Post-Update
7538,2365,2024-03-17,Payment,4,112,clicked,3,Mar,Post-Update
7539,2729,2024-05-02,Plan Selection,3,71,clicked,5,May,Post-Update
7540,2259,2024-01-29,Plan Selection,3,42,dropped,1,Jan,Pre-Update
7541,1938,2024-04-09,Payment,4,99,viewed,4,Apr,Post-Update
7542,1554,2024-02-19,Payment,4,67,viewed,2,Feb,Pre-Update
7543,2908,2024-06-20,Payment,4,72,dropped,6,Jun,Post-Update
7544,1331,2024-06-27,Plan Selection,3,13,clicked,6,Jun,Post-Update
7545,1498,2024-04-11,Pricing Page,2,64,dropped,4,Apr,Post-Update
7546,2022,2024-06-26,Payment,4,99,viewed,6,Jun,Post-Update
7547,2015,2024-04-09,Payment,4,14,viewed,4,Apr,Post-Update
7548,1573,2024-06-04,Payment,4,28,clicked,6,Jun,Post-Update
7549,2977,2024-02-06,Home,1,115,clicked,2,Feb,Pre-Update
7550,608,2024-03-03,Home,1,111,dropped,3,Mar,Pre-Update
7551,1571,2024-06-28,Pricing Page,2,67,clicked,6,Jun,Post-Update
7552,2259,2024-04-08,Pricing Page,2,56,clicked,4,Apr,Post-Update
7553,326,2024-01-26,Pricing Page,2,44,dropped,1,Jan,Pre-Update
7554,87,2024-02-14,Home,1,202,clicked,2,Feb,Pre-Update
7555,177,2024-01-24,Pricing Page,2,58,dropped,1,Jan,Pre-Update
7556,1902,2024-02-24,Plan Selection,3,45,dropped,2,Feb,Pre-Update
7557,1782,2024-06-11,Plan Selection,3,180,dropped,6,Jun,Post-Update
7558,223,2024-06-29,Payment,4,169,viewed,6,Jun,Post-Update
7559,625,2024-06-08,Payment,4,51,viewed,6,Jun,Post-Update
7560,86,2024-06-21,Plan Selection,3,117,viewed,6,Jun,Post-Update
7561,1811,2024-01-17,Plan Selection,3,201,viewed,1,Jan,Pre-Update
7562,1121,2024-02-27,Pricing Page,2,42,clicked,2,Feb,Pre-Update
7563,353,2024-04-11,Pricing Page,2,54,dropped,4,Apr,Post-Update
7564,1426,2024-01-18,Home,1,201,viewed,1,Jan,Pre-Update
7565,1044,2024-05-25,Confirmation,5,114,converted,5,May,Post-Update
7566,1929,2024-04-27,Pricing Page,2,57,dropped,4,Apr,Post-Update
7567,2266,2024-05-11,Pricing Page,2,58,dropped,5,May,Post-Update
7568,1787,2024-06-25,Home,1,111,clicked,6,Jun,Post-Update
7569,2671,2024-04-18,Pricing Page,2,64,dropped,4,Apr,Post-Update
7570,1403,2024-01-11,Confirmation,5,58,converted,1,Jan,Pre-Update
7571,1691,2024-01-17,Payment,4,116,clicked,1,Jan,Pre-Update
7572,910,2024-03-09,Confirmation,5,154,converted,3,Mar,Pre-Update
7573,2108,2024-03-03,Plan Selection,3,18,clicked,3,Mar,Pre-Update
7574,2136,2024-03-23,Home,1,74,dropped,3,Mar,Post-Update
7575,136,2024-04-21,Confirmation,5,188,converted,4,Apr,Post-Update
7576,1875,2024-03-20,Pricing Page,2,48,clicked,3,Mar,Post-Update
7577,1652,2024-04-19,Pricing Page,2,39,dropped,4,Apr,Post-Update
7578,649,2024-06-09,Payment,4,74,dropped,6,Jun,Post-Update
7579,252,2024-05-23,Plan Selection,3,42,viewed,5,May,Post-Update
7580,2930,2024-05-25,Home,1,10,viewed,5,May,Post-Update
7581,2454,2024-05-23,Plan Selection,3,54,clicked,5,May,Post-Update
7582,169,2024-04-27,Home,1,94,viewed,4,Apr,Post-Update
7583,526,2024-02-08,Plan Selection,3,18,clicked,2,Feb,Pre-Update
7584,2581,2024-04-02,Confirmation,5,78,converted,4,Apr,Post-Update
7585,2381,2024-06-18,Pricing Page,2,58,dropped,6,Jun,Post-Update
7586,1974,2024-04-28,Pricing Page,2,54,viewed,4,Apr,Post-Update
7587,1791,2024-03-19,Pricing Page,2,54,clicked,3,Mar,Post-Update
7588,1332,2024-03-08,Plan Selection,3,127,clicked,3,Mar,Pre-Update
7589,2364,2024-01-02,Plan Selection,3,88,viewed,1,Jan,Pre-Update
7590,1000,2024-06-23,Payment,4,47,clicked,6,Jun,Post-Update
7591,2635,2024-06-16,Home,1,58,dropped,6,Jun,Post-Update
7592,839,2024-05-23,Home,1,54,viewed,5,May,Post-Update
7593,356,2024-02-27,Pricing Page,2,37,clicked,2,Feb,Pre-Update
7594,2387,2024-03-23,Confirmation,5,37,converted,3,Mar,Post-Update
7595,2950,2024-03-31,Plan Selection,3,68,viewed,3,Mar,Post-Update
7596,197,2024-06-22,Plan Selection,3,36,viewed,6,Jun,Post-Update
7597,2737,2024-06-24,Home,1,151,dropped,6,Jun,Post-Update
7598,1989,2024-06-02,Pricing Page,2,57,clicked,6,Jun,Post-Update
7599,92,2024-03-01,Plan Selection,3,199,viewed,3,Mar,Pre-Update
7600,36,2024-01-26,Plan Selection,3,200,viewed,1,Jan,Pre-Update
7601,2542,2024-01-02,Plan Selection,3,110,dropped,1,Jan,Pre-Update
7602,1492,2024-03-27,Confirmation,5,29,converted,3,Mar,Post-Update
7603,2318,2024-04-12,Plan Selection,3,179,viewed,4,Apr,Post-Update
7604,2965,2024-05-29,Home,1,78,dropped,5,May,Post-Update
7605,140,2024-04-16,Payment,4,69,dropped,4,Apr,Post-Update
7606,1080,2024-04-26,Home,1,170,clicked,4,Apr,Post-Update
7607,1329,2024-04-01,Home,1,96,clicked,4,Apr,Post-Update
7608,2073,2024-04-29,Pricing Page,2,43,dropped,4,Apr,Post-Update
7609,1718,2024-02-03,Pricing Page,2,44,viewed,2,Feb,Pre-Update
7610,2154,2024-01-13,Home,1,161,dropped,1,Jan,Pre-Update
7611,2202,2024-01-13,Home,1,111,dropped,1,Jan,Pre-Update
7612,2945,2024-04-20,Home,1,146,dropped,4,Apr,Post-Update
7613,1394,2024-01-04,Plan Selection,3,91,viewed,1,Jan,Pre-Update
7614,1640,2024-06-07,Payment,4,20,dropped,6,Jun,Post-Update
7615,505,2024-04-25,Plan Selection,3,124,viewed,4,Apr,Post-Update
7616,463,2024-03-21,Payment,4,102,dropped,3,Mar,Post-Update
7617,2262,2024-05-04,Home,1,172,clicked,5,May,Post-Update
7618,658,2024-04-01,Payment,4,173,clicked,4,Apr,Post-Update
7619,59,2024-04-20,Confirmation,5,40,converted,4,Apr,Post-Update
7620,2317,2024-03-13,Plan Selection,3,63,clicked,3,Mar,Pre-Update
7621,1493,2024-05-07,Home,1,13,dropped,5,May,Post-Update
7622,106,2024-01-22,Pricing Page,2,33,dropped,1,Jan,Pre-Update
7623,278,2024-02-06,Payment,4,17,dropped,2,Feb,Pre-Update
7624,2728,2024-04-06,Confirmation,5,26,converted,4,Apr,Post-Update
7625,1817,2024-05-21,Home,1,22,dropped,5,May,Post-Update
7626,587,2024-05-15,Home,1,105,viewed,5,May,Post-Update
7627,1067,2024-06-12,Pricing Page,2,55,dropped,6,Jun,Post-Update
7628,2721,2024-06-19,Confirmation,5,38,converted,6,Jun,Post-Update
7629,2193,2024-02-10,Confirmation,5,11,converted,2,Feb,Pre-Update
7630,651,2024-01-13,Plan Selection,3,57,dropped,1,Jan,Pre-Update
7631,2686,2024-01-21,Payment,4,18,clicked,1,Jan,Pre-Update
7632,2471,2024-03-03,Pricing Page,2,36,dropped,3,Mar,Pre-Update
7633,384,2024-04-11,Pricing Page,2,51,viewed,4,Apr,Post-Update
7634,1608,2024-05-14,Home,1,70,dropped,5,May,Post-Update
7635,268,2024-06-01,Confirmation,5,61,converted,6,Jun,Post-Update
7636,1213,2024-02-15,Home,1,111,clicked,2,Feb,Pre-Update
7637,1140,2024-05-16,Plan Selection,3,199,viewed,5,May,Post-Update
7638,590,2024-04-11,Pricing Page,2,48,dropped,4,Apr,Post-Update
7639,1361,2024-06-26,Plan Selection,3,169,clicked,6,Jun,Post-Update
7640,852,2024-03-16,Pricing Page,2,64,clicked,3,Mar,Post-Update
7641,616,2024-05-06,Payment,4,62,viewed,5,May,Post-Update
7642,2109,2024-03-17,Confirmation,5,155,converted,3,Mar,Post-Update
7643,1913,2024-01-02,Home,1,134,viewed,1,Jan,Pre-Update
7644,2368,2024-05-15,Pricing Page,2,56,dropped,5,May,Post-Update
7645,431,2024-05-07,Home,1,87,viewed,5,May,Post-Update
7646,2955,2024-01-07,Pricing Page,2,31,clicked,1,Jan,Pre-Update
7647,2457,2024-02-22,Home,1,40,viewed,2,Feb,Pre-Update
7648,881,2024-02-08,Home,1,71,viewed,2,Feb,Pre-Update
7649,2865,2024-06-01,Pricing Page,2,45,dropped,6,Jun,Post-Update
7650,414,2024-01-29,Pricing Page,2,42,viewed,1,Jan,Pre-Update
7651,1186,2024-02-05,Payment,4,95,viewed,2,Feb,Pre-Update
7652,902,2024-03-05,Payment,4,75,viewed,3,Mar,Pre-Update
7653,2984,2024-06-27,Confirmation,5,176,converted,6,Jun,Post-Update
7654,847,2024-06-14,Payment,4,184,dropped,6,Jun,Post-Update
7655,1136,2024-02-22,Pricing Page,2,52,viewed,2,Feb,Pre-Update
7656,1819,2024-05-10,Payment,4,155,clicked,5,May,Post-Update
7657,1068,2024-06-03,Pricing Page,2,52,clicked,6,Jun,Post-Update
7658,827,2024-01-30,Confirmation,5,97,converted,1,Jan,Pre-Update
7659,718,2024-06-08,Plan Selection,3,160,viewed,6,Jun,Post-Update
7660,1283,2024-06-15,Pricing Page,2,64,dropped,6,Jun,Post-Update
7661,1122,2024-04-30,Pricing Page,2,38,dropped,4,Apr,Post-Update
7662,1317,2024-05-05,Home,1,133,viewed,5,May,Post-Update
7663,1418,2024-03-08,Pricing Page,2,32,dropped,3,Mar,Pre-Update
7664,632,2024-05-20,Pricing Page,2,67,dropped,5,May,Post-Update
7665,1334,2024-01-02,Plan Selection,3,110,clicked,1,Jan,Pre-Update
7666,1357,2024-01-16,Home,1,39,clicked,1,Jan,Pre-Update
7667,1,2024-04-07,Plan Selection,3,172,dropped,4,Apr,Post-Update
7668,1756,2024-06-14,Payment,4,75,dropped,6,Jun,Post-Update
7669,71,2024-04-02,Pricing Page,2,64,dropped,4,Apr,Post-Update
7670,1092,2024-05-23,Payment,4,11,clicked,5,May,Post-Update
7671,115,2024-06-20,Plan Selection,3,75,viewed,6,Jun,Post-Update
7672,2071,2024-02-14,Home,1,17,viewed,2,Feb,Pre-Update
7673,1536,2024-03-10,Pricing Page,2,53,clicked,3,Mar,Pre-Update
7674,796,2024-02-01,Home,1,168,viewed,2,Feb,Pre-Update
7675,1591,2024-02-25,Confirmation,5,158,converted,2,Feb,Pre-Update
7676,2760,2024-03-08,Home,1,83,clicked,3,Mar,Pre-Update
7677,1982,2024-04-26,Pricing Page,2,45,dropped,4,Apr,Post-Update
7678,2480,2024-04-18,Plan Selection,3,168,clicked,4,Apr,Post-Update
7679,1850,2024-06-10,Plan Selection,3,77,viewed,6,Jun,Post-Update
7680,1160,2024-02-23,Pricing Page,2,50,clicked,2,Feb,Pre-Update
7681,1336,2024-05-09,Pricing Page,2,41,clicked,5,May,Post-Update
7682,1834,2024-05-05,Plan Selection,3,25,clicked,5,May,Post-Update
7683,722,2024-05-10,Payment,4,49,clicked,5,May,Post-Update
7684,762,2024-01-30,Home,1,174,viewed,1,Jan,Pre-Update
7685,539,2024-01-20,Confirmation,5,138,converted,1,Jan,Pre-Update
7686,696,2024-02-12,Pricing Page,2,50,viewed,2,Feb,Pre-Update
7687,1893,2024-03-07,Confirmation,5,140,converted,3,Mar,Pre-Update
7688,1236,2024-01-18,Pricing Page,2,59,dropped,1,Jan,Pre-Update
7689,1895,2024-05-29,Pricing Page,2,58,clicked,5,May,Post-Update
7690,1147,2024-06-06,Home,1,83,clicked,6,Jun,Post-Update
7691,590,2024-02-06,Pricing Page,2,43,dropped,2,Feb,Pre-Update
7692,2823,2024-04-02,Payment,4,36,clicked,4,Apr,Post-Update
7693,2723,2024-01-29,Home,1,171,viewed,1,Jan,Pre-Update
7694,2800,2024-01-10,Pricing Page,2,35,clicked,1,Jan,Pre-Update
7695,306,2024-06-13,Pricing Page,2,51,dropped,6,Jun,Post-Update
7696,1812,2024-02-10,Pricing Page,2,56,clicked,2,Feb,Pre-Update
7697,2145,2024-01-30,Plan Selection,3,170,dropped,1,Jan,Pre-Update
7698,2383,2024-06-03,Payment,4,172,clicked,6,Jun,Post-Update
7699,2209,2024-03-09,Plan Selection,3,74,clicked,3,Mar,Pre-Update
7700,1986,2024-05-13,Plan Selection,3,63,dropped,5,May,Post-Update
7701,1293,2024-03-16,Payment,4,152,dropped,3,Mar,Post-Update
7702,2411,2024-03-22,Payment,4,184,viewed,3,Mar,Post-Update
7703,1620,2024-02-06,Pricing Page,2,40,clicked,2,Feb,Pre-Update
7704,2403,2024-02-23,Home,1,110,clicked,2,Feb,Pre-Update
7705,2639,2024-04-12,Home,1,62,viewed,4,Apr,Post-Update
7706,2609,2024-01-29,Home,1,85,clicked,1,Jan,Pre-Update
7707,2277,2024-04-29,Home,1,39,viewed,4,Apr,Post-Update
7708,2525,2024-02-13,Plan Selection,3,137,dropped,2,Feb,Pre-Update
7709,2821,2024-02-04,Home,1,31,dropped,2,Feb,Pre-Update
7710,975,2024-02-12,Home,1,68,viewed,2,Feb,Pre-Update
7711,1434,2024-05-19,Pricing Page,2,63,viewed,5,May,Post-Update
7712,347,2024-05-22,Plan Selection,3,119,dropped,5,May,Post-Update
7713,1134,2024-06-07,Pricing Page,2,54,viewed,6,Jun,Post-Update
7714,1106,2024-06-03,Home,1,55,viewed,6,Jun,Post-Update
7715,1969,2024-02-20,Pricing Page,2,37,dropped,2,Feb,Pre-Update
7716,831,2024-03-07,Home,1,193,clicked,3,Mar,Pre-Update
7717,323,2024-05-29,Payment,4,112,dropped,5,May,Post-Update
7718,938,2024-01-10,Pricing Page,2,44,clicked,1,Jan,Pre-Update
7719,2198,2024-03-04,Plan Selection,3,154,viewed,3,Mar,Pre-Update
7720,1795,2024-01-24,Payment,4,180,viewed,1,Jan,Pre-Update
7721,184,2024-01-25,Pricing Page,2,30,clicked,1,Jan,Pre-Update
7722,143,2024-03-10,Payment,4,164,clicked,3,Mar,Pre-Update
7723,721,2024-04-30,Plan Selection,3,208,dropped,4,Apr,Post-Update
7724,2665,2024-06-15,Confirmation,5,196,converted,6,Jun,Post-Update
7725,2532,2024-03-17,Plan Selection,3,139,clicked,3,Mar,Post-Update
7726,1609,2024-02-04,Pricing Page,2,33,clicked,2,Feb,Pre-Update
7727,2072,2024-04-20,Confirmation,5,27,converted,4,Apr,Post-Update
7728,1487,2024-02-07,Plan Selection,3,36,dropped,2,Feb,Pre-Update
7729,1917,2024-02-01,Confirmation,5,57,converted,2,Feb,Pre-Update
7730,991,2024-06-18,Plan Selection,3,152,clicked,6,Jun,Post-Update
7731,263,2024-01-19,Pricing Page,2,57,viewed,1,Jan,Pre-Update
7732,2439,2024-02-23,Home,1,77,clicked,2,Feb,Pre-Update
7733,2296,2024-01-29,Pricing Page,2,59,clicked,1,Jan,Pre-Update
7734,257,2024-02-10,Payment,4,138,viewed,2,Feb,Pre-Update
7735,531,2024-01-05,Plan Selection,3,179,clicked,1,Jan,Pre-Update
7736,2741,2024-01-17,Plan Selection,3,74,clicked,1,Jan,Pre-Update
7737,837,2024-01-09,Pricing Page,2,56,dropped,1,Jan,Pre-Update
7738,581,2024-03-27,Payment,4,125,clicked,3,Mar,Post-Update
7739,1981,2024-06-06,Pricing Page,2,43,viewed,6,Jun,Post-Update
7740,2273,2024-02-05,Plan Selection,3,195,clicked,2,Feb,Pre-Update
7741,2504,2024-04-19,Plan Selection,3,169,clicked,4,Apr,Post-Update
7742,2252,2024-03-24,Home,1,193,clicked,3,Mar,Post-Update
7743,900,2024-02-17,Pricing Page,2,40,dropped,2,Feb,Pre-Update
7744,2934,2024-05-06,Plan Selection,3,152,viewed,5,May,Post-Update
7745,821,2024-05-10,Payment,4,152,dropped,5,May,Post-Update
7746,112,2024-03-28,Pricing Page,2,40,dropped,3,Mar,Post-Update
7747,677,2024-04-26,Plan Selection,3,160,dropped,4,Apr,Post-Update
7748,1445,2024-06-23,Pricing Page,2,39,dropped,6,Jun,Post-Update
7749,654,2024-06-06,Plan Selection,3,191,clicked,6,Jun,Post-Update
7750,1201,2024-05-11,Pricing Page,2,67,clicked,5,May,Post-Update
7751,722,2024-02-20,Plan Selection,3,117,viewed,2,Feb,Pre-Update
7752,2015,2024-03-11,Confirmation,5,110,converted,3,Mar,Pre-Update
7753,2114,2024-01-04,Confirmation,5,178,converted,1,Jan,Pre-Update
7754,833,2024-06-04,Pricing Page,2,58,dropped,6,Jun,Post-Update
7755,904,2024-02-22,Plan Selection,3,194,viewed,2,Feb,Pre-Update
7756,2733,2024-05-14,Confirmation,5,155,converted,5,May,Post-Update
7757,2008,2024-01-29,Payment,4,94,viewed,1,Jan,Pre-Update
7758,1787,2024-04-29,Plan Selection,3,135,clicked,4,Apr,Post-Update
7759,2932,2024-01-31,Confirmation,5,21,converted,1,Jan,Pre-Update
7760,1626,2024-04-08,Home,1,169,viewed,4,Apr,Post-Update
7761,849,2024-02-07,Home,1,79,dropped,2,Feb,Pre-Update
7762,2129,2024-01-18,Pricing Page,2,44,dropped,1,Jan,Pre-Update
7763,1509,2024-02-28,Home,1,128,viewed,2,Feb,Pre-Update
7764,1012,2024-05-28,Home,1,196,clicked,5,May,Post-Update
7765,1121,2024-04-12,Plan Selection,3,169,viewed,4,Apr,Post-Update
7766,244,2024-05-10,Pricing Page,2,57,dropped,5,May,Post-Update
7767,2333,2024-03-24,Confirmation,5,97,converted,3,Mar,Post-Update
7768,900,2024-02-03,Home,1,125,viewed,2,Feb,Pre-Update
7769,933,2024-01-24,Plan Selection,3,40,viewed,1,Jan,Pre-Update
7770,2358,2024-06-26,Plan Selection,3,158,dropped,6,Jun,Post-Update
7771,945,2024-02-14,Pricing Page,2,51,clicked,2,Feb,Pre-Update
7772,1167,2024-05-28,Confirmation,5,55,converted,5,May,Post-Update
7773,940,2024-06-10,Plan Selection,3,187,viewed,6,Jun,Post-Update
7774,2686,2024-05-13,Home,1,167,viewed,5,May,Post-Update
7775,1081,2024-06-23,Payment,4,169,viewed,6,Jun,Post-Update
7776,1496,2024-01-29,Pricing Page,2,59,viewed,1,Jan,Pre-Update
7777,2892,2024-06-12,Plan Selection,3,81,viewed,6,Jun,Post-Update
7778,1992,2024-03-27,Pricing Page,2,55,clicked,3,Mar,Post-Update
7779,2770,2024-03-12,Pricing Page,2,56,viewed,3,Mar,Pre-Update
7780,1343,2024-05-16,Pricing Page,2,65,dropped,5,May,Post-Update
7781,2183,2024-05-13,Plan Selection,3,82,clicked,5,May,Post-Update
7782,810,2024-04-05,Payment,4,134,clicked,4,Apr,Post-Update
7783,171,2024-04-05,Pricing Page,2,61,dropped,4,Apr,Post-Update
7784,707,2024-04-21,Pricing Page,2,67,viewed,4,Apr,Post-Update
7785,1053,2024-01-28,Plan Selection,3,36,clicked,1,Jan,Pre-Update
7786,361,2024-01-17,Home,1,51,viewed,1,Jan,Pre-Update
7787,489,2024-04-07,Pricing Page,2,50,dropped,4,Apr,Post-Update
7788,417,2024-02-15,Payment,4,109,viewed,2,Feb,Pre-Update
7789,405,2024-06-12,Home,1,170,viewed,6,Jun,Post-Update
7790,315,2024-03-16,Payment,4,142,viewed,3,Mar,Post-Update
7791,2531,2024-02-27,Home,1,66,clicked,2,Feb,Pre-Update
7792,1599,2024-05-31,Plan Selection,3,90,clicked,5,May,Post-Update
7793,420,2024-06-09,Home,1,101,dropped,6,Jun,Post-Update
7794,1950,2024-04-25,Pricing Page,2,47,viewed,4,Apr,Post-Update
7795,1386,2024-04-26,Payment,4,53,clicked,4,Apr,Post-Update
7796,922,2024-05-18,Confirmation,5,48,converted,5,May,Post-Update
7797,839,2024-05-27,Pricing Page,2,60,dropped,5,May,Post-Update
7798,2606,2024-02-19,Payment,4,16,viewed,2,Feb,Pre-Update
7799,304,2024-06-28,Plan Selection,3,60,clicked,6,Jun,Post-Update
7800,2805,2024-04-28,Pricing Page,2,49,dropped,4,Apr,Post-Update
7801,427,2024-03-06,Pricing Page,2,53,viewed,3,Mar,Pre-Update
7802,1612,2024-03-06,Pricing Page,2,58,dropped,3,Mar,Pre-Update
7803,1937,2024-06-19,Payment,4,19,viewed,6,Jun,Post-Update
7804,1308,2024-03-19,Payment,4,198,dropped,3,Mar,Post-Update
7805,186,2024-05-19,Plan Selection,3,21,clicked,5,May,Post-Update
7806,438,2024-06-18,Pricing Page,2,51,dropped,6,Jun,Post-Update
7807,2849,2024-03-10,Home,1,45,viewed,3,Mar,Pre-Update
7808,2692,2024-03-18,Pricing Page,2,38,clicked,3,Mar,Post-Update
7809,1618,2024-04-06,Home,1,136,dropped,4,Apr,Post-Update
7810,559,2024-06-09,Payment,4,141,viewed,6,Jun,Post-Update
7811,1551,2024-03-30,Confirmation,5,25,converted,3,Mar,Post-Update
7812,1988,2024-01-14,Pricing Page,2,51,clicked,1,Jan,Pre-Update
7813,2894,2024-04-09,Payment,4,142,viewed,4,Apr,Post-Update
7814,1930,2024-01-07,Pricing Page,2,34,viewed,1,Jan,Pre-Update
7815,1123,2024-06-28,Payment,4,49,clicked,6,Jun,Post-Update
7816,2437,2024-04-22,Plan Selection,3,99,clicked,4,Apr,Post-Update
7817,2735,2024-05-26,Pricing Page,2,40,dropped,5,May,Post-Update
7818,604,2024-04-08,Home,1,11,viewed,4,Apr,Post-Update
7819,778,2024-02-28,Payment,4,57,viewed,2,Feb,Pre-Update
7820,1694,2024-06-04,Plan Selection,3,97,clicked,6,Jun,Post-Update
7821,1672,2024-04-30,Plan Selection,3,68,clicked,4,Apr,Post-Update
7822,1672,2024-02-28,Confirmation,5,172,converted,2,Feb,Pre-Update
7823,547,2024-03-27,Payment,4,162,clicked,3,Mar,Post-Update
7824,711,2024-02-17,Plan Selection,3,66,clicked,2,Feb,Pre-Update
7825,2929,2024-02-03,Home,1,102,clicked,2,Feb,Pre-Update
7826,461,2024-05-31,Payment,4,40,clicked,5,May,Post-Update
7827,1169,2024-02-12,Home,1,75,viewed,2,Feb,Pre-Update
7828,256,2024-04-16,Plan Selection,3,136,dropped,4,Apr,Post-Update
7829,2325,2024-03-25,Home,1,143,clicked,3,Mar,Post-Update
7830,1281,2024-02-20,Home,1,167,clicked,2,Feb,Pre-Update
7831,1268,2024-03-21,Confirmation,5,88,converted,3,Mar,Post-Update
7832,414,2024-04-01,Home,1,24,dropped,4,Apr,Post-Update
7833,2583,2024-02-15,Plan Selection,3,141,dropped,2,Feb,Pre-Update
7834,549,2024-02-10,Plan Selection,3,48,dropped,2,Feb,Pre-Update
7835,1824,2024-02-29,Payment,4,40,clicked,2,Feb,Pre-Update
7836,2689,2024-05-01,Plan Selection,3,77,viewed,5,May,Post-Update
7837,1037,2024-05-09,Plan Selection,3,116,dropped,5,May,Post-Update
7838,2026,2024-02-08,Home,1,122,viewed,2,Feb,Pre-Update
7839,2321,2024-05-23,Plan Selection,3,170,dropped,5,May,Post-Update
7840,246,2024-01-22,Pricing Page,2,42,viewed,1,Jan,Pre-Update
7841,1891,2024-02-13,Pricing Page,2,56,clicked,2,Feb,Pre-Update
7842,1232,2024-05-31,Confirmation,5,50,converted,5,May,Post-Update
7843,536,2024-02-22,Confirmation,5,158,converted,2,Feb,Pre-Update
7844,2851,2024-04-03,Payment,4,35,clicked,4,Apr,Post-Update
7845,2362,2024-04-24,Payment,4,28,dropped,4,Apr,Post-Update
7846,303,2024-02-19,Home,1,113,clicked,2,Feb,Pre-Update
7847,1093,2024-05-01,Pricing Page,2,47,clicked,5,May,Post-Update
7848,2379,2024-05-13,Pricing Page,2,47,clicked,5,May,Post-Update
7849,453,2024-06-14,Home,1,191,dropped,6,Jun,Post-Update
7850,2935,2024-03-26,Pricing Page,2,59,dropped,3,Mar,Post-Update
7851,896,2024-04-24,Pricing Page,2,49,dropped,4,Apr,Post-Update
7852,1789,2024-04-06,Confirmation,5,174,converted,4,Apr,Post-Update
7853,1374,2024-05-28,Payment,4,45,viewed,5,May,Post-Update
7854,2860,2024-05-02,Plan Selection,3,136,clicked,5,May,Post-Update
7855,2786,2024-06-20,Confirmation,5,184,converted,6,Jun,Post-Update
7856,1590,2024-01-07,Plan Selection,3,181,clicked,1,Jan,Pre-Update
7857,2848,2024-02-12,Pricing Page,2,57,clicked,2,Feb,Pre-Update
7858,585,2024-02-09,Plan Selection,3,188,viewed,2,Feb,Pre-Update
7859,2859,2024-06-28,Home,1,106,dropped,6,Jun,Post-Update
7860,727,2024-05-24,Pricing Page,2,66,viewed,5,May,Post-Update
7861,2156,2024-06-05,Home,1,56,viewed,6,Jun,Post-Update
7862,2045,2024-03-09,Payment,4,19,viewed,3,Mar,Pre-Update
7863,1670,2024-04-11,Home,1,202,clicked,4,Apr,Post-Update
7864,619,2024-05-21,Pricing Page,2,39,dropped,5,May,Post-Update
7865,2721,2024-02-24,Payment,4,21,viewed,2,Feb,Pre-Update
7866,1029,2024-01-02,Home,1,12,dropped,1,Jan,Pre-Update
7867,597,2024-06-02,Plan Selection,3,156,viewed,6,Jun,Post-Update
7868,652,2024-01-08,Plan Selection,3,140,clicked,1,Jan,Pre-Update
7869,2983,2024-02-06,Home,1,118,viewed,2,Feb,Pre-Update
7870,1585,2024-05-14,Home,1,93,viewed,5,May,Post-Update
7871,781,2024-02-04,Home,1,73,dropped,2,Feb,Pre-Update
7872,980,2024-03-24,Pricing Page,2,46,dropped,3,Mar,Post-Update
7873,565,2024-05-10,Home,1,20,dropped,5,May,Post-Update
7874,1452,2024-01-07,Payment,4,116,clicked,1,Jan,Pre-Update
7875,2489,2024-05-04,Confirmation,5,150,converted,5,May,Post-Update
7876,1961,2024-01-29,Payment,4,150,viewed,1,Jan,Pre-Update
7877,2669,2024-03-22,Plan Selection,3,129,dropped,3,Mar,Post-Update
7878,758,2024-04-25,Pricing Page,2,46,dropped,4,Apr,Post-Update
7879,1476,2024-02-18,Payment,4,110,viewed,2,Feb,Pre-Update
7880,340,2024-05-24,Plan Selection,3,172,dropped,5,May,Post-Update
7881,847,2024-06-26,Home,1,69,clicked,6,Jun,Post-Update
7882,2591,2024-02-17,Payment,4,173,viewed,2,Feb,Pre-Update
7883,526,2024-01-18,Confirmation,5,117,converted,1,Jan,Pre-Update
7884,2354,2024-02-26,Pricing Page,2,33,viewed,2,Feb,Pre-Update
7885,283,2024-05-30,Confirmation,5,195,converted,5,May,Post-Update
7886,2927,2024-01-18,Plan Selection,3,114,viewed,1,Jan,Pre-Update
7887,233,2024-04-18,Payment,4,206,viewed,4,Apr,Post-Update
7888,940,2024-04-20,Home,1,144,dropped,4,Apr,Post-Update
7889,945,2024-03-08,Confirmation,5,111,converted,3,Mar,Pre-Update
7890,2264,2024-02-15,Home,1,63,clicked,2,Feb,Pre-Update
7891,2499,2024-02-02,Pricing Page,2,43,dropped,2,Feb,Pre-Update
7892,189,2024-01-10,Home,1,58,viewed,1,Jan,Pre-Update
7893,363,2024-05-05,Home,1,108,dropped,5,May,Post-Update
7894,202,2024-01-03,Payment,4,63,viewed,1,Jan,Pre-Update
7895,2791,2024-03-16,Pricing Page,2,43,dropped,3,Mar,Post-Update
7896,1763,2024-06-06,Plan Selection,3,78,viewed,6,Jun,Post-Update
7897,2020,2024-04-08,Plan Selection,3,191,clicked,4,Apr,Post-Update
7898,968,2024-03-10,Confirmation,5,141,converted,3,Mar,Pre-Update
7899,1189,2024-01-02,Payment,4,65,viewed,1,Jan,Pre-Update
7900,519,2024-03-24,Payment,4,121,clicked,3,Mar,Post-Update
7901,1340,2024-06-22,Pricing Page,2,51,clicked,6,Jun,Post-Update
7902,1822,2024-05-04,Plan Selection,3,23,clicked,5,May,Post-Update
7903,305,2024-01-23,Pricing Page,2,35,viewed,1,Jan,Pre-Update
7904,1051,2024-05-27,Home,1,136,dropped,5,May,Post-Update
7905,2188,2024-02-18,Home,1,196,dropped,2,Feb,Pre-Update
7906,841,2024-05-17,Confirmation,5,104,converted,5,May,Post-Update
7907,1575,2024-02-06,Pricing Page,2,45,dropped,2,Feb,Pre-Update
7908,663,2024-01-05,Pricing Page,2,35,clicked,1,Jan,Pre-Update
7909,1123,2024-01-20,Pricing Page,2,52,clicked,1,Jan,Pre-Update
7910,622,2024-04-13,Pricing Page,2,50,dropped,4,Apr,Post-Update
7911,2394,2024-05-17,Pricing Page,2,60,dropped,5,May,Post-Update
7912,1100,2024-02-18,Pricing Page,2,40,dropped,2,Feb,Pre-Update
7913,1501,2024-01-27,Pricing Page,2,51,viewed,1,Jan,Pre-Update
7914,1540,2024-05-15,Home,1,157,dropped,5,May,Post-Update
7915,789,2024-01-06,Pricing Page,2,52,clicked,1,Jan,Pre-Update
7916,2841,2024-05-28,Pricing Page,2,62,dropped,5,May,Post-Update
7917,2680,2024-05-03,Payment,4,142,dropped,5,May,Post-Update
7918,1293,2024-06-12,Pricing Page,2,49,dropped,6,Jun,Post-Update
7919,1126,2024-06-19,Plan Selection,3,23,viewed,6,Jun,Post-Update
7920,2511,2024-03-05,Pricing Page,2,40,viewed,3,Mar,Pre-Update
7921,338,2024-01-18,Home,1,86,clicked,1,Jan,Pre-Update
7922,1234,2024-04-04,Pricing Page,2,46,dropped,4,Apr,Post-Update
7923,2762,2024-04-03,Payment,4,128,clicked,4,Apr,Post-Update
7924,1855,2024-04-27,Pricing Page,2,39,dropped,4,Apr,Post-Update
7925,735,2024-06-25,Home,1,154,dropped,6,Jun,Post-Update
7926,2967,2024-02-15,Pricing Page,2,49,dropped,2,Feb,Pre-Update
7927,4,2024-06-01,Pricing Page,2,55,dropped,6,Jun,Post-Update
7928,790,2024-05-11,Payment,4,23,viewed,5,May,Post-Update
7929,2209,2024-02-27,Pricing Page,2,58,clicked,2,Feb,Pre-Update
7930,343,2024-05-24,Plan Selection,3,184,clicked,5,May,Post-Update
7931,1181,2024-05-17,Plan Selection,3,172,dropped,5,May,Post-Update
7932,1703,2024-02-12,Pricing Page,2,51,dropped,2,Feb,Pre-Update
7933,863,2024-02-05,Home,1,198,clicked,2,Feb,Pre-Update
7934,586,2024-05-17,Pricing Page,2,61,dropped,5,May,Post-Update
7935,738,2024-02-15,Plan Selection,3,181,viewed,2,Feb,Pre-Update
7936,2957,2024-05-24,Home,1,156,clicked,5,May,Post-Update
7937,2130,2024-05-26,Confirmation,5,40,converted,5,May,Post-Update
7938,36,2024-04-19,Confirmation,5,27,converted,4,Apr,Post-Update
7939,1521,2024-02-18,Payment,4,61,viewed,2,Feb,Pre-Update
7940,1516,2024-06-22,Pricing Page,2,53,clicked,6,Jun,Post-Update
7941,393,2024-03-22,Payment,4,199,dropped,3,Mar,Post-Update
7942,2960,2024-03-19,Home,1,147,viewed,3,Mar,Post-Update
7943,659,2024-04-04,Confirmation,5,59,converted,4,Apr,Post-Update
7944,1011,2024-06-20,Payment,4,165,viewed,6,Jun,Post-Update
7945,620,2024-06-14,Confirmation,5,209,converted,6,Jun,Post-Update
7946,419,2024-05-08,Home,1,109,dropped,5,May,Post-Update
7947,152,2024-06-17,Pricing Page,2,58,viewed,6,Jun,Post-Update
7948,2336,2024-06-26,Plan Selection,3,188,viewed,6,Jun,Post-Update
7949,489,2024-04-01,Home,1,152,clicked,4,Apr,Post-Update
7950,2809,2024-03-20,Pricing Page,2,57,dropped,3,Mar,Post-Update
7951,1569,2024-02-27,Home,1,37,viewed,2,Feb,Pre-Update
7952,2316,2024-06-20,Pricing Page,2,45,viewed,6,Jun,Post-Update
7953,659,2024-01-22,Confirmation,5,64,converted,1,Jan,Pre-Update
7954,1737,2024-01-16,Plan Selection,3,42,viewed,1,Jan,Pre-Update
7955,894,2024-02-09,Pricing Page,2,41,dropped,2,Feb,Pre-Update
7956,1554,2024-04-12,Pricing Page,2,59,clicked,4,Apr,Post-Update
7957,1403,2024-01-31,Pricing Page,2,52,dropped,1,Jan,Pre-Update
7958,1747,2024-05-29,Pricing Page,2,50,viewed,5,May,Post-Update
7959,776,2024-04-20,Pricing Page,2,54,viewed,4,Apr,Post-Update
7960,2085,2024-06-10,Pricing Page,2,44,viewed,6,Jun,Post-Update
7961,694,2024-02-08,Pricing Page,2,36,viewed,2,Feb,Pre-Update
7962,716,2024-02-16,Plan Selection,3,18,clicked,2,Feb,Pre-Update
7963,1433,2024-05-29,Plan Selection,3,16,dropped,5,May,Post-Update
7964,395,2024-04-04,Pricing Page,2,55,dropped,4,Apr,Post-Update
7965,159,2024-05-26,Confirmation,5,20,converted,5,May,Post-Update
7966,1742,2024-05-13,Confirmation,5,118,converted,5,May,Post-Update
7967,2542,2024-04-21,Plan Selection,3,178,viewed,4,Apr,Post-Update
7968,1423,2024-04-13,Pricing Page,2,50,clicked,4,Apr,Post-Update
7969,2220,2024-02-26,Pricing Page,2,51,clicked,2,Feb,Pre-Update
7970,2634,2024-04-12,Pricing Page,2,47,viewed,4,Apr,Post-Update
7971,2745,2024-04-28,Plan Selection,3,148,viewed,4,Apr,Post-Update
7972,831,2024-05-19,Home,1,168,viewed,5,May,Post-Update
7973,237,2024-05-11,Pricing Page,2,60,clicked,5,May,Post-Update
7974,2545,2024-03-08,Pricing Page,2,42,dropped,3,Mar,Pre-Update
7975,2564,2024-04-15,Pricing Page,2,38,dropped,4,Apr,Post-Update
7976,337,2024-03-24,Confirmation,5,95,converted,3,Mar,Post-Update
7977,765,2024-06-28,Home,1,205,clicked,6,Jun,Post-Update
7978,1890,2024-02-08,Home,1,61,viewed,2,Feb,Pre-Update
7979,2966,2024-05-03,Pricing Page,2,44,clicked,5,May,Post-Update
7980,110,2024-06-23,Plan Selection,3,140,dropped,6,Jun,Post-Update
7981,2266,2024-03-03,Pricing Page,2,38,dropped,3,Mar,Pre-Update
7982,665,2024-01-13,Plan Selection,3,49,viewed,1,Jan,Pre-Update
7983,353,2024-05-18,Pricing Page,2,38,clicked,5,May,Post-Update
7984,1114,2024-05-26,Confirmation,5,63,converted,5,May,Post-Update
7985,1539,2024-05-18,Pricing Page,2,41,clicked,5,May,Post-Update
7986,1884,2024-05-11,Payment,4,116,clicked,5,May,Post-Update
7987,1650,2024-03-25,Plan Selection,3,203,viewed,3,Mar,Post-Update
7988,596,2024-04-06,Home,1,159,clicked,4,Apr,Post-Update
7989,1145,2024-03-01,Plan Selection,3,139,viewed,3,Mar,Pre-Update
7990,952,2024-04-23,Home,1,16,viewed,4,Apr,Post-Update
7991,2817,2024-06-07,Plan Selection,3,46,dropped,6,Jun,Post-Update
7992,1837,2024-03-06,Confirmation,5,171,converted,3,Mar,Pre-Update
7993,283,2024-01-10,Confirmation,5,153,converted,1,Jan,Pre-Update
7994,1998,2024-02-01,Confirmation,5,188,converted,2,Feb,Pre-Update
7995,2433,2024-03-09,Pricing Page,2,33,dropped,3,Mar,Pre-Update
7996,1963,2024-05-03,Pricing Page,2,45,viewed,5,May,Post-Update
7997,1955,2024-04-20,Home,1,140,viewed,4,Apr,Post-Update
7998,2809,2024-05-14,Confirmation,5,63,converted,5,May,Post-Update
7999,1904,2024-03-09,Confirmation,5,161,converted,3,Mar,Pre-Update
8000,2538,2024-06-23,Pricing Page,2,53,clicked,6,Jun,Post-Update
8001,43,2024-06-19,Plan Selection,3,122,viewed,6,Jun,Post-Update
8002,681,2024-05-21,Pricing Page,2,61,dropped,5,May,Post-Update
8003,2886,2024-01-02,Home,1,173,clicked,1,Jan,Pre-Update
8004,1168,2024-02-14,Home,1,118,clicked,2,Feb,Pre-Update
8005,375,2024-06-24,Pricing Page,2,52,dropped,6,Jun,Post-Update
8006,1977,2024-02-07,Home,1,149,clicked,2,Feb,Pre-Update
8007,1127,2024-06-29,Payment,4,68,viewed,6,Jun,Post-Update
8008,1716,2024-02-04,Pricing Page,2,49,clicked,2,Feb,Pre-Update
8009,1444,2024-06-22,Pricing Page,2,65,dropped,6,Jun,Post-Update
8010,2404,2024-03-26,Confirmation,5,85,converted,3,Mar,Post-Update
8011,3000,2024-06-07,Pricing Page,2,45,dropped,6,Jun,Post-Update
8012,2230,2024-03-19,Confirmation,5,84,converted,3,Mar,Post-Update
8013,157,2024-01-27,Plan Selection,3,107,viewed,1,Jan,Pre-Update
8014,2798,2024-04-23,Pricing Page,2,60,clicked,4,Apr,Post-Update
8015,1889,2024-05-28,Pricing Page,2,55,dropped,5,May,Post-Update
8016,2826,2024-05-01,Plan Selection,3,138,viewed,5,May,Post-Update
8017,469,2024-06-17,Home,1,41,dropped,6,Jun,Post-Update
8018,1680,2024-02-03,Pricing Page,2,49,clicked,2,Feb,Pre-Update
8019,1651,2024-02-17,Plan Selection,3,122,viewed,2,Feb,Pre-Update
8020,858,2024-01-09,Pricing Page,2,52,clicked,1,Jan,Pre-Update
8021,83,2024-01-28,Plan Selection,3,195,viewed,1,Jan,Pre-Update
8022,859,2024-04-16,Home,1,131,viewed,4,Apr,Post-Update
8023,666,2024-05-04,Payment,4,164,clicked,5,May,Post-Update
8024,1641,2024-01-03,Pricing Page,2,31,viewed,1,Jan,Pre-Update
8025,2246,2024-05-27,Payment,4,140,viewed,5,May,Post-Update
8026,131,2024-05-28,Confirmation,5,91,converted,5,May,Post-Update
8027,342,2024-03-04,Pricing Page,2,58,clicked,3,Mar,Pre-Update
8028,2950,2024-02-07,Home,1,181,viewed,2,Feb,Pre-Update
8029,1140,2024-06-17,Plan Selection,3,165,clicked,6,Jun,Post-Update
8030,1065,2024-05-18,Payment,4,112,clicked,5,May,Post-Update
8031,2543,2024-03-14,Pricing Page,2,37,clicked,3,Mar,Pre-Update
8032,2586,2024-01-30,Pricing Page,2,50,clicked,1,Jan,Pre-Update
8033,965,2024-04-19,Home,1,97,dropped,4,Apr,Post-Update
8034,2766,2024-03-25,Plan Selection,3,92,clicked,3,Mar,Post-Update
8035,1985,2024-01-31,Payment,4,158,dropped,1,Jan,Pre-Update
8036,1747,2024-03-18,Pricing Page,2,58,dropped,3,Mar,Post-Update
8037,2912,2024-02-16,Pricing Page,2,32,dropped,2,Feb,Pre-Update
8038,81,2024-03-12,Confirmation,5,56,converted,3,Mar,Pre-Update
8039,1544,2024-06-07,Payment,4,122,clicked,6,Jun,Post-Update
8040,2474,2024-02-08,Plan Selection,3,71,viewed,2,Feb,Pre-Update
8041,2892,2024-03-28,Plan Selection,3,49,clicked,3,Mar,Post-Update
8042,1260,2024-06-10,Home,1,64,viewed,6,Jun,Post-Update
8043,420,2024-02-29,Pricing Page,2,33,viewed,2,Feb,Pre-Update
8044,1036,2024-06-12,Pricing Page,2,57,clicked,6,Jun,Post-Update
8045,321,2024-01-21,Pricing Page,2,56,clicked,1,Jan,Pre-Update
8046,1800,2024-01-12,Plan Selection,3,97,viewed,1,Jan,Pre-Update
8047,2225,2024-06-07,Home,1,31,dropped,6,Jun,Post-Update
8048,511,2024-04-10,Pricing Page,2,57,dropped,4,Apr,Post-Update
8049,1815,2024-03-25,Plan Selection,3,50,clicked,3,Mar,Post-Update
8050,2056,2024-01-09,Home,1,156,dropped,1,Jan,Pre-Update
8051,1582,2024-02-06,Pricing Page,2,44,dropped,2,Feb,Pre-Update
8052,963,2024-01-27,Payment,4,100,viewed,1,Jan,Pre-Update
8053,722,2024-03-21,Plan Selection,3,47,clicked,3,Mar,Post-Update
8054,1764,2024-04-26,Pricing Page,2,49,dropped,4,Apr,Post-Update
8055,1585,2024-01-06,Plan Selection,3,154,viewed,1,Jan,Pre-Update
8056,1315,2024-03-18,Payment,4,187,viewed,3,Mar,Post-Update
8057,2945,2024-01-23,Plan Selection,3,201,viewed,1,Jan,Pre-Update
8058,231,2024-01-04,Payment,4,54,clicked,1,Jan,Pre-Update
8059,269,2024-05-23,Plan Selection,3,23,clicked,5,May,Post-Update
8060,392,2024-06-03,Confirmation,5,183,converted,6,Jun,Post-Update
8061,2032,2024-05-21,Confirmation,5,25,converted,5,May,Post-Update
8062,2195,2024-03-17,Confirmation,5,84,converted,3,Mar,Post-Update
8063,255,2024-02-24,Pricing Page,2,39,viewed,2,Feb,Pre-Update
8064,351,2024-01-30,Pricing Page,2,55,viewed,1,Jan,Pre-Update
8065,2444,2024-03-20,Payment,4,106,dropped,3,Mar,Post-Update
8066,597,2024-04-19,Pricing Page,2,48,dropped,4,Apr,Post-Update
8067,1434,2024-06-01,Payment,4,94,viewed,6,Jun,Post-Update
8068,1185,2024-05-21,Plan Selection,3,53,viewed,5,May,Post-Update
8069,396,2024-05-22,Plan Selection,3,79,dropped,5,May,Post-Update
8070,1420,2024-01-11,Confirmation,5,56,converted,1,Jan,Pre-Update
8071,1513,2024-05-30,Plan Selection,3,148,clicked,5,May,Post-Update
8072,2072,2024-05-23,Confirmation,5,19,converted,5,May,Post-Update
8073,1754,2024-05-21,Home,1,92,viewed,5,May,Post-Update
8074,2513,2024-03-02,Home,1,194,dropped,3,Mar,Pre-Update
8075,1379,2024-01-30,Pricing Page,2,49,dropped,1,Jan,Pre-Update
8076,274,2024-03-15,Payment,4,155,dropped,3,Mar,Post-Update
8077,187,2024-04-12,Plan Selection,3,121,viewed,4,Apr,Post-Update
8078,1411,2024-06-05,Confirmation,5,10,converted,6,Jun,Post-Update
8079,726,2024-02-07,Pricing Page,2,58,viewed,2,Feb,Pre-Update
8080,1434,2024-05-18,Pricing Page,2,56,viewed,5,May,Post-Update
8081,2575,2024-03-25,Payment,4,80,clicked,3,Mar,Post-Update
8082,1674,2024-02-09,Pricing Page,2,41,clicked,2,Feb,Pre-Update
8083,1057,2024-04-29,Pricing Page,2,44,dropped,4,Apr,Post-Update
8084,2761,2024-05-03,Plan Selection,3,58,dropped,5,May,Post-Update
8085,1354,2024-04-09,Pricing Page,2,47,dropped,4,Apr,Post-Update
8086,2664,2024-03-05,Home,1,106,dropped,3,Mar,Pre-Update
8087,2992,2024-05-09,Plan Selection,3,173,clicked,5,May,Post-Update
8088,362,2024-04-28,Confirmation,5,131,converted,4,Apr,Post-Update
8089,889,2024-04-28,Pricing Page,2,38,clicked,4,Apr,Post-Update
8090,482,2024-02-24,Home,1,44,viewed,2,Feb,Pre-Update
8091,1682,2024-03-05,Home,1,106,dropped,3,Mar,Pre-Update
8092,2754,2024-03-08,Home,1,92,viewed,3,Mar,Pre-Update
8093,1569,2024-03-05,Pricing Page,2,59,dropped,3,Mar,Pre-Update
8094,657,2024-03-16,Pricing Page,2,65,dropped,3,Mar,Post-Update
8095,2751,2024-04-10,Home,1,114,clicked,4,Apr,Post-Update
8096,2710,2024-01-07,Pricing Page,2,35,clicked,1,Jan,Pre-Update
8097,820,2024-04-29,Pricing Page,2,52,viewed,4,Apr,Post-Update
8098,971,2024-05-14,Payment,4,112,clicked,5,May,Post-Update
8099,118,2024-02-15,Home,1,192,dropped,2,Feb,Pre-Update
8100,352,2024-01-13,Confirmation,5,166,converted,1,Jan,Pre-Update
8101,2762,2024-02-15,Plan Selection,3,159,dropped,2,Feb,Pre-Update
8102,2917,2024-01-24,Payment,4,55,viewed,1,Jan,Pre-Update
8103,526,2024-06-22,Pricing Page,2,53,clicked,6,Jun,Post-Update
8104,445,2024-04-04,Home,1,69,viewed,4,Apr,Post-Update
8105,2902,2024-06-15,Plan Selection,3,145,clicked,6,Jun,Post-Update
8106,1947,2024-02-11,Pricing Page,2,40,dropped,2,Feb,Pre-Update
8107,2346,2024-03-11,Plan Selection,3,178,clicked,3,Mar,Pre-Update
8108,1594,2024-03-16,Pricing Page,2,44,clicked,3,Mar,Post-Update
8109,1594,2024-05-12,Home,1,32,clicked,5,May,Post-Update
8110,1593,2024-04-06,Home,1,174,viewed,4,Apr,Post-Update
8111,2535,2024-04-24,Plan Selection,3,58,clicked,4,Apr,Post-Update
8112,2721,2024-04-10,Home,1,130,viewed,4,Apr,Post-Update
8113,1437,2024-05-28,Plan Selection,3,179,clicked,5,May,Post-Update
8114,2196,2024-06-10,Pricing Page,2,58,clicked,6,Jun,Post-Update
8115,583,2024-06-29,Pricing Page,2,40,dropped,6,Jun,Post-Update
8116,1150,2024-04-10,Plan Selection,3,105,clicked,4,Apr,Post-Update
8117,348,2024-01-09,Confirmation,5,63,converted,1,Jan,Pre-Update
8118,2066,2024-04-26,Home,1,177,viewed,4,Apr,Post-Update
8119,466,2024-04-13,Pricing Page,2,45,dropped,4,Apr,Post-Update
8120,1195,2024-06-15,Pricing Page,2,47,dropped,6,Jun,Post-Update
8121,2145,2024-04-14,Payment,4,195,clicked,4,Apr,Post-Update
8122,1334,2024-06-09,Home,1,179,viewed,6,Jun,Post-Update
8123,305,2024-05-10,Pricing Page,2,49,viewed,5,May,Post-Update
8124,2236,2024-05-23,Payment,4,57,dropped,5,May,Post-Update
8125,1157,2024-06-06,Home,1,77,dropped,6,Jun,Post-Update
8126,1736,2024-04-07,Confirmation,5,47,converted,4,Apr,Post-Update
8127,136,2024-05-01,Pricing Page,2,39,clicked,5,May,Post-Update
8128,377,2024-04-26,Payment,4,61,viewed,4,Apr,Post-Update
8129,444,2024-03-10,Pricing Page,2,36,clicked,3,Mar,Pre-Update
8130,1481,2024-04-18,Plan Selection,3,163,clicked,4,Apr,Post-Update
8131,667,2024-02-05,Pricing Page,2,57,clicked,2,Feb,Pre-Update
8132,2544,2024-01-12,Payment,4,148,dropped,1,Jan,Pre-Update
8133,1608,2024-02-27,Confirmation,5,188,converted,2,Feb,Pre-Update
8134,1699,2024-01-27,Home,1,166,viewed,1,Jan,Pre-Update
8135,1626,2024-03-08,Pricing Page,2,33,viewed,3,Mar,Pre-Update
8136,1954,2024-06-07,Pricing Page,2,51,dropped,6,Jun,Post-Update
8137,2491,2024-01-06,Plan Selection,3,46,viewed,1,Jan,Pre-Update
8138,642,2024-02-08,Pricing Page,2,43,dropped,2,Feb,Pre-Update
8139,2084,2024-03-20,Home,1,67,dropped,3,Mar,Post-Update
8140,1538,2024-03-01,Home,1,146,dropped,3,Mar,Pre-Update
8141,2886,2024-05-25,Home,1,58,viewed,5,May,Post-Update
8142,1266,2024-04-21,Payment,4,53,viewed,4,Apr,Post-Update
8143,1752,2024-06-25,Home,1,160,clicked,6,Jun,Post-Update
8144,1449,2024-03-08,Pricing Page,2,58,clicked,3,Mar,Pre-Update
8145,1485,2024-01-16,Confirmation,5,106,converted,1,Jan,Pre-Update
8146,1712,2024-03-13,Pricing Page,2,39,clicked,3,Mar,Pre-Update
8147,547,2024-01-10,Plan Selection,3,87,viewed,1,Jan,Pre-Update
8148,2667,2024-01-03,Pricing Page,2,59,clicked,1,Jan,Pre-Update
8149,1825,2024-06-11,Plan Selection,3,146,clicked,6,Jun,Post-Update
8150,2543,2024-01-19,Confirmation,5,118,converted,1,Jan,Pre-Update
8151,2413,2024-03-12,Plan Selection,3,124,dropped,3,Mar,Pre-Update
8152,906,2024-06-12,Plan Selection,3,74,viewed,6,Jun,Post-Update
8153,2966,2024-04-13,Confirmation,5,156,converted,4,Apr,Post-Update
8154,2986,2024-05-20,Confirmation,5,47,converted,5,May,Post-Update
8155,683,2024-04-13,Home,1,49,clicked,4,Apr,Post-Update
8156,1864,2024-05-20,Home,1,155,viewed,5,May,Post-Update
8157,2653,2024-04-14,Pricing Page,2,51,dropped,4,Apr,Post-Update
8158,425,2024-02-12,Payment,4,209,viewed,2,Feb,Pre-Update
8159,2457,2024-05-26,Plan Selection,3,124,dropped,5,May,Post-Update
8160,1695,2024-04-28,Plan Selection,3,200,dropped,4,Apr,Post-Update
8161,571,2024-06-15,Home,1,98,dropped,6,Jun,Post-Update
8162,188,2024-01-15,Pricing Page,2,56,clicked,1,Jan,Pre-Update
8163,2760,2024-03-25,Plan Selection,3,113,viewed,3,Mar,Post-Update
8164,1868,2024-04-19,Home,1,10,clicked,4,Apr,Post-Update
8165,1722,2024-02-28,Confirmation,5,107,converted,2,Feb,Pre-Update
8166,2282,2024-03-03,Pricing Page,2,34,dropped,3,Mar,Pre-Update
8167,1623,2024-04-06,Home,1,123,viewed,4,Apr,Post-Update
8168,2891,2024-04-22,Pricing Page,2,44,dropped,4,Apr,Post-Update
8169,1913,2024-05-25,Home,1,36,clicked,5,May,Post-Update
8170,705,2024-02-05,Pricing Page,2,55,dropped,2,Feb,Pre-Update
8171,1213,2024-06-01,Home,1,109,clicked,6,Jun,Post-Update
8172,2585,2024-06-10,Confirmation,5,161,converted,6,Jun,Post-Update
8173,402,2024-03-11,Plan Selection,3,118,dropped,3,Mar,Pre-Update
8174,2298,2024-04-18,Plan Selection,3,139,dropped,4,Apr,Post-Update
8175,2761,2024-01-16,Plan Selection,3,19,clicked,1,Jan,Pre-Update
8176,500,2024-01-09,Payment,4,106,dropped,1,Jan,Pre-Update
8177,2273,2024-01-12,Home,1,27,clicked,1,Jan,Pre-Update
8178,283,2024-04-28,Confirmation,5,205,converted,4,Apr,Post-Update
8179,2796,2024-05-10,Payment,4,185,viewed,5,May,Post-Update
8180,555,2024-01-07,Plan Selection,3,207,dropped,1,Jan,Pre-Update
8181,1332,2024-06-25,Plan Selection,3,170,clicked,6,Jun,Post-Update
8182,1448,2024-02-20,Confirmation,5,183,converted,2,Feb,Pre-Update
8183,1549,2024-06-26,Pricing Page,2,62,dropped,6,Jun,Post-Update
8184,1880,2024-01-17,Plan Selection,3,138,clicked,1,Jan,Pre-Update
8185,1241,2024-04-29,Home,1,69,clicked,4,Apr,Post-Update
8186,2105,2024-04-10,Plan Selection,3,139,dropped,4,Apr,Post-Update
8187,912,2024-05-19,Confirmation,5,98,converted,5,May,Post-Update
8188,1079,2024-03-25,Pricing Page,2,65,clicked,3,Mar,Post-Update
8189,141,2024-06-24,Plan Selection,3,141,dropped,6,Jun,Post-Update
8190,2140,2024-01-29,Plan Selection,3,165,viewed,1,Jan,Pre-Update
8191,978,2024-05-31,Pricing Page,2,53,viewed,5,May,Post-Update
8192,862,2024-04-06,Payment,4,96,viewed,4,Apr,Post-Update
8193,1197,2024-05-20,Plan Selection,3,38,viewed,5,May,Post-Update
8194,1999,2024-03-27,Pricing Page,2,53,dropped,3,Mar,Post-Update
8195,2296,2024-03-15,Payment,4,132,viewed,3,Mar,Post-Update
8196,2776,2024-03-07,Home,1,49,viewed,3,Mar,Pre-Update
8197,1329,2024-05-23,Plan Selection,3,175,dropped,5,May,Post-Update
8198,1819,2024-03-08,Home,1,37,clicked,3,Mar,Pre-Update
8199,698,2024-04-14,Home,1,51,clicked,4,Apr,Post-Update
8200,2197,2024-02-15,Home,1,111,clicked,2,Feb,Pre-Update
8201,1276,2024-06-21,Pricing Page,2,56,clicked,6,Jun,Post-Update
8202,859,2024-04-06,Payment,4,100,viewed,4,Apr,Post-Update
8203,2393,2024-03-30,Home,1,192,clicked,3,Mar,Post-Update
8204,2703,2024-04-04,Confirmation,5,195,converted,4,Apr,Post-Update
8205,2842,2024-06-21,Confirmation,5,158,converted,6,Jun,Post-Update
8206,2883,2024-04-13,Confirmation,5,38,converted,4,Apr,Post-Update
8207,2404,2024-04-14,Pricing Page,2,58,viewed,4,Apr,Post-Update
8208,2461,2024-02-01,Pricing Page,2,47,clicked,2,Feb,Pre-Update
8209,924,2024-05-10,Plan Selection,3,66,clicked,5,May,Post-Update
8210,2490,2024-01-27,Pricing Page,2,52,dropped,1,Jan,Pre-Update
8211,163,2024-01-15,Pricing Page,2,57,viewed,1,Jan,Pre-Update
8212,1251,2024-04-20,Payment,4,54,viewed,4,Apr,Post-Update
8213,2138,2024-04-06,Plan Selection,3,26,viewed,4,Apr,Post-Update
8214,2317,2024-03-21,Confirmation,5,59,converted,3,Mar,Post-Update
8215,1465,2024-05-05,Home,1,207,viewed,5,May,Post-Update
8216,1444,2024-05-14,Pricing Page,2,40,clicked,5,May,Post-Update
8217,2991,2024-01-06,Home,1,143,viewed,1,Jan,Pre-Update
8218,1354,2024-04-15,Plan Selection,3,13,clicked,4,Apr,Post-Update
8219,316,2024-02-11,Payment,4,111,dropped,2,Feb,Pre-Update
8220,1807,2024-06-17,Payment,4,102,viewed,6,Jun,Post-Update
8221,1332,2024-06-14,Pricing Page,2,53,clicked,6,Jun,Post-Update
8222,1057,2024-03-20,Home,1,90,clicked,3,Mar,Post-Update
8223,2038,2024-04-30,Pricing Page,2,50,dropped,4,Apr,Post-Update
8224,670,2024-02-07,Pricing Page,2,34,clicked,2,Feb,Pre-Update
8225,92,2024-01-12,Pricing Page,2,57,viewed,1,Jan,Pre-Update
8226,2592,2024-04-09,Home,1,39,clicked,4,Apr,Post-Update
8227,2539,2024-03-23,Payment,4,87,viewed,3,Mar,Post-Update
8228,652,2024-01-11,Plan Selection,3,21,clicked,1,Jan,Pre-Update
8229,1745,2024-06-03,Plan Selection,3,17,viewed,6,Jun,Post-Update
8230,2993,2024-01-23,Plan Selection,3,170,dropped,1,Jan,Pre-Update
8231,248,2024-01-23,Pricing Page,2,43,dropped,1,Jan,Pre-Update
8232,783,2024-06-22,Confirmation,5,35,converted,6,Jun,Post-Update
8233,1912,2024-05-25,Home,1,42,clicked,5,May,Post-Update
8234,2448,2024-05-06,Home,1,38,clicked,5,May,Post-Update
8235,1335,2024-03-31,Home,1,68,viewed,3,Mar,Post-Update
8236,98,2024-02-09,Home,1,80,viewed,2,Feb,Pre-Update
8237,2135,2024-02-23,Pricing Page,2,55,dropped,2,Feb,Pre-Update
8238,1484,2024-06-01,Payment,4,45,viewed,6,Jun,Post-Update
8239,2231,2024-05-16,Plan Selection,3,95,clicked,5,May,Post-Update
8240,907,2024-06-23,Confirmation,5,143,converted,6,Jun,Post-Update
8241,1812,2024-01-03,Pricing Page,2,38,clicked,1,Jan,Pre-Update
8242,1026,2024-05-22,Confirmation,5,37,converted,5,May,Post-Update
8243,2966,2024-04-06,Plan Selection,3,187,clicked,4,Apr,Post-Update
8244,126,2024-02-04,Payment,4,118,clicked,2,Feb,Pre-Update
8245,1861,2024-03-04,Confirmation,5,93,converted,3,Mar,Pre-Update
8246,1184,2024-05-11,Pricing Page,2,40,dropped,5,May,Post-Update
8247,125,2024-01-06,Home,1,26,clicked,1,Jan,Pre-Update
8248,923,2024-04-19,Home,1,137,viewed,4,Apr,Post-Update
8249,2042,2024-04-27,Home,1,17,viewed,4,Apr,Post-Update
8250,2692,2024-05-02,Plan Selection,3,103,dropped,5,May,Post-Update
8251,2260,2024-01-14,Home,1,78,clicked,1,Jan,Pre-Update
8252,2596,2024-02-04,Pricing Page,2,34,viewed,2,Feb,Pre-Update
8253,859,2024-02-02,Home,1,132,viewed,2,Feb,Pre-Update
8254,117,2024-02-18,Pricing Page,2,39,viewed,2,Feb,Pre-Update
8255,1633,2024-01-06,Plan Selection,3,109,viewed,1,Jan,Pre-Update
8256,600,2024-02-02,Pricing Page,2,59,dropped,2,Feb,Pre-Update
8257,923,2024-03-05,Payment,4,63,viewed,3,Mar,Pre-Update
8258,2472,2024-06-20,Pricing Page,2,51,dropped,6,Jun,Post-Update
8259,973,2024-06-27,Confirmation,5,186,converted,6,Jun,Post-Update
8260,1534,2024-06-12,Confirmation,5,51,converted,6,Jun,Post-Update
8261,263,2024-05-27,Payment,4,129,clicked,5,May,Post-Update
8262,43,2024-03-11,Confirmation,5,72,converted,3,Mar,Pre-Update
8263,2633,2024-03-22,Plan Selection,3,159,viewed,3,Mar,Post-Update
8264,463,2024-01-25,Pricing Page,2,48,clicked,1,Jan,Pre-Update
8265,1034,2024-03-17,Home,1,34,clicked,3,Mar,Post-Update
8266,1698,2024-04-30,Plan Selection,3,41,viewed,4,Apr,Post-Update
8267,2950,2024-02-14,Pricing Page,2,48,dropped,2,Feb,Pre-Update
8268,2200,2024-05-05,Pricing Page,2,46,clicked,5,May,Post-Update
8269,848,2024-04-03,Payment,4,46,viewed,4,Apr,Post-Update
8270,2295,2024-06-01,Confirmation,5,12,converted,6,Jun,Post-Update
8271,997,2024-04-24,Home,1,188,viewed,4,Apr,Post-Update
8272,737,2024-02-20,Plan Selection,3,93,dropped,2,Feb,Pre-Update
8273,1280,2024-05-11,Pricing Page,2,55,viewed,5,May,Post-Update
8274,1770,2024-03-02,Confirmation,5,141,converted,3,Mar,Pre-Update
8275,1432,2024-03-16,Plan Selection,3,203,viewed,3,Mar,Post-Update
8276,1892,2024-03-19,Pricing Page,2,40,clicked,3,Mar,Post-Update
8277,2712,2024-04-19,Pricing Page,2,61,viewed,4,Apr,Post-Update
8278,405,2024-01-03,Plan Selection,3,57,dropped,1,Jan,Pre-Update
8279,1193,2024-02-28,Pricing Page,2,33,clicked,2,Feb,Pre-Update
8280,1876,2024-06-13,Plan Selection,3,144,clicked,6,Jun,Post-Update
8281,1697,2024-06-08,Plan Selection,3,178,dropped,6,Jun,Post-Update
8282,430,2024-02-26,Home,1,144,viewed,2,Feb,Pre-Update
8283,2833,2024-05-15,Confirmation,5,67,converted,5,May,Post-Update
8284,2134,2024-05-06,Pricing Page,2,58,dropped,5,May,Post-Update
8285,2834,2024-03-31,Plan Selection,3,188,clicked,3,Mar,Post-Update
8286,1204,2024-05-17,Plan Selection,3,156,viewed,5,May,Post-Update
8287,296,2024-06-13,Pricing Page,2,55,dropped,6,Jun,Post-Update
8288,1983,2024-01-15,Pricing Page,2,54,viewed,1,Jan,Pre-Update
8289,1844,2024-04-28,Pricing Page,2,42,dropped,4,Apr,Post-Update
8290,2526,2024-06-02,Plan Selection,3,11,viewed,6,Jun,Post-Update
8291,1514,2024-05-26,Plan Selection,3,47,clicked,5,May,Post-Update
8292,993,2024-04-03,Plan Selection,3,82,dropped,4,Apr,Post-Update
8293,881,2024-02-12,Pricing Page,2,53,dropped,2,Feb,Pre-Update
8294,2030,2024-03-08,Payment,4,29,viewed,3,Mar,Pre-Update
8295,1478,2024-04-16,Pricing Page,2,55,dropped,4,Apr,Post-Update
8296,146,2024-04-07,Plan Selection,3,26,viewed,4,Apr,Post-Update
8297,2243,2024-03-02,Pricing Page,2,37,viewed,3,Mar,Pre-Update
8298,2429,2024-02-24,Home,1,104,dropped,2,Feb,Pre-Update
8299,886,2024-01-09,Pricing Page,2,47,viewed,1,Jan,Pre-Update
8300,2082,2024-05-24,Confirmation,5,48,converted,5,May,Post-Update
8301,623,2024-03-24,Plan Selection,3,10,viewed,3,Mar,Post-Update
8302,2680,2024-04-05,Confirmation,5,50,converted,4,Apr,Post-Update
8303,431,2024-01-20,Home,1,56,viewed,1,Jan,Pre-Update
8304,1455,2024-06-13,Home,1,164,clicked,6,Jun,Post-Update
8305,1434,2024-05-08,Home,1,110,dropped,5,May,Post-Update
8306,468,2024-03-09,Pricing Page,2,30,viewed,3,Mar,Pre-Update
8307,2746,2024-02-05,Pricing Page,2,47,dropped,2,Feb,Pre-Update
8308,443,2024-02-09,Plan Selection,3,116,viewed,2,Feb,Pre-Update
8309,391,2024-03-16,Plan Selection,3,62,dropped,3,Mar,Post-Update
8310,683,2024-04-05,Confirmation,5,46,converted,4,Apr,Post-Update
8311,152,2024-05-08,Pricing Page,2,62,viewed,5,May,Post-Update
8312,573,2024-01-31,Pricing Page,2,53,dropped,1,Jan,Pre-Update
8313,1135,2024-03-23,Home,1,78,clicked,3,Mar,Post-Update
8314,1161,2024-01-17,Pricing Page,2,34,viewed,1,Jan,Pre-Update
8315,2678,2024-06-06,Plan Selection,3,168,viewed,6,Jun,Post-Update
8316,752,2024-03-26,Plan Selection,3,132,clicked,3,Mar,Post-Update
8317,1243,2024-02-27,Pricing Page,2,53,viewed,2,Feb,Pre-Update
8318,2991,2024-03-09,Confirmation,5,83,converted,3,Mar,Pre-Update
8319,439,2024-04-22,Plan Selection,3,108,clicked,4,Apr,Post-Update
8320,2256,2024-03-17,Payment,4,13,clicked,3,Mar,Post-Update
8321,1488,2024-06-21,Pricing Page,2,53,clicked,6,Jun,Post-Update
8322,1261,2024-05-07,Pricing Page,2,42,viewed,5,May,Post-Update
8323,1543,2024-04-17,Pricing Page,2,48,dropped,4,Apr,Post-Update
8324,1020,2024-02-17,Pricing Page,2,50,clicked,2,Feb,Pre-Update
8325,1360,2024-05-21,Plan Selection,3,81,dropped,5,May,Post-Update
8326,2437,2024-04-05,Home,1,92,clicked,4,Apr,Post-Update
8327,180,2024-06-16,Pricing Page,2,51,viewed,6,Jun,Post-Update
8328,2916,2024-02-22,Plan Selection,3,172,clicked,2,Feb,Pre-Update
8329,2476,2024-05-19,Pricing Page,2,53,dropped,5,May,Post-Update
8330,461,2024-01-22,Home,1,81,clicked,1,Jan,Pre-Update
8331,2000,2024-02-22,Pricing Page,2,43,viewed,2,Feb,Pre-Update
8332,2404,2024-04-05,Pricing Page,2,54,dropped,4,Apr,Post-Update
8333,2894,2024-03-18,Pricing Page,2,67,dropped,3,Mar,Post-Update
8334,296,2024-05-31,Confirmation,5,192,converted,5,May,Post-Update
8335,2759,2024-06-03,Plan Selection,3,207,clicked,6,Jun,Post-Update
8336,368,2024-03-05,Pricing Page,2,30,viewed,3,Mar,Pre-Update
8337,136,2024-05-20,Payment,4,82,viewed,5,May,Post-Update
8338,2838,2024-06-13,Plan Selection,3,161,viewed,6,Jun,Post-Update
8339,645,2024-06-26,Pricing Page,2,50,dropped,6,Jun,Post-Update
8340,2402,2024-03-12,Plan Selection,3,157,viewed,3,Mar,Pre-Update
8341,1258,2024-02-27,Pricing Page,2,51,clicked,2,Feb,Pre-Update
8342,2353,2024-01-29,Pricing Page,2,50,dropped,1,Jan,Pre-Update
8343,2226,2024-02-09,Payment,4,142,viewed,2,Feb,Pre-Update
8344,1813,2024-06-06,Plan Selection,3,19,viewed,6,Jun,Post-Update
8345,370,2024-04-28,Confirmation,5,110,converted,4,Apr,Post-Update
8346,2504,2024-04-30,Payment,4,41,clicked,4,Apr,Post-Update
8347,2895,2024-06-23,Confirmation,5,156,converted,6,Jun,Post-Update
8348,2638,2024-02-06,Pricing Page,2,39,dropped,2,Feb,Pre-Update
8349,69,2024-06-20,Plan Selection,3,99,clicked,6,Jun,Post-Update
8350,2972,2024-01-28,Payment,4,114,dropped,1,Jan,Pre-Update
8351,1768,2024-02-14,Pricing Page,2,48,clicked,2,Feb,Pre-Update
8352,1483,2024-03-24,Payment,4,167,clicked,3,Mar,Post-Update
8353,2431,2024-05-14,Pricing Page,2,45,dropped,5,May,Post-Update
8354,64,2024-01-09,Home,1,144,viewed,1,Jan,Pre-Update
8355,996,2024-01-10,Pricing Page,2,35,dropped,1,Jan,Pre-Update
8356,302,2024-01-19,Pricing Page,2,52,dropped,1,Jan,Pre-Update
8357,1518,2024-01-11,Payment,4,151,dropped,1,Jan,Pre-Update
8358,2762,2024-06-25,Home,1,140,viewed,6,Jun,Post-Update
8359,1830,2024-02-26,Plan Selection,3,142,dropped,2,Feb,Pre-Update
8360,2297,2024-03-09,Plan Selection,3,180,clicked,3,Mar,Pre-Update
8361,2346,2024-04-01,Home,1,92,clicked,4,Apr,Post-Update
8362,966,2024-01-13,Pricing Page,2,51,dropped,1,Jan,Pre-Update
8363,2409,2024-06-04,Confirmation,5,183,converted,6,Jun,Post-Update
8364,2025,2024-05-19,Payment,4,166,clicked,5,May,Post-Update
8365,2843,2024-03-06,Confirmation,5,153,converted,3,Mar,Pre-Update
8366,2106,2024-03-06,Plan Selection,3,92,viewed,3,Mar,Pre-Update
8367,1688,2024-06-18,Confirmation,5,35,converted,6,Jun,Post-Update
8368,2036,2024-01-02,Home,1,19,dropped,1,Jan,Pre-Update
8369,2372,2024-03-12,Plan Selection,3,173,clicked,3,Mar,Pre-Update
8370,2884,2024-06-22,Confirmation,5,150,converted,6,Jun,Post-Update
8371,2284,2024-05-06,Pricing Page,2,66,dropped,5,May,Post-Update
8372,71,2024-04-12,Payment,4,38,clicked,4,Apr,Post-Update
8373,1739,2024-05-05,Payment,4,128,viewed,5,May,Post-Update
8374,2926,2024-04-23,Pricing Page,2,43,dropped,4,Apr,Post-Update
8375,2287,2024-01-06,Payment,4,55,clicked,1,Jan,Pre-Update
8376,226,2024-05-10,Pricing Page,2,58,dropped,5,May,Post-Update
8377,1989,2024-02-19,Pricing Page,2,31,dropped,2,Feb,Pre-Update
8378,989,2024-03-09,Confirmation,5,78,converted,3,Mar,Pre-Update
8379,116,2024-01-29,Plan Selection,3,192,clicked,1,Jan,Pre-Update
8380,2773,2024-01-04,Pricing Page,2,48,dropped,1,Jan,Pre-Update
8381,1960,2024-06-21,Payment,4,35,dropped,6,Jun,Post-Update
8382,2574,2024-04-08,Home,1,37,dropped,4,Apr,Post-Update
8383,2036,2024-05-13,Plan Selection,3,28,clicked,5,May,Post-Update
8384,314,2024-01-17,Home,1,106,viewed,1,Jan,Pre-Update
8385,1091,2024-06-16,Plan Selection,3,200,dropped,6,Jun,Post-Update
8386,2138,2024-02-10,Confirmation,5,59,converted,2,Feb,Pre-Update
8387,829,2024-04-26,Pricing Page,2,39,dropped,4,Apr,Post-Update
8388,2875,2024-05-14,Payment,4,208,clicked,5,May,Post-Update
8389,485,2024-04-04,Home,1,31,dropped,4,Apr,Post-Update
8390,932,2024-02-01,Confirmation,5,46,converted,2,Feb,Pre-Update
8391,294,2024-06-18,Pricing Page,2,40,dropped,6,Jun,Post-Update
8392,1458,2024-03-05,Pricing Page,2,47,viewed,3,Mar,Pre-Update
8393,2293,2024-01-23,Pricing Page,2,36,dropped,1,Jan,Pre-Update
8394,318,2024-01-13,Home,1,191,clicked,1,Jan,Pre-Update
8395,1890,2024-05-13,Payment,4,166,clicked,5,May,Post-Update
8396,733,2024-04-30,Plan Selection,3,198,viewed,4,Apr,Post-Update
8397,2797,2024-05-25,Pricing Page,2,59,viewed,5,May,Post-Update
8398,1547,2024-05-18,Pricing Page,2,40,clicked,5,May,Post-Update
8399,2375,2024-01-23,Pricing Page,2,55,clicked,1,Jan,Pre-Update
8400,322,2024-06-18,Pricing Page,2,66,clicked,6,Jun,Post-Update
8401,1523,2024-04-06,Home,1,43,clicked,4,Apr,Post-Update
8402,1093,2024-05-06,Pricing Page,2,66,dropped,5,May,Post-Update
8403,2854,2024-01-11,Pricing Page,2,58,clicked,1,Jan,Pre-Update
8404,1958,2024-05-15,Payment,4,157,clicked,5,May,Post-Update
8405,798,2024-03-20,Pricing Page,2,59,dropped,3,Mar,Post-Update
8406,2028,2024-02-20,Pricing Page,2,30,dropped,2,Feb,Pre-Update
8407,81,2024-01-12,Pricing Page,2,31,clicked,1,Jan,Pre-Update
8408,489,2024-03-21,Payment,4,77,clicked,3,Mar,Post-Update
8409,1361,2024-05-21,Plan Selection,3,98,clicked,5,May,Post-Update
8410,1042,2024-01-24,Plan Selection,3,146,clicked,1,Jan,Pre-Update
8411,2396,2024-02-21,Home,1,61,dropped,2,Feb,Pre-Update
8412,1032,2024-01-10,Pricing Page,2,58,dropped,1,Jan,Pre-Update
8413,988,2024-04-12,Payment,4,105,viewed,4,Apr,Post-Update
8414,2871,2024-01-28,Confirmation,5,15,converted,1,Jan,Pre-Update
8415,1317,2024-01-21,Pricing Page,2,58,viewed,1,Jan,Pre-Update
8416,232,2024-03-17,Confirmation,5,43,converted,3,Mar,Post-Update
8417,531,2024-03-09,Pricing Page,2,50,dropped,3,Mar,Pre-Update
8418,2480,2024-06-26,Pricing Page,2,44,clicked,6,Jun,Post-Update
8419,887,2024-01-20,Plan Selection,3,200,viewed,1,Jan,Pre-Update
8420,430,2024-02-26,Home,1,157,clicked,2,Feb,Pre-Update
8421,475,2024-06-24,Pricing Page,2,38,viewed,6,Jun,Post-Update
8422,1471,2024-05-12,Pricing Page,2,61,dropped,5,May,Post-Update
8423,1770,2024-05-16,Home,1,163,viewed,5,May,Post-Update
8424,2310,2024-03-14,Payment,4,93,viewed,3,Mar,Pre-Update
8425,674,2024-03-20,Plan Selection,3,74,dropped,3,Mar,Post-Update
8426,505,2024-05-17,Pricing Page,2,42,viewed,5,May,Post-Update
8427,914,2024-04-26,Pricing Page,2,55,dropped,4,Apr,Post-Update
8428,1134,2024-05-25,Confirmation,5,16,converted,5,May,Post-Update
8429,1480,2024-03-07,Pricing Page,2,51,clicked,3,Mar,Pre-Update
8430,1148,2024-03-10,Payment,4,153,clicked,3,Mar,Pre-Update
8431,420,2024-06-16,Pricing Page,2,46,clicked,6,Jun,Post-Update
8432,1048,2024-02-05,Confirmation,5,27,converted,2,Feb,Pre-Update
8433,1926,2024-06-19,Payment,4,17,viewed,6,Jun,Post-Update
8434,894,2024-05-31,Pricing Page,2,38,dropped,5,May,Post-Update
8435,1505,2024-02-06,Plan Selection,3,191,dropped,2,Feb,Pre-Update
8436,1307,2024-01-15,Home,1,64,dropped,1,Jan,Pre-Update
8437,1188,2024-06-03,Home,1,183,dropped,6,Jun,Post-Update
8438,2398,2024-05-16,Pricing Page,2,55,clicked,5,May,Post-Update
8439,1409,2024-05-24,Plan Selection,3,121,dropped,5,May,Post-Update
8440,1161,2024-06-11,Pricing Page,2,67,viewed,6,Jun,Post-Update
8441,1311,2024-04-12,Plan Selection,3,196,dropped,4,Apr,Post-Update
8442,1722,2024-04-27,Plan Selection,3,149,viewed,4,Apr,Post-Update
8443,1295,2024-03-20,Confirmation,5,50,converted,3,Mar,Post-Update
8444,906,2024-06-11,Plan Selection,3,64,clicked,6,Jun,Post-Update
8445,323,2024-05-21,Plan Selection,3,117,viewed,5,May,Post-Update
8446,535,2024-01-04,Plan Selection,3,155,viewed,1,Jan,Pre-Update
8447,2057,2024-04-01,Pricing Page,2,62,clicked,4,Apr,Post-Update
8448,2083,2024-04-20,Confirmation,5,21,converted,4,Apr,Post-Update
8449,1052,2024-04-15,Payment,4,111,viewed,4,Apr,Post-Update
8450,1253,2024-01-23,Pricing Page,2,44,dropped,1,Jan,Pre-Update
8451,2290,2024-01-22,Pricing Page,2,33,clicked,1,Jan,Pre-Update
8452,1053,2024-04-03,Plan Selection,3,25,viewed,4,Apr,Post-Update
8453,2457,2024-04-30,Payment,4,77,dropped,4,Apr,Post-Update
8454,1351,2024-06-24,Plan Selection,3,135,viewed,6,Jun,Post-Update
8455,614,2024-01-31,Pricing Page,2,48,dropped,1,Jan,Pre-Update
8456,248,2024-02-18,Home,1,129,viewed,2,Feb,Pre-Update
8457,2908,2024-04-16,Home,1,90,viewed,4,Apr,Post-Update
8458,1200,2024-02-11,Confirmation,5,25,converted,2,Feb,Pre-Update
8459,1607,2024-03-20,Plan Selection,3,133,clicked,3,Mar,Post-Update
8460,2362,2024-06-21,Pricing Page,2,41,dropped,6,Jun,Post-Update
8461,2895,2024-03-14,Home,1,98,viewed,3,Mar,Pre-Update
8462,2331,2024-03-17,Payment,4,127,viewed,3,Mar,Post-Update
8463,1215,2024-01-22,Pricing Page,2,47,viewed,1,Jan,Pre-Update
8464,371,2024-02-20,Home,1,77,clicked,2,Feb,Pre-Update
8465,2522,2024-03-30,Confirmation,5,62,converted,3,Mar,Post-Update
8466,1427,2024-04-15,Pricing Page,2,59,dropped,4,Apr,Post-Update
8467,467,2024-04-21,Plan Selection,3,46,dropped,4,Apr,Post-Update
8468,2849,2024-03-22,Pricing Page,2,56,viewed,3,Mar,Post-Update
8469,1745,2024-02-16,Plan Selection,3,201,dropped,2,Feb,Pre-Update
8470,2486,2024-05-11,Home,1,116,dropped,5,May,Post-Update
8471,1694,2024-01-24,Confirmation,5,80,converted,1,Jan,Pre-Update
8472,2745,2024-04-04,Payment,4,156,dropped,4,Apr,Post-Update
8473,636,2024-05-27,Pricing Page,2,60,dropped,5,May,Post-Update
8474,2980,2024-04-20,Home,1,125,viewed,4,Apr,Post-Update
8475,1283,2024-02-14,Confirmation,5,206,converted,2,Feb,Pre-Update
8476,248,2024-03-25,Home,1,207,viewed,3,Mar,Post-Update
8477,1752,2024-05-23,Pricing Page,2,57,dropped,5,May,Post-Update
8478,2920,2024-01-25,Payment,4,92,viewed,1,Jan,Pre-Update
8479,1953,2024-06-14,Plan Selection,3,89,dropped,6,Jun,Post-Update
8480,970,2024-02-25,Plan Selection,3,179,clicked,2,Feb,Pre-Update
8481,1092,2024-01-14,Pricing Page,2,36,dropped,1,Jan,Pre-Update
8482,1112,2024-02-14,Home,1,182,viewed,2,Feb,Pre-Update
8483,378,2024-05-25,Plan Selection,3,174,dropped,5,May,Post-Update
8484,1240,2024-04-06,Pricing Page,2,55,dropped,4,Apr,Post-Update
8485,2941,2024-02-22,Plan Selection,3,145,viewed,2,Feb,Pre-Update
8486,901,2024-06-11,Plan Selection,3,58,clicked,6,Jun,Post-Update
8487,1577,2024-02-20,Payment,4,49,clicked,2,Feb,Pre-Update
8488,919,2024-05-22,Home,1,154,clicked,5,May,Post-Update
8489,2023,2024-04-30,Pricing Page,2,52,dropped,4,Apr,Post-Update
8490,100,2024-05-05,Pricing Page,2,60,clicked,5,May,Post-Update
8491,2814,2024-05-21,Home,1,42,clicked,5,May,Post-Update
8492,123,2024-05-04,Pricing Page,2,53,dropped,5,May,Post-Update
8493,1231,2024-02-23,Pricing Page,2,40,viewed,2,Feb,Pre-Update
8494,2486,2024-02-11,Plan Selection,3,139,dropped,2,Feb,Pre-Update
8495,739,2024-04-03,Payment,4,142,viewed,4,Apr,Post-Update
8496,2826,2024-03-04,Confirmation,5,132,converted,3,Mar,Pre-Update
8497,773,2024-03-22,Pricing Page,2,40,dropped,3,Mar,Post-Update
8498,2267,2024-05-15,Pricing Page,2,43,dropped,5,May,Post-Update
8499,2576,2024-05-30,Plan Selection,3,104,clicked,5,May,Post-Update
8500,1478,2024-05-09,Home,1,78,clicked,5,May,Post-Update
8501,250,2024-01-27,Pricing Page,2,30,clicked,1,Jan,Pre-Update
8502,583,2024-01-01,Pricing Page,2,35,clicked,1,Jan,Pre-Update
8503,1144,2024-01-28,Plan Selection,3,141,clicked,1,Jan,Pre-Update
8504,332,2024-02-24,Home,1,209,clicked,2,Feb,Pre-Update
8505,686,2024-05-26,Pricing Page,2,49,viewed,5,May,Post-Update
8506,460,2024-01-31,Pricing Page,2,42,viewed,1,Jan,Pre-Update
8507,961,2024-06-05,Pricing Page,2,45,dropped,6,Jun,Post-Update
8508,452,2024-02-05,Plan Selection,3,11,clicked,2,Feb,Pre-Update
8509,1239,2024-04-18,Payment,4,19,viewed,4,Apr,Post-Update
8510,1594,2024-06-02,Plan Selection,3,145,clicked,6,Jun,Post-Update
8511,623,2024-05-06,Payment,4,54,clicked,5,May,Post-Update
8512,2864,2024-02-06,Home,1,22,viewed,2,Feb,Pre-Update
8513,1210,2024-02-17,Home,1,148,dropped,2,Feb,Pre-Update
8514,2393,2024-03-25,Confirmation,5,59,converted,3,Mar,Post-Update
8515,1351,2024-04-02,Pricing Page,2,52,clicked,4,Apr,Post-Update
8516,2264,2024-02-12,Confirmation,5,175,converted,2,Feb,Pre-Update
8517,1237,2024-04-15,Plan Selection,3,140,dropped,4,Apr,Post-Update
8518,385,2024-06-28,Plan Selection,3,186,viewed,6,Jun,Post-Update
8519,2672,2024-02-28,Confirmation,5,168,converted,2,Feb,Pre-Update
8520,304,2024-01-24,Pricing Page,2,39,clicked,1,Jan,Pre-Update
8521,2110,2024-06-18,Plan Selection,3,30,viewed,6,Jun,Post-Update
8522,1505,2024-02-10,Plan Selection,3,83,dropped,2,Feb,Pre-Update
8523,24,2024-06-24,Payment,4,55,viewed,6,Jun,Post-Update
8524,1738,2024-06-19,Confirmation,5,10,converted,6,Jun,Post-Update
8525,379,2024-04-21,Plan Selection,3,149,clicked,4,Apr,Post-Update
8526,2149,2024-03-30,Pricing Page,2,41,clicked,3,Mar,Post-Update
8527,2115,2024-05-06,Pricing Page,2,61,clicked,5,May,Post-Update
8528,2407,2024-03-31,Home,1,205,viewed,3,Mar,Post-Update
8529,336,2024-05-11,Pricing Page,2,48,clicked,5,May,Post-Update
8530,2827,2024-02-29,Payment,4,34,dropped,2,Feb,Pre-Update
8531,1165,2024-03-28,Pricing Page,2,63,dropped,3,Mar,Post-Update
8532,2587,2024-06-03,Plan Selection,3,186,clicked,6,Jun,Post-Update
8533,334,2024-03-31,Home,1,64,viewed,3,Mar,Post-Update
8534,2170,2024-06-09,Pricing Page,2,59,clicked,6,Jun,Post-Update
8535,1682,2024-04-15,Pricing Page,2,49,dropped,4,Apr,Post-Update
8536,2432,2024-03-31,Home,1,177,viewed,3,Mar,Post-Update
8537,1144,2024-06-25,Plan Selection,3,145,dropped,6,Jun,Post-Update
8538,412,2024-06-26,Pricing Page,2,54,dropped,6,Jun,Post-Update
8539,1624,2024-06-29,Pricing Page,2,63,dropped,6,Jun,Post-Update
8540,101,2024-05-30,Home,1,159,clicked,5,May,Post-Update
8541,2111,2024-05-16,Plan Selection,3,15,dropped,5,May,Post-Update
8542,2268,2024-02-19,Home,1,148,dropped,2,Feb,Pre-Update
8543,2001,2024-06-10,Pricing Page,2,55,dropped,6,Jun,Post-Update
8544,2499,2024-04-25,Plan Selection,3,116,clicked,4,Apr,Post-Update
8545,1041,2024-06-24,Payment,4,42,clicked,6,Jun,Post-Update
8546,1129,2024-05-17,Plan Selection,3,25,clicked,5,May,Post-Update
8547,1970,2024-01-27,Payment,4,87,viewed,1,Jan,Pre-Update
8548,154,2024-02-29,Pricing Page,2,42,clicked,2,Feb,Pre-Update
8549,2674,2024-04-14,Pricing Page,2,49,dropped,4,Apr,Post-Update
8550,2591,2024-05-11,Home,1,27,clicked,5,May,Post-Update
8551,216,2024-04-11,Plan Selection,3,65,viewed,4,Apr,Post-Update
8552,690,2024-02-26,Payment,4,89,clicked,2,Feb,Pre-Update
8553,2288,2024-04-25,Confirmation,5,131,converted,4,Apr,Post-Update
8554,1002,2024-06-01,Pricing Page,2,52,clicked,6,Jun,Post-Update
8555,1619,2024-02-26,Confirmation,5,161,converted,2,Feb,Pre-Update
8556,2896,2024-04-11,Confirmation,5,173,converted,4,Apr,Post-Update
8557,1188,2024-04-04,Pricing Page,2,55,dropped,4,Apr,Post-Update
8558,404,2024-06-23,Pricing Page,2,44,clicked,6,Jun,Post-Update
8559,1165,2024-04-04,Pricing Page,2,57,viewed,4,Apr,Post-Update
8560,1795,2024-02-18,Plan Selection,3,194,viewed,2,Feb,Pre-Update
8561,390,2024-05-08,Home,1,140,viewed,5,May,Post-Update
8562,137,2024-05-28,Confirmation,5,94,converted,5,May,Post-Update
8563,552,2024-04-27,Plan Selection,3,108,clicked,4,Apr,Post-Update
8564,1718,2024-04-23,Pricing Page,2,44,clicked,4,Apr,Post-Update
8565,1683,2024-02-18,Plan Selection,3,112,clicked,2,Feb,Pre-Update
8566,1065,2024-01-07,Home,1,96,viewed,1,Jan,Pre-Update
8567,2848,2024-02-05,Home,1,16,viewed,2,Feb,Pre-Update
8568,2702,2024-01-19,Payment,4,152,dropped,1,Jan,Pre-Update
8569,1853,2024-04-25,Pricing Page,2,59,clicked,4,Apr,Post-Update
8570,402,2024-05-02,Confirmation,5,181,converted,5,May,Post-Update
8571,1087,2024-02-12,Home,1,154,clicked,2,Feb,Pre-Update
8572,1838,2024-06-29,Home,1,153,dropped,6,Jun,Post-Update
8573,2074,2024-06-20,Plan Selection,3,105,clicked,6,Jun,Post-Update
8574,1619,2024-04-03,Confirmation,5,54,converted,4,Apr,Post-Update
8575,751,2024-04-15,Home,1,35,dropped,4,Apr,Post-Update
8576,410,2024-03-08,Pricing Page,2,34,clicked,3,Mar,Pre-Update
8577,1724,2024-04-27,Plan Selection,3,145,viewed,4,Apr,Post-Update
8578,173,2024-05-30,Confirmation,5,88,converted,5,May,Post-Update
8579,132,2024-01-07,Home,1,32,clicked,1,Jan,Pre-Update
8580,2369,2024-05-02,Home,1,209,viewed,5,May,Post-Update
8581,2553,2024-03-04,Pricing Page,2,59,dropped,3,Mar,Pre-Update
8582,705,2024-03-29,Payment,4,60,dropped,3,Mar,Post-Update
8583,1165,2024-06-03,Home,1,203,clicked,6,Jun,Post-Update
8584,1964,2024-05-14,Payment,4,114,clicked,5,May,Post-Update
8585,660,2024-01-06,Pricing Page,2,40,dropped,1,Jan,Pre-Update
8586,1271,2024-02-11,Payment,4,151,viewed,2,Feb,Pre-Update
8587,1037,2024-01-09,Pricing Page,2,56,viewed,1,Jan,Pre-Update
8588,1447,2024-06-15,Home,1,206,clicked,6,Jun,Post-Update
8589,1290,2024-05-10,Pricing Page,2,49,viewed,5,May,Post-Update
8590,1915,2024-03-01,Payment,4,165,viewed,3,Mar,Pre-Update
8591,2400,2024-01-22,Home,1,124,clicked,1,Jan,Pre-Update
8592,2504,2024-02-13,Plan Selection,3,164,viewed,2,Feb,Pre-Update
8593,1443,2024-01-24,Home,1,132,clicked,1,Jan,Pre-Update
8594,1524,2024-01-24,Home,1,57,viewed,1,Jan,Pre-Update
8595,955,2024-02-01,Confirmation,5,27,converted,2,Feb,Pre-Update
8596,1978,2024-01-08,Pricing Page,2,59,dropped,1,Jan,Pre-Update
8597,1875,2024-01-28,Payment,4,197,dropped,1,Jan,Pre-Update
8598,1275,2024-06-27,Plan Selection,3,69,clicked,6,Jun,Post-Update
8599,2338,2024-02-23,Home,1,164,clicked,2,Feb,Pre-Update
8600,2977,2024-04-14,Confirmation,5,184,converted,4,Apr,Post-Update
8601,1787,2024-03-06,Home,1,207,viewed,3,Mar,Pre-Update
8602,1527,2024-06-05,Payment,4,80,clicked,6,Jun,Post-Update
8603,2885,2024-04-17,Home,1,136,viewed,4,Apr,Post-Update
8604,2030,2024-04-25,Home,1,186,viewed,4,Apr,Post-Update
8605,2969,2024-01-31,Payment,4,185,viewed,1,Jan,Pre-Update
8606,550,2024-04-22,Plan Selection,3,204,dropped,4,Apr,Post-Update
8607,2673,2024-06-23,Home,1,191,dropped,6,Jun,Post-Update
8608,1564,2024-03-24,Payment,4,79,clicked,3,Mar,Post-Update
8609,1296,2024-05-02,Home,1,85,viewed,5,May,Post-Update
8610,172,2024-03-09,Plan Selection,3,92,viewed,3,Mar,Pre-Update
8611,1433,2024-04-10,Pricing Page,2,39,dropped,4,Apr,Post-Update
8612,501,2024-01-05,Plan Selection,3,11,dropped,1,Jan,Pre-Update
8613,2887,2024-02-09,Home,1,79,dropped,2,Feb,Pre-Update
8614,1931,2024-05-26,Home,1,28,dropped,5,May,Post-Update
8615,1495,2024-01-05,Plan Selection,3,29,clicked,1,Jan,Pre-Update
8616,1737,2024-02-01,Home,1,45,clicked,2,Feb,Pre-Update
8617,2438,2024-04-28,Payment,4,46,clicked,4,Apr,Post-Update
8618,1652,2024-03-30,Payment,4,146,viewed,3,Mar,Post-Update
8619,1457,2024-05-08,Home,1,71,clicked,5,May,Post-Update
8620,1319,2024-03-10,Plan Selection,3,176,clicked,3,Mar,Pre-Update
8621,1037,2024-04-23,Home,1,121,clicked,4,Apr,Post-Update
8622,2962,2024-03-02,Payment,4,137,dropped,3,Mar,Pre-Update
8623,336,2024-04-07,Pricing Page,2,44,viewed,4,Apr,Post-Update
8624,236,2024-04-13,Plan Selection,3,90,dropped,4,Apr,Post-Update
8625,1609,2024-02-11,Plan Selection,3,19,clicked,2,Feb,Pre-Update
8626,2393,2024-02-10,Payment,4,208,viewed,2,Feb,Pre-Update
8627,2454,2024-05-27,Plan Selection,3,137,clicked,5,May,Post-Update
8628,2275,2024-05-23,Plan Selection,3,16,dropped,5,May,Post-Update
8629,1537,2024-02-05,Pricing Page,2,47,clicked,2,Feb,Pre-Update
8630,1132,2024-01-02,Confirmation,5,105,converted,1,Jan,Pre-Update
8631,2102,2024-01-12,Pricing Page,2,56,clicked,1,Jan,Pre-Update
8632,34,2024-06-08,Pricing Page,2,43,clicked,6,Jun,Post-Update
8633,976,2024-02-28,Plan Selection,3,59,clicked,2,Feb,Pre-Update
8634,2248,2024-06-03,Home,1,124,viewed,6,Jun,Post-Update
8635,683,2024-05-18,Home,1,98,viewed,5,May,Post-Update
8636,1449,2024-01-24,Pricing Page,2,48,clicked,1,Jan,Pre-Update
8637,2020,2024-05-31,Home,1,83,clicked,5,May,Post-Update
8638,1270,2024-02-06,Payment,4,24,dropped,2,Feb,Pre-Update
8639,1663,2024-02-26,Confirmation,5,109,converted,2,Feb,Pre-Update
8640,2493,2024-04-29,Payment,4,33,dropped,4,Apr,Post-Update
8641,694,2024-05-26,Pricing Page,2,47,dropped,5,May,Post-Update
8642,5,2024-02-08,Home,1,138,dropped,2,Feb,Pre-Update
8643,815,2024-02-13,Pricing Page,2,36,viewed,2,Feb,Pre-Update
8644,335,2024-05-03,Home,1,88,viewed,5,May,Post-Update
8645,1009,2024-04-12,Payment,4,101,viewed,4,Apr,Post-Update
8646,1656,2024-03-14,Pricing Page,2,50,dropped,3,Mar,Pre-Update
8647,660,2024-03-03,Home,1,76,clicked,3,Mar,Pre-Update
8648,477,2024-04-01,Home,1,148,clicked,4,Apr,Post-Update
8649,1972,2024-02-13,Pricing Page,2,44,clicked,2,Feb,Pre-Update
8650,2154,2024-05-09,Pricing Page,2,67,clicked,5,May,Post-Update
8651,396,2024-05-28,Plan Selection,3,25,clicked,5,May,Post-Update
8652,261,2024-04-26,Confirmation,5,176,converted,4,Apr,Post-Update
8653,914,2024-01-05,Pricing Page,2,30,clicked,1,Jan,Pre-Update
8654,408,2024-03-06,Pricing Page,2,57,clicked,3,Mar,Pre-Update
8655,911,2024-02-19,Pricing Page,2,42,viewed,2,Feb,Pre-Update
8656,2122,2024-01-26,Plan Selection,3,101,clicked,1,Jan,Pre-Update
8657,1410,2024-04-25,Payment,4,18,viewed,4,Apr,Post-Update
8658,189,2024-05-24,Payment,4,135,viewed,5,May,Post-Update
8659,2195,2024-03-29,Pricing Page,2,61,dropped,3,Mar,Post-Update
8660,2069,2024-05-25,Confirmation,5,77,converted,5,May,Post-Update
8661,2489,2024-01-26,Pricing Page,2,50,clicked,1,Jan,Pre-Update
8662,1828,2024-06-04,Pricing Page,2,61,dropped,6,Jun,Post-Update
8663,2539,2024-06-19,Home,1,16,viewed,6,Jun,Post-Update
8664,509,2024-06-09,Confirmation,5,193,converted,6,Jun,Post-Update
8665,2515,2024-03-21,Plan Selection,3,42,viewed,3,Mar,Post-Update
8666,407,2024-03-31,Home,1,207,viewed,3,Mar,Post-Update
8667,817,2024-03-16,Pricing Page,2,41,clicked,3,Mar,Post-Update
8668,1964,2024-06-02,Pricing Page,2,64,dropped,6,Jun,Post-Update
8669,216,2024-05-12,Pricing Page,2,38,clicked,5,May,Post-Update
8670,2694,2024-01-19,Payment,4,176,viewed,1,Jan,Pre-Update
8671,2520,2024-02-06,Pricing Page,2,54,clicked,2,Feb,Pre-Update
8672,2471,2024-01-26,Pricing Page,2,53,dropped,1,Jan,Pre-Update
8673,948,2024-02-07,Home,1,172,viewed,2,Feb,Pre-Update
8674,1662,2024-03-09,Pricing Page,2,59,dropped,3,Mar,Pre-Update
8675,993,2024-06-08,Pricing Page,2,51,viewed,6,Jun,Post-Update
8676,1191,2024-01-29,Plan Selection,3,105,viewed,1,Jan,Pre-Update
8677,2071,2024-04-14,Payment,4,69,dropped,4,Apr,Post-Update
8678,1540,2024-02-27,Home,1,75,clicked,2,Feb,Pre-Update
8679,986,2024-02-16,Pricing Page,2,52,viewed,2,Feb,Pre-Update
8680,196,2024-05-10,Pricing Page,2,65,dropped,5,May,Post-Update
8681,442,2024-04-14,Pricing Page,2,51,viewed,4,Apr,Post-Update
8682,663,2024-03-08,Pricing Page,2,58,dropped,3,Mar,Pre-Update
8683,2202,2024-02-26,Pricing Page,2,55,dropped,2,Feb,Pre-Update
8684,1829,2024-02-29,Payment,4,16,viewed,2,Feb,Pre-Update
8685,2136,2024-02-19,Pricing Page,2,38,viewed,2,Feb,Pre-Update
8686,2961,2024-04-23,Home,1,13,clicked,4,Apr,Post-Update
8687,2044,2024-05-18,Payment,4,134,viewed,5,May,Post-Update
8688,2856,2024-03-25,Pricing Page,2,67,dropped,3,Mar,Post-Update
8689,1013,2024-02-29,Plan Selection,3,45,viewed,2,Feb,Pre-Update
8690,1136,2024-06-20,Plan Selection,3,49,dropped,6,Jun,Post-Update
8691,684,2024-04-26,Plan Selection,3,167,clicked,4,Apr,Post-Update
8692,454,2024-06-02,Payment,4,87,clicked,6,Jun,Post-Update
8693,2115,2024-05-26,Confirmation,5,45,converted,5,May,Post-Update
8694,391,2024-01-22,Home,1,133,clicked,1,Jan,Pre-Update
8695,2082,2024-06-19,Plan Selection,3,66,clicked,6,Jun,Post-Update
8696,2674,2024-05-27,Pricing Page,2,53,dropped,5,May,Post-Update
8697,2273,2024-03-09,Plan Selection,3,199,viewed,3,Mar,Pre-Update
8698,1776,2024-02-24,Payment,4,153,clicked,2,Feb,Pre-Update
8699,2837,2024-03-25,Plan Selection,3,32,dropped,3,Mar,Post-Update
8700,2724,2024-03-12,Pricing Page,2,31,clicked,3,Mar,Pre-Update
8701,1179,2024-03-20,Home,1,166,viewed,3,Mar,Post-Update
8702,2723,2024-06-27,Pricing Page,2,39,clicked,6,Jun,Post-Update
8703,788,2024-02-14,Pricing Page,2,45,dropped,2,Feb,Pre-Update
8704,2448,2024-02-13,Payment,4,208,viewed,2,Feb,Pre-Update
8705,2139,2024-03-04,Plan Selection,3,15,clicked,3,Mar,Pre-Update
8706,1159,2024-01-09,Home,1,59,dropped,1,Jan,Pre-Update
8707,791,2024-02-27,Payment,4,208,viewed,2,Feb,Pre-Update
8708,184,2024-03-27,Pricing Page,2,56,dropped,3,Mar,Post-Update
8709,370,2024-03-24,Confirmation,5,60,converted,3,Mar,Post-Update
8710,1464,2024-05-02,Confirmation,5,134,converted,5,May,Post-Update
8711,939,2024-05-06,Plan Selection,3,150,viewed,5,May,Post-Update
8712,144,2024-05-15,Plan Selection,3,149,viewed,5,May,Post-Update
8713,1532,2024-03-12,Pricing Page,2,30,clicked,3,Mar,Pre-Update
8714,1551,2024-03-25,Payment,4,121,clicked,3,Mar,Post-Update
8715,1009,2024-03-27,Pricing Page,2,52,dropped,3,Mar,Post-Update
8716,478,2024-05-25,Plan Selection,3,65,viewed,5,May,Post-Update
8717,157,2024-06-17,Pricing Page,2,57,clicked,6,Jun,Post-Update
8718,271,2024-01-04,Payment,4,14,viewed,1,Jan,Pre-Update
8719,795,2024-02-28,Payment,4,47,clicked,2,Feb,Pre-Update
8720,1954,2024-06-16,Plan Selection,3,131,viewed,6,Jun,Post-Update
8721,499,2024-06-01,Plan Selection,3,16,dropped,6,Jun,Post-Update
8722,246,2024-02-23,Pricing Page,2,39,viewed,2,Feb,Pre-Update
8723,687,2024-04-27,Plan Selection,3,171,clicked,4,Apr,Post-Update
8724,1423,2024-02-13,Payment,4,33,clicked,2,Feb,Pre-Update
8725,189,2024-03-25,Home,1,80,clicked,3,Mar,Post-Update
8726,1495,2024-04-10,Pricing Page,2,61,dropped,4,Apr,Post-Update
8727,2217,2024-04-28,Home,1,67,clicked,4,Apr,Post-Update
8728,1860,2024-02-07,Home,1,60,viewed,2,Feb,Pre-Update
8729,2872,2024-04-10,Confirmation,5,178,converted,4,Apr,Post-Update
8730,1523,2024-01-03,Plan Selection,3,137,clicked,1,Jan,Pre-Update
8731,2963,2024-02-06,Home,1,126,viewed,2,Feb,Pre-Update
8732,898,2024-01-12,Pricing Page,2,58,clicked,1,Jan,Pre-Update
8733,1223,2024-05-04,Pricing Page,2,38,dropped,5,May,Post-Update
8734,1172,2024-03-24,Home,1,74,dropped,3,Mar,Post-Update
8735,3,2024-03-16,Home,1,51,viewed,3,Mar,Post-Update
8736,596,2024-05-06,Confirmation,5,80,converted,5,May,Post-Update
8737,294,2024-03-19,Payment,4,13,clicked,3,Mar,Post-Update
8738,1228,2024-04-13,Plan Selection,3,103,clicked,4,Apr,Post-Update
8739,2064,2024-02-04,Payment,4,174,clicked,2,Feb,Pre-Update
8740,2877,2024-03-01,Payment,4,10,clicked,3,Mar,Pre-Update
8741,2962,2024-01-26,Payment,4,77,clicked,1,Jan,Pre-Update
8742,244,2024-01-28,Plan Selection,3,45,clicked,1,Jan,Pre-Update
8743,2841,2024-06-02,Pricing Page,2,52,dropped,6,Jun,Post-Update
8744,1863,2024-03-23,Pricing Page,2,58,dropped,3,Mar,Post-Update
8745,1997,2024-06-15,Plan Selection,3,61,clicked,6,Jun,Post-Update
8746,1880,2024-05-05,Plan Selection,3,172,clicked,5,May,Post-Update
8747,690,2024-01-27,Home,1,169,viewed,1,Jan,Pre-Update
8748,2399,2024-03-28,Home,1,141,dropped,3,Mar,Post-Update
8749,507,2024-01-29,Pricing Page,2,57,clicked,1,Jan,Pre-Update
8750,2385,2024-06-06,Confirmation,5,44,converted,6,Jun,Post-Update
8751,2975,2024-03-21,Pricing Page,2,64,clicked,3,Mar,Post-Update
8752,1994,2024-03-03,Payment,4,137,viewed,3,Mar,Pre-Update
8753,2964,2024-01-01,Home,1,47,viewed,1,Jan,Pre-Update
8754,1555,2024-01-27,Home,1,98,viewed,1,Jan,Pre-Update
8755,182,2024-02-19,Home,1,31,viewed,2,Feb,Pre-Update
8756,1782,2024-01-04,Pricing Page,2,44,clicked,1,Jan,Pre-Update
8757,909,2024-05-31,Pricing Page,2,62,dropped,5,May,Post-Update
8758,360,2024-04-27,Payment,4,95,clicked,4,Apr,Post-Update
8759,792,2024-05-24,Home,1,119,dropped,5,May,Post-Update
8760,729,2024-05-03,Plan Selection,3,83,viewed,5,May,Post-Update
8761,2487,2024-05-22,Pricing Page,2,64,dropped,5,May,Post-Update
8762,2233,2024-03-27,Home,1,86,clicked,3,Mar,Post-Update
8763,2973,2024-04-30,Pricing Page,2,62,viewed,4,Apr,Post-Update
8764,1603,2024-05-02,Payment,4,189,dropped,5,May,Post-Update
8765,2766,2024-02-14,Pricing Page,2,45,dropped,2,Feb,Pre-Update
8766,2510,2024-02-29,Home,1,155,dropped,2,Feb,Pre-Update
8767,2431,2024-03-24,Payment,4,199,dropped,3,Mar,Post-Update
8768,2594,2024-06-11,Confirmation,5,173,converted,6,Jun,Post-Update
8769,1119,2024-03-16,Confirmation,5,119,converted,3,Mar,Post-Update
8770,2583,2024-04-29,Payment,4,137,dropped,4,Apr,Post-Update
8771,510,2024-05-24,Pricing Page,2,39,clicked,5,May,Post-Update
8772,1501,2024-03-01,Home,1,185,viewed,3,Mar,Pre-Update
8773,1994,2024-05-14,Payment,4,87,viewed,5,May,Post-Update
8774,1917,2024-06-14,Plan Selection,3,128,viewed,6,Jun,Post-Update
8775,2871,2024-06-20,Payment,4,113,viewed,6,Jun,Post-Update
8776,820,2024-03-26,Plan Selection,3,71,viewed,3,Mar,Post-Update
8777,1657,2024-01-15,Payment,4,103,dropped,1,Jan,Pre-Update
8778,544,2024-04-10,Pricing Page,2,52,clicked,4,Apr,Post-Update
8779,656,2024-06-09,Payment,4,65,dropped,6,Jun,Post-Update
8780,766,2024-02-10,Pricing Page,2,33,clicked,2,Feb,Pre-Update
8781,126,2024-05-22,Payment,4,156,dropped,5,May,Post-Update
8782,2556,2024-04-23,Plan Selection,3,206,dropped,4,Apr,Post-Update
8783,217,2024-05-14,Plan Selection,3,73,dropped,5,May,Post-Update
8784,880,2024-02-28,Payment,4,142,dropped,2,Feb,Pre-Update
8785,2026,2024-06-26,Confirmation,5,101,converted,6,Jun,Post-Update
8786,1955,2024-06-08,Pricing Page,2,57,clicked,6,Jun,Post-Update
8787,416,2024-02-17,Confirmation,5,158,converted,2,Feb,Pre-Update
8788,2978,2024-05-12,Plan Selection,3,64,clicked,5,May,Post-Update
8789,1630,2024-06-12,Confirmation,5,149,converted,6,Jun,Post-Update
8790,2519,2024-01-20,Home,1,172,viewed,1,Jan,Pre-Update
8791,1234,2024-01-28,Plan Selection,3,41,dropped,1,Jan,Pre-Update
8792,1985,2024-04-22,Home,1,172,viewed,4,Apr,Post-Update
8793,2343,2024-06-25,Plan Selection,3,166,clicked,6,Jun,Post-Update
8794,287,2024-04-20,Payment,4,204,clicked,4,Apr,Post-Update
8795,80,2024-03-06,Payment,4,126,viewed,3,Mar,Pre-Update
8796,2521,2024-01-09,Plan Selection,3,86,viewed,1,Jan,Pre-Update
8797,2534,2024-05-30,Plan Selection,3,127,dropped,5,May,Post-Update
8798,2125,2024-02-16,Home,1,15,viewed,2,Feb,Pre-Update
8799,515,2024-06-13,Home,1,95,dropped,6,Jun,Post-Update
8800,2858,2024-04-22,Pricing Page,2,48,dropped,4,Apr,Post-Update
8801,893,2024-02-16,Pricing Page,2,35,viewed,2,Feb,Pre-Update
8802,671,2024-06-02,Plan Selection,3,75,viewed,6,Jun,Post-Update
8803,1733,2024-01-28,Home,1,147,clicked,1,Jan,Pre-Update
8804,1997,2024-02-23,Pricing Page,2,44,viewed,2,Feb,Pre-Update
8805,867,2024-04-23,Pricing Page,2,50,dropped,4,Apr,Post-Update
8806,614,2024-01-29,Home,1,91,clicked,1,Jan,Pre-Update
8807,1032,2024-02-02,Payment,4,160,dropped,2,Feb,Pre-Update
8808,2056,2024-06-05,Pricing Page,2,58,clicked,6,Jun,Post-Update
8809,743,2024-02-16,Plan Selection,3,195,dropped,2,Feb,Pre-Update
8810,910,2024-03-25,Pricing Page,2,58,dropped,3,Mar,Post-Update
8811,2705,2024-06-16,Confirmation,5,184,converted,6,Jun,Post-Update
8812,1707,2024-02-11,Pricing Page,2,44,dropped,2,Feb,Pre-Update
8813,189,2024-01-03,Payment,4,78,dropped,1,Jan,Pre-Update
8814,1082,2024-04-13,Payment,4,49,viewed,4,Apr,Post-Update
8815,1740,2024-06-29,Pricing Page,2,45,dropped,6,Jun,Post-Update
8816,2053,2024-06-24,Payment,4,20,viewed,6,Jun,Post-Update
8817,777,2024-04-27,Pricing Page,2,48,dropped,4,Apr,Post-Update
8818,1983,2024-02-23,Pricing Page,2,46,dropped,2,Feb,Pre-Update
8819,1911,2024-03-18,Pricing Page,2,64,clicked,3,Mar,Post-Update
8820,2257,2024-05-13,Pricing Page,2,65,dropped,5,May,Post-Update
8821,1805,2024-02-08,Pricing Page,2,50,clicked,2,Feb,Pre-Update
8822,668,2024-01-25,Confirmation,5,128,converted,1,Jan,Pre-Update
8823,2894,2024-01-09,Pricing Page,2,47,viewed,1,Jan,Pre-Update
8824,1557,2024-01-09,Plan Selection,3,57,dropped,1,Jan,Pre-Update
8825,347,2024-01-15,Home,1,12,viewed,1,Jan,Pre-Update
8826,1439,2024-05-05,Home,1,14,dropped,5,May,Post-Update
8827,615,2024-06-04,Plan Selection,3,182,clicked,6,Jun,Post-Update
8828,2059,2024-04-29,Pricing Page,2,46,clicked,4,Apr,Post-Update
8829,855,2024-04-10,Confirmation,5,201,converted,4,Apr,Post-Update
8830,39,2024-02-04,Confirmation,5,14,converted,2,Feb,Pre-Update
8831,1083,2024-05-12,Plan Selection,3,146,viewed,5,May,Post-Update
8832,1154,2024-06-05,Home,1,53,clicked,6,Jun,Post-Update
8833,1004,2024-06-08,Pricing Page,2,50,clicked,6,Jun,Post-Update
8834,2384,2024-04-11,Pricing Page,2,51,viewed,4,Apr,Post-Update
8835,1391,2024-03-19,Payment,4,119,clicked,3,Mar,Post-Update
8836,1415,2024-01-17,Home,1,204,viewed,1,Jan,Pre-Update
8837,2035,2024-02-11,Home,1,189,dropped,2,Feb,Pre-Update
8838,2954,2024-04-03,Plan Selection,3,122,viewed,4,Apr,Post-Update
8839,280,2024-04-17,Plan Selection,3,143,clicked,4,Apr,Post-Update
8840,1101,2024-01-02,Confirmation,5,151,converted,1,Jan,Pre-Update
8841,2063,2024-02-28,Plan Selection,3,157,dropped,2,Feb,Pre-Update
8842,477,2024-04-12,Pricing Page,2,41,dropped,4,Apr,Post-Update
8843,1177,2024-02-22,Pricing Page,2,43,clicked,2,Feb,Pre-Update
8844,2431,2024-05-19,Pricing Page,2,61,clicked,5,May,Post-Update
8845,2532,2024-02-26,Home,1,57,dropped,2,Feb,Pre-Update
8846,2172,2024-03-05,Plan Selection,3,199,viewed,3,Mar,Pre-Update
8847,2352,2024-01-27,Pricing Page,2,43,dropped,1,Jan,Pre-Update
8848,1091,2024-03-09,Payment,4,177,viewed,3,Mar,Pre-Update
8849,1616,2024-02-17,Plan Selection,3,140,dropped,2,Feb,Pre-Update
8850,101,2024-04-14,Payment,4,39,clicked,4,Apr,Post-Update
8851,1887,2024-06-12,Plan Selection,3,89,dropped,6,Jun,Post-Update
8852,1311,2024-05-26,Payment,4,50,viewed,5,May,Post-Update
8853,1880,2024-04-16,Home,1,116,clicked,4,Apr,Post-Update
8854,2421,2024-04-17,Plan Selection,3,199,dropped,4,Apr,Post-Update
8855,2125,2024-02-07,Confirmation,5,190,converted,2,Feb,Pre-Update
8856,2433,2024-03-02,Pricing Page,2,39,viewed,3,Mar,Pre-Update
8857,2824,2024-03-08,Home,1,24,dropped,3,Mar,Pre-Update
8858,2971,2024-02-11,Home,1,51,clicked,2,Feb,Pre-Update
8859,2605,2024-06-02,Plan Selection,3,133,dropped,6,Jun,Post-Update
8860,435,2024-01-22,Home,1,110,viewed,1,Jan,Pre-Update
8861,1298,2024-02-06,Plan Selection,3,197,clicked,2,Feb,Pre-Update
8862,2917,2024-02-04,Home,1,142,dropped,2,Feb,Pre-Update
8863,2653,2024-06-10,Payment,4,91,clicked,6,Jun,Post-Update
8864,2133,2024-05-23,Payment,4,163,clicked,5,May,Post-Update
8865,1485,2024-03-12,Pricing Page,2,36,clicked,3,Mar,Pre-Update
8866,1165,2024-01-25,Plan Selection,3,47,clicked,1,Jan,Pre-Update
8867,1124,2024-05-07,Pricing Page,2,65,dropped,5,May,Post-Update
8868,2428,2024-01-25,Pricing Page,2,54,dropped,1,Jan,Pre-Update
8869,1454,2024-02-14,Payment,4,31,dropped,2,Feb,Pre-Update
8870,2669,2024-05-09,Confirmation,5,90,converted,5,May,Post-Update
8871,870,2024-02-12,Pricing Page,2,56,clicked,2,Feb,Pre-Update
8872,1397,2024-01-14,Confirmation,5,144,converted,1,Jan,Pre-Update
8873,1296,2024-01-25,Pricing Page,2,45,clicked,1,Jan,Pre-Update
8874,2192,2024-02-19,Home,1,10,clicked,2,Feb,Pre-Update
8875,1798,2024-03-19,Pricing Page,2,53,dropped,3,Mar,Post-Update
8876,398,2024-01-06,Payment,4,158,clicked,1,Jan,Pre-Update
8877,2380,2024-05-16,Pricing Page,2,59,dropped,5,May,Post-Update
8878,1902,2024-01-22,Plan Selection,3,22,clicked,1,Jan,Pre-Update
8879,438,2024-06-16,Pricing Page,2,44,dropped,6,Jun,Post-Update
8880,2976,2024-03-04,Payment,4,184,dropped,3,Mar,Pre-Update
8881,1178,2024-06-22,Plan Selection,3,46,dropped,6,Jun,Post-Update
8882,2580,2024-01-10,Plan Selection,3,65,clicked,1,Jan,Pre-Update
8883,2273,2024-05-31,Confirmation,5,20,converted,5,May,Post-Update
8884,1553,2024-03-19,Plan Selection,3,169,dropped,3,Mar,Post-Update
8885,801,2024-06-18,Confirmation,5,128,converted,6,Jun,Post-Update
8886,984,2024-06-04,Pricing Page,2,66,viewed,6,Jun,Post-Update
8887,1417,2024-05-16,Pricing Page,2,53,dropped,5,May,Post-Update
8888,2996,2024-03-25,Pricing Page,2,46,dropped,3,Mar,Post-Update
8889,18,2024-06-17,Plan Selection,3,98,clicked,6,Jun,Post-Update
8890,2946,2024-01-23,Plan Selection,3,21,dropped,1,Jan,Pre-Update
8891,2979,2024-02-17,Pricing Page,2,55,dropped,2,Feb,Pre-Update
8892,2683,2024-04-17,Pricing Page,2,58,dropped,4,Apr,Post-Update
8893,1498,2024-06-26,Pricing Page,2,39,dropped,6,Jun,Post-Update
8894,2722,2024-04-04,Confirmation,5,194,converted,4,Apr,Post-Update
8895,2743,2024-05-25,Pricing Page,2,67,dropped,5,May,Post-Update
8896,867,2024-02-27,Plan Selection,3,134,viewed,2,Feb,Pre-Update
8897,67,2024-02-01,Payment,4,104,viewed,2,Feb,Pre-Update
8898,1383,2024-03-08,Pricing Page,2,39,dropped,3,Mar,Pre-Update
8899,1457,2024-02-03,Pricing Page,2,52,dropped,2,Feb,Pre-Update
8900,962,2024-05-04,Pricing Page,2,46,dropped,5,May,Post-Update
8901,1515,2024-02-21,Confirmation,5,137,converted,2,Feb,Pre-Update
8902,1495,2024-04-14,Pricing Page,2,44,viewed,4,Apr,Post-Update
8903,476,2024-06-09,Confirmation,5,28,converted,6,Jun,Post-Update
8904,1862,2024-05-28,Pricing Page,2,60,dropped,5,May,Post-Update
8905,2804,2024-04-10,Confirmation,5,49,converted,4,Apr,Post-Update
8906,205,2024-05-15,Plan Selection,3,103,viewed,5,May,Post-Update
8907,387,2024-04-05,Pricing Page,2,57,dropped,4,Apr,Post-Update
8908,1683,2024-02-24,Payment,4,60,viewed,2,Feb,Pre-Update
8909,209,2024-01-10,Home,1,27,clicked,1,Jan,Pre-Update
8910,728,2024-02-25,Payment,4,26,dropped,2,Feb,Pre-Update
8911,2364,2024-06-15,Pricing Page,2,51,dropped,6,Jun,Post-Update
8912,357,2024-01-23,Pricing Page,2,59,dropped,1,Jan,Pre-Update
8913,1789,2024-04-27,Pricing Page,2,47,dropped,4,Apr,Post-Update
8914,1148,2024-01-18,Pricing Page,2,40,clicked,1,Jan,Pre-Update
8915,1518,2024-03-17,Plan Selection,3,155,viewed,3,Mar,Post-Update
8916,2993,2024-03-27,Pricing Page,2,56,clicked,3,Mar,Post-Update
8917,568,2024-04-07,Home,1,24,viewed,4,Apr,Post-Update
8918,1646,2024-06-08,Payment,4,32,clicked,6,Jun,Post-Update
8919,545,2024-01-01,Pricing Page,2,38,dropped,1,Jan,Pre-Update
8920,1876,2024-05-27,Pricing Page,2,55,dropped,5,May,Post-Update
8921,2357,2024-01-01,Plan Selection,3,58,clicked,1,Jan,Pre-Update
8922,1709,2024-01-14,Plan Selection,3,20,clicked,1,Jan,Pre-Update
8923,1054,2024-06-02,Home,1,97,clicked,6,Jun,Post-Update
8924,2008,2024-04-10,Payment,4,49,viewed,4,Apr,Post-Update
8925,2118,2024-04-10,Plan Selection,3,128,dropped,4,Apr,Post-Update
8926,919,2024-03-27,Pricing Page,2,65,dropped,3,Mar,Post-Update
8927,1011,2024-01-02,Home,1,44,viewed,1,Jan,Pre-Update
8928,694,2024-06-12,Payment,4,87,clicked,6,Jun,Post-Update
8929,667,2024-05-03,Payment,4,143,dropped,5,May,Post-Update
8930,1761,2024-04-14,Home,1,187,dropped,4,Apr,Post-Update
8931,1930,2024-01-07,Pricing Page,2,33,viewed,1,Jan,Pre-Update
8932,613,2024-02-16,Plan Selection,3,138,dropped,2,Feb,Pre-Update
8933,2731,2024-01-09,Pricing Page,2,39,dropped,1,Jan,Pre-Update
8934,2453,2024-04-19,Plan Selection,3,30,viewed,4,Apr,Post-Update
8935,1346,2024-06-28,Plan Selection,3,27,viewed,6,Jun,Post-Update
8936,2234,2024-06-15,Pricing Page,2,38,dropped,6,Jun,Post-Update
8937,239,2024-02-27,Pricing Page,2,53,viewed,2,Feb,Pre-Update
8938,950,2024-05-16,Payment,4,179,viewed,5,May,Post-Update
8939,990,2024-02-28,Plan Selection,3,48,dropped,2,Feb,Pre-Update
8940,2227,2024-04-03,Pricing Page,2,46,dropped,4,Apr,Post-Update
8941,1670,2024-06-21,Home,1,138,viewed,6,Jun,Post-Update
8942,1958,2024-04-02,Plan Selection,3,101,clicked,4,Apr,Post-Update
8943,277,2024-06-26,Plan Selection,3,54,dropped,6,Jun,Post-Update
8944,1208,2024-03-07,Plan Selection,3,27,clicked,3,Mar,Pre-Update
8945,1071,2024-02-08,Confirmation,5,66,converted,2,Feb,Pre-Update
8946,1393,2024-03-26,Confirmation,5,98,converted,3,Mar,Post-Update
8947,883,2024-01-27,Payment,4,165,clicked,1,Jan,Pre-Update
8948,1271,2024-01-13,Home,1,39,clicked,1,Jan,Pre-Update
8949,554,2024-03-03,Home,1,183,viewed,3,Mar,Pre-Update
8950,1190,2024-04-14,Plan Selection,3,172,viewed,4,Apr,Post-Update
8951,647,2024-02-21,Payment,4,21,viewed,2,Feb,Pre-Update
8952,1636,2024-06-10,Payment,4,101,viewed,6,Jun,Post-Update
8953,1939,2024-05-28,Home,1,85,clicked,5,May,Post-Update
8954,2402,2024-06-01,Payment,4,109,dropped,6,Jun,Post-Update
8955,2690,2024-02-14,Plan Selection,3,10,clicked,2,Feb,Pre-Update
8956,2465,2024-01-02,Plan Selection,3,190,viewed,1,Jan,Pre-Update
8957,173,2024-01-06,Confirmation,5,163,converted,1,Jan,Pre-Update
8958,2768,2024-02-26,Payment,4,13,viewed,2,Feb,Pre-Update
8959,1598,2024-04-02,Confirmation,5,59,converted,4,Apr,Post-Update
8960,1079,2024-01-12,Pricing Page,2,59,dropped,1,Jan,Pre-Update
8961,470,2024-01-21,Home,1,47,viewed,1,Jan,Pre-Update
8962,1551,2024-05-13,Home,1,102,viewed,5,May,Post-Update
8963,427,2024-06-29,Plan Selection,3,159,dropped,6,Jun,Post-Update
8964,867,2024-01-22,Payment,4,77,clicked,1,Jan,Pre-Update
8965,889,2024-01-18,Plan Selection,3,154,viewed,1,Jan,Pre-Update
8966,2440,2024-05-03,Confirmation,5,164,converted,5,May,Post-Update
8967,2913,2024-04-07,Payment,4,67,dropped,4,Apr,Post-Update
8968,1898,2024-06-05,Pricing Page,2,53,dropped,6,Jun,Post-Update
8969,2920,2024-06-22,Payment,4,106,viewed,6,Jun,Post-Update
8970,1657,2024-03-06,Home,1,138,viewed,3,Mar,Pre-Update
8971,14,2024-04-29,Pricing Page,2,51,dropped,4,Apr,Post-Update
8972,1556,2024-03-27,Payment,4,166,clicked,3,Mar,Post-Update
8973,1573,2024-03-31,Confirmation,5,39,converted,3,Mar,Post-Update
8974,2828,2024-02-19,Plan Selection,3,188,viewed,2,Feb,Pre-Update
8975,1452,2024-06-16,Home,1,20,viewed,6,Jun,Post-Update
8976,2056,2024-01-22,Plan Selection,3,83,dropped,1,Jan,Pre-Update
8977,2774,2024-01-01,Pricing Page,2,36,clicked,1,Jan,Pre-Update
8978,991,2024-03-20,Pricing Page,2,59,viewed,3,Mar,Post-Update
8979,1119,2024-02-02,Payment,4,78,clicked,2,Feb,Pre-Update
8980,2731,2024-03-11,Pricing Page,2,55,clicked,3,Mar,Pre-Update
8981,2778,2024-04-03,Payment,4,115,dropped,4,Apr,Post-Update
8982,987,2024-01-19,Plan Selection,3,62,viewed,1,Jan,Pre-Update
8983,170,2024-06-26,Payment,4,150,clicked,6,Jun,Post-Update
8984,1701,2024-05-29,Pricing Page,2,58,dropped,5,May,Post-Update
8985,1709,2024-03-26,Plan Selection,3,181,clicked,3,Mar,Post-Update
8986,184,2024-02-28,Pricing Page,2,35,clicked,2,Feb,Pre-Update
8987,2182,2024-04-28,Home,1,113,clicked,4,Apr,Post-Update
8988,2897,2024-06-14,Plan Selection,3,134,dropped,6,Jun,Post-Update
8989,1676,2024-04-07,Home,1,115,clicked,4,Apr,Post-Update
8990,358,2024-06-26,Plan Selection,3,156,dropped,6,Jun,Post-Update
8991,317,2024-03-03,Pricing Page,2,31,viewed,3,Mar,Pre-Update
8992,1650,2024-06-22,Home,1,169,clicked,6,Jun,Post-Update
8993,1608,2024-06-15,Home,1,61,clicked,6,Jun,Post-Update
8994,1846,2024-02-13,Pricing Page,2,32,dropped,2,Feb,Pre-Update
8995,994,2024-05-09,Plan Selection,3,160,dropped,5,May,Post-Update
8996,2488,2024-01-18,Confirmation,5,149,converted,1,Jan,Pre-Update
8997,1509,2024-03-16,Plan Selection,3,129,clicked,3,Mar,Post-Update
8998,1800,2024-01-30,Home,1,137,dropped,1,Jan,Pre-Update
8999,1818,2024-05-10,Payment,4,159,clicked,5,May,Post-Update
9000,2101,2024-03-02,Plan Selection,3,194,viewed,3,Mar,Pre-Update
9001,1586,2024-01-12,Plan Selection,3,93,viewed,1,Jan,Pre-Update
9002,1076,2024-01-06,Home,1,57,viewed,1,Jan,Pre-Update
9003,707,2024-02-08,Pricing Page,2,33,clicked,2,Feb,Pre-Update
9004,260,2024-06-28,Plan Selection,3,116,clicked,6,Jun,Post-Update
9005,655,2024-03-13,Pricing Page,2,44,clicked,3,Mar,Pre-Update
9006,1934,2024-06-23,Payment,4,107,viewed,6,Jun,Post-Update
9007,1798,2024-04-11,Home,1,76,viewed,4,Apr,Post-Update
9008,899,2024-04-03,Plan Selection,3,187,clicked,4,Apr,Post-Update
9009,656,2024-06-23,Home,1,191,dropped,6,Jun,Post-Update
9010,1844,2024-06-05,Pricing Page,2,63,clicked,6,Jun,Post-Update
9011,1186,2024-04-19,Payment,4,81,clicked,4,Apr,Post-Update
9012,1001,2024-05-29,Home,1,46,clicked,5,May,Post-Update
9013,55,2024-04-09,Plan Selection,3,185,clicked,4,Apr,Post-Update
9014,2166,2024-05-23,Payment,4,140,viewed,5,May,Post-Update
9015,638,2024-04-12,Home,1,53,clicked,4,Apr,Post-Update
9016,209,2024-05-09,Pricing Page,2,57,dropped,5,May,Post-Update
9017,2264,2024-03-07,Plan Selection,3,159,dropped,3,Mar,Pre-Update
9018,2624,2024-02-25,Confirmation,5,127,converted,2,Feb,Pre-Update
9019,688,2024-03-11,Pricing Page,2,33,viewed,3,Mar,Pre-Update
9020,2037,2024-06-26,Payment,4,89,clicked,6,Jun,Post-Update
9021,2280,2024-04-23,Payment,4,78,dropped,4,Apr,Post-Update
9022,2522,2024-05-04,Confirmation,5,109,converted,5,May,Post-Update
9023,2283,2024-02-25,Pricing Page,2,39,viewed,2,Feb,Pre-Update
9024,1161,2024-02-27,Pricing Page,2,37,viewed,2,Feb,Pre-Update
9025,2374,2024-02-13,Payment,4,85,clicked,2,Feb,Pre-Update
9026,179,2024-06-26,Plan Selection,3,139,dropped,6,Jun,Post-Update
9027,1419,2024-01-22,Home,1,106,viewed,1,Jan,Pre-Update
9028,233,2024-05-02,Home,1,153,dropped,5,May,Post-Update
9029,1679,2024-03-07,Home,1,154,dropped,3,Mar,Pre-Update
9030,1215,2024-05-03,Home,1,194,dropped,5,May,Post-Update
9031,1126,2024-05-23,Payment,4,170,clicked,5,May,Post-Update
9032,451,2024-02-08,Plan Selection,3,94,clicked,2,Feb,Pre-Update
9033,263,2024-04-23,Payment,4,107,viewed,4,Apr,Post-Update
9034,1932,2024-05-16,Payment,4,190,dropped,5,May,Post-Update
9035,1137,2024-06-01,Home,1,178,viewed,6,Jun,Post-Update
9036,1376,2024-02-23,Home,1,144,dropped,2,Feb,Pre-Update
9037,287,2024-03-15,Payment,4,129,viewed,3,Mar,Post-Update
9038,2000,2024-02-16,Pricing Page,2,49,dropped,2,Feb,Pre-Update
9039,2962,2024-05-21,Confirmation,5,76,converted,5,May,Post-Update
9040,2560,2024-02-19,Payment,4,55,viewed,2,Feb,Pre-Update
9041,2692,2024-03-01,Confirmation,5,190,converted,3,Mar,Pre-Update
9042,1696,2024-01-22,Confirmation,5,45,converted,1,Jan,Pre-Update
9043,463,2024-02-14,Payment,4,27,dropped,2,Feb,Pre-Update
9044,1407,2024-06-12,Home,1,178,viewed,6,Jun,Post-Update
9045,2675,2024-05-25,Pricing Page,2,48,clicked,5,May,Post-Update
9046,367,2024-05-12,Pricing Page,2,47,clicked,5,May,Post-Update
9047,1575,2024-04-05,Home,1,160,clicked,4,Apr,Post-Update
9048,1691,2024-01-23,Confirmation,5,58,converted,1,Jan,Pre-Update
9049,1340,2024-04-01,Home,1,92,clicked,4,Apr,Post-Update
9050,927,2024-01-03,Home,1,148,dropped,1,Jan,Pre-Update
9051,74,2024-01-12,Pricing Page,2,59,dropped,1,Jan,Pre-Update
9052,328,2024-06-14,Pricing Page,2,51,dropped,6,Jun,Post-Update
9053,626,2024-04-03,Confirmation,5,67,converted,4,Apr,Post-Update
9054,1609,2024-05-27,Pricing Page,2,64,dropped,5,May,Post-Update
9055,2076,2024-02-11,Home,1,147,dropped,2,Feb,Pre-Update
9056,106,2024-04-02,Pricing Page,2,60,dropped,4,Apr,Post-Update
9057,2602,2024-01-08,Plan Selection,3,198,viewed,1,Jan,Pre-Update
9058,1631,2024-01-17,Payment,4,188,viewed,1,Jan,Pre-Update
9059,241,2024-04-09,Plan Selection,3,187,viewed,4,Apr,Post-Update
9060,2785,2024-06-09,Plan Selection,3,122,viewed,6,Jun,Post-Update
9061,2152,2024-06-19,Plan Selection,3,208,clicked,6,Jun,Post-Update
9062,1155,2024-01-19,Pricing Page,2,46,clicked,1,Jan,Pre-Update
9063,754,2024-04-07,Confirmation,5,30,converted,4,Apr,Post-Update
9064,2043,2024-01-18,Pricing Page,2,56,dropped,1,Jan,Pre-Update
9065,181,2024-06-05,Home,1,22,viewed,6,Jun,Post-Update
9066,1216,2024-02-19,Home,1,192,dropped,2,Feb,Pre-Update
9067,2797,2024-02-15,Pricing Page,2,48,clicked,2,Feb,Pre-Update
9068,834,2024-04-05,Payment,4,92,viewed,4,Apr,Post-Update
9069,309,2024-04-02,Pricing Page,2,58,clicked,4,Apr,Post-Update
9070,1261,2024-01-03,Payment,4,17,viewed,1,Jan,Pre-Update
9071,1698,2024-04-22,Pricing Page,2,44,clicked,4,Apr,Post-Update
9072,1687,2024-02-20,Plan Selection,3,148,clicked,2,Feb,Pre-Update
9073,2060,2024-03-08,Payment,4,182,viewed,3,Mar,Pre-Update
9074,166,2024-03-29,Pricing Page,2,66,viewed,3,Mar,Post-Update
9075,2068,2024-05-09,Plan Selection,3,98,viewed,5,May,Post-Update
9076,2978,2024-06-23,Payment,4,83,clicked,6,Jun,Post-Update
9077,930,2024-05-06,Plan Selection,3,160,dropped,5,May,Post-Update
9078,108,2024-06-29,Confirmation,5,101,converted,6,Jun,Post-Update
9079,1819,2024-04-30,Pricing Page,2,52,viewed,4,Apr,Post-Update
9080,1341,2024-02-19,Home,1,73,clicked,2,Feb,Pre-Update
9081,1759,2024-03-14,Pricing Page,2,33,viewed,3,Mar,Pre-Update
9082,2463,2024-04-14,Pricing Page,2,49,clicked,4,Apr,Post-Update
9083,965,2024-03-31,Plan Selection,3,52,clicked,3,Mar,Post-Update
9084,1606,2024-03-08,Pricing Page,2,34,viewed,3,Mar,Pre-Update
9085,1261,2024-02-03,Plan Selection,3,172,dropped,2,Feb,Pre-Update
9086,2177,2024-04-06,Pricing Page,2,63,clicked,4,Apr,Post-Update
9087,354,2024-03-15,Plan Selection,3,64,clicked,3,Mar,Post-Update
9088,1401,2024-04-12,Pricing Page,2,50,clicked,4,Apr,Post-Update
9089,2170,2024-02-13,Home,1,109,clicked,2,Feb,Pre-Update
9090,787,2024-02-16,Plan Selection,3,158,dropped,2,Feb,Pre-Update
9091,2390,2024-03-07,Pricing Page,2,33,dropped,3,Mar,Pre-Update
9092,400,2024-05-16,Pricing Page,2,56,viewed,5,May,Post-Update
9093,2051,2024-05-10,Plan Selection,3,130,clicked,5,May,Post-Update
9094,2824,2024-04-29,Pricing Page,2,48,dropped,4,Apr,Post-Update
9095,2741,2024-03-08,Home,1,104,dropped,3,Mar,Pre-Update
9096,1913,2024-01-28,Payment,4,174,clicked,1,Jan,Pre-Update
9097,804,2024-05-05,Plan Selection,3,65,clicked,5,May,Post-Update
9098,152,2024-01-22,Pricing Page,2,55,viewed,1,Jan,Pre-Update
9099,1123,2024-06-09,Pricing Page,2,65,clicked,6,Jun,Post-Update
9100,2108,2024-03-15,Confirmation,5,125,converted,3,Mar,Post-Update
9101,2962,2024-02-07,Home,1,167,viewed,2,Feb,Pre-Update
9102,376,2024-04-05,Pricing Page,2,60,viewed,4,Apr,Post-Update
9103,2033,2024-03-15,Home,1,196,clicked,3,Mar,Post-Update
9104,2931,2024-02-10,Home,1,56,viewed,2,Feb,Pre-Update
9105,1197,2024-01-25,Pricing Page,2,31,viewed,1,Jan,Pre-Update
9106,2296,2024-03-26,Home,1,190,clicked,3,Mar,Post-Update
9107,2819,2024-05-07,Plan Selection,3,97,dropped,5,May,Post-Update
9108,2781,2024-03-30,Plan Selection,3,204,viewed,3,Mar,Post-Update
9109,2995,2024-04-26,Pricing Page,2,44,dropped,4,Apr,Post-Update
9110,36,2024-01-17,Pricing Page,2,54,viewed,1,Jan,Pre-Update
9111,2743,2024-06-17,Confirmation,5,167,converted,6,Jun,Post-Update
9112,582,2024-04-18,Pricing Page,2,48,dropped,4,Apr,Post-Update
9113,54,2024-06-06,Pricing Page,2,62,dropped,6,Jun,Post-Update
9114,2999,2024-01-18,Pricing Page,2,35,clicked,1,Jan,Pre-Update
9115,2461,2024-04-28,Payment,4,39,clicked,4,Apr,Post-Update
9116,2807,2024-06-02,Pricing Page,2,55,clicked,6,Jun,Post-Update
9117,1432,2024-03-22,Payment,4,150,dropped,3,Mar,Post-Update
9118,989,2024-03-10,Confirmation,5,109,converted,3,Mar,Pre-Update
9119,2113,2024-01-05,Home,1,202,viewed,1,Jan,Pre-Update
9120,359,2024-02-04,Plan Selection,3,82,dropped,2,Feb,Pre-Update
9121,478,2024-04-27,Payment,4,193,clicked,4,Apr,Post-Update
9122,1632,2024-06-19,Home,1,133,viewed,6,Jun,Post-Update
9123,838,2024-06-14,Payment,4,188,clicked,6,Jun,Post-Update
9124,2318,2024-06-28,Plan Selection,3,46,dropped,6,Jun,Post-Update
9125,1578,2024-04-16,Pricing Page,2,40,dropped,4,Apr,Post-Update
9126,2960,2024-02-09,Home,1,12,viewed,2,Feb,Pre-Update
9127,689,2024-02-04,Pricing Page,2,53,dropped,2,Feb,Pre-Update
9128,2725,2024-03-15,Pricing Page,2,49,viewed,3,Mar,Post-Update
9129,1590,2024-06-02,Plan Selection,3,152,clicked,6,Jun,Post-Update
9130,2578,2024-03-31,Confirmation,5,42,converted,3,Mar,Post-Update
9131,38,2024-04-13,Payment,4,99,viewed,4,Apr,Post-Update
9132,960,2024-03-13,Home,1,23,dropped,3,Mar,Pre-Update
9133,1874,2024-04-23,Pricing Page,2,52,dropped,4,Apr,Post-Update
9134,1258,2024-03-10,Plan Selection,3,41,viewed,3,Mar,Pre-Update
9135,1728,2024-03-21,Plan Selection,3,48,clicked,3,Mar,Post-Update
9136,2044,2024-01-09,Home,1,170,clicked,1,Jan,Pre-Update
9137,2447,2024-05-14,Pricing Page,2,42,viewed,5,May,Post-Update
9138,686,2024-02-29,Confirmation,5,164,converted,2,Feb,Pre-Update
9139,55,2024-05-19,Payment,4,134,viewed,5,May,Post-Update
9140,2885,2024-04-01,Plan Selection,3,150,clicked,4,Apr,Post-Update
9141,2256,2024-01-09,Confirmation,5,164,converted,1,Jan,Pre-Update
9142,2733,2024-02-13,Pricing Page,2,47,clicked,2,Feb,Pre-Update
9143,226,2024-04-30,Home,1,121,clicked,4,Apr,Post-Update
9144,1636,2024-03-13,Pricing Page,2,48,viewed,3,Mar,Pre-Update
9145,185,2024-03-07,Plan Selection,3,35,viewed,3,Mar,Pre-Update
9146,484,2024-05-02,Confirmation,5,101,converted,5,May,Post-Update
9147,1815,2024-04-26,Pricing Page,2,41,dropped,4,Apr,Post-Update
9148,2089,2024-02-10,Home,1,113,clicked,2,Feb,Pre-Update
9149,2426,2024-04-23,Plan Selection,3,137,dropped,4,Apr,Post-Update
9150,1321,2024-06-28,Plan Selection,3,59,clicked,6,Jun,Post-Update
9151,2408,2024-01-15,Home,1,164,viewed,1,Jan,Pre-Update
9152,2732,2024-01-04,Pricing Page,2,52,clicked,1,Jan,Pre-Update
9153,194,2024-03-01,Pricing Page,2,42,clicked,3,Mar,Pre-Update
9154,2230,2024-06-18,Pricing Page,2,50,clicked,6,Jun,Post-Update
9155,957,2024-03-26,Pricing Page,2,55,clicked,3,Mar,Post-Update
9156,2117,2024-03-25,Pricing Page,2,59,clicked,3,Mar,Post-Update
9157,323,2024-01-03,Payment,4,141,dropped,1,Jan,Pre-Update
9158,1067,2024-04-15,Payment,4,111,viewed,4,Apr,Post-Update
9159,1150,2024-06-25,Plan Selection,3,140,dropped,6,Jun,Post-Update
9160,2054,2024-01-06,Home,1,101,viewed,1,Jan,Pre-Update
9161,1103,2024-06-29,Payment,4,91,clicked,6,Jun,Post-Update
9162,2280,2024-04-20,Payment,4,20,viewed,4,Apr,Post-Update
9163,1558,2024-05-22,Pricing Page,2,53,dropped,5,May,Post-Update
9164,2733,2024-01-12,Plan Selection,3,145,viewed,1,Jan,Pre-Update
9165,1039,2024-05-06,Pricing Page,2,45,clicked,5,May,Post-Update
9166,638,2024-05-07,Confirmation,5,81,converted,5,May,Post-Update
9167,315,2024-03-22,Confirmation,5,72,converted,3,Mar,Post-Update
9168,2282,2024-06-06,Home,1,150,clicked,6,Jun,Post-Update
9169,1605,2024-05-04,Payment,4,32,dropped,5,May,Post-Update
9170,2950,2024-05-10,Plan Selection,3,29,clicked,5,May,Post-Update
9171,996,2024-01-16,Pricing Page,2,58,clicked,1,Jan,Pre-Update
9172,1617,2024-02-12,Plan Selection,3,22,viewed,2,Feb,Pre-Update
9173,331,2024-04-13,Plan Selection,3,187,viewed,4,Apr,Post-Update
9174,2073,2024-06-02,Home,1,61,viewed,6,Jun,Post-Update
9175,800,2024-06-13,Payment,4,12,viewed,6,Jun,Post-Update
9176,217,2024-06-10,Pricing Page,2,54,dropped,6,Jun,Post-Update
9177,1693,2024-05-02,Plan Selection,3,103,dropped,5,May,Post-Update
9178,2304,2024-01-25,Pricing Page,2,44,dropped,1,Jan,Pre-Update
9179,733,2024-02-02,Home,1,55,viewed,2,Feb,Pre-Update
9180,2268,2024-05-09,Pricing Page,2,48,viewed,5,May,Post-Update
9181,1068,2024-01-23,Plan Selection,3,86,clicked,1,Jan,Pre-Update
9182,475,2024-01-02,Plan Selection,3,169,clicked,1,Jan,Pre-Update
9183,205,2024-03-25,Home,1,57,viewed,3,Mar,Post-Update
9184,872,2024-01-10,Pricing Page,2,54,viewed,1,Jan,Pre-Update
9185,2515,2024-04-25,Plan Selection,3,96,dropped,4,Apr,Post-Update
9186,1482,2024-06-28,Pricing Page,2,51,clicked,6,Jun,Post-Update
9187,1792,2024-04-22,Pricing Page,2,57,dropped,4,Apr,Post-Update
9188,2965,2024-05-17,Payment,4,180,viewed,5,May,Post-Update
9189,1101,2024-03-27,Pricing Page,2,39,dropped,3,Mar,Post-Update
9190,2302,2024-05-01,Home,1,68,clicked,5,May,Post-Update
9191,1525,2024-05-08,Home,1,206,viewed,5,May,Post-Update
9192,911,2024-06-23,Confirmation,5,145,converted,6,Jun,Post-Update
9193,1925,2024-02-01,Confirmation,5,62,converted,2,Feb,Pre-Update
9194,1335,2024-03-19,Payment,4,172,clicked,3,Mar,Post-Update
9195,1597,2024-06-08,Payment,4,92,viewed,6,Jun,Post-Update
9196,2792,2024-05-15,Confirmation,5,116,converted,5,May,Post-Update
9197,2357,2024-03-01,Pricing Page,2,47,dropped,3,Mar,Pre-Update
9198,1028,2024-04-24,Home,1,157,clicked,4,Apr,Post-Update
9199,912,2024-04-20,Home,1,195,dropped,4,Apr,Post-Update
9200,320,2024-06-29,Plan Selection,3,87,viewed,6,Jun,Post-Update
9201,1214,2024-02-20,Home,1,22,viewed,2,Feb,Pre-Update
9202,2048,2024-01-17,Pricing Page,2,52,clicked,1,Jan,Pre-Update
9203,856,2024-06-15,Payment,4,202,clicked,6,Jun,Post-Update
9204,41,2024-02-29,Plan Selection,3,206,dropped,2,Feb,Pre-Update
9205,2248,2024-02-28,Pricing Page,2,57,clicked,2,Feb,Pre-Update
9206,1755,2024-04-02,Payment,4,115,dropped,4,Apr,Post-Update
9207,1204,2024-03-16,Payment,4,35,dropped,3,Mar,Post-Update
9208,2067,2024-03-13,Confirmation,5,105,converted,3,Mar,Pre-Update
9209,1758,2024-03-30,Plan Selection,3,20,dropped,3,Mar,Post-Update
9210,1662,2024-03-03,Home,1,58,dropped,3,Mar,Pre-Update
9211,1568,2024-03-24,Payment,4,77,clicked,3,Mar,Post-Update
9212,778,2024-06-17,Payment,4,130,clicked,6,Jun,Post-Update
9213,144,2024-01-24,Pricing Page,2,32,viewed,1,Jan,Pre-Update
9214,1454,2024-04-14,Pricing Page,2,50,clicked,4,Apr,Post-Update
9215,2749,2024-01-12,Plan Selection,3,138,clicked,1,Jan,Pre-Update
9216,2003,2024-05-20,Confirmation,5,31,converted,5,May,Post-Update
9217,2642,2024-01-14,Payment,4,94,viewed,1,Jan,Pre-Update
9218,1205,2024-02-06,Payment,4,94,viewed,2,Feb,Pre-Update
9219,528,2024-05-27,Plan Selection,3,74,viewed,5,May,Post-Update
9220,2440,2024-02-05,Plan Selection,3,22,viewed,2,Feb,Pre-Update
9221,1462,2024-02-10,Plan Selection,3,145,clicked,2,Feb,Pre-Update
9222,2472,2024-01-02,Plan Selection,3,168,clicked,1,Jan,Pre-Update
9223,110,2024-02-29,Plan Selection,3,152,viewed,2,Feb,Pre-Update
9224,1588,2024-06-02,Plan Selection,3,161,viewed,6,Jun,Post-Update
9225,2124,2024-01-28,Plan Selection,3,166,viewed,1,Jan,Pre-Update
9226,1486,2024-04-12,Pricing Page,2,40,dropped,4,Apr,Post-Update
9227,482,2024-06-27,Pricing Page,2,46,dropped,6,Jun,Post-Update
9228,1333,2024-01-10,Confirmation,5,98,converted,1,Jan,Pre-Update
9229,1401,2024-06-29,Plan Selection,3,205,dropped,6,Jun,Post-Update
9230,1785,2024-04-28,Pricing Page,2,53,dropped,4,Apr,Post-Update
9231,2458,2024-06-08,Confirmation,5,40,converted,6,Jun,Post-Update
9232,2632,2024-06-17,Home,1,71,clicked,6,Jun,Post-Update
9233,1440,2024-06-22,Pricing Page,2,63,dropped,6,Jun,Post-Update
9234,2290,2024-01-02,Payment,4,145,dropped,1,Jan,Pre-Update
9235,2573,2024-05-15,Home,1,137,viewed,5,May,Post-Update
9236,1035,2024-05-19,Payment,4,170,clicked,5,May,Post-Update
9237,848,2024-05-24,Home,1,83,clicked,5,May,Post-Update
9238,2215,2024-04-16,Payment,4,194,clicked,4,Apr,Post-Update
9239,534,2024-05-11,Home,1,64,dropped,5,May,Post-Update
9240,2096,2024-02-02,Payment,4,99,viewed,2,Feb,Pre-Update
9241,2725,2024-06-28,Pricing Page,2,42,dropped,6,Jun,Post-Update
9242,2894,2024-04-13,Confirmation,5,33,converted,4,Apr,Post-Update
9243,2049,2024-01-12,Pricing Page,2,35,dropped,1,Jan,Pre-Update
9244,2317,2024-05-02,Home,1,83,clicked,5,May,Post-Update
9245,2524,2024-03-21,Plan Selection,3,33,clicked,3,Mar,Post-Update
9246,780,2024-05-12,Payment,4,46,clicked,5,May,Post-Update
9247,2733,2024-05-02,Plan Selection,3,58,clicked,5,May,Post-Update
9248,1576,2024-06-06,Payment,4,74,clicked,6,Jun,Post-Update
9249,925,2024-05-19,Confirmation,5,79,converted,5,May,Post-Update
9250,2835,2024-05-02,Plan Selection,3,162,dropped,5,May,Post-Update
9251,1155,2024-04-04,Pricing Page,2,58,dropped,4,Apr,Post-Update
9252,621,2024-06-09,Payment,4,97,viewed,6,Jun,Post-Update
9253,1005,2024-03-28,Pricing Page,2,56,viewed,3,Mar,Post-Update
9254,1487,2024-06-04,Payment,4,98,viewed,6,Jun,Post-Update
9255,2102,2024-01-16,Pricing Page,2,40,viewed,1,Jan,Pre-Update
9256,2278,2024-04-04,Pricing Page,2,41,clicked,4,Apr,Post-Update
9257,1908,2024-03-08,Confirmation,5,153,converted,3,Mar,Pre-Update
9258,2047,2024-02-16,Pricing Page,2,43,clicked,2,Feb,Pre-Update
9259,814,2024-05-20,Home,1,22,dropped,5,May,Post-Update
9260,678,2024-06-07,Plan Selection,3,188,clicked,6,Jun,Post-Update
9261,100,2024-01-26,Plan Selection,3,140,clicked,1,Jan,Pre-Update
9262,237,2024-02-01,Plan Selection,3,146,clicked,2,Feb,Pre-Update
9263,1241,2024-04-16,Plan Selection,3,156,clicked,4,Apr,Post-Update
9264,1815,2024-03-03,Confirmation,5,113,converted,3,Mar,Pre-Update
9265,2542,2024-05-04,Confirmation,5,102,converted,5,May,Post-Update
9266,1754,2024-04-07,Confirmation,5,37,converted,4,Apr,Post-Update
9267,2477,2024-05-10,Home,1,96,viewed,5,May,Post-Update
9268,2324,2024-03-18,Payment,4,164,clicked,3,Mar,Post-Update
9269,2463,2024-05-28,Plan Selection,3,166,viewed,5,May,Post-Update
9270,1377,2024-03-15,Plan Selection,3,39,viewed,3,Mar,Post-Update
9271,278,2024-03-02,Pricing Page,2,34,clicked,3,Mar,Pre-Update
9272,2212,2024-03-09,Plan Selection,3,56,dropped,3,Mar,Pre-Update
9273,96,2024-05-10,Plan Selection,3,84,clicked,5,May,Post-Update
9274,1757,2024-06-12,Payment,4,40,clicked,6,Jun,Post-Update
9275,2092,2024-02-05,Confirmation,5,186,converted,2,Feb,Pre-Update
9276,2205,2024-01-04,Confirmation,5,99,converted,1,Jan,Pre-Update
9277,1583,2024-02-23,Confirmation,5,132,converted,2,Feb,Pre-Update
9278,1101,2024-06-28,Payment,4,75,dropped,6,Jun,Post-Update
9279,943,2024-03-11,Home,1,184,clicked,3,Mar,Pre-Update
9280,294,2024-03-23,Confirmation,5,127,converted,3,Mar,Post-Update
9281,2885,2024-01-09,Pricing Page,2,47,viewed,1,Jan,Pre-Update
9282,1851,2024-03-25,Pricing Page,2,40,viewed,3,Mar,Post-Update
9283,742,2024-04-09,Confirmation,5,80,converted,4,Apr,Post-Update
9284,2265,2024-05-11,Pricing Page,2,55,viewed,5,May,Post-Update
9285,2655,2024-04-21,Pricing Page,2,44,viewed,4,Apr,Post-Update
9286,2422,2024-03-02,Pricing Page,2,42,dropped,3,Mar,Pre-Update
9287,2244,2024-01-27,Plan Selection,3,21,viewed,1,Jan,Pre-Update
9288,2159,2024-02-18,Home,1,21,viewed,2,Feb,Pre-Update
9289,2145,2024-02-13,Home,1,122,viewed,2,Feb,Pre-Update
9290,1698,2024-06-07,Plan Selection,3,156,viewed,6,Jun,Post-Update
9291,120,2024-02-16,Home,1,25,viewed,2,Feb,Pre-Update
9292,447,2024-01-21,Home,1,70,dropped,1,Jan,Pre-Update
9293,2100,2024-01-25,Plan Selection,3,106,viewed,1,Jan,Pre-Update
9294,2808,2024-04-27,Pricing Page,2,46,dropped,4,Apr,Post-Update
9295,1582,2024-03-15,Pricing Page,2,40,dropped,3,Mar,Post-Update
9296,512,2024-04-13,Pricing Page,2,40,dropped,4,Apr,Post-Update
9297,668,2024-02-14,Plan Selection,3,32,viewed,2,Feb,Pre-Update
9298,2725,2024-06-28,Pricing Page,2,44,dropped,6,Jun,Post-Update
9299,1218,2024-05-20,Plan Selection,3,199,viewed,5,May,Post-Update
9300,3,2024-05-06,Plan Selection,3,90,clicked,5,May,Post-Update
9301,1083,2024-02-17,Pricing Page,2,39,viewed,2,Feb,Pre-Update
9302,2569,2024-03-09,Pricing Page,2,45,clicked,3,Mar,Pre-Update
9303,1250,2024-02-24,Pricing Page,2,40,dropped,2,Feb,Pre-Update
9304,546,2024-05-15,Home,1,156,dropped,5,May,Post-Update
9305,546,2024-05-03,Payment,4,61,viewed,5,May,Post-Update
9306,2404,2024-06-04,Confirmation,5,182,converted,6,Jun,Post-Update
9307,1944,2024-04-28,Pricing Page,2,57,dropped,4,Apr,Post-Update
9308,1769,2024-01-03,Pricing Page,2,43,dropped,1,Jan,Pre-Update
9309,411,2024-05-28,Plan Selection,3,11,viewed,5,May,Post-Update
9310,2388,2024-01-16,Home,1,191,clicked,1,Jan,Pre-Update
9311,1425,2024-01-11,Payment,4,33,dropped,1,Jan,Pre-Update
9312,2312,2024-05-20,Plan Selection,3,108,viewed,5,May,Post-Update
9313,1113,2024-04-08,Plan Selection,3,99,clicked,4,Apr,Post-Update
9314,1899,2024-06-25,Confirmation,5,202,converted,6,Jun,Post-Update
9315,2616,2024-03-27,Payment,4,93,viewed,3,Mar,Post-Update
9316,1957,2024-06-14,Plan Selection,3,88,dropped,6,Jun,Post-Update
9317,579,2024-05-14,Home,1,100,viewed,5,May,Post-Update
9318,2795,2024-01-15,Plan Selection,3,177,clicked,1,Jan,Pre-Update
9319,643,2024-01-06,Plan Selection,3,102,viewed,1,Jan,Pre-Update
9320,1480,2024-01-26,Pricing Page,2,49,clicked,1,Jan,Pre-Update
9321,1134,2024-06-05,Home,1,88,clicked,6,Jun,Post-Update
9322,1840,2024-06-29,Home,1,152,dropped,6,Jun,Post-Update
9323,1753,2024-03-29,Plan Selection,3,198,viewed,3,Mar,Post-Update
9324,1534,2024-04-10,Pricing Page,2,53,viewed,4,Apr,Post-Update
9325,245,2024-04-19,Payment,4,22,viewed,4,Apr,Post-Update
9326,2325,2024-06-10,Home,1,22,viewed,6,Jun,Post-Update
9327,269,2024-06-09,Home,1,40,clicked,6,Jun,Post-Update
9328,2753,2024-05-18,Home,1,16,viewed,5,May,Post-Update
9329,2310,2024-06-16,Pricing Page,2,63,dropped,6,Jun,Post-Update
9330,2015,2024-04-25,Home,1,202,clicked,4,Apr,Post-Update
9331,1683,2024-06-18,Confirmation,5,36,converted,6,Jun,Post-Update
9332,2132,2024-01-28,Plan Selection,3,135,clicked,1,Jan,Pre-Update
9333,1750,2024-01-07,Pricing Page,2,31,viewed,1,Jan,Pre-Update
9334,1697,2024-01-01,Pricing Page,2,48,dropped,1,Jan,Pre-Update
9335,1187,2024-06-04,Home,1,193,clicked,6,Jun,Post-Update
9336,2293,2024-06-13,Pricing Page,2,52,clicked,6,Jun,Post-Update
9337,183,2024-02-05,Payment,4,82,clicked,2,Feb,Pre-Update
9338,519,2024-04-01,Home,1,111,clicked,4,Apr,Post-Update
9339,418,2024-01-18,Home,1,208,viewed,1,Jan,Pre-Update
9340,90,2024-05-14,Plan Selection,3,188,clicked,5,May,Post-Update
9341,798,2024-04-11,Home,1,91,viewed,4,Apr,Post-Update
9342,1883,2024-02-11,Pricing Page,2,50,clicked,2,Feb,Pre-Update
9343,2946,2024-01-15,Pricing Page,2,32,dropped,1,Jan,Pre-Update
9344,2477,2024-01-16,Confirmation,5,101,converted,1,Jan,Pre-Update
9345,1387,2024-06-18,Pricing Page,2,59,clicked,6,Jun,Post-Update
9346,51,2024-02-06,Confirmation,5,34,converted,2,Feb,Pre-Update
9347,2376,2024-04-15,Plan Selection,3,204,dropped,4,Apr,Post-Update
9348,598,2024-02-29,Home,1,53,viewed,2,Feb,Pre-Update
9349,612,2024-01-19,Confirmation,5,51,converted,1,Jan,Pre-Update
9350,1001,2024-01-08,Pricing Page,2,57,viewed,1,Jan,Pre-Update
9351,2747,2024-05-23,Pricing Page,2,57,clicked,5,May,Post-Update
9352,1153,2024-06-12,Pricing Page,2,43,clicked,6,Jun,Post-Update
9353,273,2024-02-23,Home,1,25,viewed,2,Feb,Pre-Update
9354,2639,2024-06-16,Confirmation,5,44,converted,6,Jun,Post-Update
9355,2673,2024-06-18,Home,1,67,clicked,6,Jun,Post-Update
9356,2984,2024-06-04,Pricing Page,2,38,dropped,6,Jun,Post-Update
9357,1277,2024-06-03,Home,1,98,dropped,6,Jun,Post-Update
9358,2233,2024-01-14,Home,1,101,viewed,1,Jan,Pre-Update
9359,122,2024-04-10,Plan Selection,3,124,viewed,4,Apr,Post-Update
9360,2817,2024-06-11,Plan Selection,3,133,dropped,6,Jun,Post-Update
9361,2100,2024-01-31,Payment,4,39,clicked,1,Jan,Pre-Update
9362,939,2024-06-13,Plan Selection,3,77,viewed,6,Jun,Post-Update
9363,761,2024-05-07,Payment,4,150,dropped,5,May,Post-Update
9364,76,2024-03-21,Home,1,86,clicked,3,Mar,Post-Update
9365,800,2024-06-09,Plan Selection,3,105,clicked,6,Jun,Post-Update
9366,368,2024-01-15,Home,1,183,clicked,1,Jan,Pre-Update
9367,2375,2024-01-22,Pricing Page,2,53,dropped,1,Jan,Pre-Update
9368,2614,2024-04-21,Pricing Page,2,52,dropped,4,Apr,Post-Update
9369,2184,2024-04-04,Pricing Page,2,56,clicked,4,Apr,Post-Update
9370,2925,2024-04-15,Confirmation,5,44,converted,4,Apr,Post-Update
9371,2710,2024-01-01,Pricing Page,2,46,viewed,1,Jan,Pre-Update
9372,1641,2024-02-06,Pricing Page,2,37,dropped,2,Feb,Pre-Update
9373,2827,2024-02-23,Plan Selection,3,80,viewed,2,Feb,Pre-Update
9374,36,2024-04-22,Home,1,107,dropped,4,Apr,Post-Update
9375,2009,2024-05-01,Pricing Page,2,58,dropped,5,May,Post-Update
9376,2241,2024-05-02,Home,1,145,viewed,5,May,Post-Update
9377,2249,2024-06-08,Home,1,39,clicked,6,Jun,Post-Update
9378,2476,2024-03-07,Pricing Page,2,52,clicked,3,Mar,Pre-Update
9379,65,2024-01-25,Plan Selection,3,141,clicked,1,Jan,Pre-Update
9380,867,2024-01-16,Plan Selection,3,120,dropped,1,Jan,Pre-Update
9381,2312,2024-04-17,Plan Selection,3,100,clicked,4,Apr,Post-Update
9382,879,2024-03-26,Pricing Page,2,67,dropped,3,Mar,Post-Update
9383,1619,2024-02-05,Pricing Page,2,34,viewed,2,Feb,Pre-Update
9384,1175,2024-04-23,Confirmation,5,186,converted,4,Apr,Post-Update
9385,1695,2024-01-31,Home,1,69,viewed,1,Jan,Pre-Update
9386,297,2024-03-31,Pricing Page,2,54,dropped,3,Mar,Post-Update
9387,2349,2024-05-01,Confirmation,5,207,converted,5,May,Post-Update
9388,2818,2024-05-12,Payment,4,20,viewed,5,May,Post-Update
9389,1129,2024-05-17,Plan Selection,3,34,clicked,5,May,Post-Update
9390,1306,2024-03-31,Home,1,94,clicked,3,Mar,Post-Update
9391,1525,2024-06-08,Payment,4,151,viewed,6,Jun,Post-Update
9392,1724,2024-01-10,Plan Selection,3,106,viewed,1,Jan,Pre-Update
9393,2164,2024-01-19,Pricing Page,2,44,dropped,1,Jan,Pre-Update
9394,212,2024-03-23,Home,1,206,viewed,3,Mar,Post-Update
9395,1798,2024-06-05,Plan Selection,3,13,clicked,6,Jun,Post-Update
9396,1806,2024-03-15,Pricing Page,2,39,dropped,3,Mar,Post-Update
9397,498,2024-03-21,Payment,4,74,clicked,3,Mar,Post-Update
9398,386,2024-03-10,Plan Selection,3,115,dropped,3,Mar,Pre-Update
9399,1555,2024-04-06,Home,1,208,clicked,4,Apr,Post-Update
9400,57,2024-02-24,Pricing Page,2,38,dropped,2,Feb,Pre-Update
9401,2521,2024-05-19,Pricing Page,2,49,viewed,5,May,Post-Update
9402,1321,2024-03-19,Payment,4,209,clicked,3,Mar,Post-Update
9403,3000,2024-05-25,Home,1,156,clicked,5,May,Post-Update
9404,2094,2024-05-15,Plan Selection,3,209,dropped,5,May,Post-Update
9405,558,2024-05-29,Plan Selection,3,85,dropped,5,May,Post-Update
9406,2293,2024-02-20,Home,1,153,clicked,2,Feb,Pre-Update
9407,350,2024-05-28,Payment,4,65,dropped,5,May,Post-Update
9408,2698,2024-01-11,Plan Selection,3,163,dropped,1,Jan,Pre-Update
9409,309,2024-02-18,Home,1,77,viewed,2,Feb,Pre-Update
9410,2978,2024-01-30,Payment,4,141,viewed,1,Jan,Pre-Update
9411,76,2024-05-11,Plan Selection,3,140,clicked,5,May,Post-Update
9412,2635,2024-05-04,Payment,4,193,dropped,5,May,Post-Update
9413,834,2024-05-19,Home,1,161,viewed,5,May,Post-Update
9414,1335,2024-06-29,Plan Selection,3,57,clicked,6,Jun,Post-Update
9415,1780,2024-02-02,Home,1,12,viewed,2,Feb,Pre-Update
9416,1817,2024-06-01,Pricing Page,2,52,dropped,6,Jun,Post-Update
9417,2508,2024-03-10,Pricing Page,2,56,dropped,3,Mar,Pre-Update
9418,1773,2024-02-03,Home,1,54,viewed,2,Feb,Pre-Update
9419,1630,2024-05-23,Pricing Page,2,45,dropped,5,May,Post-Update
9420,1751,2024-01-23,Payment,4,196,dropped,1,Jan,Pre-Update
9421,1938,2024-06-22,Payment,4,98,viewed,6,Jun,Post-Update
9422,2235,2024-06-08,Home,1,56,viewed,6,Jun,Post-Update
9423,1436,2024-03-29,Confirmation,5,115,converted,3,Mar,Post-Update
9424,1929,2024-04-24,Pricing Page,2,46,clicked,4,Apr,Post-Update
9425,2722,2024-02-17,Plan Selection,3,33,viewed,2,Feb,Pre-Update
9426,2575,2024-05-18,Pricing Page,2,38,dropped,5,May,Post-Update
9427,579,2024-02-13,Plan Selection,3,84,dropped,2,Feb,Pre-Update
9428,2693,2024-03-28,Plan Selection,3,36,clicked,3,Mar,Post-Update
9429,575,2024-03-13,Pricing Page,2,59,clicked,3,Mar,Pre-Update
9430,735,2024-02-22,Plan Selection,3,149,clicked,2,Feb,Pre-Update
9431,2002,2024-02-20,Pricing Page,2,33,clicked,2,Feb,Pre-Update
9432,2002,2024-01-24,Plan Selection,3,178,clicked,1,Jan,Pre-Update
9433,2641,2024-04-09,Home,1,198,clicked,4,Apr,Post-Update
9434,2821,2024-04-25,Pricing Page,2,67,clicked,4,Apr,Post-Update
9435,1998,2024-02-03,Confirmation,5,26,converted,2,Feb,Pre-Update
9436,1859,2024-06-04,Pricing Page,2,54,dropped,6,Jun,Post-Update
9437,2943,2024-02-24,Plan Selection,3,198,dropped,2,Feb,Pre-Update
9438,577,2024-06-20,Home,1,205,clicked,6,Jun,Post-Update
9439,134,2024-01-07,Home,1,35,clicked,1,Jan,Pre-Update
9440,207,2024-06-07,Home,1,59,viewed,6,Jun,Post-Update
9441,2421,2024-06-12,Home,1,171,viewed,6,Jun,Post-Update
9442,691,2024-06-22,Home,1,125,viewed,6,Jun,Post-Update
9443,1182,2024-01-17,Pricing Page,2,32,clicked,1,Jan,Pre-Update
9444,2817,2024-05-18,Home,1,158,viewed,5,May,Post-Update
9445,668,2024-01-08,Plan Selection,3,132,clicked,1,Jan,Pre-Update
9446,697,2024-06-15,Confirmation,5,165,converted,6,Jun,Post-Update
9447,516,2024-04-04,Home,1,182,dropped,4,Apr,Post-Update
9448,2230,2024-04-03,Pricing Page,2,43,clicked,4,Apr,Post-Update
9449,2079,2024-06-17,Plan Selection,3,36,viewed,6,Jun,Post-Update
9450,423,2024-06-26,Pricing Page,2,50,clicked,6,Jun,Post-Update
9451,924,2024-03-10,Home,1,182,clicked,3,Mar,Pre-Update
9452,2796,2024-05-15,Confirmation,5,99,converted,5,May,Post-Update
9453,1297,2024-05-27,Payment,4,94,viewed,5,May,Post-Update
9454,2053,2024-01-10,Pricing Page,2,55,clicked,1,Jan,Pre-Update
9455,2958,2024-05-20,Confirmation,5,80,converted,5,May,Post-Update
9456,2845,2024-05-03,Plan Selection,3,175,clicked,5,May,Post-Update
9457,1579,2024-03-18,Plan Selection,3,118,dropped,3,Mar,Post-Update
9458,1300,2024-01-24,Pricing Page,2,41,viewed,1,Jan,Pre-Update
9459,529,2024-02-20,Payment,4,103,viewed,2,Feb,Pre-Update
9460,1281,2024-05-30,Payment,4,190,viewed,5,May,Post-Update
9461,1852,2024-03-30,Plan Selection,3,135,clicked,3,Mar,Post-Update
9462,1463,2024-04-21,Plan Selection,3,50,dropped,4,Apr,Post-Update
9463,902,2024-06-22,Confirmation,5,127,converted,6,Jun,Post-Update
9464,774,2024-04-05,Payment,4,158,dropped,4,Apr,Post-Update
9465,1078,2024-03-21,Home,1,83,clicked,3,Mar,Post-Update
9466,2868,2024-04-09,Payment,4,153,viewed,4,Apr,Post-Update
9467,2193,2024-05-10,Pricing Page,2,65,dropped,5,May,Post-Update
9468,1863,2024-02-26,Plan Selection,3,115,clicked,2,Feb,Pre-Update
9469,777,2024-04-15,Home,1,209,clicked,4,Apr,Post-Update
9470,2016,2024-05-17,Payment,4,147,dropped,5,May,Post-Update
9471,617,2024-06-05,Plan Selection,3,208,viewed,6,Jun,Post-Update
9472,23,2024-04-27,Pricing Page,2,44,dropped,4,Apr,Post-Update
9473,746,2024-01-19,Payment,4,121,clicked,1,Jan,Pre-Update
9474,2053,2024-01-01,Confirmation,5,176,converted,1,Jan,Pre-Update
9475,763,2024-05-20,Home,1,51,viewed,5,May,Post-Update
9476,8,2024-05-31,Home,1,76,dropped,5,May,Post-Update
9477,2358,2024-03-24,Confirmation,5,82,converted,3,Mar,Post-Update
9478,2878,2024-05-08,Plan Selection,3,64,clicked,5,May,Post-Update
9479,2301,2024-06-08,Home,1,198,clicked,6,Jun,Post-Update
9480,2857,2024-05-05,Plan Selection,3,203,dropped,5,May,Post-Update
9481,473,2024-05-15,Pricing Page,2,42,viewed,5,May,Post-Update
9482,2533,2024-05-01,Payment,4,20,viewed,5,May,Post-Update
9483,2849,2024-02-21,Plan Selection,3,21,clicked,2,Feb,Pre-Update
9484,1606,2024-01-09,Plan Selection,3,21,clicked,1,Jan,Pre-Update
9485,1918,2024-01-20,Plan Selection,3,175,dropped,1,Jan,Pre-Update
9486,2262,2024-01-05,Payment,4,63,viewed,1,Jan,Pre-Update
9487,2477,2024-06-21,Pricing Page,2,55,dropped,6,Jun,Post-Update
9488,1118,2024-05-25,Confirmation,5,20,converted,5,May,Post-Update
9489,1770,2024-05-23,Home,1,118,dropped,5,May,Post-Update
9490,484,2024-03-01,Home,1,203,dropped,3,Mar,Pre-Update
9491,1039,2024-06-27,Payment,4,99,clicked,6,Jun,Post-Update
9492,1895,2024-03-08,Confirmation,5,163,converted,3,Mar,Pre-Update
9493,2684,2024-02-01,Home,1,101,viewed,2,Feb,Pre-Update
9494,250,2024-03-03,Pricing Page,2,40,dropped,3,Mar,Pre-Update
9495,1283,2024-02-17,Home,1,80,viewed,2,Feb,Pre-Update
9496,1129,2024-05-27,Confirmation,5,74,converted,5,May,Post-Update
9497,2256,2024-05-22,Plan Selection,3,28,clicked,5,May,Post-Update
9498,2053,2024-02-13,Home,1,16,viewed,2,Feb,Pre-Update
9499,1403,2024-02-05,Plan Selection,3,73,viewed,2,Feb,Pre-Update
9500,839,2024-06-03,Pricing Page,2,57,viewed,6,Jun,Post-Update
9501,1640,2024-01-08,Plan Selection,3,163,dropped,1,Jan,Pre-Update
9502,450,2024-03-28,Confirmation,5,80,converted,3,Mar,Post-Update
9503,2679,2024-03-13,Pricing Page,2,42,dropped,3,Mar,Pre-Update
9504,1123,2024-03-29,Pricing Page,2,43,viewed,3,Mar,Post-Update
9505,42,2024-03-01,Plan Selection,3,47,dropped,3,Mar,Pre-Update
9506,1479,2024-03-19,Plan Selection,3,45,viewed,3,Mar,Post-Update
9507,1377,2024-06-11,Home,1,188,dropped,6,Jun,Post-Update
9508,2739,2024-02-07,Pricing Page,2,54,dropped,2,Feb,Pre-Update
9509,2192,2024-06-18,Plan Selection,3,150,viewed,6,Jun,Post-Update
9510,2622,2024-03-10,Pricing Page,2,39,clicked,3,Mar,Pre-Update
9511,1326,2024-02-03,Plan Selection,3,103,clicked,2,Feb,Pre-Update
9512,724,2024-04-21,Pricing Page,2,66,clicked,4,Apr,Post-Update
9513,935,2024-05-02,Pricing Page,2,45,viewed,5,May,Post-Update
9514,2769,2024-05-21,Home,1,89,clicked,5,May,Post-Update
9515,1506,2024-06-10,Confirmation,5,32,converted,6,Jun,Post-Update
9516,2044,2024-01-14,Pricing Page,2,41,viewed,1,Jan,Pre-Update
9517,1904,2024-02-24,Plan Selection,3,32,viewed,2,Feb,Pre-Update
9518,1216,2024-05-21,Plan Selection,3,33,clicked,5,May,Post-Update
9519,710,2024-04-23,Pricing Page,2,44,clicked,4,Apr,Post-Update
9520,1266,2024-05-01,Home,1,102,dropped,5,May,Post-Update
9521,2316,2024-05-17,Pricing Page,2,42,dropped,5,May,Post-Update
9522,2300,2024-01-23,Pricing Page,2,38,clicked,1,Jan,Pre-Update
9523,721,2024-06-20,Home,1,58,dropped,6,Jun,Post-Update
9524,193,2024-06-02,Home,1,147,clicked,6,Jun,Post-Update
9525,1164,2024-01-14,Pricing Page,2,53,dropped,1,Jan,Pre-Update
9526,1459,2024-02-25,Home,1,90,viewed,2,Feb,Pre-Update
9527,2854,2024-02-16,Pricing Page,2,41,clicked,2,Feb,Pre-Update
9528,2086,2024-05-23,Confirmation,5,24,converted,5,May,Post-Update
9529,2031,2024-02-01,Payment,4,146,viewed,2,Feb,Pre-Update
9530,1296,2024-03-25,Home,1,176,dropped,3,Mar,Post-Update
9531,1716,2024-05-28,Pricing Page,2,51,dropped,5,May,Post-Update
9532,1163,2024-03-26,Pricing Page,2,56,dropped,3,Mar,Post-Update
9533,1557,2024-01-31,Pricing Page,2,56,clicked,1,Jan,Pre-Update
9534,857,2024-04-30,Pricing Page,2,49,dropped,4,Apr,Post-Update
9535,330,2024-02-08,Payment,4,206,viewed,2,Feb,Pre-Update
9536,2259,2024-04-08,Pricing Page,2,59,dropped,4,Apr,Post-Update
9537,2144,2024-01-10,Home,1,97,viewed,1,Jan,Pre-Update
9538,2474,2024-04-26,Payment,4,158,clicked,4,Apr,Post-Update
9539,906,2024-06-29,Home,1,81,clicked,6,Jun,Post-Update
9540,2640,2024-04-22,Pricing Page,2,53,dropped,4,Apr,Post-Update
9541,557,2024-03-29,Confirmation,5,202,converted,3,Mar,Post-Update
9542,444,2024-06-04,Payment,4,137,viewed,6,Jun,Post-Update
9543,1250,2024-01-16,Home,1,126,clicked,1,Jan,Pre-Update
9544,1095,2024-04-09,Plan Selection,3,145,clicked,4,Apr,Post-Update
9545,2826,2024-04-04,Payment,4,75,clicked,4,Apr,Post-Update
9546,1718,2024-06-16,Confirmation,5,167,converted,6,Jun,Post-Update
9547,583,2024-04-20,Pricing Page,2,53,dropped,4,Apr,Post-Update
9548,1428,2024-05-15,Pricing Page,2,48,clicked,5,May,Post-Update
9549,1860,2024-06-16,Payment,4,20,viewed,6,Jun,Post-Update
9550,2106,2024-04-16,Payment,4,103,viewed,4,Apr,Post-Update
9551,1615,2024-02-29,Home,1,42,viewed,2,Feb,Pre-Update
9552,393,2024-03-28,Home,1,141,dropped,3,Mar,Post-Update
9553,574,2024-02-15,Plan Selection,3,152,clicked,2,Feb,Pre-Update
9554,734,2024-05-23,Pricing Page,2,62,dropped,5,May,Post-Update
9555,228,2024-03-29,Pricing Page,2,58,clicked,3,Mar,Post-Update
9556,1397,2024-02-11,Payment,4,12,viewed,2,Feb,Pre-Update
9557,566,2024-03-14,Pricing Page,2,33,dropped,3,Mar,Pre-Update
9558,2263,2024-01-17,Home,1,141,viewed,1,Jan,Pre-Update
9559,1994,2024-01-26,Plan Selection,3,43,viewed,1,Jan,Pre-Update
9560,2701,2024-03-24,Plan Selection,3,129,dropped,3,Mar,Post-Update
9561,679,2024-04-03,Confirmation,5,14,converted,4,Apr,Post-Update
9562,1111,2024-05-21,Payment,4,131,viewed,5,May,Post-Update
9563,1561,2024-04-17,Pricing Page,2,46,dropped,4,Apr,Post-Update
9564,836,2024-05-05,Plan Selection,3,18,clicked,5,May,Post-Update
9565,1700,2024-05-27,Pricing Page,2,52,dropped,5,May,Post-Update
9566,2394,2024-02-13,Payment,4,86,clicked,2,Feb,Pre-Update
9567,124,2024-06-11,Pricing Page,2,40,dropped,6,Jun,Post-Update
9568,1950,2024-01-18,Plan Selection,3,88,clicked,1,Jan,Pre-Update
9569,1717,2024-05-26,Pricing Page,2,46,dropped,5,May,Post-Update
9570,60,2024-06-26,Payment,4,72,dropped,6,Jun,Post-Update
9571,295,2024-03-25,Home,1,180,dropped,3,Mar,Post-Update
9572,2812,2024-03-12,Home,1,125,clicked,3,Mar,Pre-Update
9573,1396,2024-01-01,Plan Selection,3,35,viewed,1,Jan,Pre-Update
9574,1270,2024-05-30,Payment,4,186,viewed,5,May,Post-Update
9575,999,2024-02-19,Pricing Page,2,31,dropped,2,Feb,Pre-Update
9576,538,2024-05-11,Home,1,74,clicked,5,May,Post-Update
9577,1695,2024-06-12,Payment,4,99,viewed,6,Jun,Post-Update
9578,1051,2024-04-06,Plan Selection,3,114,viewed,4,Apr,Post-Update
9579,325,2024-03-01,Pricing Page,2,53,viewed,3,Mar,Pre-Update
9580,1741,2024-04-13,Home,1,175,viewed,4,Apr,Post-Update
9581,1908,2024-05-07,Plan Selection,3,201,viewed,5,May,Post-Update
9582,2569,2024-03-21,Plan Selection,3,191,clicked,3,Mar,Post-Update
9583,657,2024-03-01,Home,1,19,dropped,3,Mar,Pre-Update
9584,2587,2024-05-08,Confirmation,5,156,converted,5,May,Post-Update
9585,2240,2024-04-06,Pricing Page,2,53,dropped,4,Apr,Post-Update
9586,2330,2024-01-20,Pricing Page,2,53,dropped,1,Jan,Pre-Update
9587,2001,2024-05-14,Payment,4,90,viewed,5,May,Post-Update
9588,2797,2024-02-01,Home,1,191,clicked,2,Feb,Pre-Update
9589,2006,2024-04-01,Plan Selection,3,32,viewed,4,Apr,Post-Update
9590,1719,2024-06-15,Payment,4,134,clicked,6,Jun,Post-Update
9591,1707,2024-03-09,Home,1,179,viewed,3,Mar,Pre-Update
9592,2101,2024-04-09,Plan Selection,3,140,clicked,4,Apr,Post-Update
9593,1264,2024-02-20,Home,1,174,viewed,2,Feb,Pre-Update
9594,313,2024-03-09,Plan Selection,3,166,dropped,3,Mar,Pre-Update
9595,1364,2024-05-23,Plan Selection,3,127,dropped,5,May,Post-Update
9596,29,2024-04-16,Confirmation,5,167,converted,4,Apr,Post-Update
9597,603,2024-04-26,Plan Selection,3,51,dropped,4,Apr,Post-Update
9598,342,2024-01-24,Pricing Page,2,33,clicked,1,Jan,Pre-Update
9599,86,2024-01-22,Plan Selection,3,44,clicked,1,Jan,Pre-Update
9600,711,2024-01-24,Confirmation,5,71,converted,1,Jan,Pre-Update
9601,2133,2024-04-25,Home,1,81,viewed,4,Apr,Post-Update
9602,274,2024-04-10,Pricing Page,2,62,clicked,4,Apr,Post-Update
9603,2426,2024-01-11,Payment,4,51,clicked,1,Jan,Pre-Update
9604,1266,2024-06-08,Home,1,15,viewed,6,Jun,Post-Update
9605,1852,2024-06-05,Pricing Page,2,60,dropped,6,Jun,Post-Update
9606,2262,2024-04-07,Pricing Page,2,55,dropped,4,Apr,Post-Update
9607,2875,2024-02-04,Home,1,177,viewed,2,Feb,Pre-Update
9608,673,2024-02-19,Plan Selection,3,148,clicked,2,Feb,Pre-Update
9609,1986,2024-02-18,Pricing Page,2,58,clicked,2,Feb,Pre-Update
9610,2435,2024-06-01,Payment,4,93,viewed,6,Jun,Post-Update
9611,1104,2024-04-29,Pricing Page,2,39,clicked,4,Apr,Post-Update
9612,325,2024-04-13,Plan Selection,3,13,clicked,4,Apr,Post-Update
9613,355,2024-02-22,Home,1,142,viewed,2,Feb,Pre-Update
9614,2935,2024-06-13,Plan Selection,3,74,viewed,6,Jun,Post-Update
9615,2881,2024-03-21,Pricing Page,2,48,clicked,3,Mar,Post-Update
9616,1827,2024-06-03,Pricing Page,2,57,viewed,6,Jun,Post-Update
9617,2723,2024-04-18,Pricing Page,2,55,dropped,4,Apr,Post-Update
9618,2115,2024-02-15,Home,1,193,dropped,2,Feb,Pre-Update
9619,667,2024-04-04,Confirmation,5,44,converted,4,Apr,Post-Update
9620,81,2024-04-20,Confirmation,5,11,converted,4,Apr,Post-Update
9621,434,2024-05-05,Home,1,32,clicked,5,May,Post-Update
9622,2617,2024-01-07,Plan Selection,3,154,viewed,1,Jan,Pre-Update
9623,1144,2024-02-02,Payment,4,51,viewed,2,Feb,Pre-Update
9624,1085,2024-03-16,Confirmation,5,150,converted,3,Mar,Post-Update
9625,1654,2024-04-26,Plan Selection,3,186,viewed,4,Apr,Post-Update
9626,2868,2024-04-22,Pricing Page,2,46,clicked,4,Apr,Post-Update
9627,2168,2024-03-27,Pricing Page,2,58,clicked,3,Mar,Post-Update
9628,1961,2024-01-09,Pricing Page,2,37,dropped,1,Jan,Pre-Update
9629,748,2024-01-10,Plan Selection,3,94,clicked,1,Jan,Pre-Update
9630,1588,2024-06-24,Pricing Page,2,49,dropped,6,Jun,Post-Update
9631,2323,2024-02-23,Home,1,189,dropped,2,Feb,Pre-Update
9632,1149,2024-06-06,Pricing Page,2,49,dropped,6,Jun,Post-Update
9633,1898,2024-01-14,Pricing Page,2,35,clicked,1,Jan,Pre-Update
9634,2835,2024-02-08,Pricing Page,2,45,viewed,2,Feb,Pre-Update
9635,2410,2024-03-15,Plan Selection,3,16,dropped,3,Mar,Post-Update
9636,2672,2024-06-04,Plan Selection,3,128,dropped,6,Jun,Post-Update
9637,1386,2024-01-31,Pricing Page,2,54,clicked,1,Jan,Pre-Update
9638,2237,2024-05-30,Confirmation,5,39,converted,5,May,Post-Update
9639,2819,2024-02-17,Pricing Page,2,50,viewed,2,Feb,Pre-Update
9640,954,2024-06-29,Home,1,46,viewed,6,Jun,Post-Update
9641,1449,2024-06-29,Plan Selection,3,144,viewed,6,Jun,Post-Update
9642,2303,2024-04-13,Plan Selection,3,20,viewed,4,Apr,Post-Update
9643,2705,2024-04-30,Plan Selection,3,43,viewed,4,Apr,Post-Update
9644,578,2024-01-26,Home,1,63,viewed,1,Jan,Pre-Update
9645,2426,2024-02-19,Confirmation,5,190,converted,2,Feb,Pre-Update
9646,2047,2024-05-06,Pricing Page,2,43,dropped,5,May,Post-Update
9647,79,2024-04-18,Confirmation,5,169,converted,4,Apr,Post-Update
9648,684,2024-05-15,Home,1,19,dropped,5,May,Post-Update
9649,453,2024-04-14,Pricing Page,2,52,dropped,4,Apr,Post-Update
9650,2564,2024-01-19,Confirmation,5,93,converted,1,Jan,Pre-Update
9651,743,2024-06-28,Pricing Page,2,39,clicked,6,Jun,Post-Update
9652,116,2024-02-20,Pricing Page,2,47,dropped,2,Feb,Pre-Update
9653,2402,2024-04-27,Payment,4,66,viewed,4,Apr,Post-Update
9654,1509,2024-06-12,Home,1,85,viewed,6,Jun,Post-Update
9655,2947,2024-03-21,Pricing Page,2,40,dropped,3,Mar,Post-Update
9656,1695,2024-01-25,Confirmation,5,114,converted,1,Jan,Pre-Update
9657,1939,2024-05-01,Pricing Page,2,38,viewed,5,May,Post-Update
9658,1369,2024-04-11,Pricing Page,2,53,dropped,4,Apr,Post-Update
9659,2977,2024-01-03,Home,1,90,viewed,1,Jan,Pre-Update
9660,1643,2024-03-28,Payment,4,93,viewed,3,Mar,Post-Update
9661,1740,2024-04-18,Pricing Page,2,53,clicked,4,Apr,Post-Update
9662,462,2024-04-13,Pricing Page,2,46,dropped,4,Apr,Post-Update
9663,2948,2024-03-20,Pricing Page,2,64,clicked,3,Mar,Post-Update
9664,2857,2024-04-16,Home,1,148,dropped,4,Apr,Post-Update
9665,2474,2024-04-15,Pricing Page,2,52,dropped,4,Apr,Post-Update
9666,2498,2024-01-01,Plan Selection,3,122,clicked,1,Jan,Pre-Update
9667,1918,2024-03-13,Home,1,66,dropped,3,Mar,Pre-Update
9668,2101,2024-02-01,Payment,4,82,clicked,2,Feb,Pre-Update
9669,903,2024-01-14,Pricing Page,2,32,dropped,1,Jan,Pre-Update
9670,2534,2024-02-01,Pricing Page,2,34,viewed,2,Feb,Pre-Update
9671,998,2024-03-11,Confirmation,5,125,converted,3,Mar,Pre-Update
9672,96,2024-03-19,Home,1,16,viewed,3,Mar,Post-Update
9673,2250,2024-05-31,Confirmation,5,49,converted,5,May,Post-Update
9674,484,2024-02-08,Plan Selection,3,63,clicked,2,Feb,Pre-Update
9675,370,2024-06-05,Confirmation,5,41,converted,6,Jun,Post-Update
9676,2843,2024-02-16,Pricing Page,2,44,dropped,2,Feb,Pre-Update
9677,1995,2024-02-19,Pricing Page,2,31,dropped,2,Feb,Pre-Update
9678,1524,2024-01-26,Home,1,111,viewed,1,Jan,Pre-Update
9679,1102,2024-06-12,Pricing Page,2,47,dropped,6,Jun,Post-Update
9680,645,2024-05-14,Home,1,43,viewed,5,May,Post-Update
9681,1530,2024-05-13,Home,1,129,clicked,5,May,Post-Update
9682,2205,2024-01-29,Plan Selection,3,89,clicked,1,Jan,Pre-Update
9683,536,2024-01-13,Payment,4,169,clicked,1,Jan,Pre-Update
9684,1699,2024-01-10,Plan Selection,3,151,viewed,1,Jan,Pre-Update
9685,2837,2024-02-21,Plan Selection,3,35,viewed,2,Feb,Pre-Update
9686,2413,2024-04-02,Home,1,53,viewed,4,Apr,Post-Update
9687,1490,2024-04-17,Pricing Page,2,57,clicked,4,Apr,Post-Update
9688,2752,2024-02-19,Plan Selection,3,57,clicked,2,Feb,Pre-Update
9689,103,2024-01-23,Plan Selection,3,59,viewed,1,Jan,Pre-Update
9690,1805,2024-06-29,Home,1,196,dropped,6,Jun,Post-Update
9691,2238,2024-03-13,Payment,4,143,dropped,3,Mar,Pre-Update
9692,300,2024-03-19,Payment,4,20,viewed,3,Mar,Post-Update
9693,396,2024-05-03,Home,1,11,viewed,5,May,Post-Update
9694,2947,2024-06-13,Plan Selection,3,70,viewed,6,Jun,Post-Update
9695,1778,2024-06-04,Plan Selection,3,209,clicked,6,Jun,Post-Update
9696,804,2024-06-26,Home,1,112,clicked,6,Jun,Post-Update
9697,2717,2024-04-30,Plan Selection,3,17,clicked,4,Apr,Post-Update
9698,2073,2024-03-09,Payment,4,193,dropped,3,Mar,Pre-Update
9699,179,2024-05-26,Payment,4,191,viewed,5,May,Post-Update
9700,2787,2024-06-04,Pricing Page,2,65,dropped,6,Jun,Post-Update
9701,1638,2024-04-12,Home,1,69,viewed,4,Apr,Post-Update
9702,1585,2024-06-28,Pricing Page,2,63,dropped,6,Jun,Post-Update
9703,1616,2024-01-02,Pricing Page,2,34,clicked,1,Jan,Pre-Update
9704,2478,2024-05-16,Pricing Page,2,45,dropped,5,May,Post-Update
9705,627,2024-06-01,Plan Selection,3,96,clicked,6,Jun,Post-Update
9706,1730,2024-05-18,Home,1,35,clicked,5,May,Post-Update
9707,1632,2024-04-12,Home,1,62,viewed,4,Apr,Post-Update
9708,2715,2024-02-25,Payment,4,52,clicked,2,Feb,Pre-Update
9709,857,2024-05-01,Plan Selection,3,109,viewed,5,May,Post-Update
9710,1309,2024-02-09,Payment,4,70,dropped,2,Feb,Pre-Update
9711,2276,2024-03-12,Plan Selection,3,66,clicked,3,Mar,Pre-Update
9712,2576,2024-02-17,Payment,4,201,clicked,2,Feb,Pre-Update
9713,2393,2024-03-10,Plan Selection,3,118,dropped,3,Mar,Pre-Update
9714,2406,2024-05-16,Pricing Page,2,55,clicked,5,May,Post-Update
9715,80,2024-06-10,Pricing Page,2,44,viewed,6,Jun,Post-Update
9716,269,2024-04-19,Payment,4,198,clicked,4,Apr,Post-Update
9717,1419,2024-06-27,Plan Selection,3,121,clicked,6,Jun,Post-Update
9718,2155,2024-05-17,Plan Selection,3,191,viewed,5,May,Post-Update
9719,1181,2024-01-19,Pricing Page,2,39,clicked,1,Jan,Pre-Update
9720,2455,2024-03-23,Payment,4,172,clicked,3,Mar,Post-Update
9721,882,2024-05-30,Pricing Page,2,65,clicked,5,May,Post-Update
9722,2394,2024-06-06,Confirmation,5,53,converted,6,Jun,Post-Update
9723,548,2024-02-17,Payment,4,18,viewed,2,Feb,Pre-Update
9724,1434,2024-04-22,Plan Selection,3,117,viewed,4,Apr,Post-Update
9725,1819,2024-01-19,Plan Selection,3,29,clicked,1,Jan,Pre-Update
9726,2841,2024-03-11,Home,1,91,viewed,3,Mar,Pre-Update
9727,619,2024-06-25,Pricing Page,2,49,dropped,6,Jun,Post-Update
9728,810,2024-01-22,Payment,4,123,clicked,1,Jan,Pre-Update
9729,2158,2024-01-26,Plan Selection,3,78,dropped,1,Jan,Pre-Update
9730,758,2024-01-17,Plan Selection,3,55,dropped,1,Jan,Pre-Update
9731,1531,2024-03-19,Plan Selection,3,191,viewed,3,Mar,Post-Update
9732,1029,2024-06-07,Pricing Page,2,40,dropped,6,Jun,Post-Update
9733,2583,2024-01-05,Plan Selection,3,130,clicked,1,Jan,Pre-Update
9734,625,2024-05-30,Plan Selection,3,56,clicked,5,May,Post-Update
9735,2625,2024-05-30,Plan Selection,3,56,clicked,5,May,Post-Update
9736,2589,2024-05-21,Pricing Page,2,46,dropped,5,May,Post-Update
9737,523,2024-05-01,Payment,4,41,clicked,5,May,Post-Update
9738,2956,2024-01-09,Pricing Page,2,38,clicked,1,Jan,Pre-Update
9739,2885,2024-01-22,Plan Selection,3,53,viewed,1,Jan,Pre-Update
9740,22,2024-02-14,Home,1,63,viewed,2,Feb,Pre-Update
9741,2594,2024-01-23,Home,1,163,viewed,1,Jan,Pre-Update
9742,1265,2024-06-07,Home,1,204,clicked,6,Jun,Post-Update
9743,1654,2024-02-20,Payment,4,176,viewed,2,Feb,Pre-Update
9744,1003,2024-05-19,Payment,4,200,dropped,5,May,Post-Update
9745,559,2024-02-24,Confirmation,5,177,converted,2,Feb,Pre-Update
9746,1050,2024-02-11,Home,1,177,viewed,2,Feb,Pre-Update
9747,2514,2024-04-14,Pricing Page,2,42,clicked,4,Apr,Post-Update
9748,2053,2024-04-07,Plan Selection,3,121,viewed,4,Apr,Post-Update
9749,2179,2024-06-29,Payment,4,208,clicked,6,Jun,Post-Update
9750,2616,2024-04-28,Plan Selection,3,68,clicked,4,Apr,Post-Update
9751,1971,2024-05-18,Payment,4,10,clicked,5,May,Post-Update
9752,511,2024-04-08,Pricing Page,2,49,dropped,4,Apr,Post-Update
9753,725,2024-03-11,Pricing Page,2,57,viewed,3,Mar,Pre-Update
9754,96,2024-02-20,Pricing Page,2,49,clicked,2,Feb,Pre-Update
9755,348,2024-02-26,Pricing Page,2,34,dropped,2,Feb,Pre-Update
9756,694,2024-05-11,Confirmation,5,118,converted,5,May,Post-Update
9757,2643,2024-05-20,Pricing Page,2,62,dropped,5,May,Post-Update
9758,1857,2024-06-02,Pricing Page,2,47,dropped,6,Jun,Post-Update
9759,1480,2024-06-28,Pricing Page,2,50,clicked,6,Jun,Post-Update
9760,2592,2024-03-24,Payment,4,55,viewed,3,Mar,Post-Update
9761,471,2024-06-08,Confirmation,5,16,converted,6,Jun,Post-Update
9762,1045,2024-04-27,Pricing Page,2,39,clicked,4,Apr,Post-Update
9763,1220,2024-06-06,Home,1,16,viewed,6,Jun,Post-Update
9764,2433,2024-05-08,Home,1,91,viewed,5,May,Post-Update
9765,1057,2024-04-21,Home,1,74,clicked,4,Apr,Post-Update
9766,1708,2024-02-28,Confirmation,5,121,converted,2,Feb,Pre-Update
9767,213,2024-05-03,Pricing Page,2,67,dropped,5,May,Post-Update
9768,1032,2024-06-22,Payment,4,205,clicked,6,Jun,Post-Update
9769,2658,2024-05-14,Home,1,17,dropped,5,May,Post-Update
9770,2976,2024-06-12,Plan Selection,3,200,dropped,6,Jun,Post-Update
9771,2819,2024-02-10,Pricing Page,2,54,dropped,2,Feb,Pre-Update
9772,2281,2024-01-10,Confirmation,5,152,converted,1,Jan,Pre-Update
9773,1905,2024-01-08,Pricing Page,2,42,dropped,1,Jan,Pre-Update
9774,2127,2024-06-21,Plan Selection,3,72,viewed,6,Jun,Post-Update
9775,981,2024-05-02,Pricing Page,2,39,viewed,5,May,Post-Update
9776,2203,2024-05-15,Plan Selection,3,105,viewed,5,May,Post-Update
9777,971,2024-03-06,Payment,4,43,clicked,3,Mar,Pre-Update
9778,2646,2024-04-15,Pricing Page,2,54,viewed,4,Apr,Post-Update
9779,2897,2024-01-16,Plan Selection,3,79,dropped,1,Jan,Pre-Update
9780,2595,2024-05-21,Pricing Page,2,42,viewed,5,May,Post-Update
9781,363,2024-05-31,Payment,4,120,clicked,5,May,Post-Update
9782,2891,2024-06-02,Pricing Page,2,43,viewed,6,Jun,Post-Update
9783,158,2024-03-28,Pricing Page,2,62,dropped,3,Mar,Post-Update
9784,1110,2024-05-13,Plan Selection,3,152,viewed,5,May,Post-Update
9785,2584,2024-06-13,Confirmation,5,27,converted,6,Jun,Post-Update
9786,1624,2024-03-22,Plan Selection,3,156,viewed,3,Mar,Post-Update
9787,2737,2024-01-17,Payment,4,83,viewed,1,Jan,Pre-Update
9788,518,2024-06-10,Confirmation,5,26,converted,6,Jun,Post-Update
9789,1662,2024-04-04,Confirmation,5,41,converted,4,Apr,Post-Update
9790,2878,2024-02-27,Payment,4,142,dropped,2,Feb,Pre-Update
9791,1982,2024-06-15,Plan Selection,3,68,viewed,6,Jun,Post-Update
9792,749,2024-03-08,Home,1,112,dropped,3,Mar,Pre-Update
9793,1154,2024-03-07,Plan Selection,3,71,clicked,3,Mar,Pre-Update
9794,1562,2024-01-26,Home,1,59,viewed,1,Jan,Pre-Update
9795,1417,2024-05-30,Payment,4,44,viewed,5,May,Post-Update
9796,2401,2024-01-02,Plan Selection,3,56,dropped,1,Jan,Pre-Update
9797,910,2024-06-15,Plan Selection,3,136,dropped,6,Jun,Post-Update
9798,2348,2024-03-31,Home,1,71,dropped,3,Mar,Post-Update
9799,853,2024-02-24,Plan Selection,3,82,viewed,2,Feb,Pre-Update
9800,590,2024-03-15,Pricing Page,2,40,dropped,3,Mar,Post-Update
9801,2768,2024-04-01,Payment,4,66,dropped,4,Apr,Post-Update
9802,2328,2024-04-02,Pricing Page,2,55,dropped,4,Apr,Post-Update
9803,613,2024-03-27,Payment,4,92,viewed,3,Mar,Post-Update
9804,1722,2024-04-14,Home,1,40,dropped,4,Apr,Post-Update
9805,1944,2024-04-14,Confirmation,5,12,converted,4,Apr,Post-Update
9806,628,2024-01-03,Pricing Page,2,33,dropped,1,Jan,Pre-Update
9807,2838,2024-06-24,Home,1,31,clicked,6,Jun,Post-Update
9808,957,2024-01-03,Home,1,102,dropped,1,Jan,Pre-Update
9809,1961,2024-02-14,Pricing Page,2,48,dropped,2,Feb,Pre-Update
9810,1635,2024-06-08,Payment,4,58,viewed,6,Jun,Post-Update
9811,2108,2024-06-02,Home,1,45,clicked,6,Jun,Post-Update
9812,2039,2024-01-14,Pricing Page,2,42,dropped,1,Jan,Pre-Update
9813,1120,2024-03-28,Pricing Page,2,67,dropped,3,Mar,Post-Update
9814,1255,2024-06-05,Home,1,157,clicked,6,Jun,Post-Update
9815,844,2024-06-12,Plan Selection,3,146,clicked,6,Jun,Post-Update
9816,2605,2024-02-03,Pricing Page,2,33,clicked,2,Feb,Pre-Update
9817,1100,2024-02-09,Confirmation,5,68,converted,2,Feb,Pre-Update
9818,1455,2024-04-10,Pricing Page,2,65,dropped,4,Apr,Post-Update
9819,823,2024-04-13,Home,1,100,dropped,4,Apr,Post-Update
9820,1422,2024-06-06,Confirmation,5,10,converted,6,Jun,Post-Update
9821,768,2024-02-18,Plan Selection,3,11,clicked,2,Feb,Pre-Update
9822,2259,2024-05-06,Pricing Page,2,40,clicked,5,May,Post-Update
9823,411,2024-04-30,Confirmation,5,132,converted,4,Apr,Post-Update
9824,910,2024-05-01,Pricing Page,2,45,viewed,5,May,Post-Update
9825,1765,2024-03-04,Confirmation,5,180,converted,3,Mar,Pre-Update
9826,983,2024-01-14,Pricing Page,2,53,clicked,1,Jan,Pre-Update
9827,284,2024-03-16,Payment,4,153,dropped,3,Mar,Post-Update
9828,2785,2024-06-28,Home,1,179,viewed,6,Jun,Post-Update
9829,484,2024-04-16,Pricing Page,2,52,dropped,4,Apr,Post-Update
9830,2880,2024-04-09,Payment,4,142,viewed,4,Apr,Post-Update
9831,1958,2024-01-15,Pricing Page,2,57,dropped,1,Jan,Pre-Update
9832,2893,2024-05-19,Confirmation,5,100,converted,5,May,Post-Update
9833,1202,2024-04-27,Home,1,65,clicked,4,Apr,Post-Update
9834,1260,2024-03-04,Pricing Page,2,41,clicked,3,Mar,Pre-Update
9835,257,2024-01-17,Pricing Page,2,52,dropped,1,Jan,Pre-Update
9836,347,2024-03-11,Plan Selection,3,166,dropped,3,Mar,Pre-Update
9837,1190,2024-04-06,Pricing Page,2,62,clicked,4,Apr,Post-Update
9838,1842,2024-02-13,Pricing Page,2,31,dropped,2,Feb,Pre-Update
9839,174,2024-04-07,Plan Selection,3,207,clicked,4,Apr,Post-Update
9840,2724,2024-03-16,Pricing Page,2,54,clicked,3,Mar,Post-Update
9841,2757,2024-03-19,Pricing Page,2,59,dropped,3,Mar,Post-Update
9842,1797,2024-06-22,Confirmation,5,26,converted,6,Jun,Post-Update
9843,1299,2024-06-15,Pricing Page,2,61,dropped,6,Jun,Post-Update
9844,2054,2024-03-12,Confirmation,5,85,converted,3,Mar,Pre-Update
9845,481,2024-04-30,Payment,4,48,clicked,4,Apr,Post-Update
9846,2023,2024-01-04,Home,1,81,clicked,1,Jan,Pre-Update
9847,1796,2024-03-11,Home,1,133,viewed,3,Mar,Pre-Update
9848,528,2024-01-12,Payment,4,173,viewed,1,Jan,Pre-Update
9849,2894,2024-05-19,Confirmation,5,102,converted,5,May,Post-Update
9850,1320,2024-05-28,Payment,4,94,viewed,5,May,Post-Update
9851,1886,2024-05-26,Home,1,79,clicked,5,May,Post-Update
9852,863,2024-04-26,Pricing Page,2,63,dropped,4,Apr,Post-Update
9853,1326,2024-04-19,Plan Selection,3,148,clicked,4,Apr,Post-Update
9854,2094,2024-03-18,Home,1,188,clicked,3,Mar,Post-Update
9855,292,2024-03-17,Payment,4,182,viewed,3,Mar,Post-Update
9856,1635,2024-02-14,Plan Selection,3,63,clicked,2,Feb,Pre-Update
9857,2693,2024-06-05,Plan Selection,3,118,viewed,6,Jun,Post-Update
9858,1484,2024-01-01,Plan Selection,3,138,viewed,1,Jan,Pre-Update
9859,465,2024-06-16,Home,1,27,viewed,6,Jun,Post-Update
9860,952,2024-05-31,Pricing Page,2,57,clicked,5,May,Post-Update
9861,335,2024-05-05,Home,1,122,clicked,5,May,Post-Update
9862,1479,2024-01-28,Pricing Page,2,58,viewed,1,Jan,Pre-Update
9863,2524,2024-03-09,Pricing Page,2,49,dropped,3,Mar,Pre-Update
9864,201,2024-05-09,Pricing Page,2,59,dropped,5,May,Post-Update
9865,180,2024-06-27,Payment,4,165,viewed,6,Jun,Post-Update
9866,2746,2024-04-23,Pricing Page,2,39,dropped,4,Apr,Post-Update
9867,1080,2024-03-29,Pricing Page,2,48,clicked,3,Mar,Post-Update
9868,610,2024-01-13,Payment,4,100,dropped,1,Jan,Pre-Update
9869,40,2024-06-01,Home,1,68,viewed,6,Jun,Post-Update
9870,2948,2024-06-29,Home,1,52,viewed,6,Jun,Post-Update
9871,181,2024-03-28,Pricing Page,2,59,viewed,3,Mar,Post-Update
9872,614,2024-03-16,Pricing Page,2,40,dropped,3,Mar,Post-Update
9873,2840,2024-04-19,Home,1,31,viewed,4,Apr,Post-Update
9874,1764,2024-06-28,Pricing Page,2,39,dropped,6,Jun,Post-Update
9875,2394,2024-02-13,Payment,4,72,dropped,2,Feb,Pre-Update
9876,2381,2024-04-05,Pricing Page,2,58,clicked,4,Apr,Post-Update
9877,1623,2024-04-04,Confirmation,5,78,converted,4,Apr,Post-Update
9878,2282,2024-05-21,Plan Selection,3,169,dropped,5,May,Post-Update
9879,351,2024-02-20,Home,1,82,viewed,2,Feb,Pre-Update
9880,1089,2024-05-15,Plan Selection,3,205,viewed,5,May,Post-Update
9881,2565,2024-03-13,Pricing Page,2,30,clicked,3,Mar,Pre-Update
9882,1569,2024-03-29,Payment,4,190,viewed,3,Mar,Post-Update
9883,2165,2024-06-21,Plan Selection,3,38,viewed,6,Jun,Post-Update
9884,322,2024-05-27,Payment,4,85,clicked,5,May,Post-Update
9885,2350,2024-01-31,Pricing Page,2,59,clicked,1,Jan,Pre-Update
9886,779,2024-06-23,Home,1,62,dropped,6,Jun,Post-Update
9887,1138,2024-02-04,Payment,4,116,dropped,2,Feb,Pre-Update
9888,1042,2024-02-01,Payment,4,131,clicked,2,Feb,Pre-Update
9889,2899,2024-01-29,Confirmation,5,209,converted,1,Jan,Pre-Update
9890,922,2024-04-07,Payment,4,66,dropped,4,Apr,Post-Update
9891,1551,2024-03-06,Pricing Page,2,37,clicked,3,Mar,Pre-Update
9892,1628,2024-02-29,Home,1,39,viewed,2,Feb,Pre-Update
9893,2405,2024-01-12,Confirmation,5,82,converted,1,Jan,Pre-Update
9894,260,2024-03-02,Pricing Page,2,36,viewed,3,Mar,Pre-Update
9895,913,2024-01-23,Plan Selection,3,38,clicked,1,Jan,Pre-Update
9896,1666,2024-06-28,Pricing Page,2,51,dropped,6,Jun,Post-Update
9897,2698,2024-01-22,Confirmation,5,46,converted,1,Jan,Pre-Update
9898,577,2024-03-14,Pricing Page,2,32,dropped,3,Mar,Pre-Update
9899,349,2024-03-02,Pricing Page,2,53,viewed,3,Mar,Pre-Update
9900,2257,2024-02-25,Pricing Page,2,42,dropped,2,Feb,Pre-Update
9901,709,2024-02-21,Plan Selection,3,147,clicked,2,Feb,Pre-Update
9902,1589,2024-05-05,Payment,4,61,viewed,5,May,Post-Update
9903,1885,2024-01-20,Plan Selection,3,188,clicked,1,Jan,Pre-Update
9904,13,2024-03-15,Home,1,11,viewed,3,Mar,Post-Update
9905,1338,2024-04-08,Pricing Page,2,48,dropped,4,Apr,Post-Update
9906,1464,2024-06-18,Pricing Page,2,48,dropped,6,Jun,Post-Update
9907,117,2024-01-29,Plan Selection,3,180,clicked,1,Jan,Pre-Update
9908,2271,2024-06-29,Payment,4,133,viewed,6,Jun,Post-Update
9909,2245,2024-06-26,Plan Selection,3,75,viewed,6,Jun,Post-Update
9910,1319,2024-01-26,Pricing Page,2,45,clicked,1,Jan,Pre-Update
9911,1510,2024-02-22,Confirmation,5,165,converted,2,Feb,Pre-Update
9912,337,2024-02-10,Payment,4,53,viewed,2,Feb,Pre-Update
9913,397,2024-03-11,Plan Selection,3,130,clicked,3,Mar,Pre-Update
9914,2699,2024-03-27,Plan Selection,3,207,viewed,3,Mar,Post-Update
9915,1457,2024-05-17,Pricing Page,2,49,viewed,5,May,Post-Update
9916,1932,2024-02-28,Plan Selection,3,110,clicked,2,Feb,Pre-Update
9917,1932,2024-06-16,Plan Selection,3,151,clicked,6,Jun,Post-Update
9918,243,2024-01-16,Home,1,140,viewed,1,Jan,Pre-Update
9919,1812,2024-06-09,Plan Selection,3,95,clicked,6,Jun,Post-Update
9920,401,2024-05-28,Plan Selection,3,16,dropped,5,May,Post-Update
9921,586,2024-05-25,Pricing Page,2,61,dropped,5,May,Post-Update
9922,1458,2024-05-14,Pricing Page,2,39,dropped,5,May,Post-Update
9923,1139,2024-03-07,Plan Selection,3,93,viewed,3,Mar,Pre-Update
9924,1944,2024-02-23,Plan Selection,3,169,clicked,2,Feb,Pre-Update
9925,1521,2024-03-12,Pricing Page,2,30,viewed,3,Mar,Pre-Update
9926,287,2024-06-23,Plan Selection,3,153,dropped,6,Jun,Post-Update
9927,2808,2024-04-24,Pricing Page,2,62,dropped,4,Apr,Post-Update
9928,20,2024-05-14,Plan Selection,3,59,dropped,5,May,Post-Update
9929,9,2024-04-12,Payment,4,103,viewed,4,Apr,Post-Update
9930,2212,2024-02-07,Payment,4,99,viewed,2,Feb,Pre-Update
9931,2033,2024-06-25,Payment,4,62,viewed,6,Jun,Post-Update
9932,556,2024-04-08,Home,1,55,viewed,4,Apr,Post-Update
9933,1150,2024-01-15,Pricing Page,2,30,dropped,1,Jan,Pre-Update
9934,1078,2024-06-25,Payment,4,16,viewed,6,Jun,Post-Update
9935,2532,2024-06-03,Payment,4,43,clicked,6,Jun,Post-Update
9936,1389,2024-04-07,Pricing Page,2,63,dropped,4,Apr,Post-Update
9937,1508,2024-02-17,Payment,4,61,viewed,2,Feb,Pre-Update
9938,1479,2024-06-13,Home,1,128,viewed,6,Jun,Post-Update
9939,286,2024-01-28,Pricing Page,2,57,dropped,1,Jan,Pre-Update
9940,2264,2024-03-31,Pricing Page,2,57,dropped,3,Mar,Post-Update
9941,2633,2024-05-04,Payment,4,209,clicked,5,May,Post-Update
9942,2225,2024-01-13,Home,1,85,clicked,1,Jan,Pre-Update
9943,1591,2024-01-11,Plan Selection,3,65,clicked,1,Jan,Pre-Update
9944,2418,2024-01-08,Payment,4,181,viewed,1,Jan,Pre-Update
9945,2582,2024-04-27,Plan Selection,3,76,viewed,4,Apr,Post-Update
9946,1476,2024-03-07,Pricing Page,2,49,dropped,3,Mar,Pre-Update
9947,937,2024-05-21,Confirmation,5,106,converted,5,May,Post-Update
9948,1567,2024-01-30,Pricing Page,2,51,viewed,1,Jan,Pre-Update
9949,100,2024-05-01,Pricing Page,2,44,dropped,5,May,Post-Update
9950,605,2024-06-09,Payment,4,106,viewed,6,Jun,Post-Update
9951,439,2024-06-26,Pricing Page,2,48,dropped,6,Jun,Post-Update
9952,1841,2024-01-17,Plan Selection,3,170,dropped,1,Jan,Pre-Update
9953,1205,2024-04-05,Pricing Page,2,53,dropped,4,Apr,Post-Update
9954,725,2024-01-22,Payment,4,206,clicked,1,Jan,Pre-Update
9955,1917,2024-02-13,Pricing Page,2,50,clicked,2,Feb,Pre-Update
9956,2317,2024-02-01,Plan Selection,3,55,clicked,2,Feb,Pre-Update
9957,2393,2024-03-30,Home,1,200,clicked,3,Mar,Post-Update
9958,1869,2024-04-23,Pricing Page,2,51,dropped,4,Apr,Post-Update
9959,292,2024-06-29,Plan Selection,3,113,clicked,6,Jun,Post-Update
9960,2577,2024-06-02,Plan Selection,3,154,viewed,6,Jun,Post-Update
9961,470,2024-05-22,Pricing Page,2,65,dropped,5,May,Post-Update
9962,754,2024-04-30,Plan Selection,3,180,clicked,4,Apr,Post-Update
9963,750,2024-04-11,Home,1,133,viewed,4,Apr,Post-Update
9964,1886,2024-03-23,Pricing Page,2,57,dropped,3,Mar,Post-Update
9965,946,2024-03-14,Home,1,59,viewed,3,Mar,Pre-Update
9966,181,2024-03-16,Confirmation,5,62,converted,3,Mar,Post-Update
9967,1828,2024-02-16,Pricing Page,2,44,dropped,2,Feb,Pre-Update
9968,2922,2024-04-19,Home,1,156,clicked,4,Apr,Post-Update
9969,1462,2024-03-17,Plan Selection,3,207,viewed,3,Mar,Post-Update
9970,2821,2024-05-17,Confirmation,5,140,converted,5,May,Post-Update
9971,927,2024-04-15,Confirmation,5,36,converted,4,Apr,Post-Update
9972,2227,2024-02-26,Pricing Page,2,51,clicked,2,Feb,Pre-Update
9973,1525,2024-06-25,Pricing Page,2,63,dropped,6,Jun,Post-Update
9974,1346,2024-04-24,Payment,4,59,viewed,4,Apr,Post-Update
9975,2823,2024-03-31,Plan Selection,3,183,clicked,3,Mar,Post-Update
9976,2884,2024-06-06,Pricing Page,2,60,dropped,6,Jun,Post-Update
9977,505,2024-01-03,Plan Selection,3,164,dropped,1,Jan,Pre-Update
9978,1771,2024-03-13,Pricing Page,2,30,dropped,3,Mar,Pre-Update
9979,2011,2024-02-28,Plan Selection,3,11,clicked,2,Feb,Pre-Update
9980,802,2024-04-11,Home,1,76,viewed,4,Apr,Post-Update
9981,775,2024-03-02,Confirmation,5,126,converted,3,Mar,Pre-Update
9982,482,2024-01-09,Payment,4,144,dropped,1,Jan,Pre-Update
9983,1113,2024-04-21,Confirmation,5,17,converted,4,Apr,Post-Update
9984,726,2024-01-19,Payment,4,140,viewed,1,Jan,Pre-Update
9985,1307,2024-04-08,Pricing Page,2,51,viewed,4,Apr,Post-Update
9986,1434,2024-04-02,Home,1,14,viewed,4,Apr,Post-Update
9987,2574,2024-06-17,Home,1,141,dropped,6,Jun,Post-Update
9988,265,2024-03-14,Payment,4,125,viewed,3,Mar,Pre-Update
9989,1109,2024-06-26,Payment,4,27,dropped,6,Jun,Post-Update
9990,2547,2024-02-01,Pricing Page,2,32,clicked,2,Feb,Pre-Update
9991,2925,2024-04-08,Payment,4,80,clicked,4,Apr,Post-Update
9992,2446,2024-06-21,Pricing Page,2,58,dropped,6,Jun,Post-Update
9993,1337,2024-05-11,Pricing Page,2,48,clicked,5,May,Post-Update
9994,46,2024-04-26,Home,1,198,dropped,4,Apr,Post-Update
9995,461,2024-02-01,Pricing Page,2,46,clicked,2,Feb,Pre-Update
9996,2011,2024-06-26,Confirmation,5,103,converted,6,Jun,Post-Update
9997,2119,2024-01-23,Pricing Page,2,32,viewed,1,Jan,Pre-Update
9998,1376,2024-03-26,Confirmation,5,102,converted,3,Mar,Post-Update
9999,1176,2024-04-13,Plan Selection,3,139,dropped,4,Apr,Post-Update
10000,618,2024-03-02,Home,1,79,clicked,3,Mar,Pre-Update
10001,1650,2024-02-05,Pricing Page,2,30,dropped,2,Feb,Pre-Update
10002,2292,2024-02-26,Pricing Page,2,42,dropped,2,Feb,Pre-Update
10003,2702,2024-05-30,Pricing Page,2,61,dropped,5,May,Post-Update
10004,1250,2024-03-17,Payment,4,14,clicked,3,Mar,Post-Update
10005,1986,2024-05-01,Pricing Page,2,61,viewed,5,May,Post-Update
10006,2743,2024-01-02,Pricing Page,2,43,dropped,1,Jan,Pre-Update
10007,1121,2024-06-01,Home,1,204,clicked,6,Jun,Post-Update
10008,2505,2024-04-05,Home,1,23,viewed,4,Apr,Post-Update
10009,1562,2024-05-19,Pricing Page,2,42,viewed,5,May,Post-Update
10010,342,2024-05-26,Plan Selection,3,40,viewed,5,May,Post-Update
10011,1858,2024-02-14,Pricing Page,2,34,clicked,2,Feb,Pre-Update
10012,1761,2024-01-22,Payment,4,160,clicked,1,Jan,Pre-Update
10013,835,2024-03-25,Plan Selection,3,32,dropped,3,Mar,Post-Update
10014,2709,2024-03-08,Home,1,138,viewed,3,Mar,Pre-Update
10015,2594,2024-01-09,Plan Selection,3,24,clicked,1,Jan,Pre-Update
10016,2741,2024-02-22,Payment,4,157,clicked,2,Feb,Pre-Update
10017,1024,2024-02-01,Payment,4,164,clicked,2,Feb,Pre-Update
10018,144,2024-03-17,Confirmation,5,131,converted,3,Mar,Post-Update
10019,353,2024-05-17,Pricing Page,2,66,dropped,5,May,Post-Update
10020,1503,2024-01-12,Payment,4,196,dropped,1,Jan,Pre-Update
10021,347,2024-01-06,Payment,4,201,clicked,1,Jan,Pre-Update
10022,2695,2024-03-18,Pricing Page,2,67,dropped,3,Mar,Post-Update
10023,2616,2024-04-29,Plan Selection,3,99,dropped,4,Apr,Post-Update
10024,1634,2024-02-04,Pricing Page,2,31,dropped,2,Feb,Pre-Update
10025,688,2024-02-27,Confirmation,5,122,converted,2,Feb,Pre-Update
10026,290,2024-05-24,Plan Selection,3,33,clicked,5,May,Post-Update
10027,114,2024-05-16,Plan Selection,3,24,clicked,5,May,Post-Update
10028,1817,2024-06-17,Payment,4,84,clicked,6,Jun,Post-Update
10029,2046,2024-03-01,Plan Selection,3,26,clicked,3,Mar,Pre-Update
10030,1721,2024-02-01,Home,1,59,viewed,2,Feb,Pre-Update
10031,262,2024-01-26,Pricing Page,2,54,clicked,1,Jan,Pre-Update
10032,129,2024-01-25,Plan Selection,3,88,clicked,1,Jan,Pre-Update
10033,517,2024-01-10,Payment,4,133,viewed,1,Jan,Pre-Update
10034,855,2024-06-18,Payment,4,81,clicked,6,Jun,Post-Update
10035,1153,2024-01-08,Home,1,48,viewed,1,Jan,Pre-Update
10036,826,2024-01-12,Pricing Page,2,38,viewed,1,Jan,Pre-Update
10037,1901,2024-03-30,Plan Selection,3,82,dropped,3,Mar,Post-Update
10038,1357,2024-06-18,Pricing Page,2,62,dropped,6,Jun,Post-Update
10039,739,2024-05-24,Pricing Page,2,63,dropped,5,May,Post-Update
10040,2972,2024-03-18,Home,1,115,dropped,3,Mar,Post-Update
10041,425,2024-02-20,Confirmation,5,207,converted,2,Feb,Pre-Update
10042,104,2024-02-09,Confirmation,5,64,converted,2,Feb,Pre-Update
10043,1225,2024-02-10,Confirmation,5,165,converted,2,Feb,Pre-Update
10044,667,2024-05-20,Pricing Page,2,61,dropped,5,May,Post-Update
10045,1898,2024-04-17,Home,1,137,viewed,4,Apr,Post-Update
10046,2267,2024-06-25,Plan Selection,3,37,viewed,6,Jun,Post-Update
10047,2544,2024-05-03,Payment,4,65,viewed,5,May,Post-Update
10048,465,2024-03-09,Pricing Page,2,31,viewed,3,Mar,Pre-Update
10049,1085,2024-01-22,Pricing Page,2,34,dropped,1,Jan,Pre-Update
10050,1546,2024-01-05,Plan Selection,3,170,clicked,1,Jan,Pre-Update
10051,161,2024-03-11,Payment,4,160,clicked,3,Mar,Pre-Update
10052,2359,2024-05-07,Home,1,156,dropped,5,May,Post-Update
10053,1635,2024-02-20,Payment,4,11,viewed,2,Feb,Pre-Update
10054,1715,2024-05-07,Payment,4,196,dropped,5,May,Post-Update
10055,1212,2024-02-23,Pricing Page,2,43,clicked,2,Feb,Pre-Update
10056,2898,2024-03-19,Pricing Page,2,38,dropped,3,Mar,Post-Update
10057,1304,2024-02-20,Home,1,145,dropped,2,Feb,Pre-Update
10058,880,2024-02-19,Pricing Page,2,49,clicked,2,Feb,Pre-Update
10059,2119,2024-03-05,Plan Selection,3,49,dropped,3,Mar,Pre-Update
10060,1605,2024-04-18,Pricing Page,2,43,clicked,4,Apr,Post-Update
10061,721,2024-06-13,Payment,4,96,viewed,6,Jun,Post-Update
10062,136,2024-02-09,Confirmation,5,34,converted,2,Feb,Pre-Update
10063,2255,2024-03-10,Plan Selection,3,55,dropped,3,Mar,Pre-Update
10064,2579,2024-06-24,Pricing Page,2,52,dropped,6,Jun,Post-Update
10065,420,2024-02-01,Pricing Page,2,52,dropped,2,Feb,Pre-Update
10066,1175,2024-06-29,Payment,4,35,dropped,6,Jun,Post-Update
10067,1223,2024-04-12,Plan Selection,3,73,viewed,4,Apr,Post-Update
10068,2894,2024-03-26,Pricing Page,2,64,dropped,3,Mar,Post-Update
10069,1922,2024-01-04,Home,1,174,clicked,1,Jan,Pre-Update
10070,1282,2024-03-13,Payment,4,93,viewed,3,Mar,Pre-Update
10071,917,2024-05-23,Home,1,191,clicked,5,May,Post-Update
10072,142,2024-02-02,Payment,4,48,viewed,2,Feb,Pre-Update
10073,325,2024-02-28,Pricing Page,2,45,clicked,2,Feb,Pre-Update
10074,2641,2024-03-03,Home,1,84,viewed,3,Mar,Pre-Update
10075,2825,2024-06-07,Plan Selection,3,36,dropped,6,Jun,Post-Update
10076,1957,2024-02-11,Home,1,67,viewed,2,Feb,Pre-Update
10077,1301,2024-04-15,Plan Selection,3,84,viewed,4,Apr,Post-Update
10078,2456,2024-01-24,Home,1,127,clicked,1,Jan,Pre-Update
10079,20,2024-06-24,Payment,4,57,viewed,6,Jun,Post-Update
10080,2370,2024-06-02,Payment,4,165,clicked,6,Jun,Post-Update
10081,510,2024-06-20,Pricing Page,2,45,clicked,6,Jun,Post-Update
10082,1373,2024-03-03,Pricing Page,2,50,dropped,3,Mar,Pre-Update
10083,2164,2024-04-11,Plan Selection,3,111,viewed,4,Apr,Post-Update
10084,1794,2024-01-22,Payment,4,134,viewed,1,Jan,Pre-Update
10085,2311,2024-04-30,Home,1,39,viewed,4,Apr,Post-Update
10086,2227,2024-05-25,Payment,4,124,clicked,5,May,Post-Update
10087,1916,2024-05-20,Confirmation,5,118,converted,5,May,Post-Update
10088,2359,2024-02-24,Home,1,186,viewed,2,Feb,Pre-Update
10089,137,2024-03-15,Confirmation,5,81,converted,3,Mar,Post-Update
10090,69,2024-01-09,Home,1,157,dropped,1,Jan,Pre-Update
10091,1672,2024-02-29,Confirmation,5,172,converted,2,Feb,Pre-Update
10092,566,2024-04-01,Confirmation,5,62,converted,4,Apr,Post-Update
10093,1374,2024-03-30,Home,1,14,viewed,3,Mar,Post-Update
10094,2780,2024-02-13,Pricing Page,2,42,viewed,2,Feb,Pre-Update
10095,1620,2024-03-21,Plan Selection,3,149,viewed,3,Mar,Post-Update
10096,795,2024-02-25,Payment,4,167,viewed,2,Feb,Pre-Update
10097,562,2024-05-26,Pricing Page,2,66,dropped,5,May,Post-Update
10098,2268,2024-05-28,Payment,4,143,viewed,5,May,Post-Update
10099,973,2024-01-05,Home,1,142,viewed,1,Jan,Pre-Update
10100,1053,2024-01-28,Plan Selection,3,31,clicked,1,Jan,Pre-Update
10101,1980,2024-01-20,Plan Selection,3,116,viewed,1,Jan,Pre-Update
10102,285,2024-04-29,Home,1,35,clicked,4,Apr,Post-Update
10103,1504,2024-05-19,Pricing Page,2,52,dropped,5,May,Post-Update
10104,580,2024-06-27,Pricing Page,2,60,clicked,6,Jun,Post-Update
10105,682,2024-01-12,Plan Selection,3,18,clicked,1,Jan,Pre-Update
10106,745,2024-03-15,Pricing Page,2,48,clicked,3,Mar,Post-Update
10107,2477,2024-05-27,Plan Selection,3,112,viewed,5,May,Post-Update
10108,1219,2024-04-30,Home,1,121,clicked,4,Apr,Post-Update
10109,1750,2024-04-11,Home,1,139,dropped,4,Apr,Post-Update
10110,733,2024-01-20,Payment,4,152,dropped,1,Jan,Pre-Update
10111,1816,2024-04-14,Home,1,132,viewed,4,Apr,Post-Update
10112,1310,2024-04-22,Payment,4,26,dropped,4,Apr,Post-Update
10113,2960,2024-05-23,Home,1,136,dropped,5,May,Post-Update
10114,2689,2024-01-01,Pricing Page,2,49,dropped,1,Jan,Pre-Update
10115,378,2024-01-01,Plan Selection,3,38,viewed,1,Jan,Pre-Update
10116,1986,2024-06-04,Pricing Page,2,66,viewed,6,Jun,Post-Update
10117,1809,2024-02-27,Payment,4,189,dropped,2,Feb,Pre-Update
10118,734,2024-04-29,Plan Selection,3,170,clicked,4,Apr,Post-Update
10119,1099,2024-05-18,Plan Selection,3,70,clicked,5,May,Post-Update
10120,2501,2024-01-24,Home,1,69,dropped,1,Jan,Pre-Update
10121,1513,2024-02-21,Confirmation,5,144,converted,2,Feb,Pre-Update
10122,1930,2024-02-06,Home,1,168,viewed,2,Feb,Pre-Update
10123,672,2024-06-22,Home,1,161,clicked,6,Jun,Post-Update
10124,2255,2024-04-08,Pricing Page,2,58,dropped,4,Apr,Post-Update
10125,613,2024-06-04,Plan Selection,3,172,dropped,6,Jun,Post-Update
10126,2044,2024-03-02,Plan Selection,3,50,dropped,3,Mar,Pre-Update
10127,2537,2024-06-21,Pricing Page,2,45,clicked,6,Jun,Post-Update
10128,1484,2024-03-30,Confirmation,5,109,converted,3,Mar,Post-Update
10129,1470,2024-06-22,Pricing Page,2,61,viewed,6,Jun,Post-Update
10130,1001,2024-06-02,Pricing Page,2,57,dropped,6,Jun,Post-Update
10131,2862,2024-01-01,Home,1,167,clicked,1,Jan,Pre-Update
10132,2667,2024-01-18,Payment,4,170,clicked,1,Jan,Pre-Update
10133,1215,2024-03-01,Pricing Page,2,38,viewed,3,Mar,Pre-Update
10134,457,2024-05-21,Pricing Page,2,64,dropped,5,May,Post-Update
10135,88,2024-05-08,Pricing Page,2,45,clicked,5,May,Post-Update
10136,140,2024-06-26,Payment,4,192,dropped,6,Jun,Post-Update
10137,1367,2024-04-12,Pricing Page,2,56,clicked,4,Apr,Post-Update
10138,1100,2024-06-16,Plan Selection,3,189,viewed,6,Jun,Post-Update
10139,2135,2024-06-14,Pricing Page,2,51,viewed,6,Jun,Post-Update
10140,1204,2024-01-27,Plan Selection,3,51,clicked,1,Jan,Pre-Update
10141,1841,2024-05-11,Payment,4,169,clicked,5,May,Post-Update
10142,1681,2024-01-07,Pricing Page,2,40,dropped,1,Jan,Pre-Update
10143,693,2024-03-12,Pricing Page,2,37,dropped,3,Mar,Pre-Update
10144,310,2024-03-15,Payment,4,112,clicked,3,Mar,Post-Update
10145,227,2024-03-14,Payment,4,165,clicked,3,Mar,Pre-Update
10146,472,2024-02-22,Confirmation,5,12,converted,2,Feb,Pre-Update
10147,387,2024-04-20,Plan Selection,3,105,clicked,4,Apr,Post-Update
10148,1766,2024-05-12,Confirmation,5,56,converted,5,May,Post-Update
10149,1547,2024-06-07,Payment,4,113,dropped,6,Jun,Post-Update
10150,2951,2024-04-17,Home,1,71,clicked,4,Apr,Post-Update
10151,1547,2024-01-21,Home,1,162,viewed,1,Jan,Pre-Update
10152,1271,2024-06-11,Pricing Page,2,48,dropped,6,Jun,Post-Update
10153,1264,2024-06-01,Confirmation,5,42,converted,6,Jun,Post-Update
10154,2978,2024-03-28,Pricing Page,2,59,dropped,3,Mar,Post-Update
10155,1096,2024-06-13,Pricing Page,2,53,dropped,6,Jun,Post-Update
10156,1485,2024-06-04,Payment,4,114,dropped,6,Jun,Post-Update
10157,429,2024-02-22,Home,1,61,dropped,2,Feb,Pre-Update
10158,959,2024-06-18,Payment,4,181,dropped,6,Jun,Post-Update
10159,2449,2024-06-02,Payment,4,103,viewed,6,Jun,Post-Update
10160,647,2024-02-25,Confirmation,5,119,converted,2,Feb,Pre-Update
10161,138,2024-04-17,Payment,4,79,clicked,4,Apr,Post-Update
10162,826,2024-04-15,Home,1,158,clicked,4,Apr,Post-Update
10163,2398,2024-05-21,Plan Selection,3,60,viewed,5,May,Post-Update
10164,2374,2024-05-28,Payment,4,55,viewed,5,May,Post-Update
10165,2657,2024-05-04,Payment,4,189,dropped,5,May,Post-Update
10166,2424,2024-05-14,Pricing Page,2,44,dropped,5,May,Post-Update
10167,1094,2024-02-09,Home,1,87,viewed,2,Feb,Pre-Update
10168,1063,2024-01-12,Pricing Page,2,32,clicked,1,Jan,Pre-Update
10169,2113,2024-05-20,Payment,4,122,clicked,5,May,Post-Update
10170,1933,2024-05-29,Home,1,109,viewed,5,May,Post-Update
10171,156,2024-04-05,Pricing Page,2,64,viewed,4,Apr,Post-Update
10172,2139,2024-06-25,Payment,4,164,viewed,6,Jun,Post-Update
10173,2644,2024-03-29,Payment,4,112,dropped,3,Mar,Post-Update
10174,1039,2024-02-06,Confirmation,5,53,converted,2,Feb,Pre-Update
10175,612,2024-03-06,Home,1,188,viewed,3,Mar,Pre-Update
10176,2186,2024-06-29,Payment,4,12,viewed,6,Jun,Post-Update
10177,743,2024-02-18,Plan Selection,3,47,dropped,2,Feb,Pre-Update
10178,430,2024-02-22,Home,1,68,clicked,2,Feb,Pre-Update
10179,2828,2024-04-22,Pricing Page,2,52,dropped,4,Apr,Post-Update
10180,1452,2024-05-01,Confirmation,5,113,converted,5,May,Post-Update
10181,2625,2024-05-27,Pricing Page,2,63,viewed,5,May,Post-Update
10182,2169,2024-01-11,Home,1,94,viewed,1,Jan,Pre-Update
10183,1532,2024-02-21,Confirmation,5,136,converted,2,Feb,Pre-Update
10184,1400,2024-03-20,Payment,4,132,viewed,3,Mar,Post-Update
10185,2043,2024-02-23,Pricing Page,2,38,dropped,2,Feb,Pre-Update
10186,1775,2024-05-07,Payment,4,140,viewed,5,May,Post-Update
10187,25,2024-01-12,Pricing Page,2,38,clicked,1,Jan,Pre-Update
10188,329,2024-05-14,Pricing Page,2,59,dropped,5,May,Post-Update
10189,2157,2024-03-30,Pricing Page,2,39,dropped,3,Mar,Post-Update
10190,2031,2024-02-19,Pricing Page,2,55,dropped,2,Feb,Pre-Update
10191,1844,2024-03-09,Home,1,42,viewed,3,Mar,Pre-Update
10192,2048,2024-04-01,Pricing Page,2,66,dropped,4,Apr,Post-Update
10193,509,2024-02-17,Payment,4,68,dropped,2,Feb,Pre-Update
10194,416,2024-05-04,Home,1,13,dropped,5,May,Post-Update
10195,593,2024-05-30,Plan Selection,3,84,dropped,5,May,Post-Update
10196,1707,2024-03-19,Pricing Page,2,38,clicked,3,Mar,Post-Update
10197,525,2024-06-23,Pricing Page,2,54,viewed,6,Jun,Post-Update
10198,2332,2024-02-11,Payment,4,92,viewed,2,Feb,Pre-Update
10199,2302,2024-01-06,Payment,4,50,clicked,1,Jan,Pre-Update
10200,1723,2024-04-11,Home,1,150,clicked,4,Apr,Post-Update
10201,1013,2024-05-28,Home,1,196,clicked,5,May,Post-Update
10202,1118,2024-04-11,Plan Selection,3,150,clicked,4,Apr,Post-Update
10203,887,2024-01-07,Pricing Page,2,41,dropped,1,Jan,Pre-Update
10204,727,2024-06-20,Home,1,51,dropped,6,Jun,Post-Update
10205,1359,2024-02-09,Payment,4,200,viewed,2,Feb,Pre-Update
10206,490,2024-01-01,Plan Selection,3,134,clicked,1,Jan,Pre-Update
10207,2491,2024-04-05,Home,1,48,clicked,4,Apr,Post-Update
10208,2732,2024-01-11,Plan Selection,3,133,clicked,1,Jan,Pre-Update
10209,533,2024-05-01,Payment,4,36,dropped,5,May,Post-Update
10210,1332,2024-05-09,Pricing Page,2,40,clicked,5,May,Post-Update
10211,952,2024-03-18,Home,1,144,viewed,3,Mar,Post-Update
10212,2657,2024-01-17,Payment,4,145,dropped,1,Jan,Pre-Update
10213,333,2024-03-24,Confirmation,5,118,converted,3,Mar,Post-Update
10214,2243,2024-01-21,Pricing Page,2,38,clicked,1,Jan,Pre-Update
10215,1005,2024-03-07,Payment,4,18,viewed,3,Mar,Pre-Update
10216,1399,2024-02-02,Pricing Page,2,58,dropped,2,Feb,Pre-Update
10217,803,2024-05-03,Plan Selection,3,14,clicked,5,May,Post-Update
10218,882,2024-04-27,Pricing Page,2,65,dropped,4,Apr,Post-Update
10219,1060,2024-04-04,Plan Selection,3,57,clicked,4,Apr,Post-Update
10220,2314,2024-03-07,Plan Selection,3,112,viewed,3,Mar,Pre-Update
10221,1278,2024-01-28,Pricing Page,2,58,dropped,1,Jan,Pre-Update
10222,2773,2024-04-06,Confirmation,5,184,converted,4,Apr,Post-Update
10223,2041,2024-05-21,Payment,4,10,clicked,5,May,Post-Update
10224,102,2024-06-19,Plan Selection,3,55,clicked,6,Jun,Post-Update
10225,2609,2024-03-15,Pricing Page,2,39,clicked,3,Mar,Post-Update
10226,206,2024-05-29,Confirmation,5,46,converted,5,May,Post-Update
10227,310,2024-06-25,Plan Selection,3,189,viewed,6,Jun,Post-Update
10228,889,2024-01-16,Plan Selection,3,102,viewed,1,Jan,Pre-Update
10229,9,2024-06-26,Confirmation,5,115,converted,6,Jun,Post-Update
10230,2848,2024-01-31,Confirmation,5,100,converted,1,Jan,Pre-Update
10231,861,2024-01-15,Plan Selection,3,93,clicked,1,Jan,Pre-Update
10232,744,2024-05-13,Confirmation,5,108,converted,5,May,Post-Update
10233,1901,2024-05-05,Plan Selection,3,169,clicked,5,May,Post-Update
10234,2602,2024-04-15,Pricing Page,2,61,dropped,4,Apr,Post-Update
10235,2876,2024-04-14,Home,1,75,viewed,4,Apr,Post-Update
10236,160,2024-03-20,Home,1,194,clicked,3,Mar,Post-Update
10237,1691,2024-03-16,Pricing Page,2,59,dropped,3,Mar,Post-Update
10238,528,2024-03-23,Payment,4,76,clicked,3,Mar,Post-Update
10239,740,2024-06-09,Plan Selection,3,168,viewed,6,Jun,Post-Update
10240,362,2024-06-11,Home,1,208,clicked,6,Jun,Post-Update
10241,2148,2024-06-23,Plan Selection,3,116,viewed,6,Jun,Post-Update
10242,1280,2024-02-27,Pricing Page,2,47,viewed,2,Feb,Pre-Update
10243,2797,2024-06-08,Plan Selection,3,89,dropped,6,Jun,Post-Update
10244,1757,2024-03-25,Plan Selection,3,97,clicked,3,Mar,Post-Update
10245,456,2024-02-20,Confirmation,5,179,converted,2,Feb,Pre-Update
10246,1311,2024-04-25,Payment,4,96,clicked,4,Apr,Post-Update
10247,1445,2024-05-14,Pricing Page,2,41,clicked,5,May,Post-Update
10248,678,2024-01-03,Pricing Page,2,57,dropped,1,Jan,Pre-Update
10249,564,2024-05-22,Pricing Page,2,52,dropped,5,May,Post-Update
10250,226,2024-03-24,Home,1,22,dropped,3,Mar,Post-Update
10251,3,2024-06-10,Pricing Page,2,57,clicked,6,Jun,Post-Update
10252,584,2024-03-30,Confirmation,5,209,converted,3,Mar,Post-Update
10253,881,2024-03-27,Plan Selection,3,26,viewed,3,Mar,Post-Update
10254,880,2024-05-13,Payment,4,187,viewed,5,May,Post-Update
10255,627,2024-01-22,Confirmation,5,113,converted,1,Jan,Pre-Update
10256,1964,2024-05-11,Plan Selection,3,31,clicked,5,May,Post-Update
10257,1681,2024-01-13,Plan Selection,3,29,clicked,1,Jan,Pre-Update
10258,615,2024-04-05,Home,1,123,viewed,4,Apr,Post-Update
10259,73,2024-06-08,Pricing Page,2,40,dropped,6,Jun,Post-Update
10260,2043,2024-02-13,Home,1,25,viewed,2,Feb,Pre-Update
10261,1047,2024-06-28,Confirmation,5,123,converted,6,Jun,Post-Update
10262,356,2024-06-09,Home,1,153,clicked,6,Jun,Post-Update
10263,1883,2024-01-14,Pricing Page,2,35,clicked,1,Jan,Pre-Update
10264,2208,2024-02-27,Pricing Page,2,58,clicked,2,Feb,Pre-Update
10265,2794,2024-01-03,Pricing Page,2,39,clicked,1,Jan,Pre-Update
10266,1986,2024-01-30,Payment,4,152,dropped,1,Jan,Pre-Update
10267,61,2024-01-02,Confirmation,5,187,converted,1,Jan,Pre-Update
10268,1499,2024-05-29,Plan Selection,3,154,viewed,5,May,Post-Update
10269,927,2024-03-23,Pricing Page,2,49,viewed,3,Mar,Post-Update
10270,776,2024-04-25,Pricing Page,2,44,clicked,4,Apr,Post-Update
10271,1168,2024-04-03,Pricing Page,2,55,dropped,4,Apr,Post-Update
10272,312,2024-05-31,Payment,4,180,viewed,5,May,Post-Update
10273,1976,2024-03-06,Payment,4,34,dropped,3,Mar,Pre-Update
10274,232,2024-01-22,Pricing Page,2,42,dropped,1,Jan,Pre-Update
10275,2713,2024-03-17,Pricing Page,2,61,clicked,3,Mar,Post-Update
10276,323,2024-03-24,Confirmation,5,106,converted,3,Mar,Post-Update
10277,1465,2024-06-29,Plan Selection,3,144,viewed,6,Jun,Post-Update
10278,2454,2024-05-21,Pricing Page,2,67,dropped,5,May,Post-Update
10279,1503,2024-01-09,Payment,4,109,clicked,1,Jan,Pre-Update
10280,3000,2024-01-20,Plan Selection,3,85,clicked,1,Jan,Pre-Update
10281,563,2024-01-27,Home,1,94,viewed,1,Jan,Pre-Update
10282,2221,2024-06-10,Pricing Page,2,54,viewed,6,Jun,Post-Update
10283,414,2024-06-01,Payment,4,103,viewed,6,Jun,Post-Update
10284,956,2024-05-17,Payment,4,191,dropped,5,May,Post-Update
10285,1373,2024-02-01,Plan Selection,3,12,clicked,2,Feb,Pre-Update
10286,1889,2024-04-09,Payment,4,136,viewed,4,Apr,Post-Update
10287,321,2024-05-11,Pricing Page,2,50,dropped,5,May,Post-Update
10288,1926,2024-04-27,Pricing Page,2,55,dropped,4,Apr,Post-Update
10289,1730,2024-04-28,Plan Selection,3,169,clicked,4,Apr,Post-Update
10290,606,2024-01-11,Plan Selection,3,52,dropped,1,Jan,Pre-Update
10291,1497,2024-03-16,Plan Selection,3,141,clicked,3,Mar,Post-Update
10292,2137,2024-06-21,Plan Selection,3,71,viewed,6,Jun,Post-Update
10293,663,2024-02-10,Pricing Page,2,46,clicked,2,Feb,Pre-Update
10294,1958,2024-06-05,Pricing Page,2,43,viewed,6,Jun,Post-Update
10295,2186,2024-01-14,Home,1,151,viewed,1,Jan,Pre-Update
10296,2304,2024-06-12,Pricing Page,2,50,dropped,6,Jun,Post-Update
10297,1695,2024-05-16,Home,1,36,clicked,5,May,Post-Update
10298,2305,2024-04-07,Pricing Page,2,47,dropped,4,Apr,Post-Update
10299,2886,2024-05-03,Plan Selection,3,127,clicked,5,May,Post-Update
10300,120,2024-01-21,Pricing Page,2,58,dropped,1,Jan,Pre-Update
10301,2398,2024-01-05,Payment,4,129,viewed,1,Jan,Pre-Update
10302,254,2024-01-18,Pricing Page,2,57,viewed,1,Jan,Pre-Update
10303,949,2024-01-30,Payment,4,168,clicked,1,Jan,Pre-Update
10304,1832,2024-06-04,Pricing Page,2,60,dropped,6,Jun,Post-Update
10305,2225,2024-03-29,Pricing Page,2,58,clicked,3,Mar,Post-Update
10306,984,2024-04-25,Home,1,23,viewed,4,Apr,Post-Update
10307,1660,2024-04-02,Confirmation,5,207,converted,4,Apr,Post-Update
10308,673,2024-01-29,Home,1,26,dropped,1,Jan,Pre-Update
10309,520,2024-04-20,Plan Selection,3,181,viewed,4,Apr,Post-Update
10310,2420,2024-01-01,Plan Selection,3,207,dropped,1,Jan,Pre-Update
10311,2203,2024-02-15,Home,1,118,clicked,2,Feb,Pre-Update
10312,2991,2024-03-15,Home,1,35,clicked,3,Mar,Post-Update
10313,1991,2024-01-18,Pricing Page,2,33,dropped,1,Jan,Pre-Update
10314,1708,2024-02-19,Plan Selection,3,110,clicked,2,Feb,Pre-Update
10315,209,2024-05-25,Payment,4,131,viewed,5,May,Post-Update
10316,925,2024-04-30,Pricing Page,2,67,clicked,4,Apr,Post-Update
10317,2076,2024-02-19,Pricing Page,2,50,clicked,2,Feb,Pre-Update
10318,1370,2024-05-21,Plan Selection,3,84,dropped,5,May,Post-Update
10319,64,2024-03-17,Home,1,209,viewed,3,Mar,Post-Update
10320,313,2024-01-13,Home,1,191,clicked,1,Jan,Pre-Update
10321,2055,2024-06-25,Payment,4,49,clicked,6,Jun,Post-Update
10322,2868,2024-02-15,Pricing Page,2,36,viewed,2,Feb,Pre-Update
10323,1853,2024-04-09,Confirmation,5,174,converted,4,Apr,Post-Update
10324,1281,2024-05-01,Home,1,73,clicked,5,May,Post-Update
10325,2991,2024-05-27,Home,1,209,viewed,5,May,Post-Update
10326,1840,2024-06-12,Plan Selection,3,138,dropped,6,Jun,Post-Update
10327,215,2024-05-17,Plan Selection,3,140,clicked,5,May,Post-Update
10328,1751,2024-03-11,Home,1,174,clicked,3,Mar,Pre-Update
10329,393,2024-01-18,Home,1,32,clicked,1,Jan,Pre-Update
10330,851,2024-03-21,Pricing Page,2,54,clicked,3,Mar,Post-Update
10331,1780,2024-01-01,Pricing Page,2,36,dropped,1,Jan,Pre-Update
10332,2746,2024-04-27,Plan Selection,3,132,clicked,4,Apr,Post-Update
10333,2240,2024-02-03,Plan Selection,3,183,clicked,2,Feb,Pre-Update
10334,2346,2024-01-15,Home,1,27,dropped,1,Jan,Pre-Update
10335,2884,2024-01-13,Pricing Page,2,32,viewed,1,Jan,Pre-Update
10336,2236,2024-05-15,Plan Selection,3,74,dropped,5,May,Post-Update
10337,1167,2024-05-11,Pricing Page,2,44,dropped,5,May,Post-Update
10338,900,2024-05-16,Payment,4,28,viewed,5,May,Post-Update
10339,2936,2024-03-02,Payment,4,160,clicked,3,Mar,Pre-Update
10340,763,2024-05-18,Home,1,209,viewed,5,May,Post-Update
10341,156,2024-05-31,Home,1,126,viewed,5,May,Post-Update
10342,1709,2024-02-16,Plan Selection,3,25,viewed,2,Feb,Pre-Update
10343,594,2024-06-16,Home,1,100,dropped,6,Jun,Post-Update
10344,763,2024-06-12,Payment,4,20,dropped,6,Jun,Post-Update
10345,2657,2024-03-13,Pricing Page,2,45,clicked,3,Mar,Pre-Update
10346,1296,2024-03-04,Pricing Page,2,35,clicked,3,Mar,Pre-Update
10347,1694,2024-06-17,Confirmation,5,21,converted,6,Jun,Post-Update
10348,1114,2024-05-04,Pricing Page,2,53,clicked,5,May,Post-Update
10349,1451,2024-04-20,Plan Selection,3,56,clicked,4,Apr,Post-Update
10350,2662,2024-03-29,Payment,4,90,viewed,3,Mar,Post-Update
10351,861,2024-03-01,Payment,4,24,viewed,3,Mar,Pre-Update
10352,1190,2024-02-08,Payment,4,149,viewed,2,Feb,Pre-Update
10353,973,2024-06-25,Confirmation,5,121,converted,6,Jun,Post-Update
10354,292,2024-05-27,Payment,4,104,dropped,5,May,Post-Update
10355,1916,2024-01-29,Confirmation,5,196,converted,1,Jan,Pre-Update
10356,35,2024-02-17,Pricing Page,2,48,dropped,2,Feb,Pre-Update
10357,1340,2024-03-21,Confirmation,5,28,converted,3,Mar,Post-Update
10358,2439,2024-05-21,Pricing Page,2,38,clicked,5,May,Post-Update
10359,817,2024-03-07,Home,1,12,viewed,3,Mar,Pre-Update
10360,2767,2024-04-25,Pricing Page,2,42,dropped,4,Apr,Post-Update
10361,194,2024-05-28,Confirmation,5,24,converted,5,May,Post-Update
10362,1957,2024-01-07,Pricing Page,2,31,clicked,1,Jan,Pre-Update
10363,973,2024-01-30,Payment,4,159,dropped,1,Jan,Pre-Update
10364,2120,2024-06-23,Plan Selection,3,135,dropped,6,Jun,Post-Update
10365,600,2024-06-21,Home,1,204,clicked,6,Jun,Post-Update
10366,2708,2024-03-17,Pricing Page,2,59,dropped,3,Mar,Post-Update
10367,1779,2024-06-19,Confirmation,5,174,converted,6,Jun,Post-Update
10368,989,2024-02-01,Confirmation,5,196,converted,2,Feb,Pre-Update
10369,2940,2024-01-20,Plan Selection,3,139,clicked,1,Jan,Pre-Update
10370,961,2024-02-14,Pricing Page,2,48,dropped,2,Feb,Pre-Update
10371,1030,2024-01-03,Home,1,46,viewed,1,Jan,Pre-Update
10372,988,2024-02-27,Plan Selection,3,31,viewed,2,Feb,Pre-Update
10373,606,2024-06-10,Payment,4,124,clicked,6,Jun,Post-Update
10374,2670,2024-03-28,Payment,4,60,dropped,3,Mar,Post-Update
10375,1304,2024-01-11,Confirmation,5,169,converted,1,Jan,Pre-Update
10376,2981,2024-04-14,Confirmation,5,181,converted,4,Apr,Post-Update
10377,1572,2024-01-10,Plan Selection,3,62,clicked,1,Jan,Pre-Update
10378,1457,2024-04-30,Confirmation,5,92,converted,4,Apr,Post-Update
10379,1251,2024-06-01,Confirmation,5,74,converted,6,Jun,Post-Update
10380,2081,2024-04-01,Pricing Page,2,58,dropped,4,Apr,Post-Update
10381,1616,2024-02-29,Home,1,51,viewed,2,Feb,Pre-Update
10382,2905,2024-01-16,Plan Selection,3,82,dropped,1,Jan,Pre-Update
10383,244,2024-05-08,Pricing Page,2,49,viewed,5,May,Post-Update
10384,1955,2024-03-13,Home,1,17,dropped,3,Mar,Pre-Update
10385,222,2024-02-17,Home,1,138,viewed,2,Feb,Pre-Update
10386,2451,2024-02-13,Payment,4,22,dropped,2,Feb,Pre-Update
10387,88,2024-01-03,Confirmation,5,186,converted,1,Jan,Pre-Update
10388,1357,2024-04-21,Payment,4,166,viewed,4,Apr,Post-Update
10389,1088,2024-04-15,Payment,4,84,clicked,4,Apr,Post-Update
10390,2462,2024-06-19,Pricing Page,2,50,dropped,6,Jun,Post-Update
10391,580,2024-01-23,Home,1,172,viewed,1,Jan,Pre-Update
10392,974,2024-05-18,Payment,4,207,clicked,5,May,Post-Update
10393,2650,2024-02-25,Confirmation,5,108,converted,2,Feb,Pre-Update
10394,2453,2024-04-20,Plan Selection,3,37,viewed,4,Apr,Post-Update
10395,457,2024-01-04,Plan Selection,3,41,viewed,1,Jan,Pre-Update
10396,2488,2024-04-11,Pricing Page,2,66,clicked,4,Apr,Post-Update
10397,448,2024-02-29,Pricing Page,2,30,clicked,2,Feb,Pre-Update
10398,1338,2024-05-10,Pricing Page,2,44,dropped,5,May,Post-Update
10399,1361,2024-04-22,Payment,4,181,dropped,4,Apr,Post-Update
10400,2029,2024-02-12,Home,1,12,viewed,2,Feb,Pre-Update
10401,498,2024-06-12,Home,1,88,viewed,6,Jun,Post-Update
10402,1060,2024-01-09,Home,1,149,viewed,1,Jan,Pre-Update
10403,2573,2024-02-27,Home,1,29,clicked,2,Feb,Pre-Update
10404,2934,2024-04-05,Plan Selection,3,207,viewed,4,Apr,Post-Update
10405,2942,2024-04-07,Payment,4,36,clicked,4,Apr,Post-Update
10406,2139,2024-02-23,Pricing Page,2,53,viewed,2,Feb,Pre-Update
10407,2958,2024-03-04,Payment,4,201,clicked,3,Mar,Pre-Update
10408,76,2024-06-27,Payment,4,77,dropped,6,Jun,Post-Update
10409,1485,2024-02-01,Pricing Page,2,41,clicked,2,Feb,Pre-Update
10410,1834,2024-05-26,Pricing Page,2,57,clicked,5,May,Post-Update
10411,987,2024-04-27,Pricing Page,2,49,dropped,4,Apr,Post-Update
10412,1890,2024-04-29,Pricing Page,2,41,dropped,4,Apr,Post-Update
10413,514,2024-06-21,Pricing Page,2,49,dropped,6,Jun,Post-Update
10414,1425,2024-01-05,Plan Selection,3,84,viewed,1,Jan,Pre-Update
10415,2599,2024-06-19,Home,1,154,clicked,6,Jun,Post-Update
10416,813,2024-03-29,Plan Selection,3,150,viewed,3,Mar,Post-Update
10417,2818,2024-06-06,Plan Selection,3,12,clicked,6,Jun,Post-Update
10418,1371,2024-05-22,Plan Selection,3,91,clicked,5,May,Post-Update
10419,2165,2024-03-20,Home,1,167,viewed,3,Mar,Post-Update
10420,2963,2024-03-01,Plan Selection,3,109,clicked,3,Mar,Pre-Update
10421,1331,2024-01-11,Confirmation,5,134,converted,1,Jan,Pre-Update
10422,677,2024-02-18,Plan Selection,3,107,clicked,2,Feb,Pre-Update
10423,2514,2024-05-26,Plan Selection,3,66,viewed,5,May,Post-Update
10424,330,2024-01-31,Plan Selection,3,29,viewed,1,Jan,Pre-Update
10425,957,2024-05-29,Home,1,92,clicked,5,May,Post-Update
10426,1192,2024-03-14,Payment,4,199,dropped,3,Mar,Pre-Update
10427,1092,2024-01-18,Pricing Page,2,48,viewed,1,Jan,Pre-Update
10428,2933,2024-06-26,Confirmation,5,189,converted,6,Jun,Post-Update
10429,1781,2024-02-18,Plan Selection,3,15,clicked,2,Feb,Pre-Update
10430,425,2024-03-07,Pricing Page,2,59,clicked,3,Mar,Pre-Update
10431,2010,2024-01-27,Payment,4,51,viewed,1,Jan,Pre-Update
10432,1770,2024-03-17,Pricing Page,2,52,dropped,3,Mar,Post-Update
10433,784,2024-02-22,Plan Selection,3,97,dropped,2,Feb,Pre-Update
10434,2007,2024-05-17,Payment,4,146,dropped,5,May,Post-Update
10435,405,2024-04-12,Pricing Page,2,50,clicked,4,Apr,Post-Update
10436,1663,2024-04-03,Confirmation,5,14,converted,4,Apr,Post-Update
10437,1108,2024-05-21,Payment,4,134,viewed,5,May,Post-Update
10438,2535,2024-06-28,Pricing Page,2,43,dropped,6,Jun,Post-Update
10439,732,2024-04-13,Home,1,197,clicked,4,Apr,Post-Update
10440,1858,2024-02-13,Pricing Page,2,59,viewed,2,Feb,Pre-Update
10441,2510,2024-02-20,Confirmation,5,133,converted,2,Feb,Pre-Update
10442,1210,2024-01-31,Plan Selection,3,147,clicked,1,Jan,Pre-Update
10443,1568,2024-01-12,Payment,4,117,clicked,1,Jan,Pre-Update
10444,1858,2024-05-17,Confirmation,5,94,converted,5,May,Post-Update
10445,895,2024-02-09,Pricing Page,2,40,dropped,2,Feb,Pre-Update
10446,2440,2024-04-06,Pricing Page,2,54,dropped,4,Apr,Post-Update
10447,2559,2024-06-19,Home,1,199,clicked,6,Jun,Post-Update
10448,1674,2024-06-20,Home,1,96,dropped,6,Jun,Post-Update
10449,2216,2024-04-30,Home,1,133,viewed,4,Apr,Post-Update
10450,2130,2024-03-15,Confirmation,5,95,converted,3,Mar,Post-Update
10451,1017,2024-03-15,Home,1,204,viewed,3,Mar,Post-Update
10452,2384,2024-05-14,Pricing Page,2,51,dropped,5,May,Post-Update
10453,1991,2024-05-11,Plan Selection,3,20,clicked,5,May,Post-Update
10454,1266,2024-01-30,Plan Selection,3,70,viewed,1,Jan,Pre-Update
10455,707,2024-05-05,Payment,4,156,clicked,5,May,Post-Update
10456,2078,2024-02-29,Plan Selection,3,169,clicked,2,Feb,Pre-Update
10457,556,2024-06-26,Pricing Page,2,63,dropped,6,Jun,Post-Update
10458,27,2024-05-13,Plan Selection,3,26,clicked,5,May,Post-Update
10459,2748,2024-02-21,Plan Selection,3,105,clicked,2,Feb,Pre-Update
10460,1630,2024-04-05,Home,1,106,clicked,4,Apr,Post-Update
10461,1292,2024-01-05,Payment,4,24,viewed,1,Jan,Pre-Update
10462,557,2024-02-21,Payment,4,98,viewed,2,Feb,Pre-Update
10463,2655,2024-03-30,Payment,4,132,viewed,3,Mar,Post-Update
10464,645,2024-02-13,Plan Selection,3,19,clicked,2,Feb,Pre-Update
10465,2344,2024-01-27,Pricing Page,2,46,clicked,1,Jan,Pre-Update
10466,641,2024-03-02,Home,1,63,dropped,3,Mar,Pre-Update
10467,85,2024-04-26,Home,1,150,dropped,4,Apr,Post-Update
10468,1665,2024-03-09,Pricing Page,2,30,dropped,3,Mar,Pre-Update
10469,2057,2024-03-14,Confirmation,5,143,converted,3,Mar,Pre-Update
10470,1242,2024-01-11,Home,1,34,clicked,1,Jan,Pre-Update
10471,2225,2024-03-21,Home,1,147,clicked,3,Mar,Post-Update
10472,285,2024-02-01,Plan Selection,3,99,clicked,2,Feb,Pre-Update
10473,2720,2024-02-03,Pricing Page,2,43,clicked,2,Feb,Pre-Update
10474,90,2024-01-20,Pricing Page,2,57,dropped,1,Jan,Pre-Update
10475,1452,2024-05-02,Confirmation,5,132,converted,5,May,Post-Update
10476,838,2024-04-10,Confirmation,5,25,converted,4,Apr,Post-Update
10477,1632,2024-03-28,Payment,4,101,viewed,3,Mar,Post-Update
10478,1146,2024-01-10,Home,1,101,viewed,1,Jan,Pre-Update
10479,654,2024-03-01,Home,1,24,clicked,3,Mar,Pre-Update
10480,1156,2024-06-23,Plan Selection,3,92,dropped,6,Jun,Post-Update
10481,633,2024-05-21,Pricing Page,2,38,dropped,5,May,Post-Update
10482,1302,2024-02-18,Home,1,75,clicked,2,Feb,Pre-Update
10483,2505,2024-03-28,Confirmation,5,34,converted,3,Mar,Post-Update
10484,2634,2024-01-03,Pricing Page,2,35,clicked,1,Jan,Pre-Update
10485,308,2024-06-19,Pricing Page,2,44,viewed,6,Jun,Post-Update
10486,2577,2024-04-12,Pricing Page,2,55,dropped,4,Apr,Post-Update
10487,135,2024-05-14,Plan Selection,3,138,clicked,5,May,Post-Update
10488,1564,2024-01-25,Home,1,52,viewed,1,Jan,Pre-Update
10489,2439,2024-06-28,Plan Selection,3,138,viewed,6,Jun,Post-Update
10490,946,2024-04-23,Home,1,21,viewed,4,Apr,Post-Update
10491,1251,2024-06-17,Pricing Page,2,46,dropped,6,Jun,Post-Update
10492,91,2024-04-21,Confirmation,5,36,converted,4,Apr,Post-Update
10493,2043,2024-01-01,Confirmation,5,169,converted,1,Jan,Pre-Update
10494,311,2024-01-24,Pricing Page,2,38,dropped,1,Jan,Pre-Update
10495,2876,2024-05-12,Payment,4,161,clicked,5,May,Post-Update
10496,2247,2024-04-06,Pricing Page,2,54,dropped,4,Apr,Post-Update
10497,1303,2024-06-18,Pricing Page,2,42,dropped,6,Jun,Post-Update
10498,841,2024-05-20,Home,1,176,dropped,5,May,Post-Update
10499,2525,2024-01-01,Pricing Page,2,44,viewed,1,Jan,Pre-Update
10500,2902,2024-02-06,Home,1,197,clicked,2,Feb,Pre-Update
10501,2860,2024-05-08,Plan Selection,3,78,viewed,5,May,Post-Update
10502,218,2024-04-01,Pricing Page,2,39,dropped,4,Apr,Post-Update
10503,636,2024-02-17,Plan Selection,3,117,viewed,2,Feb,Pre-Update
10504,2593,2024-02-12,Plan Selection,3,56,clicked,2,Feb,Pre-Update
10505,827,2024-02-05,Home,1,42,clicked,2,Feb,Pre-Update
10506,923,2024-03-24,Pricing Page,2,54,clicked,3,Mar,Post-Update
10507,1685,2024-06-03,Plan Selection,3,83,dropped,6,Jun,Post-Update
10508,971,2024-03-06,Payment,4,20,viewed,3,Mar,Pre-Update
10509,2225,2024-03-07,Plan Selection,3,13,dropped,3,Mar,Pre-Update
10510,108,2024-04-04,Plan Selection,3,202,clicked,4,Apr,Post-Update
10511,1658,2024-06-12,Payment,4,118,dropped,6,Jun,Post-Update
10512,459,2024-02-24,Home,1,74,clicked,2,Feb,Pre-Update
10513,1288,2024-05-07,Pricing Page,2,41,clicked,5,May,Post-Update
10514,2619,2024-05-30,Plan Selection,3,39,dropped,5,May,Post-Update
10515,1070,2024-02-24,Pricing Page,2,38,dropped,2,Feb,Pre-Update
10516,2760,2024-01-21,Payment,4,148,dropped,1,Jan,Pre-Update
10517,525,2024-05-10,Home,1,51,viewed,5,May,Post-Update
10518,1273,2024-05-06,Pricing Page,2,67,dropped,5,May,Post-Update
10519,1124,2024-01-15,Pricing Page,2,34,viewed,1,Jan,Pre-Update
10520,721,2024-03-08,Home,1,140,viewed,3,Mar,Pre-Update
10521,78,2024-05-13,Plan Selection,3,181,clicked,5,May,Post-Update
10522,1819,2024-05-11,Payment,4,192,dropped,5,May,Post-Update
10523,2306,2024-04-08,Pricing Page,2,49,clicked,4,Apr,Post-Update
10524,1317,2024-01-07,Payment,4,59,viewed,1,Jan,Pre-Update
10525,1221,2024-01-26,Pricing Page,2,59,clicked,1,Jan,Pre-Update
10526,864,2024-01-20,Plan Selection,3,28,clicked,1,Jan,Pre-Update
10527,2291,2024-04-17,Plan Selection,3,133,dropped,4,Apr,Post-Update
10528,1175,2024-05-26,Payment,4,202,dropped,5,May,Post-Update
10529,54,2024-04-08,Plan Selection,3,147,clicked,4,Apr,Post-Update
10530,515,2024-04-03,Home,1,170,viewed,4,Apr,Post-Update
10531,1859,2024-05-02,Plan Selection,3,140,viewed,5,May,Post-Update
10532,828,2024-03-20,Pricing Page,2,54,clicked,3,Mar,Post-Update
10533,1291,2024-02-25,Pricing Page,2,39,viewed,2,Feb,Pre-Update
10534,1202,2024-03-09,Plan Selection,3,68,clicked,3,Mar,Pre-Update
10535,535,2024-04-28,Payment,4,159,clicked,4,Apr,Post-Update
10536,835,2024-06-08,Plan Selection,3,53,clicked,6,Jun,Post-Update
10537,678,2024-06-29,Pricing Page,2,56,dropped,6,Jun,Post-Update
10538,1258,2024-06-23,Plan Selection,3,189,viewed,6,Jun,Post-Update
10539,1090,2024-03-10,Payment,4,14,viewed,3,Mar,Pre-Update
10540,2951,2024-01-16,Pricing Page,2,33,dropped,1,Jan,Pre-Update
10541,1581,2024-01-19,Confirmation,5,73,converted,1,Jan,Pre-Update
10542,2423,2024-01-17,Home,1,187,clicked,1,Jan,Pre-Update
10543,153,2024-02-10,Confirmation,5,48,converted,2,Feb,Pre-Update
10544,105,2024-04-18,Confirmation,5,154,converted,4,Apr,Post-Update
10545,2661,2024-02-19,Plan Selection,3,150,clicked,2,Feb,Pre-Update
10546,2575,2024-01-21,Confirmation,5,139,converted,1,Jan,Pre-Update
10547,734,2024-02-20,Plan Selection,3,105,clicked,2,Feb,Pre-Update
10548,1611,2024-04-01,Confirmation,5,18,converted,4,Apr,Post-Update
10549,1421,2024-02-14,Payment,4,65,viewed,2,Feb,Pre-Update
10550,133,2024-02-23,Pricing Page,2,56,dropped,2,Feb,Pre-Update
10551,2555,2024-03-10,Pricing Page,2,48,dropped,3,Mar,Pre-Update
10552,1394,2024-01-22,Home,1,128,clicked,1,Jan,Pre-Update
10553,614,2024-05-30,Plan Selection,3,65,viewed,5,May,Post-Update
10554,2213,2024-04-09,Plan Selection,3,10,clicked,4,Apr,Post-Update
10555,312,2024-02-15,Confirmation,5,14,converted,2,Feb,Pre-Update
10556,708,2024-01-22,Payment,4,14,clicked,1,Jan,Pre-Update
10557,1122,2024-03-14,Confirmation,5,72,converted,3,Mar,Pre-Update
10558,2565,2024-02-29,Home,1,98,viewed,2,Feb,Pre-Update
10559,1336,2024-03-06,Pricing Page,2,37,viewed,3,Mar,Pre-Update
10560,2066,2024-05-17,Payment,4,95,viewed,5,May,Post-Update
10561,739,2024-04-03,Payment,4,142,viewed,4,Apr,Post-Update
10562,2702,2024-02-01,Home,1,71,dropped,2,Feb,Pre-Update
10563,938,2024-03-16,Home,1,116,dropped,3,Mar,Post-Update
10564,924,2024-01-01,Home,1,87,viewed,1,Jan,Pre-Update
10565,996,2024-04-12,Payment,4,101,viewed,4,Apr,Post-Update
10566,1916,2024-05-21,Confirmation,5,137,converted,5,May,Post-Update
10567,585,2024-01-12,Payment,4,102,dropped,1,Jan,Pre-Update
10568,600,2024-04-27,Plan Selection,3,64,clicked,4,Apr,Post-Update
10569,893,2024-02-10,Pricing Page,2,43,clicked,2,Feb,Pre-Update
10570,1057,2024-01-29,Payment,4,48,viewed,1,Jan,Pre-Update
10571,772,2024-06-26,Home,1,163,clicked,6,Jun,Post-Update
10572,2201,2024-03-21,Home,1,173,dropped,3,Mar,Post-Update
10573,1673,2024-05-20,Pricing Page,2,60,dropped,5,May,Post-Update
10574,371,2024-03-14,Plan Selection,3,23,clicked,3,Mar,Pre-Update
10575,1804,2024-06-16,Payment,4,83,clicked,6,Jun,Post-Update
10576,1866,2024-01-14,Plan Selection,3,83,clicked,1,Jan,Pre-Update
10577,827,2024-04-09,Confirmation,5,12,converted,4,Apr,Post-Update
10578,786,2024-02-18,Plan Selection,3,15,clicked,2,Feb,Pre-Update
10579,365,2024-02-20,Home,1,84,viewed,2,Feb,Pre-Update
10580,1706,2024-04-23,Pricing Page,2,46,dropped,4,Apr,Post-Update
10581,2415,2024-04-23,Plan Selection,3,144,dropped,4,Apr,Post-Update
10582,510,2024-01-25,Home,1,96,viewed,1,Jan,Pre-Update
10583,54,2024-01-18,Pricing Page,2,56,dropped,1,Jan,Pre-Update
10584,2756,2024-02-15,Pricing Page,2,52,dropped,2,Feb,Pre-Update
10585,2106,2024-06-23,Payment,4,155,clicked,6,Jun,Post-Update
10586,258,2024-01-14,Home,1,70,dropped,1,Jan,Pre-Update
10587,186,2024-05-12,Pricing Page,2,42,dropped,5,May,Post-Update
10588,608,2024-01-06,Plan Selection,3,124,clicked,1,Jan,Pre-Update
10589,1847,2024-02-20,Plan Selection,3,190,viewed,2,Feb,Pre-Update
10590,1824,2024-03-23,Pricing Page,2,63,viewed,3,Mar,Post-Update
10591,493,2024-06-26,Pricing Page,2,42,dropped,6,Jun,Post-Update
10592,921,2024-06-03,Pricing Page,2,41,clicked,6,Jun,Post-Update
10593,2264,2024-06-10,Home,1,65,viewed,6,Jun,Post-Update
10594,697,2024-05-11,Confirmation,5,102,converted,5,May,Post-Update
10595,1576,2024-02-13,Plan Selection,3,99,clicked,2,Feb,Pre-Update
10596,1078,2024-05-19,Payment,4,127,clicked,5,May,Post-Update
10597,586,2024-02-06,Pricing Page,2,46,clicked,2,Feb,Pre-Update
10598,2346,2024-03-19,Payment,4,176,viewed,3,Mar,Post-Update
10599,2613,2024-03-02,Home,1,80,clicked,3,Mar,Pre-Update
10600,1933,2024-04-18,Home,1,123,viewed,4,Apr,Post-Update
10601,1143,2024-01-10,Home,1,100,viewed,1,Jan,Pre-Update
10602,282,2024-05-24,Payment,4,51,viewed,5,May,Post-Update
10603,2129,2024-06-21,Plan Selection,3,66,clicked,6,Jun,Post-Update
10604,2314,2024-02-22,Home,1,166,clicked,2,Feb,Pre-Update
10605,896,2024-06-12,Plan Selection,3,83,viewed,6,Jun,Post-Update
10606,2679,2024-03-24,Plan Selection,3,172,dropped,3,Mar,Post-Update
10607,739,2024-05-28,Pricing Page,2,49,viewed,5,May,Post-Update
10608,489,2024-02-06,Plan Selection,3,200,dropped,2,Feb,Pre-Update
10609,1002,2024-06-21,Payment,4,190,clicked,6,Jun,Post-Update
10610,1805,2024-02-10,Pricing Page,2,55,dropped,2,Feb,Pre-Update
10611,541,2024-06-04,Payment,4,56,viewed,6,Jun,Post-Update
10612,2023,2024-05-15,Plan Selection,3,78,clicked,5,May,Post-Update
10613,2323,2024-02-04,Plan Selection,3,123,viewed,2,Feb,Pre-Update
10614,350,2024-05-04,Home,1,83,clicked,5,May,Post-Update
10615,2261,2024-01-11,Home,1,204,viewed,1,Jan,Pre-Update
10616,2906,2024-04-02,Plan Selection,3,145,clicked,4,Apr,Post-Update
10617,864,2024-01-09,Pricing Page,2,51,clicked,1,Jan,Pre-Update
10618,852,2024-06-21,Confirmation,5,140,converted,6,Jun,Post-Update
10619,1685,2024-06-02,Plan Selection,3,60,clicked,6,Jun,Post-Update
10620,463,2024-01-05,Plan Selection,3,56,dropped,1,Jan,Pre-Update
10621,459,2024-02-16,Payment,4,84,clicked,2,Feb,Pre-Update
10622,2263,2024-04-27,Confirmation,5,200,converted,4,Apr,Post-Update
10623,2451,2024-02-11,Plan Selection,3,178,dropped,2,Feb,Pre-Update
10624,2808,2024-03-13,Home,1,161,dropped,3,Mar,Pre-Update
10625,2404,2024-03-06,Pricing Page,2,58,clicked,3,Mar,Pre-Update
10626,1471,2024-01-14,Confirmation,5,72,converted,1,Jan,Pre-Update
10627,2531,2024-02-20,Payment,4,96,viewed,2,Feb,Pre-Update
10628,2177,2024-05-27,Confirmation,5,15,converted,5,May,Post-Update
10629,1393,2024-02-12,Payment,4,40,clicked,2,Feb,Pre-Update
10630,2390,2024-04-24,Payment,4,199,clicked,4,Apr,Post-Update
10631,848,2024-01-26,Payment,4,180,viewed,1,Jan,Pre-Update
10632,2941,2024-05-20,Confirmation,5,73,converted,5,May,Post-Update
10633,2382,2024-01-05,Payment,4,134,viewed,1,Jan,Pre-Update
10634,1969,2024-04-11,Payment,4,114,dropped,4,Apr,Post-Update
10635,2688,2024-02-05,Pricing Page,2,58,viewed,2,Feb,Pre-Update
10636,2956,2024-04-27,Pricing Page,2,54,clicked,4,Apr,Post-Update
10637,1175,2024-04-09,Plan Selection,3,62,clicked,4,Apr,Post-Update
10638,2989,2024-02-26,Plan Selection,3,197,viewed,2,Feb,Pre-Update
10639,2975,2024-01-14,Pricing Page,2,53,clicked,1,Jan,Pre-Update
10640,734,2024-01-12,Plan Selection,3,148,viewed,1,Jan,Pre-Update
10641,1820,2024-05-28,Pricing Page,2,67,dropped,5,May,Post-Update
10642,982,2024-03-25,Pricing Page,2,47,dropped,3,Mar,Post-Update
10643,2826,2024-06-23,Confirmation,5,24,converted,6,Jun,Post-Update
10644,1142,2024-05-04,Pricing Page,2,50,dropped,5,May,Post-Update
10645,2230,2024-01-22,Pricing Page,2,44,dropped,1,Jan,Pre-Update
10646,2647,2024-04-24,Plan Selection,3,148,viewed,4,Apr,Post-Update
10647,1393,2024-04-17,Plan Selection,3,39,viewed,4,Apr,Post-Update
10648,1388,2024-03-07,Pricing Page,2,34,dropped,3,Mar,Pre-Update
10649,1497,2024-02-29,Home,1,162,clicked,2,Feb,Pre-Update
10650,1609,2024-04-15,Pricing Page,2,63,dropped,4,Apr,Post-Update
10651,1789,2024-02-27,Payment,4,31,dropped,2,Feb,Pre-Update
10652,358,2024-03-01,Pricing Page,2,47,viewed,3,Mar,Pre-Update
10653,180,2024-03-16,Confirmation,5,53,converted,3,Mar,Post-Update
10654,1259,2024-03-20,Confirmation,5,84,converted,3,Mar,Post-Update
10655,127,2024-01-18,Pricing Page,2,45,clicked,1,Jan,Pre-Update
10656,1925,2024-06-15,Plan Selection,3,141,dropped,6,Jun,Post-Update
10657,556,2024-02-12,Plan Selection,3,78,viewed,2,Feb,Pre-Update
10658,1262,2024-03-19,Confirmation,5,52,converted,3,Mar,Post-Update
10659,1045,2024-01-20,Pricing Page,2,34,dropped,1,Jan,Pre-Update
10660,283,2024-04-04,Pricing Page,2,41,dropped,4,Apr,Post-Update
10661,1185,2024-03-01,Plan Selection,3,108,viewed,3,Mar,Pre-Update
10662,963,2024-05-11,Plan Selection,3,38,viewed,5,May,Post-Update
10663,429,2024-04-14,Pricing Page,2,53,dropped,4,Apr,Post-Update
10664,1789,2024-02-23,Plan Selection,3,129,viewed,2,Feb,Pre-Update
10665,1975,2024-04-22,Home,1,175,viewed,4,Apr,Post-Update
10666,471,2024-04-18,Plan Selection,3,165,clicked,4,Apr,Post-Update
10667,1276,2024-01-13,Home,1,36,clicked,1,Jan,Pre-Update
10668,2658,2024-01-11,Plan Selection,3,18,clicked,1,Jan,Pre-Update
10669,677,2024-02-27,Confirmation,5,140,converted,2,Feb,Pre-Update
10670,1517,2024-04-11,Pricing Page,2,62,dropped,4,Apr,Post-Update
10671,453,2024-03-17,Plan Selection,3,14,dropped,3,Mar,Post-Update
10672,1861,2024-05-04,Plan Selection,3,184,clicked,5,May,Post-Update
10673,980,2024-06-06,Pricing Page,2,45,dropped,6,Jun,Post-Update
10674,2603,2024-06-24,Pricing Page,2,48,dropped,6,Jun,Post-Update
10675,44,2024-01-05,Home,1,70,clicked,1,Jan,Pre-Update
10676,1501,2024-04-29,Payment,4,12,viewed,4,Apr,Post-Update
10677,960,2024-04-15,Confirmation,5,15,converted,4,Apr,Post-Update
10678,786,2024-02-12,Pricing Page,2,35,viewed,2,Feb,Pre-Update
10679,2092,2024-06-13,Pricing Page,2,53,dropped,6,Jun,Post-Update
10680,2371,2024-01-25,Pricing Page,2,32,clicked,1,Jan,Pre-Update
10681,303,2024-01-22,Pricing Page,2,34,viewed,1,Jan,Pre-Update
10682,2073,2024-06-25,Payment,4,33,dropped,6,Jun,Post-Update
10683,1441,2024-06-11,Home,1,117,clicked,6,Jun,Post-Update
10684,539,2024-02-09,Plan Selection,3,32,viewed,2,Feb,Pre-Update
10685,416,2024-01-02,Plan Selection,3,39,viewed,1,Jan,Pre-Update
10686,2108,2024-01-05,Home,1,18,dropped,1,Jan,Pre-Update
10687,1619,2024-02-24,Confirmation,5,112,converted,2,Feb,Pre-Update
10688,2741,2024-01-06,Pricing Page,2,59,clicked,1,Jan,Pre-Update
10689,893,2024-04-09,Payment,4,131,clicked,4,Apr,Post-Update
10690,1868,2024-04-26,Pricing Page,2,62,dropped,4,Apr,Post-Update
10691,2827,2024-03-23,Pricing Page,2,64,dropped,3,Mar,Post-Update
10692,1674,2024-05-02,Plan Selection,3,114,clicked,5,May,Post-Update
10693,2504,2024-05-12,Home,1,123,clicked,5,May,Post-Update
10694,746,2024-01-13,Plan Selection,3,163,dropped,1,Jan,Pre-Update
10695,2969,2024-05-19,Confirmation,5,31,converted,5,May,Post-Update
10696,2673,2024-01-24,Confirmation,5,103,converted,1,Jan,Pre-Update
10697,1259,2024-05-06,Pricing Page,2,40,clicked,5,May,Post-Update
10698,651,2024-01-03,Pricing Page,2,30,viewed,1,Jan,Pre-Update
10699,2871,2024-03-14,Home,1,118,clicked,3,Mar,Pre-Update
10700,2005,2024-04-12,Payment,4,87,clicked,4,Apr,Post-Update
10701,809,2024-06-10,Plan Selection,3,115,viewed,6,Jun,Post-Update
10702,55,2024-06-17,Plan Selection,3,46,dropped,6,Jun,Post-Update
10703,329,2024-01-28,Pricing Page,2,51,dropped,1,Jan,Pre-Update
10704,1132,2024-06-22,Plan Selection,3,87,viewed,6,Jun,Post-Update
10705,2227,2024-05-19,Plan Selection,3,168,dropped,5,May,Post-Update
10706,453,2024-03-19,Payment,4,75,clicked,3,Mar,Post-Update
10707,1017,2024-02-23,Pricing Page,2,43,viewed,2,Feb,Pre-Update
10708,220,2024-05-05,Pricing Page,2,42,viewed,5,May,Post-Update
10709,1375,2024-03-06,Pricing Page,2,32,dropped,3,Mar,Pre-Update
10710,326,2024-03-04,Pricing Page,2,31,viewed,3,Mar,Pre-Update
10711,2171,2024-05-07,Pricing Page,2,55,viewed,5,May,Post-Update
10712,2790,2024-05-29,Pricing Page,2,44,dropped,5,May,Post-Update
10713,2449,2024-05-22,Pricing Page,2,41,dropped,5,May,Post-Update
10714,20,2024-05-30,Home,1,39,clicked,5,May,Post-Update
10715,1014,2024-04-22,Home,1,128,viewed,4,Apr,Post-Update
10716,2119,2024-03-20,Home,1,16,viewed,3,Mar,Post-Update
10717,2175,2024-05-11,Pricing Page,2,41,dropped,5,May,Post-Update
10718,1635,2024-02-06,Pricing Page,2,36,dropped,2,Feb,Pre-Update
10719,1461,2024-03-01,Pricing Page,2,32,viewed,3,Mar,Pre-Update
10720,2435,2024-04-17,Plan Selection,3,197,dropped,4,Apr,Post-Update
10721,1397,2024-01-29,Pricing Page,2,45,dropped,1,Jan,Pre-Update
10722,1038,2024-04-17,Confirmation,5,190,converted,4,Apr,Post-Update
10723,2088,2024-05-20,Payment,4,129,viewed,5,May,Post-Update
10724,1185,2024-01-12,Home,1,93,viewed,1,Jan,Pre-Update
10725,1159,2024-05-15,Plan Selection,3,141,clicked,5,May,Post-Update
10726,2404,2024-03-02,Pricing Page,2,42,dropped,3,Mar,Pre-Update
10727,2826,2024-06-27,Home,1,132,viewed,6,Jun,Post-Update
10728,2119,2024-03-14,Confirmation,5,88,converted,3,Mar,Pre-Update
10729,551,2024-05-15,Home,1,142,viewed,5,May,Post-Update
10730,2479,2024-06-02,Payment,4,59,viewed,6,Jun,Post-Update
10731,356,2024-05-01,Home,1,11,dropped,5,May,Post-Update
10732,378,2024-04-07,Pricing Page,2,65,clicked,4,Apr,Post-Update
10733,2081,2024-03-11,Payment,4,48,clicked,3,Mar,Pre-Update
10734,318,2024-04-04,Pricing Page,2,65,clicked,4,Apr,Post-Update
10735,1400,2024-03-18,Payment,4,86,viewed,3,Mar,Post-Update
10736,1335,2024-01-13,Home,1,171,dropped,1,Jan,Pre-Update
10737,2319,2024-05-14,Pricing Page,2,60,dropped,5,May,Post-Update
10738,2013,2024-04-16,Confirmation,5,197,converted,4,Apr,Post-Update
10739,2567,2024-03-25,Payment,4,107,dropped,3,Mar,Post-Update
10740,180,2024-06-27,Payment,4,159,clicked,6,Jun,Post-Update
10741,954,2024-01-11,Pricing Page,2,43,dropped,1,Jan,Pre-Update
10742,1056,2024-05-08,Pricing Page,2,47,dropped,5,May,Post-Update
10743,2016,2024-06-26,Confirmation,5,117,converted,6,Jun,Post-Update
10744,2963,2024-02-29,Plan Selection,3,102,dropped,2,Feb,Pre-Update
10745,2516,2024-03-23,Payment,4,95,viewed,3,Mar,Post-Update
10746,34,2024-03-28,Pricing Page,2,50,viewed,3,Mar,Post-Update
10747,1539,2024-05-09,Home,1,11,viewed,5,May,Post-Update
10748,2087,2024-04-27,Home,1,176,viewed,4,Apr,Post-Update
10749,58,2024-06-26,Payment,4,72,dropped,6,Jun,Post-Update
10750,386,2024-04-18,Plan Selection,3,63,clicked,4,Apr,Post-Update
10751,2100,2024-06-29,Confirmation,5,92,converted,6,Jun,Post-Update
10752,1270,2024-06-07,Home,1,202,clicked,6,Jun,Post-Update
10753,1292,2024-05-17,Pricing Page,2,44,dropped,5,May,Post-Update
10754,209,2024-05-13,Pricing Page,2,43,dropped,5,May,Post-Update
10755,2873,2024-02-19,Pricing Page,2,48,clicked,2,Feb,Pre-Update
10756,680,2024-02-22,Payment,4,12,viewed,2,Feb,Pre-Update
10757,1909,2024-06-25,Confirmation,5,188,converted,6,Jun,Post-Update
10758,1698,2024-01-29,Home,1,200,clicked,1,Jan,Pre-Update
10759,2166,2024-01-11,Home,1,101,viewed,1,Jan,Pre-Update
10760,485,2024-01-16,Confirmation,5,110,converted,1,Jan,Pre-Update
10761,1954,2024-05-15,Payment,4,158,clicked,5,May,Post-Update
10762,998,2024-05-11,Plan Selection,3,18,clicked,5,May,Post-Update
10763,852,2024-04-12,Confirmation,5,59,converted,4,Apr,Post-Update
10764,830,2024-04-24,Pricing Page,2,60,clicked,4,Apr,Post-Update
10765,2553,2024-05-18,Pricing Page,2,40,dropped,5,May,Post-Update
10766,1925,2024-03-27,Pricing Page,2,64,dropped,3,Mar,Post-Update
10767,1256,2024-01-11,Home,1,11,viewed,1,Jan,Pre-Update
10768,1779,2024-02-05,Pricing Page,2,43,clicked,2,Feb,Pre-Update
10769,1898,2024-03-10,Home,1,13,viewed,3,Mar,Pre-Update
10770,2686,2024-04-01,Payment,4,138,viewed,4,Apr,Post-Update
10771,2133,2024-03-07,Plan Selection,3,97,dropped,3,Mar,Pre-Update
10772,117,2024-06-26,Payment,4,205,clicked,6,Jun,Post-Update
10773,2129,2024-06-23,Plan Selection,3,133,viewed,6,Jun,Post-Update
10774,43,2024-01-28,Payment,4,38,clicked,1,Jan,Pre-Update
10775,1104,2024-01-29,Plan Selection,3,207,viewed,1,Jan,Pre-Update
10776,924,2024-06-26,Confirmation,5,191,converted,6,Jun,Post-Update
10777,1886,2024-03-17,Pricing Page,2,64,clicked,3,Mar,Post-Update
10778,2428,2024-06-27,Plan Selection,3,124,clicked,6,Jun,Post-Update
10779,2868,2024-05-20,Home,1,167,viewed,5,May,Post-Update
10780,2853,2024-01-31,Confirmation,5,90,converted,1,Jan,Pre-Update
10781,232,2024-02-01,Plan Selection,3,144,clicked,2,Feb,Pre-Update
10782,712,2024-05-30,Pricing Page,2,59,dropped,5,May,Post-Update
10783,75,2024-03-18,Home,1,29,dropped,3,Mar,Post-Update
10784,2803,2024-06-19,Confirmation,5,140,converted,6,Jun,Post-Update
10785,1757,2024-06-23,Home,1,103,dropped,6,Jun,Post-Update
10786,575,2024-04-18,Pricing Page,2,48,dropped,4,Apr,Post-Update
10787,62,2024-06-08,Pricing Page,2,40,dropped,6,Jun,Post-Update
10788,2825,2024-03-07,Confirmation,5,190,converted,3,Mar,Pre-Update
10789,1529,2024-06-01,Plan Selection,3,191,clicked,6,Jun,Post-Update
10790,2025,2024-06-17,Plan Selection,3,92,dropped,6,Jun,Post-Update
10791,1354,2024-06-01,Payment,4,157,dropped,6,Jun,Post-Update
10792,1272,2024-05-13,Pricing Page,2,64,dropped,5,May,Post-Update
10793,972,2024-01-04,Home,1,112,dropped,1,Jan,Pre-Update
10794,1768,2024-02-18,Plan Selection,3,26,viewed,2,Feb,Pre-Update
10795,430,2024-05-03,Confirmation,5,182,converted,5,May,Post-Update
10796,1070,2024-02-06,Confirmation,5,28,converted,2,Feb,Pre-Update
10797,1951,2024-06-24,Confirmation,5,122,converted,6,Jun,Post-Update
10798,380,2024-06-20,Pricing Page,2,66,clicked,6,Jun,Post-Update
10799,2485,2024-06-12,Home,1,101,dropped,6,Jun,Post-Update
10800,1753,2024-03-03,Confirmation,5,173,converted,3,Mar,Pre-Update
10801,540,2024-03-21,Plan Selection,3,26,clicked,3,Mar,Post-Update
10802,1669,2024-05-06,Payment,4,20,viewed,5,May,Post-Update
10803,2223,2024-03-06,Plan Selection,3,177,clicked,3,Mar,Pre-Update
10804,1878,2024-06-02,Pricing Page,2,47,dropped,6,Jun,Post-Update
10805,494,2024-04-13,Pricing Page,2,42,clicked,4,Apr,Post-Update
10806,1711,2024-01-09,Plan Selection,3,117,dropped,1,Jan,Pre-Update
10807,2362,2024-05-05,Home,1,101,viewed,5,May,Post-Update
10808,1398,2024-03-17,Payment,4,80,clicked,3,Mar,Post-Update
10809,2642,2024-04-25,Plan Selection,3,183,viewed,4,Apr,Post-Update
10810,2225,2024-05-06,Pricing Page,2,46,dropped,5,May,Post-Update
10811,2377,2024-03-14,Plan Selection,3,209,dropped,3,Mar,Pre-Update
10812,994,2024-03-24,Pricing Page,2,42,viewed,3,Mar,Post-Update
10813,2569,2024-05-03,Payment,4,44,clicked,5,May,Post-Update
10814,491,2024-05-25,Plan Selection,3,65,viewed,5,May,Post-Update
10815,184,2024-06-23,Plan Selection,3,74,viewed,6,Jun,Post-Update
10816,1395,2024-02-17,Confirmation,5,167,converted,2,Feb,Pre-Update
10817,561,2024-04-14,Pricing Page,2,64,dropped,4,Apr,Post-Update
10818,2258,2024-02-25,Pricing Page,2,43,clicked,2,Feb,Pre-Update
10819,2158,2024-03-06,Plan Selection,3,42,viewed,3,Mar,Pre-Update
10820,2544,2024-04-25,Plan Selection,3,66,clicked,4,Apr,Post-Update
10821,1836,2024-04-16,Home,1,154,clicked,4,Apr,Post-Update
10822,1299,2024-02-07,Payment,4,18,dropped,2,Feb,Pre-Update
10823,2985,2024-06-11,Pricing Page,2,61,dropped,6,Jun,Post-Update
10824,356,2024-01-16,Home,1,20,dropped,1,Jan,Pre-Update
10825,875,2024-02-03,Home,1,143,dropped,2,Feb,Pre-Update
10826,2988,2024-03-10,Confirmation,5,112,converted,3,Mar,Pre-Update
10827,2265,2024-02-13,Confirmation,5,13,converted,2,Feb,Pre-Update
10828,739,2024-02-01,Home,1,39,clicked,2,Feb,Pre-Update
10829,775,2024-02-18,Plan Selection,3,13,clicked,2,Feb,Pre-Update
10830,2876,2024-04-15,Home,1,95,dropped,4,Apr,Post-Update
10831,2669,2024-03-03,Home,1,56,dropped,3,Mar,Pre-Update
10832,995,2024-04-25,Home,1,25,viewed,4,Apr,Post-Update
10833,2283,2024-03-14,Payment,4,107,dropped,3,Mar,Pre-Update
10834,1777,2024-02-29,Payment,4,89,clicked,2,Feb,Pre-Update
10835,1614,2024-04-28,Plan Selection,3,76,viewed,4,Apr,Post-Update
10836,1362,2024-02-05,Plan Selection,3,110,viewed,2,Feb,Pre-Update
10837,2380,2024-06-27,Plan Selection,3,159,dropped,6,Jun,Post-Update
10838,1150,2024-04-07,Plan Selection,3,21,viewed,4,Apr,Post-Update
10839,865,2024-03-06,Confirmation,5,138,converted,3,Mar,Pre-Update
10840,1108,2024-06-15,Plan Selection,3,159,dropped,6,Jun,Post-Update
10841,2758,2024-06-11,Payment,4,203,viewed,6,Jun,Post-Update
10842,1034,2024-05-19,Payment,4,166,clicked,5,May,Post-Update
10843,2749,2024-02-10,Pricing Page,2,35,viewed,2,Feb,Pre-Update
10844,1275,2024-05-14,Pricing Page,2,67,clicked,5,May,Post-Update
10845,209,2024-04-05,Pricing Page,2,55,clicked,4,Apr,Post-Update
10846,1023,2024-06-02,Pricing Page,2,54,dropped,6,Jun,Post-Update
10847,2384,2024-05-08,Home,1,139,viewed,5,May,Post-Update
10848,2696,2024-02-04,Pricing Page,2,52,viewed,2,Feb,Pre-Update
10849,1264,2024-02-26,Pricing Page,2,46,viewed,2,Feb,Pre-Update
10850,2036,2024-05-23,Confirmation,5,59,converted,5,May,Post-Update
10851,1406,2024-04-17,Plan Selection,3,28,viewed,4,Apr,Post-Update
10852,1068,2024-04-19,Confirmation,5,192,converted,4,Apr,Post-Update
10853,2200,2024-06-16,Pricing Page,2,49,clicked,6,Jun,Post-Update
10854,396,2024-05-01,Confirmation,5,171,converted,5,May,Post-Update
10855,444,2024-02-26,Home,1,147,dropped,2,Feb,Pre-Update
10856,647,2024-06-14,Confirmation,5,182,converted,6,Jun,Post-Update
10857,1638,2024-01-27,Home,1,13,viewed,1,Jan,Pre-Update
10858,2960,2024-04-02,Plan Selection,3,103,clicked,4,Apr,Post-Update
10859,807,2024-05-14,Confirmation,5,66,converted,5,May,Post-Update
10860,2120,2024-05-04,Pricing Page,2,52,dropped,5,May,Post-Update
10861,607,2024-03-13,Pricing Page,2,53,clicked,3,Mar,Pre-Update
10862,934,2024-03-05,Payment,4,42,clicked,3,Mar,Pre-Update
10863,2774,2024-05-19,Home,1,29,dropped,5,May,Post-Update
10864,2799,2024-06-16,Payment,4,90,clicked,6,Jun,Post-Update
10865,874,2024-06-22,Confirmation,5,149,converted,6,Jun,Post-Update
10866,2256,2024-04-29,Home,1,69,clicked,4,Apr,Post-Update
10867,2176,2024-04-27,Home,1,102,dropped,4,Apr,Post-Update
10868,2651,2024-02-16,Plan Selection,3,94,dropped,2,Feb,Pre-Update
10869,2167,2024-01-03,Confirmation,5,110,converted,1,Jan,Pre-Update
10870,2350,2024-03-14,Plan Selection,3,58,dropped,3,Mar,Pre-Update
10871,2686,2024-01-20,Payment,4,188,viewed,1,Jan,Pre-Update
10872,2927,2024-01-17,Plan Selection,3,72,dropped,1,Jan,Pre-Update
10873,524,2024-05-25,Pricing Page,2,38,clicked,5,May,Post-Update
10874,938,2024-04-05,Plan Selection,3,182,dropped,4,Apr,Post-Update
10875,1919,2024-03-24,Pricing Page,2,55,clicked,3,Mar,Post-Update
10876,683,2024-05-10,Confirmation,5,99,converted,5,May,Post-Update
10877,1425,2024-01-06,Payment,4,116,clicked,1,Jan,Pre-Update
10878,2427,2024-04-19,Plan Selection,3,43,dropped,4,Apr,Post-Update
10879,2259,2024-04-20,Payment,4,35,clicked,4,Apr,Post-Update
10880,2672,2024-05-05,Payment,4,185,dropped,5,May,Post-Update
10881,1323,2024-01-30,Pricing Page,2,57,dropped,1,Jan,Pre-Update
10882,188,2024-05-27,Confirmation,5,13,converted,5,May,Post-Update
10883,1254,2024-01-06,Confirmation,5,86,converted,1,Jan,Pre-Update
10884,659,2024-06-22,Home,1,162,clicked,6,Jun,Post-Update
10885,2586,2024-01-04,Plan Selection,3,113,dropped,1,Jan,Pre-Update
10886,2079,2024-02-26,Pricing Page,2,44,dropped,2,Feb,Pre-Update
10887,1643,2024-05-10,Confirmation,5,144,converted,5,May,Post-Update
10888,1380,2024-02-20,Home,1,67,clicked,2,Feb,Pre-Update
10889,2914,2024-05-16,Payment,4,202,clicked,5,May,Post-Update
10890,1710,2024-06-24,Home,1,171,viewed,6,Jun,Post-Update
10891,1771,2024-01-27,Confirmation,5,78,converted,1,Jan,Pre-Update
10892,2531,2024-02-04,Pricing Page,2,46,clicked,2,Feb,Pre-Update
10893,1942,2024-06-05,Pricing Page,2,48,dropped,6,Jun,Post-Update
10894,1989,2024-05-07,Plan Selection,3,124,clicked,5,May,Post-Update
10895,1717,2024-01-15,Plan Selection,3,57,dropped,1,Jan,Pre-Update
10896,2402,2024-05-05,Home,1,53,viewed,5,May,Post-Update
10897,2682,2024-05-14,Home,1,192,clicked,5,May,Post-Update
10898,1892,2024-05-13,Payment,4,152,dropped,5,May,Post-Update
10899,2845,2024-01-16,Plan Selection,3,145,viewed,1,Jan,Pre-Update
10900,351,2024-05-05,Home,1,109,dropped,5,May,Post-Update
10901,524,2024-03-27,Payment,4,181,viewed,3,Mar,Post-Update
10902,2944,2024-05-20,Confirmation,5,81,converted,5,May,Post-Update
10903,2954,2024-06-01,Pricing Page,2,62,dropped,6,Jun,Post-Update
10904,2386,2024-02-13,Payment,4,82,clicked,2,Feb,Pre-Update
10905,2193,2024-04-11,Plan Selection,3,92,dropped,4,Apr,Post-Update
10906,2248,2024-01-29,Plan Selection,3,49,clicked,1,Jan,Pre-Update
10907,935,2024-03-16,Home,1,116,dropped,3,Mar,Post-Update
10908,946,2024-01-06,Pricing Page,2,59,dropped,1,Jan,Pre-Update
10909,611,2024-03-03,Home,1,112,dropped,3,Mar,Pre-Update
10910,2032,2024-04-28,Pricing Page,2,44,dropped,4,Apr,Post-Update
10911,983,2024-03-21,Pricing Page,2,62,dropped,3,Mar,Post-Update
10912,1354,2024-01-23,Pricing Page,2,58,viewed,1,Jan,Pre-Update
10913,2422,2024-02-15,Payment,4,106,viewed,2,Feb,Pre-Update
10914,2707,2024-06-11,Payment,4,59,viewed,6,Jun,Post-Update
10915,1948,2024-04-19,Home,1,131,viewed,4,Apr,Post-Update
10916,376,2024-02-15,Confirmation,5,148,converted,2,Feb,Pre-Update
10917,2394,2024-06-13,Home,1,209,clicked,6,Jun,Post-Update
10918,2433,2024-03-07,Pricing Page,2,58,clicked,3,Mar,Pre-Update
10919,2502,2024-04-09,Pricing Page,2,54,dropped,4,Apr,Post-Update
10920,2215,2024-03-19,Confirmation,5,116,converted,3,Mar,Post-Update
10921,2243,2024-01-27,Pricing Page,2,30,clicked,1,Jan,Pre-Update
10922,55,2024-02-14,Home,1,46,clicked,2,Feb,Pre-Update
10923,812,2024-02-16,Pricing Page,2,48,clicked,2,Feb,Pre-Update
10924,1601,2024-04-22,Plan Selection,3,154,dropped,4,Apr,Post-Update
10925,445,2024-04-09,Pricing Page,2,63,dropped,4,Apr,Post-Update
10926,360,2024-04-19,Plan Selection,3,115,viewed,4,Apr,Post-Update
10927,1619,2024-05-29,Plan Selection,3,30,viewed,5,May,Post-Update
10928,1638,2024-05-27,Pricing Page,2,59,dropped,5,May,Post-Update
10929,69,2024-03-19,Home,1,60,viewed,3,Mar,Post-Update
10930,2512,2024-03-19,Plan Selection,3,202,viewed,3,Mar,Post-Update
10931,1285,2024-04-09,Pricing Page,2,57,clicked,4,Apr,Post-Update
10932,747,2024-05-13,Confirmation,5,120,converted,5,May,Post-Update
10933,2703,2024-06-01,Plan Selection,3,26,viewed,6,Jun,Post-Update
10934,2802,2024-01-30,Home,1,124,viewed,1,Jan,Pre-Update
10935,1251,2024-04-19,Payment,4,14,viewed,4,Apr,Post-Update
10936,2875,2024-03-09,Home,1,204,viewed,3,Mar,Pre-Update
10937,83,2024-05-20,Payment,4,134,viewed,5,May,Post-Update
10938,2529,2024-06-28,Pricing Page,2,41,dropped,6,Jun,Post-Update
10939,941,2024-04-13,Confirmation,5,175,converted,4,Apr,Post-Update
10940,1245,2024-04-17,Plan Selection,3,170,viewed,4,Apr,Post-Update
10941,2691,2024-06-12,Payment,4,94,viewed,6,Jun,Post-Update
10942,2670,2024-04-10,Home,1,185,dropped,4,Apr,Post-Update
10943,1942,2024-01-13,Pricing Page,2,55,dropped,1,Jan,Pre-Update
10944,1624,2024-04-27,Plan Selection,3,37,viewed,4,Apr,Post-Update
10945,2318,2024-03-04,Pricing Page,2,34,clicked,3,Mar,Pre-Update
10946,2887,2024-03-01,Payment,4,204,clicked,3,Mar,Pre-Update
10947,1410,2024-06-14,Home,1,26,viewed,6,Jun,Post-Update
10948,996,2024-06-13,Plan Selection,3,25,viewed,6,Jun,Post-Update
10949,680,2024-01-12,Plan Selection,3,202,viewed,1,Jan,Pre-Update
10950,2053,2024-05-03,Pricing Page,2,60,clicked,5,May,Post-Update
10951,413,2024-04-28,Payment,4,66,viewed,4,Apr,Post-Update
10952,1585,2024-01-03,Pricing Page,2,40,dropped,1,Jan,Pre-Update
10953,2052,2024-03-07,Payment,4,163,clicked,3,Mar,Pre-Update
10954,884,2024-06-14,Plan Selection,3,152,clicked,6,Jun,Post-Update
10955,984,2024-01-29,Payment,4,118,clicked,1,Jan,Pre-Update
10956,2699,2024-04-15,Pricing Page,2,46,clicked,4,Apr,Post-Update
10957,2893,2024-04-09,Payment,4,142,viewed,4,Apr,Post-Update
10958,1929,2024-01-07,Pricing Page,2,33,viewed,1,Jan,Pre-Update
10959,1900,2024-05-25,Home,1,43,clicked,5,May,Post-Update
10960,2819,2024-02-12,Pricing Page,2,31,dropped,2,Feb,Pre-Update
10961,2544,2024-04-25,Plan Selection,3,81,viewed,4,Apr,Post-Update
10962,46,2024-04-23,Home,1,115,clicked,4,Apr,Post-Update
10963,1162,2024-05-16,Plan Selection,3,172,dropped,5,May,Post-Update
10964,1890,2024-04-02,Plan Selection,3,161,viewed,4,Apr,Post-Update
10965,2410,2024-04-13,Pricing Page,2,53,dropped,4,Apr,Post-Update
10966,1244,2024-04-03,Pricing Page,2,44,viewed,4,Apr,Post-Update
10967,455,2024-06-12,Home,1,133,viewed,6,Jun,Post-Update
10968,1854,2024-03-14,Home,1,135,viewed,3,Mar,Pre-Update
10969,955,2024-04-30,Pricing Page,2,65,dropped,4,Apr,Post-Update
10970,1103,2024-04-13,Payment,4,19,viewed,4,Apr,Post-Update
10971,2274,2024-06-02,Confirmation,5,77,converted,6,Jun,Post-Update
10972,2248,2024-05-13,Pricing Page,2,67,dropped,5,May,Post-Update
10973,46,2024-02-24,Pricing Page,2,41,clicked,2,Feb,Pre-Update
10974,1410,2024-05-22,Plan Selection,3,65,viewed,5,May,Post-Update
10975,668,2024-05-02,Plan Selection,3,116,clicked,5,May,Post-Update
10976,213,2024-05-15,Plan Selection,3,95,clicked,5,May,Post-Update
10977,1148,2024-02-26,Pricing Page,2,34,clicked,2,Feb,Pre-Update
10978,2529,2024-06-04,Payment,4,51,viewed,6,Jun,Post-Update
10979,768,2024-06-20,Confirmation,5,21,converted,6,Jun,Post-Update
10980,1005,2024-04-01,Plan Selection,3,39,dropped,4,Apr,Post-Update
10981,584,2024-04-17,Pricing Page,2,42,clicked,4,Apr,Post-Update
10982,1675,2024-06-26,Pricing Page,2,44,dropped,6,Jun,Post-Update
10983,544,2024-05-27,Plan Selection,3,63,viewed,5,May,Post-Update
10984,2106,2024-03-14,Confirmation,5,101,converted,3,Mar,Pre-Update
10985,1420,2024-06-29,Plan Selection,3,173,clicked,6,Jun,Post-Update
10986,1710,2024-04-25,Pricing Page,2,51,clicked,4,Apr,Post-Update
10987,2368,2024-03-25,Confirmation,5,91,converted,3,Mar,Post-Update
10988,443,2024-04-04,Home,1,53,viewed,4,Apr,Post-Update
10989,1395,2024-03-22,Payment,4,208,clicked,3,Mar,Post-Update
10990,2260,2024-05-12,Pricing Page,2,61,clicked,5,May,Post-Update
10991,153,2024-02-13,Home,1,106,clicked,2,Feb,Pre-Update
10992,81,2024-02-15,Home,1,23,viewed,2,Feb,Pre-Update
10993,214,2024-05-22,Payment,4,66,dropped,5,May,Post-Update
10994,719,2024-04-09,Home,1,104,clicked,4,Apr,Post-Update
10995,242,2024-03-31,Pricing Page,2,61,dropped,3,Mar,Post-Update
10996,909,2024-01-24,Payment,4,78,clicked,1,Jan,Pre-Update
10997,1025,2024-02-21,Pricing Page,2,34,clicked,2,Feb,Pre-Update
10998,415,2024-01-28,Pricing Page,2,38,dropped,1,Jan,Pre-Update
10999,2934,2024-05-23,Home,1,176,dropped,5,May,Post-Update
11000,1995,2024-02-10,Home,1,11,viewed,2,Feb,Pre-Update
11001,207,2024-03-30,Pricing Page,2,62,dropped,3,Mar,Post-Update
11002,2774,2024-05-27,Pricing Page,2,38,dropped,5,May,Post-Update
11003,2427,2024-04-09,Pricing Page,2,65,dropped,4,Apr,Post-Update
11004,683,2024-03-09,Pricing Page,2,56,viewed,3,Mar,Pre-Update
11005,446,2024-03-29,Confirmation,5,106,converted,3,Mar,Post-Update
11006,1350,2024-05-24,Plan Selection,3,177,dropped,5,May,Post-Update
11007,2076,2024-05-13,Plan Selection,3,189,viewed,5,May,Post-Update
11008,1109,2024-01-03,Confirmation,5,156,converted,1,Jan,Pre-Update
11009,2400,2024-05-25,Plan Selection,3,141,clicked,5,May,Post-Update
11010,925,2024-01-31,Confirmation,5,26,converted,1,Jan,Pre-Update
11011,1957,2024-01-04,Home,1,136,viewed,1,Jan,Pre-Update
11012,2479,2024-06-11,Home,1,83,viewed,6,Jun,Post-Update
11013,2682,2024-01-13,Plan Selection,3,43,viewed,1,Jan,Pre-Update
11014,1704,2024-03-12,Pricing Page,2,34,viewed,3,Mar,Pre-Update
11015,1057,2024-06-07,Pricing Page,2,67,viewed,6,Jun,Post-Update
11016,1988,2024-04-11,Payment,4,79,clicked,4,Apr,Post-Update
11017,1811,2024-01-05,Pricing Page,2,46,clicked,1,Jan,Pre-Update
11018,33,2024-06-07,Pricing Page,2,41,dropped,6,Jun,Post-Update
11019,1744,2024-01-23,Payment,4,204,clicked,1,Jan,Pre-Update
11020,1063,2024-01-02,Confirmation,5,191,converted,1,Jan,Pre-Update
11021,1712,2024-01-25,Confirmation,5,84,converted,1,Jan,Pre-Update
11022,15,2024-06-12,Plan Selection,3,169,clicked,6,Jun,Post-Update
11023,103,2024-05-09,Pricing Page,2,43,dropped,5,May,Post-Update
11024,882,2024-05-13,Payment,4,184,viewed,5,May,Post-Update
11025,2839,2024-06-28,Home,1,127,viewed,6,Jun,Post-Update
11026,885,2024-04-24,Pricing Page,2,54,viewed,4,Apr,Post-Update
11027,2492,2024-03-23,Payment,4,121,clicked,3,Mar,Post-Update
11028,1522,2024-02-10,Plan Selection,3,84,dropped,2,Feb,Pre-Update
11029,26,2024-06-24,Payment,4,51,clicked,6,Jun,Post-Update
11030,613,2024-02-28,Home,1,30,clicked,2,Feb,Pre-Update
11031,186,2024-06-08,Pricing Page,2,53,clicked,6,Jun,Post-Update
11032,1982,2024-05-24,Confirmation,5,129,converted,5,May,Post-Update
11033,2968,2024-01-29,Payment,4,140,viewed,1,Jan,Pre-Update
11034,2885,2024-03-23,Pricing Page,2,56,viewed,3,Mar,Post-Update
11035,2237,2024-06-22,Plan Selection,3,182,viewed,6,Jun,Post-Update
11036,2285,2024-05-24,Plan Selection,3,42,viewed,5,May,Post-Update
11037,2598,2024-02-27,Home,1,18,dropped,2,Feb,Pre-Update
11038,2839,2024-01-16,Plan Selection,3,144,viewed,1,Jan,Pre-Update
11039,42,2024-02-15,Pricing Page,2,38,viewed,2,Feb,Pre-Update
11040,1248,2024-03-30,Pricing Page,2,55,dropped,3,Mar,Post-Update
11041,2380,2024-01-05,Payment,4,148,dropped,1,Jan,Pre-Update
11042,2847,2024-01-23,Payment,4,116,clicked,1,Jan,Pre-Update
11043,8,2024-01-10,Pricing Page,2,32,clicked,1,Jan,Pre-Update
11044,51,2024-01-25,Plan Selection,3,152,viewed,1,Jan,Pre-Update
11045,1095,2024-05-10,Pricing Page,2,48,dropped,5,May,Post-Update
11046,2716,2024-06-26,Home,1,204,clicked,6,Jun,Post-Update
11047,1892,2024-02-10,Pricing Page,2,45,viewed,2,Feb,Pre-Update
11048,2824,2024-06-29,Home,1,165,clicked,6,Jun,Post-Update
11049,2340,2024-04-24,Payment,4,64,viewed,4,Apr,Post-Update
11050,1452,2024-05-31,Payment,4,37,clicked,5,May,Post-Update
11051,297,2024-06-27,Plan Selection,3,55,dropped,6,Jun,Post-Update
11052,1202,2024-03-05,Plan Selection,3,175,clicked,3,Mar,Pre-Update
11053,1450,2024-02-13,Payment,4,18,viewed,2,Feb,Pre-Update
11054,1834,2024-02-09,Pricing Page,2,47,dropped,2,Feb,Pre-Update
11055,199,2024-06-02,Home,1,145,clicked,6,Jun,Post-Update
11056,780,2024-04-04,Payment,4,124,clicked,4,Apr,Post-Update
11057,437,2024-04-20,Plan Selection,3,71,viewed,4,Apr,Post-Update
11058,866,2024-04-04,Payment,4,31,clicked,4,Apr,Post-Update
11059,1085,2024-05-24,Confirmation,5,34,converted,5,May,Post-Update
11060,2728,2024-02-01,Home,1,51,viewed,2,Feb,Pre-Update
11061,1171,2024-01-26,Plan Selection,3,62,viewed,1,Jan,Pre-Update
11062,2106,2024-03-16,Confirmation,5,137,converted,3,Mar,Post-Update
11063,790,2024-03-12,Home,1,170,clicked,3,Mar,Pre-Update
11064,1989,2024-01-14,Pricing Page,2,49,dropped,1,Jan,Pre-Update
11065,1873,2024-05-21,Home,1,184,dropped,5,May,Post-Update
11066,1620,2024-01-01,Pricing Page,2,59,clicked,1,Jan,Pre-Update
11067,2192,2024-03-20,Confirmation,5,138,converted,3,Mar,Post-Update
11068,756,2024-02-28,Payment,4,83,dropped,2,Feb,Pre-Update
11069,283,2024-05-15,Pricing Page,2,39,viewed,5,May,Post-Update
11070,1493,2024-05-01,Payment,4,73,viewed,5,May,Post-Update
11071,38,2024-01-15,Pricing Page,2,47,viewed,1,Jan,Pre-Update
11072,1402,2024-05-23,Plan Selection,3,108,viewed,5,May,Post-Update
11073,463,2024-04-17,Plan Selection,3,168,clicked,4,Apr,Post-Update
11074,2158,2024-03-01,Plan Selection,3,127,clicked,3,Mar,Pre-Update
11075,331,2024-03-18,Payment,4,173,viewed,3,Mar,Post-Update
11076,1910,2024-02-29,Payment,4,157,clicked,2,Feb,Pre-Update
11077,172,2024-06-15,Pricing Page,2,50,clicked,6,Jun,Post-Update
11078,1930,2024-06-08,Pricing Page,2,58,viewed,6,Jun,Post-Update
11079,2873,2024-05-23,Home,1,34,clicked,5,May,Post-Update
11080,603,2024-01-11,Plan Selection,3,73,clicked,1,Jan,Pre-Update
11081,1537,2024-01-15,Payment,4,26,viewed,1,Jan,Pre-Update
11082,2581,2024-05-30,Plan Selection,3,100,clicked,5,May,Post-Update
11083,138,2024-05-23,Payment,4,152,dropped,5,May,Post-Update
11084,1278,2024-05-23,Plan Selection,3,11,dropped,5,May,Post-Update
11085,25,2024-01-05,Home,1,92,viewed,1,Jan,Pre-Update
11086,1729,2024-04-18,Pricing Page,2,52,clicked,4,Apr,Post-Update
11087,2539,2024-02-15,Plan Selection,3,172,viewed,2,Feb,Pre-Update
11088,468,2024-01-05,Plan Selection,3,56,dropped,1,Jan,Pre-Update
11089,519,2024-03-03,Home,1,200,dropped,3,Mar,Pre-Update
11090,2907,2024-03-04,Payment,4,53,clicked,3,Mar,Pre-Update
11091,2825,2024-01-28,Confirmation,5,61,converted,1,Jan,Pre-Update
11092,1341,2024-03-25,Home,1,130,dropped,3,Mar,Post-Update
11093,776,2024-02-15,Pricing Page,2,48,clicked,2,Feb,Pre-Update
11094,1613,2024-04-27,Plan Selection,3,51,dropped,4,Apr,Post-Update
11095,363,2024-01-29,Pricing Page,2,48,viewed,1,Jan,Pre-Update
11096,1641,2024-01-14,Payment,4,93,viewed,1,Jan,Pre-Update
11097,940,2024-05-28,Home,1,87,clicked,5,May,Post-Update
11098,2872,2024-04-03,Plan Selection,3,204,viewed,4,Apr,Post-Update
11099,2481,2024-06-10,Confirmation,5,43,converted,6,Jun,Post-Update
11100,2803,2024-01-31,Home,1,155,clicked,1,Jan,Pre-Update
11101,749,2024-05-23,Pricing Page,2,58,viewed,5,May,Post-Update
11102,477,2024-02-13,Plan Selection,3,185,dropped,2,Feb,Pre-Update
11103,1429,2024-05-10,Home,1,151,dropped,5,May,Post-Update
11104,2845,2024-05-06,Plan Selection,3,44,viewed,5,May,Post-Update
11105,18,2024-02-26,Plan Selection,3,167,clicked,2,Feb,Pre-Update
11106,386,2024-05-15,Pricing Page,2,55,clicked,5,May,Post-Update
11107,832,2024-06-25,Home,1,64,dropped,6,Jun,Post-Update
11108,1209,2024-02-21,Pricing Page,2,35,dropped,2,Feb,Pre-Update
11109,2087,2024-05-16,Plan Selection,3,37,viewed,5,May,Post-Update
11110,2504,2024-02-10,Plan Selection,3,92,dropped,2,Feb,Pre-Update
11111,2553,2024-04-18,Pricing Page,2,49,clicked,4,Apr,Post-Update
11112,350,2024-04-18,Plan Selection,3,108,clicked,4,Apr,Post-Update
11113,2876,2024-02-29,Payment,4,184,dropped,2,Feb,Pre-Update
11114,1702,2024-05-12,Confirmation,5,119,converted,5,May,Post-Update
11115,2694,2024-06-01,Plan Selection,3,33,viewed,6,Jun,Post-Update
11116,1763,2024-06-25,Home,1,148,dropped,6,Jun,Post-Update
11117,1034,2024-03-26,Pricing Page,2,43,viewed,3,Mar,Post-Update
11118,784,2024-03-16,Pricing Page,2,46,dropped,3,Mar,Post-Update
11119,2284,2024-02-10,Payment,4,118,dropped,2,Feb,Pre-Update
11120,768,2024-05-16,Confirmation,5,149,converted,5,May,Post-Update
11121,1567,2024-04-03,Home,1,106,clicked,4,Apr,Post-Update
11122,1611,2024-03-30,Payment,4,174,clicked,3,Mar,Post-Update
11123,492,2024-02-13,Plan Selection,3,183,dropped,2,Feb,Pre-Update
11124,1036,2024-01-28,Payment,4,50,viewed,1,Jan,Pre-Update
11125,1461,2024-06-25,Pricing Page,2,42,dropped,6,Jun,Post-Update
11126,331,2024-01-03,Payment,4,131,viewed,1,Jan,Pre-Update
11127,1245,2024-04-06,Pricing Page,2,53,dropped,4,Apr,Post-Update
11128,2522,2024-03-10,Pricing Page,2,55,dropped,3,Mar,Pre-Update
11129,2628,2024-01-20,Confirmation,5,49,converted,1,Jan,Pre-Update
11130,829,2024-05-22,Home,1,55,viewed,5,May,Post-Update
11131,541,2024-04-16,Pricing Page,2,44,clicked,4,Apr,Post-Update
11132,1849,2024-04-07,Payment,4,143,viewed,4,Apr,Post-Update
11133,2529,2024-06-12,Confirmation,5,61,converted,6,Jun,Post-Update
11134,884,2024-05-07,Plan Selection,3,36,viewed,5,May,Post-Update
11135,540,2024-05-15,Pricing Page,2,62,dropped,5,May,Post-Update
11136,2502,2024-05-23,Pricing Page,2,65,dropped,5,May,Post-Update
11137,264,2024-06-21,Plan Selection,3,150,viewed,6,Jun,Post-Update
11138,2283,2024-06-08,Home,1,10,viewed,6,Jun,Post-Update
11139,414,2024-05-24,Plan Selection,3,109,viewed,5,May,Post-Update
11140,866,2024-02-01,Confirmation,5,103,converted,2,Feb,Pre-Update
11141,1022,2024-02-24,Pricing Page,2,47,dropped,2,Feb,Pre-Update
11142,728,2024-01-05,Pricing Page,2,58,clicked,1,Jan,Pre-Update
11143,2992,2024-02-17,Pricing Page,2,52,viewed,2,Feb,Pre-Update
11144,267,2024-05-29,Payment,4,168,clicked,5,May,Post-Update
11145,2068,2024-02-06,Confirmation,5,26,converted,2,Feb,Pre-Update
11146,1785,2024-05-12,Payment,4,40,dropped,5,May,Post-Update
11147,1059,2024-02-19,Pricing Page,2,53,viewed,2,Feb,Pre-Update
11148,494,2024-01-25,Home,1,118,dropped,1,Jan,Pre-Update
11149,136,2024-05-29,Confirmation,5,102,converted,5,May,Post-Update
11150,1061,2024-03-09,Payment,4,14,viewed,3,Mar,Pre-Update
11151,51,2024-02-12,Home,1,186,dropped,2,Feb,Pre-Update
11152,2083,2024-02-17,Pricing Page,2,41,dropped,2,Feb,Pre-Update
11153,1865,2024-05-01,Pricing Page,2,52,viewed,5,May,Post-Update
11154,2979,2024-02-26,Plan Selection,3,201,dropped,2,Feb,Pre-Update
11155,1036,2024-04-18,Confirmation,5,11,converted,4,Apr,Post-Update
11156,451,2024-05-12,Pricing Page,2,63,dropped,5,May,Post-Update
11157,1366,2024-03-28,Home,1,172,viewed,3,Mar,Post-Update
11158,140,2024-04-08,Plan Selection,3,74,viewed,4,Apr,Post-Update
11159,537,2024-03-15,Plan Selection,3,74,dropped,3,Mar,Post-Update
11160,1331,2024-06-24,Plan Selection,3,149,viewed,6,Jun,Post-Update
11161,1684,2024-01-02,Pricing Page,2,53,viewed,1,Jan,Pre-Update
11162,2804,2024-01-17,Plan Selection,3,196,viewed,1,Jan,Pre-Update
11163,2826,2024-03-24,Pricing Page,2,40,viewed,3,Mar,Post-Update
11164,473,2024-01-31,Pricing Page,2,39,clicked,1,Jan,Pre-Update
11165,769,2024-06-26,Home,1,160,clicked,6,Jun,Post-Update
11166,1359,2024-02-13,Payment,4,103,viewed,2,Feb,Pre-Update
11167,2067,2024-06-28,Confirmation,5,113,converted,6,Jun,Post-Update
11168,2700,2024-06-19,Confirmation,5,44,converted,6,Jun,Post-Update
11169,2603,2024-05-28,Plan Selection,3,17,viewed,5,May,Post-Update
11170,1060,2024-05-03,Pricing Page,2,60,clicked,5,May,Post-Update
11171,8,2024-01-13,Pricing Page,2,44,clicked,1,Jan,Pre-Update
11172,2389,2024-04-20,Plan Selection,3,105,clicked,4,Apr,Post-Update
11173,1714,2024-04-28,Plan Selection,3,176,clicked,4,Apr,Post-Update
11174,2719,2024-01-17,Payment,4,92,viewed,1,Jan,Pre-Update
11175,2999,2024-03-23,Pricing Page,2,39,dropped,3,Mar,Post-Update
11176,2457,2024-06-14,Home,1,180,viewed,6,Jun,Post-Update
11177,2816,2024-06-29,Home,1,183,viewed,6,Jun,Post-Update
11178,1457,2024-06-25,Pricing Page,2,44,clicked,6,Jun,Post-Update
11179,776,2024-06-21,Confirmation,5,27,converted,6,Jun,Post-Update
11180,1422,2024-01-19,Home,1,44,clicked,1,Jan,Pre-Update
11181,917,2024-05-31,Pricing Page,2,63,dropped,5,May,Post-Update
11182,1053,2024-04-25,Home,1,166,clicked,4,Apr,Post-Update
11183,394,2024-01-31,Pricing Page,2,51,dropped,1,Jan,Pre-Update
11184,395,2024-06-09,Home,1,115,clicked,6,Jun,Post-Update
11185,171,2024-05-06,Pricing Page,2,54,clicked,5,May,Post-Update
11186,2836,2024-04-16,Home,1,162,clicked,4,Apr,Post-Update
11187,686,2024-04-24,Pricing Page,2,50,clicked,4,Apr,Post-Update
11188,1678,2024-03-28,Payment,4,48,viewed,3,Mar,Post-Update
11189,931,2024-02-09,Home,1,47,clicked,2,Feb,Pre-Update
11190,1827,2024-05-13,Payment,4,36,dropped,5,May,Post-Update
11191,2474,2024-06-28,Pricing Page,2,52,viewed,6,Jun,Post-Update
11192,1030,2024-05-30,Home,1,33,dropped,5,May,Post-Update
11193,2302,2024-01-30,Plan Selection,3,26,viewed,1,Jan,Pre-Update
11194,392,2024-01-04,Plan Selection,3,116,clicked,1,Jan,Pre-Update
11195,2645,2024-06-16,Confirmation,5,29,converted,6,Jun,Post-Update
11196,1677,2024-04-01,Payment,4,162,dropped,4,Apr,Post-Update
11197,2825,2024-06-24,Home,1,48,viewed,6,Jun,Post-Update
11198,2705,2024-05-29,Pricing Page,2,56,clicked,5,May,Post-Update
11199,461,2024-03-09,Pricing Page,2,31,viewed,3,Mar,Pre-Update
11200,992,2024-06-27,Confirmation,5,147,converted,6,Jun,Post-Update
11201,1950,2024-02-04,Confirmation,5,93,converted,2,Feb,Pre-Update
11202,278,2024-02-08,Payment,4,69,dropped,2,Feb,Pre-Update
11203,2295,2024-03-18,Payment,4,193,dropped,3,Mar,Post-Update
11204,1723,2024-05-02,Plan Selection,3,65,clicked,5,May,Post-Update
11205,509,2024-04-27,Payment,4,150,clicked,4,Apr,Post-Update
11206,1614,2024-05-06,Confirmation,5,77,converted,5,May,Post-Update
11207,92,2024-01-25,Plan Selection,3,114,viewed,1,Jan,Pre-Update
11208,2071,2024-06-11,Pricing Page,2,49,clicked,6,Jun,Post-Update
11209,1417,2024-01-30,Pricing Page,2,44,dropped,1,Jan,Pre-Update
11210,2905,2024-06-23,Confirmation,5,157,converted,6,Jun,Post-Update
11211,2734,2024-03-02,Confirmation,5,167,converted,3,Mar,Pre-Update
11212,188,2024-06-20,Plan Selection,3,179,viewed,6,Jun,Post-Update
11213,1856,2024-02-05,Home,1,209,viewed,2,Feb,Pre-Update
11214,677,2024-02-05,Pricing Page,2,56,clicked,2,Feb,Pre-Update
11215,840,2024-04-21,Pricing Page,2,49,dropped,4,Apr,Post-Update
11216,2685,2024-05-30,Pricing Page,2,63,viewed,5,May,Post-Update
11217,2402,2024-03-09,Pricing Page,2,40,dropped,3,Mar,Pre-Update
11218,1136,2024-01-04,Confirmation,5,164,converted,1,Jan,Pre-Update
11219,2914,2024-04-06,Payment,4,35,clicked,4,Apr,Post-Update
11220,2012,2024-01-22,Plan Selection,3,116,viewed,1,Jan,Pre-Update
11221,199,2024-04-06,Pricing Page,2,59,dropped,4,Apr,Post-Update
11222,2339,2024-03-03,Pricing Page,2,56,dropped,3,Mar,Pre-Update
11223,1461,2024-05-19,Pricing Page,2,58,dropped,5,May,Post-Update
11224,2268,2024-02-28,Pricing Page,2,52,viewed,2,Feb,Pre-Update
11225,1650,2024-03-22,Plan Selection,3,139,clicked,3,Mar,Post-Update
11226,866,2024-01-19,Plan Selection,3,189,clicked,1,Jan,Pre-Update
11227,371,2024-06-17,Pricing Page,2,56,dropped,6,Jun,Post-Update
11228,776,2024-04-24,Pricing Page,2,40,dropped,4,Apr,Post-Update
11229,116,2024-03-14,Confirmation,5,71,converted,3,Mar,Pre-Update
11230,2495,2024-02-11,Plan Selection,3,134,dropped,2,Feb,Pre-Update
11231,2252,2024-03-09,Plan Selection,3,32,viewed,3,Mar,Pre-Update
11232,2078,2024-04-26,Home,1,176,viewed,4,Apr,Post-Update
11233,2875,2024-05-10,Payment,4,107,clicked,5,May,Post-Update
11234,2402,2024-02-13,Payment,4,72,dropped,2,Feb,Pre-Update
11235,2174,2024-02-11,Confirmation,5,45,converted,2,Feb,Pre-Update
11236,2914,2024-02-28,Plan Selection,3,111,clicked,2,Feb,Pre-Update
11237,2198,2024-02-26,Pricing Page,2,55,dropped,2,Feb,Pre-Update
11238,1733,2024-02-04,Pricing Page,2,44,viewed,2,Feb,Pre-Update
11239,1889,2024-05-04,Plan Selection,3,138,clicked,5,May,Post-Update
11240,3,2024-02-15,Pricing Page,2,44,clicked,2,Feb,Pre-Update
11241,264,2024-02-24,Pricing Page,2,39,viewed,2,Feb,Pre-Update
11242,1673,2024-01-11,Plan Selection,3,192,viewed,1,Jan,Pre-Update
11243,2428,2024-06-15,Home,1,24,viewed,6,Jun,Post-Update
11244,309,2024-06-16,Pricing Page,2,60,viewed,6,Jun,Post-Update
11245,320,2024-06-12,Home,1,63,viewed,6,Jun,Post-Update
11246,2765,2024-03-09,Home,1,102,viewed,3,Mar,Pre-Update
11247,1149,2024-01-10,Home,1,94,viewed,1,Jan,Pre-Update
11248,1687,2024-04-02,Payment,4,175,clicked,4,Apr,Post-Update
11249,353,2024-01-05,Payment,4,178,viewed,1,Jan,Pre-Update
11250,2210,2024-01-23,Pricing Page,2,51,dropped,1,Jan,Pre-Update
11251,1803,2024-06-19,Confirmation,5,157,converted,6,Jun,Post-Update
11252,2821,2024-03-30,Plan Selection,3,160,viewed,3,Mar,Post-Update
11253,2525,2024-05-15,Pricing Page,2,64,clicked,5,May,Post-Update
11254,2307,2024-05-28,Payment,4,105,dropped,5,May,Post-Update
11255,2091,2024-03-14,Confirmation,5,109,converted,3,Mar,Pre-Update
11256,1941,2024-05-15,Payment,4,163,clicked,5,May,Post-Update
11257,2600,2024-01-06,Plan Selection,3,139,clicked,1,Jan,Pre-Update
11258,2998,2024-02-12,Home,1,42,clicked,2,Feb,Pre-Update
11259,36,2024-01-29,Payment,4,61,dropped,1,Jan,Pre-Update
11260,1591,2024-03-25,Payment,4,66,dropped,3,Mar,Post-Update
11261,596,2024-03-06,Pricing Page,2,30,dropped,3,Mar,Pre-Update
11262,2776,2024-03-23,Pricing Page,2,40,viewed,3,Mar,Post-Update
11263,1863,2024-01-31,Confirmation,5,99,converted,1,Jan,Pre-Update
11264,811,2024-01-01,Home,1,207,clicked,1,Jan,Pre-Update
11265,2151,2024-04-15,Payment,4,11,viewed,4,Apr,Post-Update
11266,2810,2024-02-25,Payment,4,147,clicked,2,Feb,Pre-Update
11267,884,2024-04-29,Pricing Page,2,40,dropped,4,Apr,Post-Update
11268,2446,2024-03-17,Plan Selection,3,16,dropped,3,Mar,Post-Update
11269,2460,2024-04-09,Pricing Page,2,61,dropped,4,Apr,Post-Update
11270,505,2024-04-01,Home,1,138,dropped,4,Apr,Post-Update
11271,1824,2024-05-10,Payment,4,162,clicked,5,May,Post-Update
11272,2891,2024-03-26,Pricing Page,2,64,dropped,3,Mar,Post-Update
11273,1867,2024-06-19,Payment,4,85,clicked,6,Jun,Post-Update
11274,2153,2024-03-27,Pricing Page,2,59,viewed,3,Mar,Post-Update
11275,590,2024-03-11,Pricing Page,2,47,viewed,3,Mar,Pre-Update
11276,1389,2024-05-24,Plan Selection,3,137,clicked,5,May,Post-Update
11277,2876,2024-04-30,Pricing Page,2,46,dropped,4,Apr,Post-Update
11278,564,2024-06-18,Home,1,165,clicked,6,Jun,Post-Update
11279,903,2024-06-17,Payment,4,193,clicked,6,Jun,Post-Update
11280,275,2024-03-04,Pricing Page,2,39,dropped,3,Mar,Pre-Update
11281,2214,2024-02-22,Pricing Page,2,39,viewed,2,Feb,Pre-Update
11282,468,2024-03-02,Pricing Page,2,33,viewed,3,Mar,Pre-Update
11283,1277,2024-02-12,Confirmation,5,177,converted,2,Feb,Pre-Update
11284,1366,2024-05-18,Pricing Page,2,38,clicked,5,May,Post-Update
11285,1339,2024-01-24,Pricing Page,2,35,viewed,1,Jan,Pre-Update
11286,696,2024-02-23,Payment,4,22,viewed,2,Feb,Pre-Update
11287,1463,2024-04-24,Plan Selection,3,138,dropped,4,Apr,Post-Update
11288,1610,2024-03-13,Pricing Page,2,53,clicked,3,Mar,Pre-Update
11289,416,2024-04-20,Plan Selection,3,86,viewed,4,Apr,Post-Update
11290,2272,2024-06-01,Confirmation,5,51,converted,6,Jun,Post-Update
11291,591,2024-03-06,Pricing Page,2,58,dropped,3,Mar,Pre-Update
11292,4,2024-03-27,Pricing Page,2,52,dropped,3,Mar,Post-Update
11293,2254,2024-01-09,Confirmation,5,169,converted,1,Jan,Pre-Update
11294,97,2024-05-17,Plan Selection,3,64,dropped,5,May,Post-Update
11295,1032,2024-01-04,Home,1,65,dropped,1,Jan,Pre-Update
11296,231,2024-06-01,Confirmation,5,77,converted,6,Jun,Post-Update
11297,2286,2024-05-25,Payment,4,60,dropped,5,May,Post-Update
11298,1796,2024-05-20,Home,1,29,dropped,5,May,Post-Update
11299,2697,2024-05-20,Home,1,129,clicked,5,May,Post-Update
11300,1084,2024-04-02,Pricing Page,2,64,viewed,4,Apr,Post-Update
11301,611,2024-01-19,Confirmation,5,44,converted,1,Jan,Pre-Update
11302,507,2024-03-01,Home,1,163,clicked,3,Mar,Pre-Update
11303,1791,2024-06-01,Pricing Page,2,57,viewed,6,Jun,Post-Update
11304,1691,2024-01-23,Confirmation,5,73,converted,1,Jan,Pre-Update
11305,2337,2024-06-18,Pricing Page,2,65,dropped,6,Jun,Post-Update
11306,145,2024-04-10,Plan Selection,3,112,viewed,4,Apr,Post-Update
11307,2124,2024-04-17,Payment,4,102,viewed,4,Apr,Post-Update
11308,1399,2024-01-03,Plan Selection,3,81,viewed,1,Jan,Pre-Update
11309,2000,2024-01-16,Pricing Page,2,58,dropped,1,Jan,Pre-Update
11310,2903,2024-05-20,Confirmation,5,114,converted,5,May,Post-Update
11311,2087,2024-06-14,Pricing Page,2,60,dropped,6,Jun,Post-Update
11312,2077,2024-06-16,Plan Selection,3,204,dropped,6,Jun,Post-Update
11313,581,2024-02-23,Confirmation,5,134,converted,2,Feb,Pre-Update
11314,1233,2024-02-03,Plan Selection,3,181,dropped,2,Feb,Pre-Update
11315,2007,2024-04-18,Confirmation,5,32,converted,4,Apr,Post-Update
11316,1859,2024-05-17,Confirmation,5,96,converted,5,May,Post-Update
11317,989,2024-03-04,Payment,4,176,viewed,3,Mar,Pre-Update
11318,1960,2024-05-19,Confirmation,5,53,converted,5,May,Post-Update
11319,1073,2024-01-26,Plan Selection,3,154,viewed,1,Jan,Pre-Update
11320,1397,2024-01-27,Pricing Page,2,37,dropped,1,Jan,Pre-Update
11321,2169,2024-05-06,Pricing Page,2,55,viewed,5,May,Post-Update
11322,2545,2024-03-26,Payment,4,154,dropped,3,Mar,Post-Update
11323,1489,2024-01-15,Confirmation,5,64,converted,1,Jan,Pre-Update
11324,2005,2024-04-03,Plan Selection,3,81,dropped,4,Apr,Post-Update
11325,544,2024-05-15,Pricing Page,2,61,dropped,5,May,Post-Update
11326,2743,2024-05-30,Pricing Page,2,57,viewed,5,May,Post-Update
11327,1652,2024-01-15,Payment,4,110,clicked,1,Jan,Pre-Update
11328,2597,2024-03-31,Confirmation,5,15,converted,3,Mar,Post-Update
11329,1239,2024-06-27,Plan Selection,3,113,clicked,6,Jun,Post-Update
11330,2939,2024-03-08,Confirmation,5,122,converted,3,Mar,Pre-Update
11331,2995,2024-02-25,Plan Selection,3,153,dropped,2,Feb,Pre-Update
11332,2813,2024-04-23,Pricing Page,2,61,viewed,4,Apr,Post-Update
11333,249,2024-05-18,Plan Selection,3,138,clicked,5,May,Post-Update
11334,974,2024-02-18,Pricing Page,2,31,dropped,2,Feb,Pre-Update
11335,1369,2024-06-16,Pricing Page,2,52,clicked,6,Jun,Post-Update
11336,2408,2024-01-13,Confirmation,5,99,converted,1,Jan,Pre-Update
11337,1363,2024-06-16,Pricing Page,2,52,clicked,6,Jun,Post-Update
11338,481,2024-04-19,Plan Selection,3,202,dropped,4,Apr,Post-Update
11339,2333,2024-03-30,Home,1,44,clicked,3,Mar,Post-Update
11340,2660,2024-06-27,Pricing Page,2,50,dropped,6,Jun,Post-Update
11341,2706,2024-05-30,Pricing Page,2,60,dropped,5,May,Post-Update
11342,2077,2024-02-24,Pricing Page,2,38,dropped,2,Feb,Pre-Update
11343,2377,2024-04-11,Pricing Page,2,52,dropped,4,Apr,Post-Update
11344,827,2024-06-16,Payment,4,64,viewed,6,Jun,Post-Update
11345,2397,2024-02-11,Payment,4,16,viewed,2,Feb,Pre-Update
11346,1569,2024-06-02,Plan Selection,3,164,viewed,6,Jun,Post-Update
11347,274,2024-05-26,Payment,4,92,viewed,5,May,Post-Update
11348,1635,2024-03-23,Plan Selection,3,184,clicked,3,Mar,Post-Update
11349,1277,2024-06-12,Pricing Page,2,54,viewed,6,Jun,Post-Update
11350,333,2024-05-09,Pricing Page,2,40,clicked,5,May,Post-Update
11351,185,2024-02-29,Pricing Page,2,39,dropped,2,Feb,Pre-Update
11352,2898,2024-02-22,Plan Selection,3,178,clicked,2,Feb,Pre-Update
11353,1326,2024-03-18,Payment,4,156,clicked,3,Mar,Post-Update
11354,227,2024-04-21,Payment,4,88,clicked,4,Apr,Post-Update
11355,2699,2024-02-15,Plan Selection,3,28,viewed,2,Feb,Pre-Update
11356,1506,2024-02-13,Plan Selection,3,154,clicked,2,Feb,Pre-Update
11357,1820,2024-03-07,Home,1,198,viewed,3,Mar,Pre-Update
11358,1916,2024-01-21,Plan Selection,3,183,clicked,1,Jan,Pre-Update
11359,1564,2024-02-29,Home,1,86,viewed,2,Feb,Pre-Update
11360,1100,2024-05-10,Plan Selection,3,80,dropped,5,May,Post-Update
11361,559,2024-02-03,Pricing Page,2,39,clicked,2,Feb,Pre-Update
11362,1834,2024-03-30,Plan Selection,3,144,clicked,3,Mar,Post-Update
11363,903,2024-01-22,Plan Selection,3,25,clicked,1,Jan,Pre-Update
11364,1259,2024-01-19,Pricing Page,2,30,dropped,1,Jan,Pre-Update
11365,1206,2024-01-25,Pricing Page,2,58,dropped,1,Jan,Pre-Update
11366,1763,2024-01-18,Payment,4,82,viewed,1,Jan,Pre-Update
11367,2965,2024-01-18,Plan Selection,3,71,viewed,1,Jan,Pre-Update
11368,2946,2024-06-23,Confirmation,5,114,converted,6,Jun,Post-Update
11369,2850,2024-02-04,Home,1,193,clicked,2,Feb,Pre-Update
11370,2217,2024-05-24,Payment,4,107,dropped,5,May,Post-Update
11371,94,2024-06-05,Pricing Page,2,54,dropped,6,Jun,Post-Update
11372,1315,2024-01-30,Pricing Page,2,58,dropped,1,Jan,Pre-Update
11373,2074,2024-04-04,Plan Selection,3,39,dropped,4,Apr,Post-Update
11374,189,2024-01-03,Payment,4,79,dropped,1,Jan,Pre-Update
11375,1429,2024-01-13,Confirmation,5,90,converted,1,Jan,Pre-Update
11376,754,2024-01-08,Pricing Page,2,35,clicked,1,Jan,Pre-Update
11377,1094,2024-01-09,Home,1,127,clicked,1,Jan,Pre-Update
11378,2087,2024-01-02,Confirmation,5,149,converted,1,Jan,Pre-Update
11379,2006,2024-02-13,Pricing Page,2,39,viewed,2,Feb,Pre-Update
11380,2214,2024-06-09,Pricing Page,2,50,dropped,6,Jun,Post-Update
11381,2083,2024-02-29,Plan Selection,3,173,clicked,2,Feb,Pre-Update
11382,1721,2024-04-28,Plan Selection,3,159,dropped,4,Apr,Post-Update
11383,959,2024-02-17,Pricing Page,2,58,clicked,2,Feb,Pre-Update
11384,2292,2024-04-26,Confirmation,5,156,converted,4,Apr,Post-Update
11385,2591,2024-01-22,Home,1,142,clicked,1,Jan,Pre-Update
11386,1584,2024-05-11,Home,1,33,clicked,5,May,Post-Update
11387,2016,2024-01-27,Plan Selection,3,28,clicked,1,Jan,Pre-Update
11388,1372,2024-02-14,Payment,4,118,dropped,2,Feb,Pre-Update
11389,252,2024-06-28,Plan Selection,3,129,viewed,6,Jun,Post-Update
11390,1123,2024-03-08,Payment,4,133,viewed,3,Mar,Pre-Update
11391,1019,2024-02-03,Confirmation,5,203,converted,2,Feb,Pre-Update
11392,403,2024-05-17,Pricing Page,2,60,dropped,5,May,Post-Update
11393,502,2024-03-14,Plan Selection,3,101,viewed,3,Mar,Pre-Update
11394,96,2024-01-21,Pricing Page,2,31,viewed,1,Jan,Pre-Update
11395,319,2024-06-22,Pricing Page,2,53,dropped,6,Jun,Post-Update
11396,420,2024-02-22,Home,1,60,dropped,2,Feb,Pre-Update
11397,539,2024-03-02,Home,1,158,dropped,3,Mar,Pre-Update
11398,68,2024-03-07,Payment,4,153,clicked,3,Mar,Pre-Update
11399,883,2024-04-19,Home,1,200,clicked,4,Apr,Post-Update
11400,1873,2024-02-12,Pricing Page,2,52,viewed,2,Feb,Pre-Update
11401,257,2024-05-30,Confirmation,5,21,converted,5,May,Post-Update
11402,1644,2024-04-13,Pricing Page,2,47,viewed,4,Apr,Post-Update
11403,2775,2024-05-06,Plan Selection,3,98,dropped,5,May,Post-Update
11404,543,2024-04-17,Pricing Page,2,49,clicked,4,Apr,Post-Update
11405,186,2024-03-07,Plan Selection,3,47,viewed,3,Mar,Pre-Update
11406,730,2024-03-01,Confirmation,5,143,converted,3,Mar,Pre-Update
11407,1608,2024-05-02,Payment,4,189,dropped,5,May,Post-Update
11408,2911,2024-03-22,Pricing Page,2,48,clicked,3,Mar,Post-Update
11409,2474,2024-05-20,Pricing Page,2,58,dropped,5,May,Post-Update
11410,863,2024-04-20,Home,1,23,viewed,4,Apr,Post-Update
11411,2469,2024-05-06,Home,1,10,viewed,5,May,Post-Update
11412,2189,2024-05-26,Payment,4,181,viewed,5,May,Post-Update
11413,2960,2024-05-24,Home,1,170,viewed,5,May,Post-Update
11414,192,2024-04-24,Confirmation,5,13,converted,4,Apr,Post-Update
11415,393,2024-04-19,Plan Selection,3,71,viewed,4,Apr,Post-Update
11416,1374,2024-02-16,Confirmation,5,163,converted,2,Feb,Pre-Update
11417,371,2024-02-26,Home,1,203,clicked,2,Feb,Pre-Update
11418,1848,2024-01-31,Confirmation,5,92,converted,1,Jan,Pre-Update
11419,320,2024-02-24,Home,1,21,viewed,2,Feb,Pre-Update
11420,974,2024-04-05,Plan Selection,3,164,viewed,4,Apr,Post-Update
11421,2643,2024-06-09,Payment,4,77,clicked,6,Jun,Post-Update
11422,1379,2024-03-15,Plan Selection,3,34,viewed,3,Mar,Post-Update
11423,2042,2024-04-13,Payment,4,74,dropped,4,Apr,Post-Update
11424,121,2024-04-17,Payment,4,94,clicked,4,Apr,Post-Update
11425,2171,2024-05-28,Confirmation,5,51,converted,5,May,Post-Update
11426,728,2024-04-15,Home,1,57,clicked,4,Apr,Post-Update
11427,684,2024-03-09,Home,1,181,viewed,3,Mar,Pre-Update
11428,2683,2024-03-12,Pricing Page,2,36,dropped,3,Mar,Pre-Update
11429,1810,2024-02-17,Pricing Page,2,51,dropped,2,Feb,Pre-Update
11430,522,2024-05-03,Confirmation,5,92,converted,5,May,Post-Update
11431,1131,2024-04-28,Home,1,152,dropped,4,Apr,Post-Update
11432,1988,2024-05-30,Home,1,83,clicked,5,May,Post-Update
11433,1612,2024-05-06,Payment,4,66,viewed,5,May,Post-Update
11434,352,2024-02-07,Plan Selection,3,160,viewed,2,Feb,Pre-Update
11435,1316,2024-06-25,Plan Selection,3,188,viewed,6,Jun,Post-Update
11436,606,2024-05-02,Payment,4,194,dropped,5,May,Post-Update
11437,1095,2024-01-27,Plan Selection,3,169,dropped,1,Jan,Pre-Update
11438,2474,2024-06-28,Pricing Page,2,51,clicked,6,Jun,Post-Update
11439,1766,2024-04-15,Home,1,10,clicked,4,Apr,Post-Update
11440,2461,2024-03-13,Plan Selection,3,119,dropped,3,Mar,Pre-Update
11441,2432,2024-05-20,Pricing Page,2,66,dropped,5,May,Post-Update
11442,468,2024-04-12,Pricing Page,2,41,dropped,4,Apr,Post-Update
11443,2897,2024-03-23,Pricing Page,2,52,dropped,3,Mar,Post-Update
11444,1028,2024-04-21,Home,1,85,viewed,4,Apr,Post-Update
11445,1904,2024-06-14,Plan Selection,3,122,viewed,6,Jun,Post-Update
11446,1413,2024-06-04,Confirmation,5,181,converted,6,Jun,Post-Update
11447,1844,2024-04-01,Plan Selection,3,198,viewed,4,Apr,Post-Update
11448,976,2024-05-13,Plan Selection,3,72,clicked,5,May,Post-Update
11449,921,2024-02-04,Home,1,119,viewed,2,Feb,Pre-Update
11450,2188,2024-04-22,Confirmation,5,151,converted,4,Apr,Post-Update
11451,2359,2024-05-27,Plan Selection,3,40,clicked,5,May,Post-Update
11452,1549,2024-05-24,Pricing Page,2,63,viewed,5,May,Post-Update
11453,355,2024-05-20,Plan Selection,3,62,viewed,5,May,Post-Update
11454,70,2024-05-30,Home,1,190,clicked,5,May,Post-Update
11455,1904,2024-03-08,Confirmation,5,140,converted,3,Mar,Pre-Update
11456,1177,2024-01-03,Payment,4,83,dropped,1,Jan,Pre-Update
11457,2506,2024-04-21,Plan Selection,3,20,clicked,4,Apr,Post-Update
11458,1335,2024-04-29,Confirmation,5,191,converted,4,Apr,Post-Update
11459,1784,2024-02-15,Pricing Page,2,49,viewed,2,Feb,Pre-Update
11460,470,2024-02-26,Home,1,108,dropped,2,Feb,Pre-Update
11461,1542,2024-06-26,Pricing Page,2,63,dropped,6,Jun,Post-Update
11462,207,2024-06-29,Payment,4,197,clicked,6,Jun,Post-Update
11463,2605,2024-02-29,Home,1,48,viewed,2,Feb,Pre-Update
11464,2039,2024-06-02,Home,1,93,clicked,6,Jun,Post-Update
11465,897,2024-06-23,Confirmation,5,160,converted,6,Jun,Post-Update
11466,2890,2024-04-12,Confirmation,5,11,converted,4,Apr,Post-Update
11467,669,2024-01-16,Payment,4,116,clicked,1,Jan,Pre-Update
11468,1105,2024-04-29,Home,1,208,clicked,4,Apr,Post-Update
11469,2804,2024-04-04,Payment,4,111,dropped,4,Apr,Post-Update
11470,2842,2024-03-22,Pricing Page,2,60,dropped,3,Mar,Post-Update
11471,336,2024-01-27,Pricing Page,2,47,clicked,1,Jan,Pre-Update
11472,2564,2024-01-18,Confirmation,5,82,converted,1,Jan,Pre-Update
11473,44,2024-06-27,Confirmation,5,106,converted,6,Jun,Post-Update
11474,2263,2024-02-27,Pricing Page,2,51,clicked,2,Feb,Pre-Update
11475,1862,2024-03-22,Pricing Page,2,56,viewed,3,Mar,Post-Update
11476,2713,2024-04-26,Plan Selection,3,135,clicked,4,Apr,Post-Update
11477,264,2024-04-29,Home,1,51,viewed,4,Apr,Post-Update
11478,28,2024-02-18,Pricing Page,2,51,clicked,2,Feb,Pre-Update
11479,855,2024-03-05,Confirmation,5,125,converted,3,Mar,Pre-Update
11480,317,2024-05-23,Plan Selection,3,172,dropped,5,May,Post-Update
11481,1039,2024-02-16,Pricing Page,2,44,clicked,2,Feb,Pre-Update
11482,2142,2024-05-03,Pricing Page,2,48,viewed,5,May,Post-Update
11483,1804,2024-02-06,Pricing Page,2,44,clicked,2,Feb,Pre-Update
11484,186,2024-02-11,Confirmation,5,32,converted,2,Feb,Pre-Update
11485,2037,2024-01-11,Pricing Page,2,34,viewed,1,Jan,Pre-Update
11486,164,2024-04-17,Payment,4,59,viewed,4,Apr,Post-Update
11487,1129,2024-03-14,Confirmation,5,77,converted,3,Mar,Pre-Update
11488,2852,2024-05-13,Payment,4,12,clicked,5,May,Post-Update
11489,1723,2024-02-25,Payment,4,28,dropped,2,Feb,Pre-Update
11490,138,2024-01-06,Home,1,14,dropped,1,Jan,Pre-Update
11491,484,2024-04-30,Payment,4,59,viewed,4,Apr,Post-Update
11492,2142,2024-03-30,Pricing Page,2,43,viewed,3,Mar,Post-Update
11493,2549,2024-04-23,Plan Selection,3,11,clicked,4,Apr,Post-Update
11494,1564,2024-05-02,Payment,4,32,dropped,5,May,Post-Update
11495,173,2024-01-09,Home,1,47,viewed,1,Jan,Pre-Update
11496,262,2024-02-15,Confirmation,5,52,converted,2,Feb,Pre-Update
11497,234,2024-05-16,Plan Selection,3,97,clicked,5,May,Post-Update
11498,1669,2024-01-11,Plan Selection,3,189,viewed,1,Jan,Pre-Update
11499,1561,2024-05-02,Payment,4,22,viewed,5,May,Post-Update
11500,348,2024-06-29,Plan Selection,3,48,dropped,6,Jun,Post-Update
11501,1957,2024-01-23,Plan Selection,3,208,viewed,1,Jan,Pre-Update
11502,2171,2024-05-24,Payment,4,142,viewed,5,May,Post-Update
11503,1355,2024-04-17,Plan Selection,3,59,clicked,4,Apr,Post-Update
11504,1059,2024-04-02,Pricing Page,2,64,dropped,4,Apr,Post-Update
11505,1498,2024-03-09,Pricing Page,2,54,viewed,3,Mar,Pre-Update
11506,1035,2024-05-29,Home,1,206,viewed,5,May,Post-Update
11507,752,2024-03-01,Confirmation,5,120,converted,3,Mar,Pre-Update
11508,81,2024-03-28,Pricing Page,2,43,viewed,3,Mar,Post-Update
11509,755,2024-03-07,Home,1,67,dropped,3,Mar,Pre-Update
11510,549,2024-02-21,Payment,4,115,dropped,2,Feb,Pre-Update
11511,1413,2024-02-28,Home,1,209,clicked,2,Feb,Pre-Update
11512,210,2024-01-21,Pricing Page,2,41,viewed,1,Jan,Pre-Update
11513,1280,2024-03-08,Plan Selection,3,171,clicked,3,Mar,Pre-Update
11514,2941,2024-01-11,Pricing Page,2,48,viewed,1,Jan,Pre-Update
11515,268,2024-03-29,Home,1,101,viewed,3,Mar,Post-Update
11516,917,2024-02-27,Plan Selection,3,94,dropped,2,Feb,Pre-Update
11517,516,2024-04-17,Pricing Page,2,53,dropped,4,Apr,Post-Update
11518,826,2024-06-11,Plan Selection,3,140,dropped,6,Jun,Post-Update
11519,860,2024-05-04,Plan Selection,3,177,clicked,5,May,Post-Update
11520,2067,2024-01-23,Plan Selection,3,100,clicked,1,Jan,Pre-Update
11521,1283,2024-03-25,Home,1,192,clicked,3,Mar,Post-Update
11522,379,2024-04-02,Home,1,81,clicked,4,Apr,Post-Update
11523,542,2024-01-28,Pricing Page,2,49,clicked,1,Jan,Pre-Update
11524,2454,2024-03-21,Payment,4,107,dropped,3,Mar,Post-Update
11525,855,2024-06-25,Home,1,43,viewed,6,Jun,Post-Update
11526,1129,2024-04-10,Plan Selection,3,130,dropped,4,Apr,Post-Update
11527,1342,2024-01-15,Home,1,30,clicked,1,Jan,Pre-Update
11528,608,2024-01-20,Confirmation,5,70,converted,1,Jan,Pre-Update
11529,2214,2024-05-21,Plan Selection,3,41,viewed,5,May,Post-Update
11530,2789,2024-04-20,Pricing Page,2,51,dropped,4,Apr,Post-Update
11531,2508,2024-06-10,Confirmation,5,19,converted,6,Jun,Post-Update
11532,1231,2024-06-13,Pricing Page,2,61,dropped,6,Jun,Post-Update
11533,2355,2024-05-31,Payment,4,139,viewed,5,May,Post-Update
11534,2297,2024-04-19,Plan Selection,3,165,viewed,4,Apr,Post-Update
11535,913,2024-03-03,Payment,4,207,clicked,3,Mar,Pre-Update
11536,1994,2024-05-15,Payment,4,103,dropped,5,May,Post-Update
11537,359,2024-02-22,Home,1,116,clicked,2,Feb,Pre-Update
11538,1683,2024-04-01,Payment,4,156,dropped,4,Apr,Post-Update
11539,1028,2024-03-11,Confirmation,5,96,converted,3,Mar,Pre-Update
11540,1220,2024-05-12,Pricing Page,2,38,clicked,5,May,Post-Update
11541,1246,2024-01-05,Confirmation,5,83,converted,1,Jan,Pre-Update
11542,526,2024-05-19,Pricing Page,2,46,dropped,5,May,Post-Update
11543,1429,2024-06-27,Pricing Page,2,53,dropped,6,Jun,Post-Update
11544,2128,2024-03-15,Confirmation,5,104,converted,3,Mar,Post-Update
11545,1626,2024-02-21,Payment,4,43,clicked,2,Feb,Pre-Update
11546,1797,2024-05-12,Payment,4,42,dropped,5,May,Post-Update
11547,1379,2024-05-12,Pricing Page,2,44,dropped,5,May,Post-Update
11548,1329,2024-04-12,Plan Selection,3,173,clicked,4,Apr,Post-Update
11549,1297,2024-03-18,Payment,4,209,clicked,3,Mar,Post-Update
11550,143,2024-01-03,Confirmation,5,135,converted,1,Jan,Pre-Update
11551,992,2024-05-19,Payment,4,15,clicked,5,May,Post-Update
11552,1837,2024-03-20,Pricing Page,2,52,dropped,3,Mar,Post-Update
11553,1272,2024-06-25,Plan Selection,3,31,viewed,6,Jun,Post-Update
11554,677,2024-01-01,Pricing Page,2,49,dropped,1,Jan,Pre-Update
11555,1578,2024-05-11,Home,1,21,dropped,5,May,Post-Update
11556,1762,2024-03-27,Plan Selection,3,154,viewed,3,Mar,Post-Update
11557,1258,2024-06-19,Pricing Page,2,52,viewed,6,Jun,Post-Update
11558,1487,2024-04-05,Home,1,50,clicked,4,Apr,Post-Update
11559,253,2024-05-25,Payment,4,102,viewed,5,May,Post-Update
11560,1615,2024-05-13,Home,1,32,clicked,5,May,Post-Update
11561,1451,2024-02-29,Home,1,202,dropped,2,Feb,Pre-Update
11562,939,2024-06-02,Pricing Page,2,65,clicked,6,Jun,Post-Update
11563,223,2024-01-10,Home,1,206,viewed,1,Jan,Pre-Update
11564,789,2024-05-21,Home,1,68,dropped,5,May,Post-Update
11565,1611,2024-03-19,Plan Selection,3,104,viewed,3,Mar,Post-Update
11566,298,2024-03-10,Plan Selection,3,203,viewed,3,Mar,Pre-Update
11567,2759,2024-05-07,Payment,4,149,dropped,5,May,Post-Update
11568,2750,2024-06-25,Home,1,158,clicked,6,Jun,Post-Update
11569,969,2024-05-03,Pricing Page,2,43,clicked,5,May,Post-Update
11570,1364,2024-03-23,Confirmation,5,62,converted,3,Mar,Post-Update
11571,1580,2024-06-02,Plan Selection,3,157,viewed,6,Jun,Post-Update
11572,1296,2024-06-24,Plan Selection,3,173,clicked,6,Jun,Post-Update
11573,2596,2024-06-17,Home,1,109,clicked,6,Jun,Post-Update
11574,223,2024-03-19,Confirmation,5,86,converted,3,Mar,Post-Update
11575,337,2024-03-15,Plan Selection,3,74,clicked,3,Mar,Post-Update
11576,1440,2024-06-16,Home,1,49,clicked,6,Jun,Post-Update
11577,1095,2024-04-28,Home,1,194,dropped,4,Apr,Post-Update
11578,2050,2024-01-26,Plan Selection,3,181,clicked,1,Jan,Pre-Update
11579,77,2024-01-31,Payment,4,73,clicked,1,Jan,Pre-Update
11580,1495,2024-04-22,Plan Selection,3,56,clicked,4,Apr,Post-Update
11581,2373,2024-01-12,Confirmation,5,115,converted,1,Jan,Pre-Update
11582,2445,2024-03-28,Confirmation,5,103,converted,3,Mar,Post-Update
11583,1172,2024-04-08,Plan Selection,3,33,viewed,4,Apr,Post-Update
11584,1019,2024-06-08,Pricing Page,2,46,dropped,6,Jun,Post-Update
11585,2266,2024-05-21,Plan Selection,3,195,viewed,5,May,Post-Update
11586,1705,2024-05-30,Pricing Page,2,59,dropped,5,May,Post-Update
11587,1010,2024-05-19,Payment,4,201,dropped,5,May,Post-Update
11588,628,2024-03-13,Pricing Page,2,49,dropped,3,Mar,Pre-Update
11589,1570,2024-03-05,Pricing Page,2,58,dropped,3,Mar,Pre-Update
11590,1951,2024-06-24,Confirmation,5,130,converted,6,Jun,Post-Update
11591,914,2024-05-09,Plan Selection,3,39,viewed,5,May,Post-Update
11592,1153,2024-04-22,Confirmation,5,202,converted,4,Apr,Post-Update
11593,2752,2024-05-05,Payment,4,113,clicked,5,May,Post-Update
11594,1879,2024-05-28,Pricing Page,2,57,dropped,5,May,Post-Update
11595,2014,2024-05-27,Home,1,170,viewed,5,May,Post-Update
11596,2727,2024-06-22,Home,1,93,viewed,6,Jun,Post-Update
11597,1053,2024-06-28,Confirmation,5,109,converted,6,Jun,Post-Update
11598,2411,2024-04-05,Pricing Page,2,55,dropped,4,Apr,Post-Update
11599,50,2024-04-28,Pricing Page,2,41,viewed,4,Apr,Post-Update
11600,269,2024-05-26,Payment,4,98,viewed,5,May,Post-Update
11601,491,2024-01-22,Home,1,46,clicked,1,Jan,Pre-Update
11602,1078,2024-01-10,Home,1,173,clicked,1,Jan,Pre-Update
11603,38,2024-04-16,Confirmation,5,154,converted,4,Apr,Post-Update
11604,2738,2024-03-13,Pricing Page,2,34,viewed,3,Mar,Pre-Update
11605,1026,2024-05-28,Home,1,206,viewed,5,May,Post-Update
11606,687,2024-02-13,Plan Selection,3,184,viewed,2,Feb,Pre-Update
11607,1287,2024-05-09,Pricing Page,2,46,dropped,5,May,Post-Update
11608,2248,2024-02-07,Payment,4,70,dropped,2,Feb,Pre-Update
11609,2643,2024-06-17,Home,1,69,clicked,6,Jun,Post-Update
11610,822,2024-01-13,Plan Selection,3,88,clicked,1,Jan,Pre-Update
11611,2506,2024-06-24,Pricing Page,2,61,viewed,6,Jun,Post-Update
11612,1140,2024-01-08,Home,1,48,viewed,1,Jan,Pre-Update
11613,1006,2024-02-28,Plan Selection,3,29,viewed,2,Feb,Pre-Update
11614,2685,2024-04-12,Home,1,17,viewed,4,Apr,Post-Update
11615,1881,2024-06-09,Plan Selection,3,43,dropped,6,Jun,Post-Update
11616,441,2024-03-03,Pricing Page,2,43,dropped,3,Mar,Pre-Update
11617,500,2024-06-20,Pricing Page,2,48,viewed,6,Jun,Post-Update
11618,2576,2024-03-08,Pricing Page,2,40,viewed,3,Mar,Pre-Update
11619,72,2024-05-06,Pricing Page,2,38,viewed,5,May,Post-Update
11620,974,2024-06-24,Payment,4,100,viewed,6,Jun,Post-Update
11621,2586,2024-03-09,Pricing Page,2,42,dropped,3,Mar,Pre-Update
11622,1047,2024-03-13,Confirmation,5,122,converted,3,Mar,Pre-Update
11623,2857,2024-01-14,Plan Selection,3,85,clicked,1,Jan,Pre-Update
11624,1510,2024-04-06,Home,1,50,clicked,4,Apr,Post-Update
11625,76,2024-04-09,Plan Selection,3,142,clicked,4,Apr,Post-Update
11626,2010,2024-03-05,Payment,4,161,clicked,3,Mar,Pre-Update
11627,463,2024-02-27,Home,1,151,dropped,2,Feb,Pre-Update
11628,1732,2024-03-25,Plan Selection,3,128,dropped,3,Mar,Post-Update
11629,202,2024-05-30,Confirmation,5,55,converted,5,May,Post-Update
11630,919,2024-06-02,Pricing Page,2,41,dropped,6,Jun,Post-Update
11631,822,2024-05-29,Pricing Page,2,38,dropped,5,May,Post-Update
11632,1948,2024-06-02,Pricing Page,2,67,viewed,6,Jun,Post-Update
11633,2268,2024-06-26,Plan Selection,3,61,clicked,6,Jun,Post-Update
11634,133,2024-01-24,Plan Selection,3,56,clicked,1,Jan,Pre-Update
11635,763,2024-03-31,Payment,4,37,clicked,3,Mar,Post-Update
11636,374,2024-01-19,Home,1,82,clicked,1,Jan,Pre-Update
11637,2838,2024-04-02,Plan Selection,3,22,dropped,4,Apr,Post-Update
11638,1852,2024-04-18,Home,1,197,clicked,4,Apr,Post-Update
11639,1304,2024-03-17,Payment,4,163,clicked,3,Mar,Post-Update
11640,2486,2024-06-04,Payment,4,105,viewed,6,Jun,Post-Update
11641,992,2024-05-23,Confirmation,5,118,converted,5,May,Post-Update
11642,2244,2024-01-22,Pricing Page,2,40,viewed,1,Jan,Pre-Update
11643,2088,2024-02-10,Home,1,102,dropped,2,Feb,Pre-Update
11644,2446,2024-03-04,Pricing Page,2,44,clicked,3,Mar,Pre-Update
11645,761,2024-04-22,Pricing Page,2,65,dropped,4,Apr,Post-Update
11646,2052,2024-06-24,Payment,4,30,dropped,6,Jun,Post-Update
11647,515,2024-04-13,Pricing Page,2,39,dropped,4,Apr,Post-Update
11648,1833,2024-04-21,Pricing Page,2,48,dropped,4,Apr,Post-Update
11649,665,2024-06-18,Home,1,61,clicked,6,Jun,Post-Update
11650,1510,2024-05-15,Pricing Page,2,64,clicked,5,May,Post-Update
11651,249,2024-02-01,Plan Selection,3,120,viewed,2,Feb,Pre-Update
11652,2800,2024-06-14,Payment,4,26,dropped,6,Jun,Post-Update
11653,1032,2024-03-07,Payment,4,186,dropped,3,Mar,Pre-Update
11654,1546,2024-03-26,Payment,4,150,dropped,3,Mar,Post-Update
11655,261,2024-02-27,Pricing Page,2,50,clicked,2,Feb,Pre-Update
11656,279,2024-02-02,Plan Selection,3,132,dropped,2,Feb,Pre-Update
11657,2920,2024-03-10,Confirmation,5,169,converted,3,Mar,Pre-Update
11658,95,2024-05-17,Plan Selection,3,53,viewed,5,May,Post-Update
11659,836,2024-03-20,Pricing Page,2,50,dropped,3,Mar,Post-Update
11660,839,2024-01-10,Pricing Page,2,58,clicked,1,Jan,Pre-Update
11661,1830,2024-04-13,Home,1,92,viewed,4,Apr,Post-Update
11662,2097,2024-04-06,Plan Selection,3,57,clicked,4,Apr,Post-Update
11663,2175,2024-01-30,Plan Selection,3,141,clicked,1,Jan,Pre-Update
11664,254,2024-02-03,Plan Selection,3,170,dropped,2,Feb,Pre-Update
11665,1861,2024-01-15,Plan Selection,3,105,viewed,1,Jan,Pre-Update
11666,937,2024-02-27,Plan Selection,3,68,clicked,2,Feb,Pre-Update
11667,2166,2024-01-09,Home,1,55,viewed,1,Jan,Pre-Update
11668,2703,2024-05-16,Home,1,19,dropped,5,May,Post-Update
11669,309,2024-03-07,Plan Selection,3,124,clicked,3,Mar,Pre-Update
11670,1804,2024-02-08,Pricing Page,2,48,dropped,2,Feb,Pre-Update
11671,2693,2024-03-19,Pricing Page,2,38,clicked,3,Mar,Post-Update
11672,2107,2024-02-12,Home,1,132,viewed,2,Feb,Pre-Update
11673,1611,2024-01-11,Plan Selection,3,59,dropped,1,Jan,Pre-Update
11674,404,2024-01-28,Pricing Page,2,38,dropped,1,Jan,Pre-Update
11675,2441,2024-01-17,Home,1,170,viewed,1,Jan,Pre-Update
11676,1208,2024-01-24,Pricing Page,2,54,clicked,1,Jan,Pre-Update
11677,675,2024-06-17,Confirmation,5,34,converted,6,Jun,Post-Update
11678,2003,2024-06-23,Payment,4,59,viewed,6,Jun,Post-Update
11679,143,2024-06-22,Plan Selection,3,90,dropped,6,Jun,Post-Update
11680,21,2024-06-12,Plan Selection,3,175,viewed,6,Jun,Post-Update
11681,1618,2024-06-09,Payment,4,87,clicked,6,Jun,Post-Update
11682,1129,2024-03-06,Plan Selection,3,64,clicked,3,Mar,Pre-Update
11683,2818,2024-04-26,Pricing Page,2,39,dropped,4,Apr,Post-Update
11684,2858,2024-05-10,Payment,4,125,viewed,5,May,Post-Update
11685,1566,2024-04-28,Plan Selection,3,115,clicked,4,Apr,Post-Update
11686,582,2024-02-24,Confirmation,5,144,converted,2,Feb,Pre-Update
11687,1862,2024-01-16,Plan Selection,3,121,dropped,1,Jan,Pre-Update
11688,2422,2024-05-15,Pricing Page,2,50,dropped,5,May,Post-Update
11689,2786,2024-04-10,Home,1,76,viewed,4,Apr,Post-Update
11690,905,2024-04-05,Payment,4,29,clicked,4,Apr,Post-Update
11691,292,2024-04-28,Confirmation,5,189,converted,4,Apr,Post-Update
11692,1701,2024-01-27,Home,1,155,clicked,1,Jan,Pre-Update
11693,1634,2024-01-15,Payment,4,135,viewed,1,Jan,Pre-Update
11694,573,2024-04-02,Confirmation,5,83,converted,4,Apr,Post-Update
11695,2720,2024-03-17,Pricing Page,2,59,dropped,3,Mar,Post-Update
11696,214,2024-06-29,Payment,4,185,dropped,6,Jun,Post-Update
11697,2022,2024-02-03,Confirmation,5,14,converted,2,Feb,Pre-Update
11698,1062,2024-05-07,Pricing Page,2,45,clicked,5,May,Post-Update
11699,949,2024-01-27,Payment,4,110,dropped,1,Jan,Pre-Update
11700,606,2024-04-15,Pricing Page,2,63,dropped,4,Apr,Post-Update
11701,2499,2024-03-02,Home,1,205,clicked,3,Mar,Pre-Update
11702,1610,2024-05-24,Pricing Page,2,53,dropped,5,May,Post-Update
11703,2408,2024-04-15,Plan Selection,3,174,clicked,4,Apr,Post-Update
11704,964,2024-06-18,Payment,4,171,viewed,6,Jun,Post-Update
11705,2815,2024-01-13,Plan Selection,3,110,viewed,1,Jan,Pre-Update
11706,2656,2024-05-23,Pricing Page,2,42,viewed,5,May,Post-Update
11707,2547,2024-04-28,Plan Selection,3,134,viewed,4,Apr,Post-Update
11708,2934,2024-06-26,Confirmation,5,188,converted,6,Jun,Post-Update
11709,1668,2024-01-20,Payment,4,11,clicked,1,Jan,Pre-Update
11710,497,2024-04-03,Home,1,186,dropped,4,Apr,Post-Update
11711,250,2024-06-26,Plan Selection,3,76,viewed,6,Jun,Post-Update
11712,1561,2024-03-29,Payment,4,194,viewed,3,Mar,Post-Update
11713,331,2024-04-23,Payment,4,40,clicked,4,Apr,Post-Update
11714,651,2024-01-15,Payment,4,121,clicked,1,Jan,Pre-Update
11715,2425,2024-04-10,Pricing Page,2,41,dropped,4,Apr,Post-Update
11716,608,2024-03-28,Payment,4,122,clicked,3,Mar,Post-Update
11717,1050,2024-04-05,Plan Selection,3,80,dropped,4,Apr,Post-Update
11718,2983,2024-06-18,Plan Selection,3,143,clicked,6,Jun,Post-Update
11719,881,2024-05-04,Plan Selection,3,150,viewed,5,May,Post-Update
11720,393,2024-01-21,Home,1,124,clicked,1,Jan,Pre-Update
11721,2406,2024-01-19,Home,1,50,viewed,1,Jan,Pre-Update
11722,2714,2024-03-16,Pricing Page,2,56,dropped,3,Mar,Post-Update
11723,399,2024-04-29,Confirmation,5,106,converted,4,Apr,Post-Update
11724,2228,2024-02-17,Home,1,137,viewed,2,Feb,Pre-Update
11725,2367,2024-01-22,Pricing Page,2,53,dropped,1,Jan,Pre-Update
11726,2915,2024-01-09,Pricing Page,2,45,clicked,1,Jan,Pre-Update
11727,487,2024-02-06,Plan Selection,3,19,viewed,2,Feb,Pre-Update
11728,300,2024-04-09,Pricing Page,2,56,clicked,4,Apr,Post-Update
11729,2759,2024-02-27,Payment,4,59,viewed,2,Feb,Pre-Update
11730,2447,2024-06-19,Pricing Page,2,53,clicked,6,Jun,Post-Update
11731,845,2024-01-21,Plan Selection,3,62,dropped,1,Jan,Pre-Update
11732,2852,2024-02-26,Plan Selection,3,131,viewed,2,Feb,Pre-Update
11733,2318,2024-01-19,Home,1,141,viewed,1,Jan,Pre-Update
11734,1754,2024-05-22,Home,1,122,dropped,5,May,Post-Update
11735,1672,2024-01-08,Plan Selection,3,129,clicked,1,Jan,Pre-Update
11736,2814,2024-04-28,Pricing Page,2,47,dropped,4,Apr,Post-Update
11737,2807,2024-01-30,Home,1,131,viewed,1,Jan,Pre-Update
11738,134,2024-02-24,Pricing Page,2,59,viewed,2,Feb,Pre-Update
11739,756,2024-05-08,Payment,4,181,viewed,5,May,Post-Update
11740,2626,2024-05-08,Confirmation,5,107,converted,5,May,Post-Update
11741,2002,2024-06-07,Pricing Page,2,44,viewed,6,Jun,Post-Update
11742,838,2024-03-19,Pricing Page,2,50,dropped,3,Mar,Post-Update
11743,2453,2024-01-12,Payment,4,34,dropped,1,Jan,Pre-Update
11744,2280,2024-05-10,Pricing Page,2,53,dropped,5,May,Post-Update
11745,802,2024-04-27,Pricing Page,2,46,dropped,4,Apr,Post-Update
11746,934,2024-03-28,Pricing Page,2,65,dropped,3,Mar,Post-Update
11747,110,2024-05-09,Pricing Page,2,43,dropped,5,May,Post-Update
11748,93,2024-04-20,Confirmation,5,191,converted,4,Apr,Post-Update
11749,2105,2024-05-21,Payment,4,153,dropped,5,May,Post-Update
11750,1759,2024-03-29,Plan Selection,3,195,clicked,3,Mar,Post-Update
11751,584,2024-02-04,Pricing Page,2,38,dropped,2,Feb,Pre-Update
11752,1899,2024-02-20,Pricing Page,2,48,clicked,2,Feb,Pre-Update
11753,2746,2024-06-20,Confirmation,5,25,converted,6,Jun,Post-Update
11754,1290,2024-06-16,Pricing Page,2,64,dropped,6,Jun,Post-Update
11755,592,2024-06-12,Confirmation,5,196,converted,6,Jun,Post-Update
11756,2611,2024-04-10,Home,1,50,clicked,4,Apr,Post-Update
11757,2628,2024-06-09,Payment,4,75,clicked,6,Jun,Post-Update
11758,820,2024-04-20,Pricing Page,2,48,dropped,4,Apr,Post-Update
11759,67,2024-01-15,Pricing Page,2,42,dropped,1,Jan,Pre-Update
11760,957,2024-02-13,Pricing Page,2,45,viewed,2,Feb,Pre-Update
11761,2590,2024-04-27,Plan Selection,3,66,clicked,4,Apr,Post-Update
11762,1574,2024-02-06,Pricing Page,2,46,clicked,2,Feb,Pre-Update
11763,2590,2024-05-22,Pricing Page,2,48,clicked,5,May,Post-Update
11764,2451,2024-05-13,Pricing Page,2,39,dropped,5,May,Post-Update
11765,3000,2024-05-13,Plan Selection,3,49,viewed,5,May,Post-Update
11766,428,2024-06-06,Confirmation,5,208,converted,6,Jun,Post-Update
11767,632,2024-01-13,Plan Selection,3,84,viewed,1,Jan,Pre-Update
11768,1220,2024-06-16,Pricing Page,2,44,clicked,6,Jun,Post-Update
11769,1778,2024-03-20,Pricing Page,2,60,dropped,3,Mar,Post-Update
11770,75,2024-05-22,Payment,4,197,dropped,5,May,Post-Update
11771,2236,2024-03-11,Plan Selection,3,88,viewed,3,Mar,Pre-Update
11772,2917,2024-03-07,Confirmation,5,115,converted,3,Mar,Pre-Update
11773,2554,2024-05-02,Payment,4,41,clicked,5,May,Post-Update
11774,2539,2024-03-21,Plan Selection,3,25,clicked,3,Mar,Post-Update
11775,1342,2024-02-11,Payment,4,84,clicked,2,Feb,Pre-Update
11776,2948,2024-04-28,Pricing Page,2,57,dropped,4,Apr,Post-Update
11777,1049,2024-06-26,Payment,4,71,viewed,6,Jun,Post-Update
11778,9,2024-01-12,Pricing Page,2,39,clicked,1,Jan,Pre-Update
11779,736,2024-02-29,Confirmation,5,122,converted,2,Feb,Pre-Update
11780,242,2024-05-09,Pricing Page,2,54,clicked,5,May,Post-Update
11781,216,2024-01-22,Pricing Page,2,46,clicked,1,Jan,Pre-Update
11782,1388,2024-03-19,Payment,4,140,viewed,3,Mar,Post-Update
11783,1459,2024-05-18,Pricing Page,2,53,dropped,5,May,Post-Update
11784,2414,2024-04-22,Plan Selection,3,138,dropped,4,Apr,Post-Update
11785,1798,2024-05-03,Plan Selection,3,203,dropped,5,May,Post-Update
11786,864,2024-02-28,Payment,4,167,viewed,2,Feb,Pre-Update
11787,65,2024-01-15,Pricing Page,2,43,dropped,1,Jan,Pre-Update
11788,2601,2024-04-18,Pricing Page,2,44,clicked,4,Apr,Post-Update
11789,1488,2024-01-03,Plan Selection,3,175,clicked,1,Jan,Pre-Update
11790,1705,2024-04-21,Pricing Page,2,38,viewed,4,Apr,Post-Update
11791,2294,2024-06-18,Pricing Page,2,41,dropped,6,Jun,Post-Update
11792,2066,2024-02-11,Home,1,153,clicked,2,Feb,Pre-Update
11793,1607,2024-04-30,Payment,4,142,dropped,4,Apr,Post-Update
11794,1616,2024-03-09,Pricing Page,2,38,clicked,3,Mar,Pre-Update
11795,784,2024-03-15,Pricing Page,2,41,clicked,3,Mar,Post-Update
11796,759,2024-01-24,Confirmation,5,16,converted,1,Jan,Pre-Update
11797,1545,2024-03-26,Payment,4,155,dropped,3,Mar,Post-Update
11798,1606,2024-02-14,Plan Selection,3,87,dropped,2,Feb,Pre-Update
11799,394,2024-03-28,Home,1,132,dropped,3,Mar,Post-Update
11800,883,2024-03-12,Home,1,59,viewed,3,Mar,Pre-Update
11801,487,2024-06-06,Payment,4,142,viewed,6,Jun,Post-Update
11802,2252,2024-04-02,Pricing Page,2,38,dropped,4,Apr,Post-Update
11803,1571,2024-02-22,Confirmation,5,119,converted,2,Feb,Pre-Update
11804,241,2024-05-17,Plan Selection,3,122,dropped,5,May,Post-Update
11805,2434,2024-05-17,Pricing Page,2,53,dropped,5,May,Post-Update
11806,436,2024-01-18,Home,1,188,clicked,1,Jan,Pre-Update
11807,347,2024-03-31,Home,1,66,viewed,3,Mar,Post-Update
11808,2603,2024-04-02,Confirmation,5,44,converted,4,Apr,Post-Update
11809,137,2024-05-08,Pricing Page,2,65,dropped,5,May,Post-Update
11810,2472,2024-02-05,Plan Selection,3,195,dropped,2,Feb,Pre-Update
11811,2734,2024-01-25,Confirmation,5,72,converted,1,Jan,Pre-Update
11812,2223,2024-05-17,Plan Selection,3,133,clicked,5,May,Post-Update
11813,2763,2024-04-07,Confirmation,5,207,converted,4,Apr,Post-Update
11814,543,2024-06-19,Home,1,204,clicked,6,Jun,Post-Update
11815,171,2024-01-18,Pricing Page,2,37,dropped,1,Jan,Pre-Update
11816,2513,2024-02-13,Plan Selection,3,151,clicked,2,Feb,Pre-Update
11817,836,2024-06-21,Confirmation,5,167,converted,6,Jun,Post-Update
11818,477,2024-03-17,Plan Selection,3,203,viewed,3,Mar,Post-Update
11819,1637,2024-01-11,Plan Selection,3,35,viewed,1,Jan,Pre-Update
11820,2750,2024-04-18,Pricing Page,2,51,dropped,4,Apr,Post-Update
11821,670,2024-04-12,Home,1,25,viewed,4,Apr,Post-Update
11822,1041,2024-06-28,Confirmation,5,126,converted,6,Jun,Post-Update
11823,569,2024-02-05,Pricing Page,2,43,viewed,2,Feb,Pre-Update
11824,1587,2024-05-14,Home,1,88,clicked,5,May,Post-Update
11825,2251,2024-06-29,Payment,4,149,clicked,6,Jun,Post-Update
11826,752,2024-03-22,Pricing Page,2,41,dropped,3,Mar,Post-Update
11827,488,2024-04-01,Home,1,149,clicked,4,Apr,Post-Update
11828,2216,2024-04-16,Payment,4,191,clicked,4,Apr,Post-Update
11829,2864,2024-05-18,Confirmation,5,107,converted,5,May,Post-Update
11830,1731,2024-03-16,Pricing Page,2,53,dropped,3,Mar,Post-Update
11831,2885,2024-02-26,Plan Selection,3,92,dropped,2,Feb,Pre-Update
11832,229,2024-02-04,Plan Selection,3,15,viewed,2,Feb,Pre-Update
11833,2557,2024-02-23,Confirmation,5,157,converted,2,Feb,Pre-Update
11834,2717,2024-02-27,Confirmation,5,100,converted,2,Feb,Pre-Update
11835,1849,2024-05-10,Payment,4,142,dropped,5,May,Post-Update
11836,204,2024-02-25,Pricing Page,2,52,clicked,2,Feb,Pre-Update
11837,548,2024-06-08,Payment,4,142,viewed,6,Jun,Post-Update
11838,2018,2024-01-30,Payment,4,113,dropped,1,Jan,Pre-Update
11839,1095,2024-02-19,Pricing Page,2,46,viewed,2,Feb,Pre-Update
11840,2119,2024-06-19,Plan Selection,3,45,dropped,6,Jun,Post-Update
11841,2499,2024-06-20,Pricing Page,2,49,dropped,6,Jun,Post-Update
11842,2290,2024-02-18,Home,1,91,viewed,2,Feb,Pre-Update
11843,966,2024-06-09,Pricing Page,2,56,clicked,6,Jun,Post-Update
11844,165,2024-06-12,Pricing Page,2,39,dropped,6,Jun,Post-Update
11845,2255,2024-02-10,Payment,4,137,clicked,2,Feb,Pre-Update
11846,269,2024-04-27,Confirmation,5,189,converted,4,Apr,Post-Update
11847,1782,2024-02-18,Plan Selection,3,16,clicked,2,Feb,Pre-Update
11848,556,2024-04-10,Pricing Page,2,52,clicked,4,Apr,Post-Update
11849,2685,2024-03-30,Payment,4,95,viewed,3,Mar,Post-Update
11850,1969,2024-06-15,Plan Selection,3,88,dropped,6,Jun,Post-Update
11851,588,2024-05-16,Home,1,140,viewed,5,May,Post-Update
11852,1920,2024-01-07,Pricing Page,2,37,clicked,1,Jan,Pre-Update
11853,837,2024-02-04,Home,1,203,clicked,2,Feb,Pre-Update
11854,2027,2024-05-30,Home,1,41,clicked,5,May,Post-Update
11855,1440,2024-02-11,Plan Selection,3,184,dropped,2,Feb,Pre-Update
11856,1391,2024-05-01,Confirmation,5,182,converted,5,May,Post-Update
11857,1140,2024-02-26,Pricing Page,2,36,clicked,2,Feb,Pre-Update
11858,85,2024-06-22,Plan Selection,3,146,clicked,6,Jun,Post-Update
11859,949,2024-05-18,Payment,4,22,viewed,5,May,Post-Update
11860,983,2024-04-05,Plan Selection,3,146,clicked,4,Apr,Post-Update
11861,768,2024-06-10,Plan Selection,3,177,dropped,6,Jun,Post-Update
11862,2574,2024-01-13,Payment,4,134,viewed,1,Jan,Pre-Update
11863,759,2024-05-22,Home,1,119,dropped,5,May,Post-Update
11864,959,2024-01-04,Home,1,137,viewed,1,Jan,Pre-Update
11865,2763,2024-02-25,Payment,4,190,dropped,2,Feb,Pre-Update
11866,1243,2024-03-12,Payment,4,111,clicked,3,Mar,Pre-Update
11867,246,2024-03-21,Confirmation,5,124,converted,3,Mar,Post-Update
11868,2756,2024-06-07,Plan Selection,3,103,clicked,6,Jun,Post-Update
11869,2993,2024-04-09,Payment,4,32,clicked,4,Apr,Post-Update
11870,575,2024-01-08,Plan Selection,3,16,clicked,1,Jan,Pre-Update
11871,611,2024-02-13,Plan Selection,3,58,clicked,2,Feb,Pre-Update
11872,1345,2024-06-18,Pricing Page,2,63,dropped,6,Jun,Post-Update
11873,1962,2024-04-10,Payment,4,88,clicked,4,Apr,Post-Update
11874,1310,2024-04-21,Payment,4,14,viewed,4,Apr,Post-Update
11875,2649,2024-01-08,Plan Selection,3,154,viewed,1,Jan,Pre-Update
11876,1044,2024-01-06,Home,1,89,viewed,1,Jan,Pre-Update
11877,924,2024-03-20,Pricing Page,2,38,dropped,3,Mar,Post-Update
11878,1300,2024-02-18,Home,1,98,dropped,2,Feb,Pre-Update
11879,2959,2024-05-14,Payment,4,114,clicked,5,May,Post-Update
11880,673,2024-01-09,Plan Selection,3,151,viewed,1,Jan,Pre-Update
11881,2966,2024-03-27,Pricing Page,2,58,dropped,3,Mar,Post-Update
11882,2379,2024-03-21,Payment,4,200,dropped,3,Mar,Post-Update
11883,236,2024-05-30,Confirmation,5,24,converted,5,May,Post-Update
11884,1902,2024-06-20,Payment,4,72,dropped,6,Jun,Post-Update
11885,1387,2024-01-13,Confirmation,5,119,converted,1,Jan,Pre-Update
11886,2670,2024-05-25,Pricing Page,2,48,clicked,5,May,Post-Update
11887,1967,2024-01-06,Home,1,178,viewed,1,Jan,Pre-Update
11888,2103,2024-04-13,Payment,4,17,viewed,4,Apr,Post-Update
11889,1778,2024-01-25,Confirmation,5,38,converted,1,Jan,Pre-Update
11890,2939,2024-03-26,Pricing Page,2,57,viewed,3,Mar,Post-Update
11891,2783,2024-05-12,Payment,4,39,dropped,5,May,Post-Update
11892,599,2024-04-21,Pricing Page,2,54,dropped,4,Apr,Post-Update
11893,1862,2024-03-07,Confirmation,5,167,converted,3,Mar,Pre-Update
11894,2984,2024-04-21,Home,1,137,viewed,4,Apr,Post-Update
11895,1829,2024-02-29,Payment,4,32,dropped,2,Feb,Pre-Update
11896,524,2024-04-12,Pricing Page,2,62,dropped,4,Apr,Post-Update
11897,855,2024-06-29,Home,1,144,viewed,6,Jun,Post-Update
11898,2418,2024-01-25,Pricing Page,2,56,clicked,1,Jan,Pre-Update
11899,1680,2024-06-07,Plan Selection,3,176,dropped,6,Jun,Post-Update
11900,2756,2024-03-03,Confirmation,5,177,converted,3,Mar,Pre-Update
11901,804,2024-05-28,Pricing Page,2,40,dropped,5,May,Post-Update
11902,157,2024-06-10,Pricing Page,2,63,dropped,6,Jun,Post-Update
11903,71,2024-02-03,Payment,4,141,viewed,2,Feb,Pre-Update
11904,2685,2024-01-28,Home,1,185,dropped,1,Jan,Pre-Update
11905,897,2024-06-18,Payment,4,40,clicked,6,Jun,Post-Update
11906,1445,2024-02-13,Payment,4,27,dropped,2,Feb,Pre-Update
11907,1341,2024-05-27,Payment,4,44,viewed,5,May,Post-Update
11908,30,2024-06-17,Plan Selection,3,65,clicked,6,Jun,Post-Update
11909,2789,2024-06-28,Home,1,174,viewed,6,Jun,Post-Update
11910,2128,2024-04-26,Home,1,104,dropped,4,Apr,Post-Update
11911,663,2024-05-10,Confirmation,5,111,converted,5,May,Post-Update
11912,2226,2024-02-03,Plan Selection,3,197,clicked,2,Feb,Pre-Update
11913,455,2024-06-26,Pricing Page,2,45,viewed,6,Jun,Post-Update
11914,410,2024-05-12,Pricing Page,2,40,dropped,5,May,Post-Update
11915,2118,2024-05-21,Payment,4,137,viewed,5,May,Post-Update
11916,109,2024-05-27,Confirmation,5,84,converted,5,May,Post-Update
11917,2889,2024-05-07,Plan Selection,3,19,clicked,5,May,Post-Update
11918,1668,2024-05-17,Home,1,89,clicked,5,May,Post-Update
11919,2139,2024-05-28,Confirmation,5,80,converted,5,May,Post-Update
11920,2597,2024-02-20,Payment,4,30,dropped,2,Feb,Pre-Update
11921,1302,2024-05-11,Pricing Page,2,52,dropped,5,May,Post-Update
11922,2462,2024-05-10,Home,1,128,clicked,5,May,Post-Update
11923,2391,2024-03-19,Payment,4,134,viewed,3,Mar,Post-Update
11924,2867,2024-03-27,Plan Selection,3,50,clicked,3,Mar,Post-Update
11925,1649,2024-03-22,Plan Selection,3,151,viewed,3,Mar,Post-Update
11926,1078,2024-05-08,Pricing Page,2,43,dropped,5,May,Post-Update
11927,705,2024-03-29,Payment,4,68,dropped,3,Mar,Post-Update
11928,447,2024-01-23,Home,1,119,dropped,1,Jan,Pre-Update
11929,798,2024-05-22,Home,1,65,viewed,5,May,Post-Update
11930,519,2024-06-05,Payment,4,97,viewed,6,Jun,Post-Update
11931,1499,2024-02-08,Plan Selection,3,46,dropped,2,Feb,Pre-Update
11932,1575,2024-06-27,Pricing Page,2,61,clicked,6,Jun,Post-Update
11933,2744,2024-01-05,Pricing Page,2,54,viewed,1,Jan,Pre-Update
11934,1399,2024-03-06,Pricing Page,2,30,viewed,3,Mar,Pre-Update
11935,342,2024-01-12,Confirmation,5,147,converted,1,Jan,Pre-Update
11936,1544,2024-04-01,Confirmation,5,97,converted,4,Apr,Post-Update
11937,618,2024-05-10,Confirmation,5,166,converted,5,May,Post-Update
11938,2836,2024-03-09,Home,1,37,clicked,3,Mar,Pre-Update
11939,603,2024-03-20,Plan Selection,3,129,dropped,3,Mar,Post-Update
11940,1131,2024-02-03,Payment,4,100,viewed,2,Feb,Pre-Update
11941,2849,2024-01-30,Confirmation,5,69,converted,1,Jan,Pre-Update
11942,1839,2024-02-01,Home,1,147,clicked,2,Feb,Pre-Update
11943,1513,2024-04-14,Pricing Page,2,42,clicked,4,Apr,Post-Update
11944,2569,2024-02-20,Payment,4,60,viewed,2,Feb,Pre-Update
11945,985,2024-02-03,Confirmation,5,50,converted,2,Feb,Pre-Update
11946,429,2024-01-21,Home,1,81,clicked,1,Jan,Pre-Update
11947,2424,2024-06-13,Home,1,180,viewed,6,Jun,Post-Update
11948,2947,2024-02-04,Home,1,107,clicked,2,Feb,Pre-Update
11949,1591,2024-03-23,Plan Selection,3,27,clicked,3,Mar,Post-Update
11950,1616,2024-04-21,Pricing Page,2,50,clicked,4,Apr,Post-Update
11951,1783,2024-04-26,Pricing Page,2,46,dropped,4,Apr,Post-Update
11952,2191,2024-02-22,Pricing Page,2,41,dropped,2,Feb,Pre-Update
11953,1700,2024-03-15,Pricing Page,2,56,viewed,3,Mar,Post-Update
11954,99,2024-02-11,Home,1,125,viewed,2,Feb,Pre-Update
11955,2645,2024-02-13,Plan Selection,3,25,viewed,2,Feb,Pre-Update
11956,779,2024-02-07,Pricing Page,2,49,clicked,2,Feb,Pre-Update
11957,1406,2024-06-10,Home,1,137,viewed,6,Jun,Post-Update
11958,231,2024-03-11,Payment,4,96,dropped,3,Mar,Pre-Update
11959,2136,2024-04-10,Plan Selection,3,109,clicked,4,Apr,Post-Update
11960,1413,2024-04-14,Pricing Page,2,56,clicked,4,Apr,Post-Update
11961,1479,2024-03-24,Payment,4,165,clicked,3,Mar,Post-Update
11962,1812,2024-06-04,Pricing Page,2,62,clicked,6,Jun,Post-Update
11963,2110,2024-04-24,Home,1,83,viewed,4,Apr,Post-Update
11964,839,2024-03-07,Home,1,194,clicked,3,Mar,Pre-Update
11965,604,2024-02-10,Plan Selection,3,196,dropped,2,Feb,Pre-Update
11966,2004,2024-01-12,Pricing Page,2,40,viewed,1,Jan,Pre-Update
11967,1177,2024-02-18,Home,1,204,clicked,2,Feb,Pre-Update
11968,216,2024-01-31,Plan Selection,3,127,dropped,1,Jan,Pre-Update
11969,1976,2024-01-08,Pricing Page,2,59,dropped,1,Jan,Pre-Update
11970,1807,2024-01-10,Pricing Page,2,34,dropped,1,Jan,Pre-Update
11971,395,2024-05-12,Pricing Page,2,41,clicked,5,May,Post-Update
11972,2380,2024-03-25,Confirmation,5,75,converted,3,Mar,Post-Update
11973,2391,2024-01-02,Plan Selection,3,48,dropped,1,Jan,Pre-Update
11974,1726,2024-05-22,Pricing Page,2,58,clicked,5,May,Post-Update
11975,2123,2024-02-24,Pricing Page,2,31,dropped,2,Feb,Pre-Update
11976,6,2024-06-19,Plan Selection,3,137,dropped,6,Jun,Post-Update
11977,1936,2024-06-10,Plan Selection,3,201,dropped,6,Jun,Post-Update
11978,597,2024-03-03,Home,1,143,viewed,3,Mar,Pre-Update
11979,1680,2024-01-12,Plan Selection,3,198,viewed,1,Jan,Pre-Update
11980,1078,2024-02-21,Pricing Page,2,55,dropped,2,Feb,Pre-Update
11981,2442,2024-02-11,Plan Selection,3,179,dropped,2,Feb,Pre-Update
11982,23,2024-05-08,Plan Selection,3,111,viewed,5,May,Post-Update
11983,782,2024-03-19,Pricing Page,2,55,clicked,3,Mar,Post-Update
11984,1329,2024-05-02,Home,1,53,viewed,5,May,Post-Update
11985,178,2024-03-25,Home,1,93,clicked,3,Mar,Post-Update
11986,2209,2024-06-09,Pricing Page,2,50,dropped,6,Jun,Post-Update
11987,718,2024-05-02,Plan Selection,3,60,clicked,5,May,Post-Update
11988,2047,2024-04-09,Plan Selection,3,188,clicked,4,Apr,Post-Update
11989,2991,2024-06-26,Confirmation,5,131,converted,6,Jun,Post-Update
11990,912,2024-05-06,Plan Selection,3,179,clicked,5,May,Post-Update
11991,2308,2024-03-24,Home,1,137,dropped,3,Mar,Post-Update
11992,2812,2024-02-01,Home,1,176,viewed,2,Feb,Pre-Update
11993,693,2024-02-27,Confirmation,5,110,converted,2,Feb,Pre-Update
11994,2517,2024-05-04,Confirmation,5,122,converted,5,May,Post-Update
11995,138,2024-04-06,Plan Selection,3,22,viewed,4,Apr,Post-Update
11996,1276,2024-06-21,Pricing Page,2,56,dropped,6,Jun,Post-Update
11997,76,2024-03-15,Confirmation,5,140,converted,3,Mar,Post-Update
11998,987,2024-05-04,Pricing Page,2,44,clicked,5,May,Post-Update
11999,2902,2024-04-29,Pricing Page,2,38,viewed,4,Apr,Post-Update
12000,1638,2024-06-21,Home,1,174,viewed,6,Jun,Post-Update
12001,36,2024-06-25,Payment,4,58,viewed,6,Jun,Post-Update
12002,2529,2024-01-14,Payment,4,198,dropped,1,Jan,Pre-Update
12003,757,2024-04-21,Pricing Page,2,59,clicked,4,Apr,Post-Update
12004,892,2024-03-12,Home,1,67,dropped,3,Mar,Pre-Update
12005,2776,2024-01-27,Confirmation,5,90,converted,1,Jan,Pre-Update
12006,328,2024-03-01,Pricing Page,2,51,clicked,3,Mar,Pre-Update
12007,1682,2024-02-02,Pricing Page,2,46,dropped,2,Feb,Pre-Update
12008,2932,2024-03-30,Plan Selection,3,59,clicked,3,Mar,Post-Update
12009,684,2024-03-05,Home,1,100,viewed,3,Mar,Pre-Update
12010,1219,2024-01-31,Plan Selection,3,138,clicked,1,Jan,Pre-Update
12011,2143,2024-04-15,Payment,4,30,dropped,4,Apr,Post-Update
12012,2201,2024-01-08,Home,1,186,clicked,1,Jan,Pre-Update
12013,1088,2024-04-20,Confirmation,5,11,converted,4,Apr,Post-Update
12014,405,2024-04-27,Payment,4,67,viewed,4,Apr,Post-Update
12015,1783,2024-02-24,Plan Selection,3,141,dropped,2,Feb,Pre-Update
12016,2531,2024-05-10,Home,1,63,dropped,5,May,Post-Update
12017,1691,2024-04-18,Pricing Page,2,59,clicked,4,Apr,Post-Update
12018,597,2024-06-27,Pricing Page,2,60,clicked,6,Jun,Post-Update
12019,1538,2024-02-22,Confirmation,5,146,converted,2,Feb,Pre-Update
12020,2058,2024-03-09,Payment,4,19,viewed,3,Mar,Pre-Update
12021,1550,2024-03-10,Pricing Page,2,51,clicked,3,Mar,Pre-Update
12022,965,2024-01-20,Plan Selection,3,120,dropped,1,Jan,Pre-Update
12023,1524,2024-03-20,Plan Selection,3,30,clicked,3,Mar,Post-Update
12024,46,2024-05-02,Pricing Page,2,58,dropped,5,May,Post-Update
12025,2817,2024-03-30,Plan Selection,3,174,dropped,3,Mar,Post-Update
12026,393,2024-02-24,Home,1,132,viewed,2,Feb,Pre-Update
12027,2850,2024-03-27,Plan Selection,3,57,clicked,3,Mar,Post-Update
12028,705,2024-03-14,Pricing Page,2,41,viewed,3,Mar,Pre-Update
12029,1083,2024-01-23,Plan Selection,3,74,viewed,1,Jan,Pre-Update
12030,67,2024-01-21,Plan Selection,3,50,clicked,1,Jan,Pre-Update
12031,2479,2024-05-01,Payment,4,78,dropped,5,May,Post-Update
12032,1308,2024-06-12,Pricing Page,2,49,dropped,6,Jun,Post-Update
12033,44,2024-03-10,Confirmation,5,61,converted,3,Mar,Pre-Update
12034,1913,2024-03-16,Home,1,130,clicked,3,Mar,Post-Update
12035,2053,2024-06-16,Plan Selection,3,35,viewed,6,Jun,Post-Update
12036,154,2024-04-18,Payment,4,87,clicked,4,Apr,Post-Update
12037,25,2024-05-13,Plan Selection,3,21,clicked,5,May,Post-Update
12038,1320,2024-02-12,Payment,4,123,clicked,2,Feb,Pre-Update
12039,1936,2024-03-17,Home,1,122,clicked,3,Mar,Post-Update
12040,2593,2024-03-12,Pricing Page,2,50,dropped,3,Mar,Pre-Update
12041,2205,2024-04-14,Plan Selection,3,139,dropped,4,Apr,Post-Update
12042,291,2024-06-05,Home,1,115,clicked,6,Jun,Post-Update
12043,745,2024-04-08,Confirmation,5,54,converted,4,Apr,Post-Update
12044,625,2024-03-07,Pricing Page,2,59,dropped,3,Mar,Pre-Update
12045,1496,2024-04-20,Plan Selection,3,201,dropped,4,Apr,Post-Update
12046,1977,2024-06-26,Confirmation,5,138,converted,6,Jun,Post-Update
12047,1414,2024-03-17,Plan Selection,3,64,dropped,3,Mar,Post-Update
12048,1210,2024-02-20,Home,1,26,viewed,2,Feb,Pre-Update
12049,241,2024-05-25,Payment,4,101,viewed,5,May,Post-Update
12050,1264,2024-02-12,Confirmation,5,175,converted,2,Feb,Pre-Update
12051,1264,2024-04-22,Payment,4,83,clicked,4,Apr,Post-Update
12052,1224,2024-01-24,Pricing Page,2,52,clicked,1,Jan,Pre-Update
12053,334,2024-01-25,Pricing Page,2,39,clicked,1,Jan,Pre-Update
12054,62,2024-02-23,Pricing Page,2,37,viewed,2,Feb,Pre-Update
12055,2995,2024-01-27,Payment,4,70,clicked,1,Jan,Pre-Update
12056,1355,2024-03-20,Payment,4,183,viewed,3,Mar,Post-Update
12057,1711,2024-03-03,Home,1,13,dropped,3,Mar,Pre-Update
12058,831,2024-02-02,Home,1,181,dropped,2,Feb,Pre-Update
12059,1883,2024-01-04,Pricing Page,2,30,clicked,1,Jan,Pre-Update
12060,957,2024-01-29,Payment,4,137,viewed,1,Jan,Pre-Update
12061,2048,2024-02-16,Pricing Page,2,43,clicked,2,Feb,Pre-Update
12062,349,2024-01-21,Pricing Page,2,51,viewed,1,Jan,Pre-Update
12063,1678,2024-06-25,Pricing Page,2,40,clicked,6,Jun,Post-Update
12064,1880,2024-05-29,Pricing Page,2,59,viewed,5,May,Post-Update
12065,1178,2024-02-09,Confirmation,5,196,converted,2,Feb,Pre-Update
12066,2743,2024-05-19,Home,1,54,viewed,5,May,Post-Update
12067,910,2024-01-24,Payment,4,83,clicked,1,Jan,Pre-Update
12068,2352,2024-02-03,Plan Selection,3,84,dropped,2,Feb,Pre-Update
12069,1251,2024-05-17,Plan Selection,3,109,viewed,5,May,Post-Update
12070,1820,2024-04-13,Home,1,107,clicked,4,Apr,Post-Update
12071,225,2024-03-23,Home,1,192,clicked,3,Mar,Post-Update
12072,820,2024-01-29,Confirmation,5,76,converted,1,Jan,Pre-Update
12073,2323,2024-06-08,Home,1,155,clicked,6,Jun,Post-Update
12074,2653,2024-02-03,Pricing Page,2,53,dropped,2,Feb,Pre-Update
12075,693,2024-05-25,Pricing Page,2,45,dropped,5,May,Post-Update
12076,2331,2024-06-19,Pricing Page,2,40,dropped,6,Jun,Post-Update
12077,2830,2024-01-03,Pricing Page,2,35,dropped,1,Jan,Pre-Update
12078,911,2024-01-02,Home,1,142,viewed,1,Jan,Pre-Update
12079,1494,2024-05-24,Pricing Page,2,40,viewed,5,May,Post-Update
12080,1285,2024-02-29,Pricing Page,2,55,dropped,2,Feb,Pre-Update
12081,1422,2024-05-11,Pricing Page,2,63,clicked,5,May,Post-Update
12082,2338,2024-06-08,Home,1,158,clicked,6,Jun,Post-Update
12083,538,2024-03-22,Plan Selection,3,49,viewed,3,Mar,Post-Update
12084,2066,2024-06-07,Pricing Page,2,66,clicked,6,Jun,Post-Update
12085,2715,2024-02-23,Payment,4,202,clicked,2,Feb,Pre-Update
12086,1768,2024-03-24,Plan Selection,3,77,dropped,3,Mar,Post-Update
12087,752,2024-01-18,Plan Selection,3,72,clicked,1,Jan,Pre-Update
12088,329,2024-02-27,Pricing Page,2,40,viewed,2,Feb,Pre-Update
12089,1625,2024-06-25,Pricing Page,2,49,dropped,6,Jun,Post-Update
12090,559,2024-05-17,Pricing Page,2,64,clicked,5,May,Post-Update
12091,42,2024-06-05,Pricing Page,2,63,dropped,6,Jun,Post-Update
12092,1076,2024-04-27,Home,1,179,viewed,4,Apr,Post-Update
12093,745,2024-06-24,Home,1,132,viewed,6,Jun,Post-Update
12094,2779,2024-03-08,Home,1,64,dropped,3,Mar,Pre-Update
12095,2623,2024-06-21,Home,1,175,viewed,6,Jun,Post-Update
12096,431,2024-04-08,Pricing Page,2,62,dropped,4,Apr,Post-Update
12097,1066,2024-02-27,Plan Selection,3,144,viewed,2,Feb,Pre-Update
12098,2748,2024-02-09,Pricing Page,2,32,dropped,2,Feb,Pre-Update
12099,1170,2024-06-27,Payment,4,184,dropped,6,Jun,Post-Update
12100,1963,2024-01-21,Plan Selection,3,140,clicked,1,Jan,Pre-Update
12101,1046,2024-03-06,Payment,4,162,clicked,3,Mar,Pre-Update
12102,561,2024-03-22,Plan Selection,3,40,viewed,3,Mar,Post-Update
12103,2470,2024-01-27,Pricing Page,2,56,clicked,1,Jan,Pre-Update
12104,1933,2024-02-11,Pricing Page,2,39,dropped,2,Feb,Pre-Update
12105,256,2024-03-12,Plan Selection,3,90,viewed,3,Mar,Pre-Update
12106,307,2024-06-16,Pricing Page,2,62,dropped,6,Jun,Post-Update
12107,2926,2024-04-26,Pricing Page,2,52,clicked,4,Apr,Post-Update
12108,2064,2024-04-05,Plan Selection,3,75,viewed,4,Apr,Post-Update
12109,1299,2024-04-03,Pricing Page,2,64,dropped,4,Apr,Post-Update
12110,275,2024-05-27,Payment,4,125,clicked,5,May,Post-Update
12111,1804,2024-04-20,Pricing Page,2,48,dropped,4,Apr,Post-Update
12112,1400,2024-06-29,Plan Selection,3,191,viewed,6,Jun,Post-Update
12113,714,2024-05-27,Pricing Page,2,50,viewed,5,May,Post-Update
12114,1390,2024-03-30,Home,1,207,viewed,3,Mar,Post-Update
12115,838,2024-03-22,Pricing Page,2,60,dropped,3,Mar,Post-Update
12116,1088,2024-02-11,Home,1,125,viewed,2,Feb,Pre-Update
12117,2814,2024-03-28,Plan Selection,3,130,dropped,3,Mar,Post-Update
12118,309,2024-06-23,Plan Selection,3,149,viewed,6,Jun,Post-Update
12119,1677,2024-01-01,Pricing Page,2,50,clicked,1,Jan,Pre-Update
12120,709,2024-05-21,Pricing Page,2,57,clicked,5,May,Post-Update
12121,1732,2024-05-14,Confirmation,5,150,converted,5,May,Post-Update
12122,1689,2024-05-06,Payment,4,199,clicked,5,May,Post-Update
12123,2201,2024-05-10,Pricing Page,2,62,viewed,5,May,Post-Update
12124,578,2024-01-30,Pricing Page,2,51,viewed,1,Jan,Pre-Update
12125,2511,2024-05-28,Plan Selection,3,115,viewed,5,May,Post-Update
12126,1826,2024-04-05,Payment,4,115,dropped,4,Apr,Post-Update
12127,855,2024-06-11,Plan Selection,3,116,viewed,6,Jun,Post-Update
12128,141,2024-01-09,Home,1,67,dropped,1,Jan,Pre-Update
12129,252,2024-06-02,Confirmation,5,94,converted,6,Jun,Post-Update
12130,419,2024-03-17,Plan Selection,3,53,viewed,3,Mar,Post-Update
12131,1009,2024-05-04,Pricing Page,2,39,dropped,5,May,Post-Update
12132,2553,2024-02-14,Plan Selection,3,142,clicked,2,Feb,Pre-Update
12133,990,2024-06-05,Pricing Page,2,38,dropped,6,Jun,Post-Update
12134,2245,2024-02-14,Confirmation,5,39,converted,2,Feb,Pre-Update
12135,2398,2024-04-11,Pricing Page,2,47,dropped,4,Apr,Post-Update
12136,835,2024-01-05,Pricing Page,2,41,dropped,1,Jan,Pre-Update
12137,868,2024-01-29,Confirmation,5,45,converted,1,Jan,Pre-Update
12138,263,2024-06-13,Pricing Page,2,58,dropped,6,Jun,Post-Update
12139,2520,2024-03-24,Payment,4,121,clicked,3,Mar,Post-Update
12140,1430,2024-01-17,Home,1,171,viewed,1,Jan,Pre-Update
12141,1621,2024-05-10,Confirmation,5,171,converted,5,May,Post-Update
12142,173,2024-06-04,Home,1,25,viewed,6,Jun,Post-Update
12143,2220,2024-05-09,Pricing Page,2,56,viewed,5,May,Post-Update
12144,160,2024-03-03,Plan Selection,3,176,clicked,3,Mar,Pre-Update
12145,2203,2024-02-29,Pricing Page,2,36,viewed,2,Feb,Pre-Update
12146,401,2024-03-13,Plan Selection,3,170,dropped,3,Mar,Pre-Update
12147,2050,2024-05-17,Payment,4,92,viewed,5,May,Post-Update
12148,119,2024-04-24,Home,1,63,dropped,4,Apr,Post-Update
12149,1313,2024-03-20,Confirmation,5,36,converted,3,Mar,Post-Update
12150,2,2024-04-18,Confirmation,5,39,converted,4,Apr,Post-Update
12151,2303,2024-03-13,Plan Selection,3,58,dropped,3,Mar,Pre-Update
12152,119,2024-05-13,Plan Selection,3,132,clicked,5,May,Post-Update
12153,81,2024-01-03,Confirmation,5,189,converted,1,Jan,Pre-Update
12154,1549,2024-06-10,Confirmation,5,193,converted,6,Jun,Post-Update
12155,2464,2024-03-05,Pricing Page,2,46,viewed,3,Mar,Pre-Update
12156,1230,2024-04-17,Payment,4,203,clicked,4,Apr,Post-Update
12157,2938,2024-01-31,Confirmation,5,20,converted,1,Jan,Pre-Update
12158,1576,2024-03-25,Payment,4,97,viewed,3,Mar,Post-Update
12159,226,2024-05-14,Plan Selection,3,63,viewed,5,May,Post-Update
12160,1125,2024-03-07,Plan Selection,3,105,dropped,3,Mar,Pre-Update
12161,2180,2024-06-19,Plan Selection,3,165,clicked,6,Jun,Post-Update
12162,989,2024-04-27,Pricing Page,2,48,viewed,4,Apr,Post-Update
12163,1843,2024-02-22,Plan Selection,3,48,dropped,2,Feb,Pre-Update
12164,3,2024-04-29,Pricing Page,2,53,clicked,4,Apr,Post-Update
12165,2197,2024-05-07,Pricing Page,2,53,clicked,5,May,Post-Update
12166,2089,2024-04-02,Pricing Page,2,62,clicked,4,Apr,Post-Update
12167,2408,2024-01-13,Confirmation,5,118,converted,1,Jan,Pre-Update
12168,2553,2024-04-24,Plan Selection,3,33,viewed,4,Apr,Post-Update
12169,1549,2024-02-17,Payment,4,22,viewed,2,Feb,Pre-Update
12170,2333,2024-06-13,Pricing Page,2,49,dropped,6,Jun,Post-Update
12171,808,2024-03-27,Plan Selection,3,98,clicked,3,Mar,Post-Update
12172,362,2024-01-25,Pricing Page,2,34,viewed,1,Jan,Pre-Update
12173,1335,2024-06-12,Home,1,60,viewed,6,Jun,Post-Update
12174,2020,2024-02-25,Plan Selection,3,129,clicked,2,Feb,Pre-Update
12175,1972,2024-05-26,Home,1,10,viewed,5,May,Post-Update
12176,2152,2024-03-04,Plan Selection,3,13,dropped,3,Mar,Pre-Update
12177,500,2024-01-19,Confirmation,5,149,converted,1,Jan,Pre-Update
12178,1499,2024-03-12,Pricing Page,2,37,viewed,3,Mar,Pre-Update
12179,850,2024-06-27,Home,1,97,viewed,6,Jun,Post-Update
12180,1195,2024-01-31,Plan Selection,3,155,viewed,1,Jan,Pre-Update
12181,966,2024-04-01,Plan Selection,3,66,viewed,4,Apr,Post-Update
12182,2389,2024-05-24,Plan Selection,3,127,dropped,5,May,Post-Update
12183,114,2024-05-07,Pricing Page,2,65,dropped,5,May,Post-Update
12184,1003,2024-03-12,Confirmation,5,147,converted,3,Mar,Pre-Update
12185,1554,2024-04-04,Home,1,162,viewed,4,Apr,Post-Update
12186,2362,2024-01-17,Home,1,40,clicked,1,Jan,Pre-Update
12187,416,2024-01-24,Pricing Page,2,54,dropped,1,Jan,Pre-Update
12188,757,2024-02-14,Pricing Page,2,49,viewed,2,Feb,Pre-Update
12189,886,2024-06-14,Plan Selection,3,141,dropped,6,Jun,Post-Update
12190,703,2024-03-22,Plan Selection,3,91,clicked,3,Mar,Post-Update
12191,2169,2024-03-21,Home,1,191,clicked,3,Mar,Post-Update
12192,750,2024-01-13,Plan Selection,3,152,viewed,1,Jan,Pre-Update
12193,2889,2024-03-04,Payment,4,69,viewed,3,Mar,Pre-Update
12194,1575,2024-06-24,Pricing Page,2,51,dropped,6,Jun,Post-Update
12195,46,2024-04-25,Home,1,173,viewed,4,Apr,Post-Update
12196,2494,2024-02-02,Pricing Page,2,45,dropped,2,Feb,Pre-Update
12197,967,2024-03-26,Pricing Page,2,56,clicked,3,Mar,Post-Update
12198,1056,2024-02-14,Home,1,38,dropped,2,Feb,Pre-Update
12199,1337,2024-05-08,Pricing Page,2,64,viewed,5,May,Post-Update
12200,2097,2024-06-04,Home,1,88,clicked,6,Jun,Post-Update
12201,2279,2024-04-24,Confirmation,5,118,converted,4,Apr,Post-Update
12202,160,2024-04-24,Home,1,39,viewed,4,Apr,Post-Update
12203,325,2024-03-15,Payment,4,88,viewed,3,Mar,Post-Update
12204,2344,2024-04-05,Pricing Page,2,66,clicked,4,Apr,Post-Update
12205,61,2024-05-25,Confirmation,5,84,converted,5,May,Post-Update
12206,2967,2024-05-30,Home,1,92,clicked,5,May,Post-Update
12207,1014,2024-01-27,Payment,4,47,viewed,1,Jan,Pre-Update
12208,670,2024-06-01,Plan Selection,3,59,clicked,6,Jun,Post-Update
12209,154,2024-04-15,Payment,4,23,dropped,4,Apr,Post-Update
12210,212,2024-02-03,Plan Selection,3,13,viewed,2,Feb,Pre-Update
12211,2044,2024-04-12,Payment,4,50,viewed,4,Apr,Post-Update
12212,2257,2024-05-15,Pricing Page,2,41,dropped,5,May,Post-Update
12213,2304,2024-01-26,Pricing Page,2,48,viewed,1,Jan,Pre-Update
12214,1680,2024-01-26,Home,1,154,clicked,1,Jan,Pre-Update
12215,1327,2024-04-26,Confirmation,5,124,converted,4,Apr,Post-Update
12216,501,2024-01-20,Home,1,193,clicked,1,Jan,Pre-Update
12217,1435,2024-01-09,Payment,4,189,dropped,1,Jan,Pre-Update
12218,1888,2024-06-21,Payment,4,106,viewed,6,Jun,Post-Update
12219,1795,2024-04-12,Home,1,101,dropped,4,Apr,Post-Update
12220,1799,2024-03-16,Pricing Page,2,41,clicked,3,Mar,Post-Update
12221,2244,2024-02-16,Home,1,93,viewed,2,Feb,Pre-Update
12222,1901,2024-02-12,Pricing Page,2,49,clicked,2,Feb,Pre-Update
12223,1462,2024-06-20,Pricing Page,2,55,dropped,6,Jun,Post-Update
12224,1820,2024-05-27,Pricing Page,2,61,dropped,5,May,Post-Update
12225,1036,2024-02-29,Plan Selection,3,27,clicked,2,Feb,Pre-Update
12226,2106,2024-05-12,Plan Selection,3,115,dropped,5,May,Post-Update
12227,1487,2024-03-18,Plan Selection,3,201,viewed,3,Mar,Post-Update
12228,1025,2024-02-02,Payment,4,175,clicked,2,Feb,Pre-Update
12229,230,2024-06-02,Home,1,119,viewed,6,Jun,Post-Update
12230,2239,2024-05-06,Pricing Page,2,43,dropped,5,May,Post-Update
12231,2759,2024-03-03,Confirmation,5,159,converted,3,Mar,Pre-Update
12232,2587,2024-01-14,Payment,4,154,dropped,1,Jan,Pre-Update
12233,128,2024-03-29,Pricing Page,2,40,dropped,3,Mar,Post-Update
12234,416,2024-02-17,Confirmation,5,159,converted,2,Feb,Pre-Update
12235,29,2024-05-26,Home,1,133,dropped,5,May,Post-Update
12236,1530,2024-02-29,Home,1,120,clicked,2,Feb,Pre-Update
12237,1764,2024-04-16,Home,1,36,dropped,4,Apr,Post-Update
12238,795,2024-06-15,Payment,4,71,dropped,6,Jun,Post-Update
12239,1625,2024-03-18,Plan Selection,3,77,dropped,3,Mar,Post-Update
12240,1531,2024-02-13,Plan Selection,3,135,dropped,2,Feb,Pre-Update
12241,2342,2024-03-31,Home,1,80,dropped,3,Mar,Post-Update
12242,481,2024-01-13,Payment,4,44,dropped,1,Jan,Pre-Update
12243,1957,2024-04-10,Payment,4,104,viewed,4,Apr,Post-Update
12244,22,2024-03-09,Payment,4,45,clicked,3,Mar,Pre-Update
12245,2917,2024-06-22,Payment,4,112,viewed,6,Jun,Post-Update
12246,281,2024-05-04,Home,1,167,clicked,5,May,Post-Update
12247,2168,2024-03-06,Plan Selection,3,44,viewed,3,Mar,Pre-Update
12248,2980,2024-02-17,Pricing Page,2,55,dropped,2,Feb,Pre-Update
12249,1747,2024-02-15,Plan Selection,3,176,clicked,2,Feb,Pre-Update
12250,1519,2024-05-12,Home,1,114,dropped,5,May,Post-Update
12251,1001,2024-01-24,Plan Selection,3,170,dropped,1,Jan,Pre-Update
12252,265,2024-01-27,Pricing Page,2,55,viewed,1,Jan,Pre-Update
12253,74,2024-03-06,Payment,4,124,viewed,3,Mar,Pre-Update
12254,2007,2024-02-25,Plan Selection,3,163,dropped,2,Feb,Pre-Update
12255,2317,2024-02-09,Payment,4,56,viewed,2,Feb,Pre-Update
12256,1474,2024-06-18,Pricing Page,2,46,clicked,6,Jun,Post-Update
12257,2696,2024-02-14,Plan Selection,3,200,dropped,2,Feb,Pre-Update
12258,2697,2024-01-07,Pricing Page,2,40,dropped,1,Jan,Pre-Update
12259,631,2024-02-25,Confirmation,5,119,converted,2,Feb,Pre-Update
12260,203,2024-05-05,Pricing Page,2,43,dropped,5,May,Post-Update
12261,1028,2024-01-31,Payment,4,129,clicked,1,Jan,Pre-Update
12262,2388,2024-03-18,Payment,4,108,dropped,3,Mar,Post-Update
12263,1437,2024-05-28,Plan Selection,3,191,clicked,5,May,Post-Update
12264,2613,2024-05-23,Pricing Page,2,51,dropped,5,May,Post-Update
12265,578,2024-04-28,Plan Selection,3,119,viewed,4,Apr,Post-Update
12266,1498,2024-04-20,Plan Selection,3,198,dropped,4,Apr,Post-Update
12267,1247,2024-06-17,Pricing Page,2,46,dropped,6,Jun,Post-Update
12268,2373,2024-04-16,Plan Selection,3,27,viewed,4,Apr,Post-Update
12269,961,2024-03-23,Pricing Page,2,44,dropped,3,Mar,Post-Update
12270,685,2024-04-17,Pricing Page,2,57,dropped,4,Apr,Post-Update
12271,2349,2024-06-10,Home,1,200,clicked,6,Jun,Post-Update
12272,2997,2024-06-09,Pricing Page,2,52,dropped,6,Jun,Post-Update
12273,766,2024-06-02,Pricing Page,2,63,clicked,6,Jun,Post-Update
12274,1378,2024-06-11,Home,1,173,viewed,6,Jun,Post-Update
12275,1320,2024-06-05,Home,1,106,clicked,6,Jun,Post-Update
12276,980,2024-04-13,Payment,4,143,viewed,4,Apr,Post-Update
12277,1689,2024-05-01,Plan Selection,3,81,viewed,5,May,Post-Update
12278,2236,2024-03-19,Confirmation,5,86,converted,3,Mar,Post-Update
12279,280,2024-02-28,Pricing Page,2,51,clicked,2,Feb,Pre-Update
12280,2074,2024-05-16,Plan Selection,3,46,viewed,5,May,Post-Update
12281,2224,2024-01-24,Pricing Page,2,51,dropped,1,Jan,Pre-Update
12282,723,2024-03-11,Pricing Page,2,59,dropped,3,Mar,Pre-Update
12283,836,2024-04-26,Pricing Page,2,38,viewed,4,Apr,Post-Update
12284,1450,2024-05-06,Home,1,31,clicked,5,May,Post-Update
12285,2278,2024-04-09,Pricing Page,2,57,viewed,4,Apr,Post-Update
12286,1789,2024-02-12,Pricing Page,2,37,dropped,2,Feb,Pre-Update
12287,2171,2024-02-28,Pricing Page,2,37,viewed,2,Feb,Pre-Update
12288,384,2024-05-04,Home,1,43,viewed,5,May,Post-Update
12289,32,2024-06-19,Plan Selection,3,134,dropped,6,Jun,Post-Update
12290,1055,2024-04-22,Home,1,100,dropped,4,Apr,Post-Update
12291,2932,2024-05-04,Pricing Page,2,51,clicked,5,May,Post-Update
12292,382,2024-04-13,Pricing Page,2,59,dropped,4,Apr,Post-Update
12293,797,2024-01-18,Plan Selection,3,39,viewed,1,Jan,Pre-Update
12294,2683,2024-03-26,Plan Selection,3,207,viewed,3,Mar,Post-Update
12295,1400,2024-05-02,Confirmation,5,199,converted,5,May,Post-Update
12296,2267,2024-06-17,Pricing Page,2,40,dropped,6,Jun,Post-Update
12297,1347,2024-02-06,Plan Selection,3,159,viewed,2,Feb,Pre-Update
12298,1069,2024-04-22,Home,1,84,viewed,4,Apr,Post-Update
12299,1439,2024-02-12,Payment,4,16,viewed,2,Feb,Pre-Update
12300,1430,2024-04-25,Payment,4,187,dropped,4,Apr,Post-Update
12301,470,2024-02-21,Confirmation,5,204,converted,2,Feb,Pre-Update
12302,2858,2024-06-03,Pricing Page,2,51,dropped,6,Jun,Post-Update
12303,2917,2024-04-29,Pricing Page,2,65,dropped,4,Apr,Post-Update
12304,793,2024-01-25,Payment,4,204,dropped,1,Jan,Pre-Update
12305,755,2024-04-11,Home,1,114,clicked,4,Apr,Post-Update
12306,2786,2024-01-26,Confirmation,5,50,converted,1,Jan,Pre-Update
12307,720,2024-04-16,Pricing Page,2,48,dropped,4,Apr,Post-Update
12308,1125,2024-04-21,Confirmation,5,199,converted,4,Apr,Post-Update
12309,2572,2024-03-21,Plan Selection,3,194,viewed,3,Mar,Post-Update
12310,1523,2024-04-13,Pricing Page,2,38,dropped,4,Apr,Post-Update
12311,524,2024-05-13,Home,1,120,clicked,5,May,Post-Update
12312,2786,2024-05-04,Plan Selection,3,46,viewed,5,May,Post-Update
12313,922,2024-04-22,Home,1,20,viewed,4,Apr,Post-Update
12314,1133,2024-05-19,Plan Selection,3,61,dropped,5,May,Post-Update
12315,17,2024-04-10,Payment,4,48,viewed,4,Apr,Post-Update
12316,1774,2024-01-11,Plan Selection,3,94,clicked,1,Jan,Pre-Update
12317,1496,2024-05-30,Plan Selection,3,182,clicked,5,May,Post-Update
12318,2538,2024-03-08,Pricing Page,2,45,clicked,3,Mar,Pre-Update
12319,613,2024-03-12,Pricing Page,2,47,viewed,3,Mar,Pre-Update
12320,2396,2024-02-13,Payment,4,64,viewed,2,Feb,Pre-Update
12321,2992,2024-01-19,Plan Selection,3,59,viewed,1,Jan,Pre-Update
12322,2283,2024-05-07,Pricing Page,2,41,viewed,5,May,Post-Update
12323,271,2024-05-18,Plan Selection,3,102,viewed,5,May,Post-Update
12324,2831,2024-05-09,Payment,4,129,viewed,5,May,Post-Update
12325,2633,2024-02-04,Pricing Page,2,59,viewed,2,Feb,Pre-Update
12326,2836,2024-05-23,Home,1,65,viewed,5,May,Post-Update
12327,351,2024-04-21,Payment,4,167,viewed,4,Apr,Post-Update
12328,1222,2024-05-20,Plan Selection,3,202,viewed,5,May,Post-Update
12329,889,2024-06-24,Confirmation,5,194,converted,6,Jun,Post-Update
12330,2160,2024-05-29,Confirmation,5,84,converted,5,May,Post-Update
12331,2889,2024-05-04,Plan Selection,3,155,viewed,5,May,Post-Update
12332,1771,2024-01-17,Plan Selection,3,34,clicked,1,Jan,Pre-Update
12333,1566,2024-06-07,Payment,4,98,viewed,6,Jun,Post-Update
12334,1591,2024-03-01,Home,1,96,viewed,3,Mar,Pre-Update
12335,696,2024-03-20,Pricing Page,2,42,dropped,3,Mar,Post-Update
12336,625,2024-01-04,Pricing Page,2,37,viewed,1,Jan,Pre-Update
12337,2118,2024-06-01,Home,1,209,viewed,6,Jun,Post-Update
12338,916,2024-04-09,Payment,4,122,clicked,4,Apr,Post-Update
12339,2231,2024-06-04,Home,1,148,clicked,6,Jun,Post-Update
12340,1243,2024-02-02,Plan Selection,3,154,viewed,2,Feb,Pre-Update
12341,319,2024-04-12,Plan Selection,3,190,viewed,4,Apr,Post-Update
12342,184,2024-03-20,Home,1,169,viewed,3,Mar,Post-Update
12343,567,2024-02-05,Pricing Page,2,43,viewed,2,Feb,Pre-Update
12344,1520,2024-04-27,Plan Selection,3,136,dropped,4,Apr,Post-Update
12345,586,2024-06-15,Home,1,75,clicked,6,Jun,Post-Update
12346,2866,2024-01-03,Home,1,196,dropped,1,Jan,Pre-Update
12347,1962,2024-06-28,Home,1,22,clicked,6,Jun,Post-Update
12348,726,2024-03-04,Home,1,28,clicked,3,Mar,Pre-Update
12349,1875,2024-06-26,Home,1,48,viewed,6,Jun,Post-Update
12350,2528,2024-04-11,Pricing Page,2,58,dropped,4,Apr,Post-Update
12351,2712,2024-05-15,Home,1,202,viewed,5,May,Post-Update
12352,1556,2024-04-09,Home,1,72,viewed,4,Apr,Post-Update
12353,19,2024-01-12,Pricing Page,2,39,clicked,1,Jan,Pre-Update
12354,561,2024-01-14,Payment,4,186,viewed,1,Jan,Pre-Update
12355,127,2024-03-13,Payment,4,48,clicked,3,Mar,Pre-Update
12356,22,2024-01-17,Pricing Page,2,55,dropped,1,Jan,Pre-Update
12357,1573,2024-04-11,Pricing Page,2,51,dropped,4,Apr,Post-Update
12358,1393,2024-04-25,Payment,4,22,viewed,4,Apr,Post-Update
12359,1304,2024-03-13,Plan Selection,3,70,clicked,3,Mar,Pre-Update
12360,388,2024-03-17,Payment,4,92,viewed,3,Mar,Post-Update
12361,2969,2024-03-15,Home,1,59,viewed,3,Mar,Post-Update
12362,2853,2024-06-19,Payment,4,100,viewed,6,Jun,Post-Update
12363,381,2024-04-08,Pricing Page,2,39,dropped,4,Apr,Post-Update
12364,585,2024-01-28,Home,1,104,viewed,1,Jan,Pre-Update
12365,1805,2024-04-17,Home,1,23,viewed,4,Apr,Post-Update
12366,2796,2024-02-02,Home,1,200,clicked,2,Feb,Pre-Update
12367,1349,2024-06-06,Confirmation,5,77,converted,6,Jun,Post-Update
12368,2198,2024-04-26,Home,1,46,viewed,4,Apr,Post-Update
12369,1962,2024-05-15,Payment,4,148,dropped,5,May,Post-Update
12370,1121,2024-04-18,Confirmation,5,131,converted,4,Apr,Post-Update
12371,1207,2024-02-02,Plan Selection,3,199,viewed,2,Feb,Pre-Update
12372,1197,2024-01-09,Home,1,19,dropped,1,Jan,Pre-Update
12373,1508,2024-01-23,Home,1,47,viewed,1,Jan,Pre-Update
12374,1382,2024-03-29,Home,1,171,viewed,3,Mar,Post-Update
12375,2759,2024-06-29,Pricing Page,2,41,viewed,6,Jun,Post-Update
12376,726,2024-03-23,Plan Selection,3,89,clicked,3,Mar,Post-Update
12377,1442,2024-03-12,Plan Selection,3,112,viewed,3,Mar,Pre-Update
12378,463,2024-06-22,Pricing Page,2,60,clicked,6,Jun,Post-Update
12379,1988,2024-06-23,Payment,4,55,viewed,6,Jun,Post-Update
12380,1890,2024-01-30,Confirmation,5,48,converted,1,Jan,Pre-Update
12381,441,2024-01-29,Pricing Page,2,38,dropped,1,Jan,Pre-Update
12382,2232,2024-05-21,Plan Selection,3,28,clicked,5,May,Post-Update
12383,2202,2024-03-24,Home,1,30,dropped,3,Mar,Post-Update
12384,2328,2024-02-12,Payment,4,107,viewed,2,Feb,Pre-Update
12385,491,2024-01-08,Plan Selection,3,102,dropped,1,Jan,Pre-Update
12386,1247,2024-04-17,Payment,4,185,dropped,4,Apr,Post-Update
12387,967,2024-01-07,Pricing Page,2,59,dropped,1,Jan,Pre-Update
12388,1040,2024-06-21,Payment,4,172,viewed,6,Jun,Post-Update
12389,2516,2024-04-23,Plan Selection,3,56,clicked,4,Apr,Post-Update
12390,2207,2024-05-28,Confirmation,5,12,converted,5,May,Post-Update
12391,1125,2024-05-31,Home,1,179,dropped,5,May,Post-Update
12392,1563,2024-04-12,Pricing Page,2,58,clicked,4,Apr,Post-Update
12393,185,2024-03-17,Confirmation,5,85,converted,3,Mar,Post-Update
12394,292,2024-03-05,Pricing Page,2,40,dropped,3,Mar,Pre-Update
12395,1242,2024-02-05,Payment,4,29,clicked,2,Feb,Pre-Update
12396,171,2024-03-27,Pricing Page,2,57,clicked,3,Mar,Post-Update
12397,326,2024-05-07,Home,1,175,clicked,5,May,Post-Update
12398,1073,2024-01-16,Pricing Page,2,46,clicked,1,Jan,Pre-Update
12399,2491,2024-01-09,Payment,4,123,viewed,1,Jan,Pre-Update
12400,1230,2024-02-02,Plan Selection,3,159,viewed,2,Feb,Pre-Update
12401,1803,2024-05-06,Plan Selection,3,83,viewed,5,May,Post-Update
12402,2059,2024-01-29,Payment,4,49,viewed,1,Jan,Pre-Update
12403,1001,2024-02-26,Plan Selection,3,176,clicked,2,Feb,Pre-Update
12404,2997,2024-03-31,Pricing Page,2,67,dropped,3,Mar,Post-Update
12405,926,2024-02-02,Confirmation,5,62,converted,2,Feb,Pre-Update
12406,1332,2024-03-18,Payment,4,157,clicked,3,Mar,Post-Update
12407,493,2024-06-29,Pricing Page,2,50,clicked,6,Jun,Post-Update
12408,95,2024-02-02,Payment,4,117,dropped,2,Feb,Pre-Update
12409,1621,2024-01-03,Pricing Page,2,34,clicked,1,Jan,Pre-Update
12410,2976,2024-03-26,Pricing Page,2,51,dropped,3,Mar,Post-Update
12411,1598,2024-01-21,Confirmation,5,109,converted,1,Jan,Pre-Update
12412,1767,2024-03-22,Pricing Page,2,39,clicked,3,Mar,Post-Update
12413,2496,2024-05-20,Pricing Page,2,56,viewed,5,May,Post-Update
12414,2451,2024-02-19,Confirmation,5,169,converted,2,Feb,Pre-Update
12415,627,2024-04-28,Plan Selection,3,67,clicked,4,Apr,Post-Update
12416,1595,2024-02-10,Plan Selection,3,201,dropped,2,Feb,Pre-Update
12417,409,2024-01-15,Confirmation,5,149,converted,1,Jan,Pre-Update
12418,1575,2024-04-06,Home,1,182,dropped,4,Apr,Post-Update
12419,1738,2024-05-24,Pricing Page,2,63,dropped,5,May,Post-Update
12420,2762,2024-01-23,Payment,4,201,dropped,1,Jan,Pre-Update
12421,172,2024-05-11,Pricing Page,2,43,dropped,5,May,Post-Update
12422,1946,2024-06-20,Payment,4,44,clicked,6,Jun,Post-Update
12423,2278,2024-03-18,Payment,4,10,clicked,3,Mar,Post-Update
12424,667,2024-05-19,Home,1,140,viewed,5,May,Post-Update
12425,1233,2024-01-07,Confirmation,5,140,converted,1,Jan,Pre-Update
12426,1186,2024-01-05,Confirmation,5,133,converted,1,Jan,Pre-Update
12427,796,2024-03-27,Plan Selection,3,118,viewed,3,Mar,Post-Update
12428,95,2024-03-06,Plan Selection,3,96,dropped,3,Mar,Pre-Update
12429,2941,2024-05-13,Payment,4,102,dropped,5,May,Post-Update
12430,579,2024-04-21,Pricing Page,2,56,clicked,4,Apr,Post-Update
12431,1053,2024-05-27,Home,1,154,clicked,5,May,Post-Update
12432,1191,2024-03-21,Home,1,168,viewed,3,Mar,Post-Update
12433,114,2024-04-08,Plan Selection,3,88,dropped,4,Apr,Post-Update
12434,1793,2024-04-04,Payment,4,104,viewed,4,Apr,Post-Update
12435,851,2024-04-18,Home,1,192,dropped,4,Apr,Post-Update
12436,2808,2024-02-20,Plan Selection,3,18,clicked,2,Feb,Pre-Update
12437,958,2024-01-24,Plan Selection,3,16,dropped,1,Jan,Pre-Update
12438,1253,2024-05-21,Plan Selection,3,201,viewed,5,May,Post-Update
12439,534,2024-03-23,Payment,4,81,clicked,3,Mar,Post-Update
12440,2185,2024-06-22,Plan Selection,3,33,viewed,6,Jun,Post-Update
12441,1999,2024-06-14,Plan Selection,3,38,viewed,6,Jun,Post-Update
12442,1379,2024-03-07,Pricing Page,2,35,clicked,3,Mar,Pre-Update
12443,450,2024-01-24,Pricing Page,2,49,clicked,1,Jan,Pre-Update
12444,803,2024-03-12,Home,1,153,dropped,3,Mar,Pre-Update
12445,98,2024-01-10,Home,1,152,dropped,1,Jan,Pre-Update
12446,25,2024-06-22,Payment,4,194,clicked,6,Jun,Post-Update
12447,2738,2024-04-10,Home,1,113,clicked,4,Apr,Post-Update
12448,2574,2024-06-01,Plan Selection,3,136,clicked,6,Jun,Post-Update
12449,1275,2024-03-01,Pricing Page,2,59,clicked,3,Mar,Pre-Update
12450,1230,2024-01-11,Home,1,37,clicked,1,Jan,Pre-Update
12451,249,2024-06-14,Pricing Page,2,65,clicked,6,Jun,Post-Update
12452,1374,2024-03-02,Pricing Page,2,46,viewed,3,Mar,Pre-Update
12453,1343,2024-05-20,Plan Selection,3,79,dropped,5,May,Post-Update
12454,1771,2024-04-13,Home,1,167,viewed,4,Apr,Post-Update
12455,2391,2024-01-17,Home,1,209,viewed,1,Jan,Pre-Update
12456,482,2024-02-26,Home,1,90,viewed,2,Feb,Pre-Update
12457,2704,2024-01-07,Pricing Page,2,39,dropped,1,Jan,Pre-Update
12458,1235,2024-06-05,Home,1,187,dropped,6,Jun,Post-Update
12459,161,2024-05-31,Home,1,143,dropped,5,May,Post-Update
12460,260,2024-05-21,Plan Selection,3,193,viewed,5,May,Post-Update
12461,1080,2024-06-18,Plan Selection,3,45,dropped,6,Jun,Post-Update
12462,2839,2024-03-21,Pricing Page,2,55,clicked,3,Mar,Post-Update
12463,2702,2024-02-29,Confirmation,5,161,converted,2,Feb,Pre-Update
12464,2817,2024-03-17,Pricing Page,2,43,dropped,3,Mar,Post-Update
12465,1781,2024-06-10,Plan Selection,3,151,clicked,6,Jun,Post-Update
12466,1219,2024-04-03,Pricing Page,2,45,dropped,4,Apr,Post-Update
12467,2570,2024-06-19,Home,1,187,dropped,6,Jun,Post-Update
12468,1230,2024-01-01,Payment,4,194,clicked,1,Jan,Pre-Update
12469,1509,2024-05-16,Pricing Page,2,38,dropped,5,May,Post-Update
12470,717,2024-03-22,Plan Selection,3,75,dropped,3,Mar,Post-Update
12471,508,2024-05-16,Pricing Page,2,40,dropped,5,May,Post-Update
12472,1472,2024-05-31,Plan Selection,3,17,dropped,5,May,Post-Update
12473,512,2024-05-03,Confirmation,5,112,converted,5,May,Post-Update
12474,2442,2024-04-07,Pricing Page,2,56,dropped,4,Apr,Post-Update
12475,1931,2024-03-03,Payment,4,194,dropped,3,Mar,Pre-Update
12476,1313,2024-03-24,Home,1,138,dropped,3,Mar,Post-Update
12477,29,2024-03-29,Pricing Page,2,55,clicked,3,Mar,Post-Update
12478,2555,2024-01-15,Payment,4,13,clicked,1,Jan,Pre-Update
12479,1868,2024-04-01,Plan Selection,3,164,viewed,4,Apr,Post-Update
12480,509,2024-01-28,Pricing Page,2,53,dropped,1,Jan,Pre-Update
12481,1743,2024-03-02,Confirmation,5,166,converted,3,Mar,Pre-Update
12482,64,2024-05-18,Payment,4,107,dropped,5,May,Post-Update
12483,1072,2024-02-23,Pricing Page,2,35,clicked,2,Feb,Pre-Update
12484,1537,2024-05-16,Pricing Page,2,63,clicked,5,May,Post-Update
12485,1408,2024-04-05,Pricing Page,2,54,dropped,4,Apr,Post-Update
12486,1734,2024-05-18,Home,1,43,clicked,5,May,Post-Update
12487,874,2024-05-21,Home,1,170,viewed,5,May,Post-Update
12488,778,2024-03-30,Plan Selection,3,200,viewed,3,Mar,Post-Update
12489,1963,2024-01-30,Payment,4,171,clicked,1,Jan,Pre-Update
12490,2609,2024-06-24,Pricing Page,2,47,viewed,6,Jun,Post-Update
12491,1219,2024-03-14,Payment,4,175,viewed,3,Mar,Pre-Update
12492,149,2024-01-24,Plan Selection,3,38,dropped,1,Jan,Pre-Update
12493,1540,2024-01-01,Pricing Page,2,40,dropped,1,Jan,Pre-Update
12494,2717,2024-02-29,Confirmation,5,134,converted,2,Feb,Pre-Update
12495,1020,2024-05-31,Home,1,77,dropped,5,May,Post-Update
12496,2713,2024-06-24,Home,1,155,clicked,6,Jun,Post-Update
12497,377,2024-06-01,Payment,4,135,viewed,6,Jun,Post-Update
12498,1066,2024-05-30,Home,1,10,viewed,5,May,Post-Update
12499,1634,2024-04-16,Pricing Page,2,63,dropped,4,Apr,Post-Update
12500,1756,2024-02-18,Plan Selection,3,34,viewed,2,Feb,Pre-Update
12501,2628,2024-05-31,Plan Selection,3,62,viewed,5,May,Post-Update
12502,1369,2024-03-01,Pricing Page,2,45,clicked,3,Mar,Pre-Update
12503,2473,2024-01-18,Confirmation,5,151,converted,1,Jan,Pre-Update
12504,1650,2024-04-22,Pricing Page,2,51,clicked,4,Apr,Post-Update
12505,2698,2024-06-21,Home,1,95,viewed,6,Jun,Post-Update
12506,1724,2024-06-22,Home,1,101,dropped,6,Jun,Post-Update
12507,225,2024-01-19,Pricing Page,2,35,dropped,1,Jan,Pre-Update
12508,1849,2024-06-25,Home,1,46,viewed,6,Jun,Post-Update
12509,2037,2024-06-04,Pricing Page,2,60,viewed,6,Jun,Post-Update
12510,1283,2024-03-02,Pricing Page,2,30,viewed,3,Mar,Pre-Update
12511,1333,2024-04-01,Pricing Page,2,53,viewed,4,Apr,Post-Update
12512,762,2024-03-10,Home,1,148,viewed,3,Mar,Pre-Update
12513,1961,2024-03-19,Home,1,148,viewed,3,Mar,Post-Update
12514,875,2024-05-30,Pricing Page,2,67,viewed,5,May,Post-Update
12515,2838,2024-05-27,Pricing Page,2,59,clicked,5,May,Post-Update
12516,305,2024-06-25,Plan Selection,3,195,viewed,6,Jun,Post-Update
12517,2673,2024-04-26,Plan Selection,3,179,clicked,4,Apr,Post-Update
12518,992,2024-06-16,Plan Selection,3,87,dropped,6,Jun,Post-Update
12519,68,2024-01-01,Confirmation,5,155,converted,1,Jan,Pre-Update
12520,2391,2024-05-24,Plan Selection,3,143,clicked,5,May,Post-Update
12521,1321,2024-05-13,Pricing Page,2,57,dropped,5,May,Post-Update
12522,1313,2024-06-26,Plan Selection,3,10,dropped,6,Jun,Post-Update
12523,698,2024-03-16,Pricing Page,2,59,dropped,3,Mar,Post-Update
12524,1816,2024-06-29,Home,1,179,viewed,6,Jun,Post-Update
12525,285,2024-02-23,Home,1,27,viewed,2,Feb,Pre-Update
12526,2907,2024-02-25,Plan Selection,3,58,clicked,2,Feb,Pre-Update
12527,2483,2024-02-07,Plan Selection,3,28,viewed,2,Feb,Pre-Update
12528,2837,2024-02-04,Home,1,14,viewed,2,Feb,Pre-Update
12529,2255,2024-03-24,Home,1,184,dropped,3,Mar,Post-Update
12530,1354,2024-04-20,Plan Selection,3,149,clicked,4,Apr,Post-Update
12531,2367,2024-05-26,Plan Selection,3,12,viewed,5,May,Post-Update
12532,2848,2024-05-16,Confirmation,5,71,converted,5,May,Post-Update
12533,2424,2024-01-21,Home,1,75,dropped,1,Jan,Pre-Update
12534,551,2024-02-10,Plan Selection,3,33,viewed,2,Feb,Pre-Update
12535,722,2024-03-21,Plan Selection,3,54,clicked,3,Mar,Post-Update
12536,514,2024-01-29,Pricing Page,2,56,clicked,1,Jan,Pre-Update
12537,374,2024-06-26,Plan Selection,3,153,dropped,6,Jun,Post-Update
12538,2541,2024-02-11,Plan Selection,3,80,viewed,2,Feb,Pre-Update
12539,1904,2024-03-05,Confirmation,5,78,converted,3,Mar,Pre-Update
12540,206,2024-02-26,Pricing Page,2,55,dropped,2,Feb,Pre-Update
12541,606,2024-04-13,Pricing Page,2,54,viewed,4,Apr,Post-Update
12542,487,2024-06-18,Home,1,45,clicked,6,Jun,Post-Update
12543,2867,2024-06-08,Plan Selection,3,27,viewed,6,Jun,Post-Update
12544,2290,2024-03-12,Plan Selection,3,61,dropped,3,Mar,Pre-Update
12545,972,2024-06-23,Payment,4,71,dropped,6,Jun,Post-Update
12546,429,2024-05-03,Confirmation,5,171,converted,5,May,Post-Update
12547,368,2024-02-05,Plan Selection,3,102,clicked,2,Feb,Pre-Update
12548,2952,2024-03-31,Plan Selection,3,63,viewed,3,Mar,Post-Update
12549,1762,2024-06-12,Payment,4,13,viewed,6,Jun,Post-Update
12550,526,2024-03-03,Home,1,199,dropped,3,Mar,Pre-Update
12551,2687,2024-01-07,Pricing Page,2,40,dropped,1,Jan,Pre-Update
12552,204,2024-05-05,Pricing Page,2,45,dropped,5,May,Post-Update
12553,707,2024-01-03,Pricing Page,2,52,clicked,1,Jan,Pre-Update
12554,2597,2024-03-28,Payment,4,145,viewed,3,Mar,Post-Update
12555,1625,2024-06-22,Home,1,10,clicked,6,Jun,Post-Update
12556,1221,2024-04-15,Plan Selection,3,163,viewed,4,Apr,Post-Update
12557,1030,2024-04-05,Plan Selection,3,94,clicked,4,Apr,Post-Update
12558,900,2024-04-11,Confirmation,5,169,converted,4,Apr,Post-Update
12559,877,2024-01-14,Plan Selection,3,68,viewed,1,Jan,Pre-Update
12560,2709,2024-04-26,Plan Selection,3,130,clicked,4,Apr,Post-Update
12561,1998,2024-06-01,Pricing Page,2,55,dropped,6,Jun,Post-Update
12562,2367,2024-06-28,Plan Selection,3,203,dropped,6,Jun,Post-Update
12563,1521,2024-02-21,Confirmation,5,141,converted,2,Feb,Pre-Update
12564,1723,2024-06-12,Payment,4,58,viewed,6,Jun,Post-Update
12565,1389,2024-05-25,Plan Selection,3,151,viewed,5,May,Post-Update
12566,691,2024-01-26,Home,1,128,viewed,1,Jan,Pre-Update
12567,102,2024-02-20,Pricing Page,2,49,clicked,2,Feb,Pre-Update
12568,173,2024-01-11,Home,1,104,viewed,1,Jan,Pre-Update
12569,1262,2024-02-06,Payment,4,31,clicked,2,Feb,Pre-Update
12570,824,2024-03-15,Pricing Page,2,65,viewed,3,Mar,Post-Update
12571,2332,2024-01-30,Pricing Page,2,58,dropped,1,Jan,Pre-Update
12572,1634,2024-06-09,Payment,4,87,clicked,6,Jun,Post-Update
12573,1143,2024-03-09,Payment,4,123,viewed,3,Mar,Pre-Update
12574,1266,2024-02-11,Confirmation,5,162,converted,2,Feb,Pre-Update
12575,446,2024-03-22,Payment,4,138,viewed,3,Mar,Post-Update
12576,553,2024-03-22,Plan Selection,3,46,viewed,3,Mar,Post-Update
12577,1329,2024-05-27,Payment,4,72,clicked,5,May,Post-Update
12578,1808,2024-01-16,Plan Selection,3,187,clicked,1,Jan,Pre-Update
12579,257,2024-05-20,Plan Selection,3,172,dropped,5,May,Post-Update
12580,1468,2024-06-09,Confirmation,5,36,converted,6,Jun,Post-Update
12581,2389,2024-04-14,Plan Selection,3,169,clicked,4,Apr,Post-Update
12582,2812,2024-02-22,Plan Selection,3,69,clicked,2,Feb,Pre-Update
12583,203,2024-04-11,Plan Selection,3,74,viewed,4,Apr,Post-Update
12584,119,2024-05-24,Payment,4,200,dropped,5,May,Post-Update
12585,2663,2024-06-28,Pricing Page,2,54,viewed,6,Jun,Post-Update
12586,1962,2024-05-01,Pricing Page,2,67,clicked,5,May,Post-Update
12587,2225,2024-03-28,Home,1,105,viewed,3,Mar,Post-Update
12588,2171,2024-01-23,Pricing Page,2,57,dropped,1,Jan,Pre-Update
12589,2972,2024-04-07,Plan Selection,3,199,clicked,4,Apr,Post-Update
12590,458,2024-06-24,Pricing Page,2,38,viewed,6,Jun,Post-Update
12591,1087,2024-02-03,Payment,4,144,viewed,2,Feb,Pre-Update
12592,287,2024-01-02,Payment,4,169,viewed,1,Jan,Pre-Update
12593,195,2024-02-14,Home,1,109,clicked,2,Feb,Pre-Update
12594,692,2024-01-22,Confirmation,5,31,converted,1,Jan,Pre-Update
12595,2607,2024-01-04,Pricing Page,2,40,dropped,1,Jan,Pre-Update
12596,2279,2024-05-04,Home,1,149,dropped,5,May,Post-Update
12597,208,2024-02-15,Home,1,104,dropped,2,Feb,Pre-Update
12598,2090,2024-05-27,Confirmation,5,115,converted,5,May,Post-Update
12599,1926,2024-04-24,Pricing Page,2,46,clicked,4,Apr,Post-Update
12600,2309,2024-04-30,Home,1,40,viewed,4,Apr,Post-Update
12601,2659,2024-03-17,Pricing Page,2,39,viewed,3,Mar,Post-Update
12602,534,2024-02-21,Confirmation,5,140,converted,2,Feb,Pre-Update
12603,1683,2024-06-01,Plan Selection,3,32,viewed,6,Jun,Post-Update
12604,1672,2024-06-02,Plan Selection,3,72,viewed,6,Jun,Post-Update
12605,896,2024-06-21,Payment,4,99,viewed,6,Jun,Post-Update
12606,2732,2024-04-19,Pricing Page,2,56,dropped,4,Apr,Post-Update
12607,1511,2024-05-03,Confirmation,5,108,converted,5,May,Post-Update
12608,2215,2024-02-08,Payment,4,127,clicked,2,Feb,Pre-Update
12609,886,2024-02-13,Pricing Page,2,54,dropped,2,Feb,Pre-Update
12610,627,2024-04-30,Plan Selection,3,106,clicked,4,Apr,Post-Update
12611,484,2024-06-01,Payment,4,38,clicked,6,Jun,Post-Update
12612,480,2024-02-13,Payment,4,195,clicked,2,Feb,Pre-Update
12613,1227,2024-05-12,Pricing Page,2,67,dropped,5,May,Post-Update
12614,2945,2024-01-29,Payment,4,166,clicked,1,Jan,Pre-Update
12615,1360,2024-02-03,Plan Selection,3,59,clicked,2,Feb,Pre-Update
12616,18,2024-03-10,Confirmation,5,83,converted,3,Mar,Pre-Update
12617,395,2024-04-09,Pricing Page,2,42,clicked,4,Apr,Post-Update
12618,2818,2024-04-28,Pricing Page,2,49,dropped,4,Apr,Post-Update
12619,676,2024-05-09,Confirmation,5,78,converted,5,May,Post-Update
12620,46,2024-01-10,Pricing Page,2,57,dropped,1,Jan,Pre-Update
12621,674,2024-01-20,Payment,4,22,viewed,1,Jan,Pre-Update
12622,720,2024-01-25,Confirmation,5,97,converted,1,Jan,Pre-Update
12623,804,2024-01-06,Pricing Page,2,50,clicked,1,Jan,Pre-Update
12624,2986,2024-05-10,Plan Selection,3,190,viewed,5,May,Post-Update
12625,1914,2024-02-03,Home,1,110,clicked,2,Feb,Pre-Update
12626,2783,2024-02-01,Home,1,185,dropped,2,Feb,Pre-Update
12627,388,2024-02-04,Plan Selection,3,52,clicked,2,Feb,Pre-Update
12628,1117,2024-04-28,Home,1,162,clicked,4,Apr,Post-Update
12629,1947,2024-01-15,Pricing Page,2,30,clicked,1,Jan,Pre-Update
12630,1165,2024-06-11,Pricing Page,2,66,clicked,6,Jun,Post-Update
12631,2326,2024-05-10,Pricing Page,2,43,dropped,5,May,Post-Update
12632,114,2024-05-30,Home,1,166,viewed,5,May,Post-Update
12633,1158,2024-05-04,Pricing Page,2,47,clicked,5,May,Post-Update
12634,2226,2024-04-01,Pricing Page,2,66,viewed,4,Apr,Post-Update
12635,1964,2024-04-10,Payment,4,95,viewed,4,Apr,Post-Update
12636,201,2024-02-29,Pricing Page,2,37,viewed,2,Feb,Pre-Update
12637,2126,2024-06-07,Pricing Page,2,56,dropped,6,Jun,Post-Update
12638,1741,2024-01-13,Plan Selection,3,168,dropped,1,Jan,Pre-Update
12639,1368,2024-05-20,Plan Selection,3,65,viewed,5,May,Post-Update
12640,883,2024-06-28,Home,1,97,viewed,6,Jun,Post-Update
12641,1045,2024-06-20,Plan Selection,3,132,viewed,6,Jun,Post-Update
12642,394,2024-05-01,Confirmation,5,176,converted,5,May,Post-Update
12643,789,2024-05-26,Pricing Page,2,63,dropped,5,May,Post-Update
12644,306,2024-06-11,Home,1,47,clicked,6,Jun,Post-Update
12645,1412,2024-01-25,Pricing Page,2,57,viewed,1,Jan,Pre-Update
12646,151,2024-06-27,Payment,4,194,clicked,6,Jun,Post-Update
12647,2081,2024-04-16,Payment,4,113,dropped,4,Apr,Post-Update
12648,1753,2024-05-31,Pricing Page,2,56,clicked,5,May,Post-Update
12649,844,2024-06-15,Payment,4,12,viewed,6,Jun,Post-Update
12650,2876,2024-03-12,Home,1,75,clicked,3,Mar,Pre-Update
12651,1975,2024-02-25,Plan Selection,3,186,viewed,2,Feb,Pre-Update
12652,2880,2024-04-25,Pricing Page,2,57,dropped,4,Apr,Post-Update
12653,2345,2024-06-03,Confirmation,5,12,converted,6,Jun,Post-Update
12654,939,2024-04-06,Payment,4,16,viewed,4,Apr,Post-Update
12655,2558,2024-02-22,Confirmation,5,124,converted,2,Feb,Pre-Update
12656,582,2024-02-16,Plan Selection,3,149,clicked,2,Feb,Pre-Update
12657,2851,2024-04-05,Payment,4,73,dropped,4,Apr,Post-Update
12658,877,2024-05-09,Plan Selection,3,75,clicked,5,May,Post-Update
12659,2509,2024-03-28,Confirmation,5,37,converted,3,Mar,Post-Update
12660,2801,2024-02-15,Pricing Page,2,47,clicked,2,Feb,Pre-Update
12661,1544,2024-02-13,Plan Selection,3,127,viewed,2,Feb,Pre-Update
12662,2988,2024-01-23,Plan Selection,3,169,dropped,1,Jan,Pre-Update
12663,2993,2024-05-17,Payment,4,148,dropped,5,May,Post-Update
12664,1005,2024-03-18,Home,1,84,clicked,3,Mar,Post-Update
12665,777,2024-06-05,Plan Selection,3,44,dropped,6,Jun,Post-Update
12666,1331,2024-04-26,Confirmation,5,117,converted,4,Apr,Post-Update
12667,21,2024-03-16,Home,1,33,clicked,3,Mar,Post-Update
12668,1508,2024-03-12,Pricing Page,2,34,dropped,3,Mar,Pre-Update
12669,1533,2024-03-05,Pricing Page,2,35,dropped,3,Mar,Pre-Update
12670,614,2024-04-14,Pricing Page,2,56,dropped,4,Apr,Post-Update
12671,1371,2024-04-01,Home,1,71,dropped,4,Apr,Post-Update
12672,926,2024-03-13,Home,1,46,viewed,3,Mar,Pre-Update
12673,2564,2024-02-12,Plan Selection,3,68,viewed,2,Feb,Pre-Update
12674,1519,2024-03-30,Confirmation,5,77,converted,3,Mar,Post-Update
12675,2394,2024-06-24,Pricing Page,2,50,clicked,6,Jun,Post-Update
12676,2590,2024-03-27,Payment,4,120,clicked,3,Mar,Post-Update
12677,498,2024-05-13,Home,1,163,clicked,5,May,Post-Update
12678,2924,2024-01-19,Plan Selection,3,136,clicked,1,Jan,Pre-Update
12679,233,2024-02-06,Payment,4,75,clicked,2,Feb,Pre-Update
12680,1128,2024-01-12,Home,1,170,clicked,1,Jan,Pre-Update
12681,1942,2024-01-01,Home,1,83,viewed,1,Jan,Pre-Update
12682,2962,2024-01-15,Pricing Page,2,57,dropped,1,Jan,Pre-Update
12683,20,2024-06-20,Payment,4,171,viewed,6,Jun,Post-Update
12684,2262,2024-02-18,Home,1,120,clicked,2,Feb,Pre-Update
12685,226,2024-05-13,Pricing Page,2,41,dropped,5,May,Post-Update
12686,1680,2024-02-16,Plan Selection,3,49,dropped,2,Feb,Pre-Update
12687,1321,2024-04-15,Plan Selection,3,58,clicked,4,Apr,Post-Update
12688,980,2024-03-13,Home,1,201,viewed,3,Mar,Pre-Update
12689,1699,2024-05-19,Home,1,90,clicked,5,May,Post-Update
12690,2303,2024-01-09,Confirmation,5,125,converted,1,Jan,Pre-Update
12691,130,2024-03-29,Pricing Page,2,41,clicked,3,Mar,Post-Update
12692,2740,2024-04-18,Pricing Page,2,51,dropped,4,Apr,Post-Update
12693,1272,2024-03-19,Confirmation,5,34,converted,3,Mar,Post-Update
12694,2878,2024-03-19,Pricing Page,2,40,clicked,3,Mar,Post-Update
12695,2733,2024-04-25,Pricing Page,2,49,dropped,4,Apr,Post-Update
12696,1434,2024-05-27,Plan Selection,3,174,dropped,5,May,Post-Update
12697,758,2024-05-30,Pricing Page,2,53,dropped,5,May,Post-Update
12698,1597,2024-03-11,Pricing Page,2,48,dropped,3,Mar,Pre-Update
12699,1316,2024-06-29,Plan Selection,3,78,viewed,6,Jun,Post-Update
12700,1579,2024-03-31,Confirmation,5,29,converted,3,Mar,Post-Update
12701,2205,2024-03-09,Plan Selection,3,68,clicked,3,Mar,Pre-Update
12702,371,2024-03-17,Payment,4,88,viewed,3,Mar,Post-Update
12703,1995,2024-01-04,Home,1,102,viewed,1,Jan,Pre-Update
12704,1836,2024-01-11,Pricing Page,2,33,dropped,1,Jan,Pre-Update
12705,2230,2024-01-10,Home,1,21,dropped,1,Jan,Pre-Update
12706,1868,2024-04-24,Pricing Page,2,55,dropped,4,Apr,Post-Update
12707,1699,2024-04-22,Pricing Page,2,44,viewed,4,Apr,Post-Update
12708,2364,2024-02-15,Confirmation,5,143,converted,2,Feb,Pre-Update
12709,2059,2024-03-18,Home,1,42,clicked,3,Mar,Post-Update
12710,731,2024-04-14,Home,1,14,viewed,4,Apr,Post-Update
12711,666,2024-01-26,Home,1,152,clicked,1,Jan,Pre-Update
12712,747,2024-05-27,Pricing Page,2,45,dropped,5,May,Post-Update
12713,541,2024-03-06,Pricing Page,2,38,clicked,3,Mar,Pre-Update
12714,847,2024-04-03,Payment,4,29,clicked,4,Apr,Post-Update
12715,548,2024-01-06,Plan Selection,3,200,viewed,1,Jan,Pre-Update
12716,2465,2024-02-24,Home,1,64,clicked,2,Feb,Pre-Update
12717,1341,2024-03-27,Home,1,178,dropped,3,Mar,Post-Update
12718,2024,2024-02-15,Pricing Page,2,43,clicked,2,Feb,Pre-Update
12719,1486,2024-05-15,Pricing Page,2,38,dropped,5,May,Post-Update
12720,859,2024-04-29,Pricing Page,2,44,clicked,4,Apr,Post-Update
12721,54,2024-06-12,Pricing Page,2,56,clicked,6,Jun,Post-Update
12722,1458,2024-03-20,Payment,4,74,clicked,3,Mar,Post-Update
12723,574,2024-04-29,Payment,4,144,dropped,4,Apr,Post-Update
12724,2442,2024-04-13,Pricing Page,2,48,dropped,4,Apr,Post-Update
12725,2409,2024-02-19,Confirmation,5,208,converted,2,Feb,Pre-Update
12726,189,2024-03-03,Plan Selection,3,134,clicked,3,Mar,Pre-Update
12727,2092,2024-06-21,Plan Selection,3,101,clicked,6,Jun,Post-Update
12728,469,2024-06-05,Payment,4,134,clicked,6,Jun,Post-Update
12729,337,2024-05-19,Plan Selection,3,53,clicked,5,May,Post-Update
12730,754,2024-04-02,Payment,4,102,viewed,4,Apr,Post-Update
12731,483,2024-01-15,Confirmation,5,72,converted,1,Jan,Pre-Update
12732,2484,2024-02-07,Plan Selection,3,33,viewed,2,Feb,Pre-Update
12733,1209,2024-01-29,Plan Selection,3,98,clicked,1,Jan,Pre-Update
12734,2919,2024-03-28,Plan Selection,3,24,viewed,3,Mar,Post-Update
12735,159,2024-05-06,Pricing Page,2,55,viewed,5,May,Post-Update
12736,1714,2024-02-21,Plan Selection,3,151,clicked,2,Feb,Pre-Update
12737,2513,2024-01-03,Plan Selection,3,165,dropped,1,Jan,Pre-Update
12738,1783,2024-03-16,Pricing Page,2,46,dropped,3,Mar,Post-Update
12739,2618,2024-05-07,Confirmation,5,91,converted,5,May,Post-Update
12740,965,2024-03-11,Confirmation,5,151,converted,3,Mar,Pre-Update
12741,1843,2024-06-20,Confirmation,5,144,converted,6,Jun,Post-Update
12742,1946,2024-02-10,Home,1,59,viewed,2,Feb,Pre-Update
12743,1967,2024-02-13,Pricing Page,2,43,clicked,2,Feb,Pre-Update
12744,1099,2024-02-06,Confirmation,5,205,converted,2,Feb,Pre-Update
12745,434,2024-05-21,Pricing Page,2,40,viewed,5,May,Post-Update
12746,1034,2024-06-27,Confirmation,5,105,converted,6,Jun,Post-Update
12747,2204,2024-02-12,Confirmation,5,48,converted,2,Feb,Pre-Update
12748,87,2024-04-11,Plan Selection,3,191,clicked,4,Apr,Post-Update
12749,519,2024-05-11,Home,1,98,viewed,5,May,Post-Update
12750,2607,2024-05-29,Plan Selection,3,28,viewed,5,May,Post-Update
12751,910,2024-05-19,Confirmation,5,92,converted,5,May,Post-Update
12752,710,2024-06-19,Confirmation,5,33,converted,6,Jun,Post-Update
12753,1858,2024-05-15,Confirmation,5,43,converted,5,May,Post-Update
12754,548,2024-03-16,Plan Selection,3,94,clicked,3,Mar,Post-Update
12755,722,2024-05-06,Payment,4,175,viewed,5,May,Post-Update
12756,1091,2024-04-03,Pricing Page,2,63,viewed,4,Apr,Post-Update
12757,2309,2024-02-12,Payment,4,125,clicked,2,Feb,Pre-Update
12758,2636,2024-03-18,Pricing Page,2,43,dropped,3,Mar,Post-Update
12759,2868,2024-02-14,Pricing Page,2,32,dropped,2,Feb,Pre-Update
12760,1401,2024-02-23,Home,1,102,dropped,2,Feb,Pre-Update
12761,499,2024-03-30,Confirmation,5,94,converted,3,Mar,Post-Update
12762,486,2024-04-08,Pricing Page,2,54,dropped,4,Apr,Post-Update
12763,2219,2024-03-21,Home,1,150,clicked,3,Mar,Post-Update
12764,1126,2024-03-10,Payment,4,171,viewed,3,Mar,Pre-Update
12765,2763,2024-04-17,Pricing Page,2,46,clicked,4,Apr,Post-Update
12766,2378,2024-05-24,Plan Selection,3,148,viewed,5,May,Post-Update
12767,2941,2024-01-12,Pricing Page,2,51,clicked,1,Jan,Pre-Update
12768,2931,2024-04-21,Home,1,178,viewed,4,Apr,Post-Update
12769,1420,2024-06-24,Pricing Page,2,43,clicked,6,Jun,Post-Update
12770,2103,2024-04-11,Plan Selection,3,174,dropped,4,Apr,Post-Update
12771,1634,2024-05-10,Confirmation,5,138,converted,5,May,Post-Update
12772,1005,2024-05-15,Payment,4,87,viewed,5,May,Post-Update
12773,2078,2024-01-27,Plan Selection,3,173,dropped,1,Jan,Pre-Update
12774,735,2024-05-25,Pricing Page,2,38,dropped,5,May,Post-Update
12775,2715,2024-06-24,Home,1,154,dropped,6,Jun,Post-Update
12776,4,2024-02-25,Plan Selection,3,155,dropped,2,Feb,Pre-Update
12777,278,2024-02-23,Home,1,30,viewed,2,Feb,Pre-Update
12778,954,2024-05-26,Home,1,26,dropped,5,May,Post-Update
12779,902,2024-01-31,Confirmation,5,60,converted,1,Jan,Pre-Update
12780,1192,2024-02-12,Confirmation,5,41,converted,2,Feb,Pre-Update
12781,2601,2024-06-05,Payment,4,22,dropped,6,Jun,Post-Update
12782,1122,2024-04-06,Plan Selection,3,36,dropped,4,Apr,Post-Update
12783,2260,2024-05-01,Home,1,107,dropped,5,May,Post-Update
12784,669,2024-05-06,Payment,4,28,viewed,5,May,Post-Update
12785,1310,2024-03-05,Pricing Page,2,37,viewed,3,Mar,Pre-Update
12786,1848,2024-03-23,Pricing Page,2,60,dropped,3,Mar,Post-Update
12787,804,2024-05-28,Pricing Page,2,67,dropped,5,May,Post-Update
12788,1649,2024-03-18,Pricing Page,2,41,dropped,3,Mar,Post-Update
12789,1198,2024-04-08,Plan Selection,3,13,clicked,4,Apr,Post-Update
12790,1218,2024-04-10,Plan Selection,3,39,dropped,4,Apr,Post-Update
12791,2374,2024-05-27,Plan Selection,3,27,clicked,5,May,Post-Update
12792,940,2024-04-22,Home,1,202,clicked,4,Apr,Post-Update
12793,2026,2024-03-20,Home,1,121,clicked,3,Mar,Post-Update
12794,2017,2024-04-09,Payment,4,12,viewed,4,Apr,Post-Update
12795,809,2024-05-18,Home,1,168,viewed,5,May,Post-Update
12796,521,2024-01-25,Home,1,91,clicked,1,Jan,Pre-Update
12797,1662,2024-01-18,Payment,4,184,viewed,1,Jan,Pre-Update
12798,2043,2024-05-29,Home,1,200,clicked,5,May,Post-Update
12799,2074,2024-06-16,Plan Selection,3,203,dropped,6,Jun,Post-Update
12800,226,2024-05-22,Plan Selection,3,51,viewed,5,May,Post-Update
12801,2588,2024-04-22,Plan Selection,3,154,dropped,4,Apr,Post-Update
12802,279,2024-02-26,Pricing Page,2,44,clicked,2,Feb,Pre-Update
12803,1490,2024-05-07,Home,1,209,viewed,5,May,Post-Update
12804,1959,2024-03-27,Pricing Page,2,58,dropped,3,Mar,Post-Update
12805,1283,2024-06-07,Home,1,189,dropped,6,Jun,Post-Update
12806,408,2024-02-03,Plan Selection,3,10,clicked,2,Feb,Pre-Update
12807,1297,2024-05-05,Home,1,166,clicked,5,May,Post-Update
12808,1843,2024-06-10,Plan Selection,3,103,clicked,6,Jun,Post-Update
12809,2480,2024-05-23,Pricing Page,2,40,dropped,5,May,Post-Update
12810,2198,2024-04-26,Home,1,45,viewed,4,Apr,Post-Update
12811,1783,2024-03-30,Plan Selection,3,200,viewed,3,Mar,Post-Update
12812,1891,2024-01-11,Pricing Page,2,56,dropped,1,Jan,Pre-Update
12813,561,2024-03-20,Plan Selection,3,173,dropped,3,Mar,Post-Update
12814,1928,2024-04-09,Payment,4,108,viewed,4,Apr,Post-Update
12815,1270,2024-02-01,Plan Selection,3,101,clicked,2,Feb,Pre-Update
12816,338,2024-01-14,Home,1,197,clicked,1,Jan,Pre-Update
12817,490,2024-01-06,Plan Selection,3,45,viewed,1,Jan,Pre-Update
12818,329,2024-05-18,Pricing Page,2,42,dropped,5,May,Post-Update
12819,2890,2024-06-24,Confirmation,5,184,converted,6,Jun,Post-Update
12820,1465,2024-05-29,Plan Selection,3,187,clicked,5,May,Post-Update
12821,1186,2024-05-14,Plan Selection,3,95,clicked,5,May,Post-Update
12822,1179,2024-03-06,Plan Selection,3,25,clicked,3,Mar,Pre-Update
12823,722,2024-05-09,Payment,4,36,dropped,5,May,Post-Update
12824,177,2024-01-04,Confirmation,5,130,converted,1,Jan,Pre-Update
12825,640,2024-02-16,Plan Selection,3,103,clicked,2,Feb,Pre-Update
12826,1822,2024-05-29,Pricing Page,2,39,dropped,5,May,Post-Update
12827,2022,2024-02-17,Pricing Page,2,48,dropped,2,Feb,Pre-Update
12828,802,2024-05-02,Plan Selection,3,182,clicked,5,May,Post-Update
12829,851,2024-05-06,Plan Selection,3,26,clicked,5,May,Post-Update
12830,1002,2024-01-22,Plan Selection,3,122,dropped,1,Jan,Pre-Update
12831,1807,2024-05-31,Pricing Page,2,51,dropped,5,May,Post-Update
12832,2469,2024-01-05,Plan Selection,3,60,clicked,1,Jan,Pre-Update
12833,1621,2024-06-16,Confirmation,5,54,converted,6,Jun,Post-Update
12834,359,2024-06-16,Pricing Page,2,56,dropped,6,Jun,Post-Update
12835,234,2024-06-04,Home,1,160,clicked,6,Jun,Post-Update
12836,1732,2024-02-03,Home,1,84,clicked,2,Feb,Pre-Update
12837,1276,2024-02-06,Payment,4,15,viewed,2,Feb,Pre-Update
12838,2089,2024-04-21,Confirmation,5,34,converted,4,Apr,Post-Update
12839,1888,2024-05-20,Home,1,147,clicked,5,May,Post-Update
12840,284,2024-02-01,Plan Selection,3,94,clicked,2,Feb,Pre-Update
12841,1445,2024-03-05,Pricing Page,2,47,viewed,3,Mar,Pre-Update
12842,598,2024-06-29,Pricing Page,2,66,dropped,6,Jun,Post-Update
12843,2952,2024-02-11,Home,1,58,viewed,2,Feb,Pre-Update
12844,1641,2024-05-19,Pricing Page,2,60,dropped,5,May,Post-Update
12845,1430,2024-06-17,Pricing Page,2,47,viewed,6,Jun,Post-Update
12846,2233,2024-06-11,Pricing Page,2,53,viewed,6,Jun,Post-Update
12847,38,2024-02-24,Pricing Page,2,43,viewed,2,Feb,Pre-Update
12848,1576,2024-02-29,Home,1,88,viewed,2,Feb,Pre-Update
12849,1515,2024-02-26,Home,1,69,clicked,2,Feb,Pre-Update
12850,2511,2024-01-27,Pricing Page,2,50,clicked,1,Jan,Pre-Update
12851,1401,2024-02-13,Payment,4,78,clicked,2,Feb,Pre-Update
12852,881,2024-05-02,Plan Selection,3,108,viewed,5,May,Post-Update
12853,896,2024-04-22,Pricing Page,2,45,dropped,4,Apr,Post-Update
12854,379,2024-06-12,Home,1,15,viewed,6,Jun,Post-Update
12855,1252,2024-06-26,Plan Selection,3,79,viewed,6,Jun,Post-Update
12856,2336,2024-04-18,Plan Selection,3,108,clicked,4,Apr,Post-Update
12857,2823,2024-02-16,Pricing Page,2,45,dropped,2,Feb,Pre-Update
12858,1010,2024-01-31,Payment,4,139,viewed,1,Jan,Pre-Update
12859,2364,2024-05-06,Home,1,132,viewed,5,May,Post-Update
12860,952,2024-05-05,Plan Selection,3,113,dropped,5,May,Post-Update
12861,1727,2024-05-25,Pricing Page,2,38,dropped,5,May,Post-Update
12862,2867,2024-02-03,Home,1,169,viewed,2,Feb,Pre-Update
12863,1331,2024-06-14,Pricing Page,2,53,viewed,6,Jun,Post-Update
12864,2253,2024-01-29,Plan Selection,3,42,dropped,1,Jan,Pre-Update
12865,2087,2024-05-18,Payment,4,97,viewed,5,May,Post-Update
12866,1275,2024-02-20,Home,1,170,viewed,2,Feb,Pre-Update
12867,2086,2024-04-21,Confirmation,5,35,converted,4,Apr,Post-Update
12868,1987,2024-06-15,Plan Selection,3,76,viewed,6,Jun,Post-Update
12869,2967,2024-04-10,Payment,4,92,viewed,4,Apr,Post-Update
12870,2490,2024-02-25,Home,1,80,clicked,2,Feb,Pre-Update
12871,2673,2024-05-04,Payment,4,159,clicked,5,May,Post-Update
12872,176,2024-06-13,Pricing Page,2,41,dropped,6,Jun,Post-Update
12873,2679,2024-01-25,Confirmation,5,115,converted,1,Jan,Pre-Update
12874,2078,2024-06-07,Pricing Page,2,62,dropped,6,Jun,Post-Update
12875,2287,2024-01-14,Home,1,48,viewed,1,Jan,Pre-Update
12876,2897,2024-05-07,Plan Selection,3,13,dropped,5,May,Post-Update
12877,2978,2024-03-01,Plan Selection,3,106,clicked,3,Mar,Pre-Update
12878,550,2024-06-18,Home,1,174,viewed,6,Jun,Post-Update
12879,579,2024-05-19,Pricing Page,2,39,dropped,5,May,Post-Update
12880,2930,2024-04-20,Home,1,164,clicked,4,Apr,Post-Update
12881,680,2024-04-19,Pricing Page,2,63,dropped,4,Apr,Post-Update
12882,2654,2024-04-08,Home,1,162,clicked,4,Apr,Post-Update
12883,1682,2024-01-18,Payment,4,144,viewed,1,Jan,Pre-Update
12884,2701,2024-04-10,Home,1,143,dropped,4,Apr,Post-Update
12885,2065,2024-01-06,Home,1,68,dropped,1,Jan,Pre-Update
12886,1022,2024-06-24,Payment,4,48,clicked,6,Jun,Post-Update
12887,2848,2024-02-11,Pricing Page,2,54,dropped,2,Feb,Pre-Update
12888,1425,2024-05-27,Plan Selection,3,180,clicked,5,May,Post-Update
12889,2641,2024-04-06,Home,1,124,viewed,4,Apr,Post-Update
12890,88,2024-06-12,Pricing Page,2,49,clicked,6,Jun,Post-Update
12891,450,2024-05-19,Pricing Page,2,60,dropped,5,May,Post-Update
12892,30,2024-05-10,Plan Selection,3,154,viewed,5,May,Post-Update
12893,781,2024-04-26,Pricing Page,2,44,clicked,4,Apr,Post-Update
12894,1262,2024-04-28,Home,1,19,dropped,4,Apr,Post-Update
12895,219,2024-04-24,Confirmation,5,167,converted,4,Apr,Post-Update
12896,379,2024-02-19,Confirmation,5,23,converted,2,Feb,Pre-Update
12897,1254,2024-06-08,Home,1,29,dropped,6,Jun,Post-Update
12898,2922,2024-05-07,Plan Selection,3,192,viewed,5,May,Post-Update
12899,2999,2024-05-16,Payment,4,128,viewed,5,May,Post-Update
12900,1282,2024-02-09,Payment,4,83,clicked,2,Feb,Pre-Update
12901,2983,2024-05-09,Plan Selection,3,180,clicked,5,May,Post-Update
12902,2239,2024-03-04,Plan Selection,3,105,viewed,3,Mar,Pre-Update
12903,2686,2024-06-08,Payment,4,11,viewed,6,Jun,Post-Update
12904,584,2024-03-21,Plan Selection,3,172,dropped,3,Mar,Post-Update
12905,1395,2024-05-21,Plan Selection,3,54,clicked,5,May,Post-Update
12906,506,2024-01-27,Pricing Page,2,49,clicked,1,Jan,Pre-Update
12907,2409,2024-03-10,Plan Selection,3,99,viewed,3,Mar,Pre-Update
12908,3000,2024-06-29,Confirmation,5,194,converted,6,Jun,Post-Update
12909,1967,2024-04-03,Plan Selection,3,116,viewed,4,Apr,Post-Update
12910,1410,2024-06-13,Home,1,196,clicked,6,Jun,Post-Update
12911,1599,2024-06-06,Payment,4,28,dropped,6,Jun,Post-Update
12912,2828,2024-06-26,Home,1,99,viewed,6,Jun,Post-Update
12913,1976,2024-02-23,Pricing Page,2,47,clicked,2,Feb,Pre-Update
12914,974,2024-03-11,Confirmation,5,150,converted,3,Mar,Pre-Update
12915,1739,2024-05-24,Pricing Page,2,63,dropped,5,May,Post-Update
12916,2425,2024-04-26,Payment,4,208,viewed,4,Apr,Post-Update
12917,263,2024-04-18,Payment,4,180,dropped,4,Apr,Post-Update
12918,2384,2024-05-18,Pricing Page,2,64,dropped,5,May,Post-Update
12919,1935,2024-01-14,Pricing Page,2,57,dropped,1,Jan,Pre-Update
12920,2912,2024-05-24,Home,1,19,viewed,5,May,Post-Update
12921,1990,2024-03-19,Home,1,137,viewed,3,Mar,Post-Update
12922,629,2024-02-01,Pricing Page,2,49,clicked,2,Feb,Pre-Update
12923,2661,2024-05-11,Confirmation,5,134,converted,5,May,Post-Update
12924,710,2024-02-26,Payment,4,83,dropped,2,Feb,Pre-Update
12925,429,2024-06-24,Pricing Page,2,42,dropped,6,Jun,Post-Update
12926,1307,2024-03-16,Payment,4,142,viewed,3,Mar,Post-Update
12927,2411,2024-01-27,Pricing Page,2,34,clicked,1,Jan,Pre-Update
12928,813,2024-01-27,Confirmation,5,48,converted,1,Jan,Pre-Update
12929,560,2024-03-04,Home,1,195,dropped,3,Mar,Pre-Update
12930,1280,2024-01-02,Payment,4,177,viewed,1,Jan,Pre-Update
12931,2400,2024-03-15,Plan Selection,3,29,clicked,3,Mar,Post-Update
12932,502,2024-03-05,Pricing Page,2,40,viewed,3,Mar,Pre-Update
12933,422,2024-02-09,Plan Selection,3,142,clicked,2,Feb,Pre-Update
12934,1997,2024-03-01,Plan Selection,3,79,viewed,3,Mar,Pre-Update
12935,1878,2024-06-16,Payment,4,205,viewed,6,Jun,Post-Update
12936,598,2024-01-22,Home,1,144,clicked,1,Jan,Pre-Update
12937,2094,2024-03-24,Pricing Page,2,56,dropped,3,Mar,Post-Update
12938,2330,2024-02-22,Home,1,152,dropped,2,Feb,Pre-Update
12939,2867,2024-01-22,Payment,4,72,clicked,1,Jan,Pre-Update
12940,2458,2024-01-09,Payment,4,151,dropped,1,Jan,Pre-Update
12941,107,2024-03-28,Pricing Page,2,40,dropped,3,Mar,Post-Update
12942,1552,2024-06-11,Confirmation,5,14,converted,6,Jun,Post-Update
12943,863,2024-03-07,Confirmation,5,153,converted,3,Mar,Pre-Update
12944,2080,2024-02-27,Plan Selection,3,132,clicked,2,Feb,Pre-Update
12945,2214,2024-01-27,Plan Selection,3,43,clicked,1,Jan,Pre-Update
12946,2499,2024-03-07,Pricing Page,2,46,viewed,3,Mar,Pre-Update
12947,523,2024-04-13,Pricing Page,2,38,dropped,4,Apr,Post-Update
12948,975,2024-03-10,Confirmation,5,117,converted,3,Mar,Pre-Update
12949,2657,2024-05-26,Pricing Page,2,53,dropped,5,May,Post-Update
12950,1330,2024-01-06,Payment,4,205,clicked,1,Jan,Pre-Update
12951,1046,2024-03-08,Payment,4,196,dropped,3,Mar,Pre-Update
12952,1265,2024-03-08,Plan Selection,3,179,clicked,3,Mar,Pre-Update
12953,2321,2024-03-27,Home,1,187,dropped,3,Mar,Post-Update
12954,1724,2024-01-24,Confirmation,5,57,converted,1,Jan,Pre-Update
12955,1263,2024-03-10,Plan Selection,3,44,viewed,3,Mar,Pre-Update
12956,2452,2024-03-28,Confirmation,5,85,converted,3,Mar,Post-Update
12957,2982,2024-05-31,Home,1,101,viewed,5,May,Post-Update
12958,526,2024-05-15,Pricing Page,2,62,dropped,5,May,Post-Update
12959,2473,2024-05-16,Pricing Page,2,44,dropped,5,May,Post-Update
12960,957,2024-01-03,Home,1,114,clicked,1,Jan,Pre-Update
12961,2355,2024-01-21,Pricing Page,2,52,dropped,1,Jan,Pre-Update
12962,600,2024-05-12,Home,1,25,dropped,5,May,Post-Update
12963,2684,2024-05-24,Pricing Page,2,41,clicked,5,May,Post-Update
12964,2281,2024-06-23,Plan Selection,3,165,clicked,6,Jun,Post-Update
12965,223,2024-04-05,Pricing Page,2,54,dropped,4,Apr,Post-Update
12966,1525,2024-02-17,Payment,4,41,clicked,2,Feb,Pre-Update
12967,1848,2024-05-29,Pricing Page,2,66,viewed,5,May,Post-Update
12968,2189,2024-06-09,Pricing Page,2,55,dropped,6,Jun,Post-Update
12969,603,2024-03-17,Plan Selection,3,73,dropped,3,Mar,Post-Update
12970,663,2024-06-29,Pricing Page,2,58,dropped,6,Jun,Post-Update
12971,2795,2024-03-26,Plan Selection,3,101,clicked,3,Mar,Post-Update
12972,1272,2024-03-20,Confirmation,5,78,converted,3,Mar,Post-Update
12973,2764,2024-04-13,Home,1,168,viewed,4,Apr,Post-Update
12974,2709,2024-04-08,Home,1,102,clicked,4,Apr,Post-Update
12975,2595,2024-04-13,Pricing Page,2,57,dropped,4,Apr,Post-Update
12976,865,2024-01-16,Plan Selection,3,133,clicked,1,Jan,Pre-Update
12977,2894,2024-05-12,Payment,4,126,viewed,5,May,Post-Update
12978,1381,2024-03-09,Plan Selection,3,103,viewed,3,Mar,Pre-Update
12979,1448,2024-01-15,Confirmation,5,109,converted,1,Jan,Pre-Update
12980,1938,2024-05-13,Payment,4,119,clicked,5,May,Post-Update
12981,2283,2024-03-06,Plan Selection,3,120,dropped,3,Mar,Pre-Update
12982,794,2024-05-18,Home,1,189,clicked,5,May,Post-Update
12983,512,2024-05-12,Home,1,125,clicked,5,May,Post-Update
12984,1042,2024-03-29,Pricing Page,2,55,clicked,3,Mar,Post-Update
12985,2057,2024-03-07,Payment,4,159,clicked,3,Mar,Pre-Update
12986,2637,2024-01-23,Confirmation,5,125,converted,1,Jan,Pre-Update
12987,2746,2024-06-01,Pricing Page,2,62,clicked,6,Jun,Post-Update
12988,2773,2024-04-18,Pricing Page,2,45,clicked,4,Apr,Post-Update
12989,2072,2024-03-06,Payment,4,118,clicked,3,Mar,Pre-Update
12990,261,2024-05-25,Payment,4,87,viewed,5,May,Post-Update
12991,453,2024-05-18,Pricing Page,2,54,clicked,5,May,Post-Update
12992,1837,2024-01-18,Plan Selection,3,209,dropped,1,Jan,Pre-Update
12993,90,2024-01-26,Plan Selection,3,130,dropped,1,Jan,Pre-Update
12994,557,2024-03-01,Home,1,118,clicked,3,Mar,Pre-Update
12995,1006,2024-03-30,Pricing Page,2,64,viewed,3,Mar,Post-Update
12996,377,2024-05-21,Plan Selection,3,67,viewed,5,May,Post-Update
12997,1445,2024-05-24,Plan Selection,3,72,viewed,5,May,Post-Update
12998,2281,2024-06-26,Plan Selection,3,52,dropped,6,Jun,Post-Update
12999,470,2024-02-25,Home,1,101,dropped,2,Feb,Pre-Update
13000,2709,2024-03-04,Home,1,42,viewed,3,Mar,Pre-Update
13001,2791,2024-04-18,Pricing Page,2,45,clicked,4,Apr,Post-Update
13002,1006,2024-05-29,Home,1,39,clicked,5,May,Post-Update
13003,1144,2024-05-26,Confirmation,5,33,converted,5,May,Post-Update
13004,2543,2024-06-10,Confirmation,5,194,converted,6,Jun,Post-Update
13005,2528,2024-03-22,Payment,4,69,clicked,3,Mar,Post-Update
13006,1662,2024-06-12,Payment,4,127,clicked,6,Jun,Post-Update
13007,95,2024-01-15,Pricing Page,2,39,clicked,1,Jan,Pre-Update
13008,310,2024-05-06,Home,1,187,viewed,5,May,Post-Update
13009,1598,2024-01-27,Home,1,58,viewed,1,Jan,Pre-Update
13010,828,2024-06-26,Home,1,87,viewed,6,Jun,Post-Update
13011,1672,2024-04-10,Home,1,173,viewed,4,Apr,Post-Update
13012,1727,2024-03-23,Plan Selection,3,101,clicked,3,Mar,Post-Update
13013,1561,2024-06-06,Payment,4,74,dropped,6,Jun,Post-Update
13014,806,2024-04-19,Pricing Page,2,46,clicked,4,Apr,Post-Update
13015,2046,2024-02-26,Plan Selection,3,148,viewed,2,Feb,Pre-Update
13016,1063,2024-01-20,Pricing Page,2,32,viewed,1,Jan,Pre-Update
13017,1464,2024-04-20,Plan Selection,3,21,clicked,4,Apr,Post-Update
13018,1860,2024-03-17,Pricing Page,2,39,dropped,3,Mar,Post-Update
13019,2720,2024-02-27,Payment,4,96,clicked,2,Feb,Pre-Update
13020,1110,2024-02-14,Home,1,185,dropped,2,Feb,Pre-Update
13021,1308,2024-01-26,Pricing Page,2,46,clicked,1,Jan,Pre-Update
13022,2821,2024-01-31,Home,1,137,dropped,1,Jan,Pre-Update
13023,1824,2024-05-11,Payment,4,175,viewed,5,May,Post-Update
13024,586,2024-05-19,Pricing Page,2,38,dropped,5,May,Post-Update
13025,957,2024-05-21,Confirmation,5,82,converted,5,May,Post-Update
13026,2961,2024-06-02,Pricing Page,2,65,clicked,6,Jun,Post-Update
13027,1883,2024-01-23,Payment,4,70,clicked,1,Jan,Pre-Update
13028,1861,2024-02-03,Home,1,165,viewed,2,Feb,Pre-Update
13029,211,2024-02-26,Pricing Page,2,54,dropped,2,Feb,Pre-Update
13030,2890,2024-04-08,Payment,4,109,dropped,4,Apr,Post-Update
13031,1650,2024-05-11,Confirmation,5,154,converted,5,May,Post-Update
13032,1987,2024-01-28,Payment,4,86,viewed,1,Jan,Pre-Update
13033,2650,2024-04-18,Pricing Page,2,66,clicked,4,Apr,Post-Update
13034,2212,2024-04-05,Pricing Page,2,52,dropped,4,Apr,Post-Update
13035,2009,2024-04-28,Pricing Page,2,49,dropped,4,Apr,Post-Update
13036,1206,2024-05-02,Home,1,182,viewed,5,May,Post-Update
13037,772,2024-06-26,Home,1,164,clicked,6,Jun,Post-Update
13038,2414,2024-05-15,Pricing Page,2,51,dropped,5,May,Post-Update
13039,2994,2024-01-30,Payment,4,124,clicked,1,Jan,Pre-Update
13040,1198,2024-05-11,Pricing Page,2,38,clicked,5,May,Post-Update
13041,193,2024-05-29,Confirmation,5,45,converted,5,May,Post-Update
13042,276,2024-06-17,Pricing Page,2,40,dropped,6,Jun,Post-Update
13043,2992,2024-02-16,Pricing Page,2,52,viewed,2,Feb,Pre-Update
13044,1885,2024-06-01,Pricing Page,2,40,dropped,6,Jun,Post-Update
13045,234,2024-06-27,Plan Selection,3,117,clicked,6,Jun,Post-Update
13046,1046,2024-06-23,Payment,4,207,viewed,6,Jun,Post-Update
13047,376,2024-05-19,Pricing Page,2,39,clicked,5,May,Post-Update
13048,2779,2024-02-05,Home,1,87,clicked,2,Feb,Pre-Update
13049,1769,2024-06-11,Payment,4,193,clicked,6,Jun,Post-Update
13050,1183,2024-05-02,Pricing Page,2,38,dropped,5,May,Post-Update
13051,24,2024-05-29,Home,1,11,viewed,5,May,Post-Update
13052,2158,2024-03-04,Plan Selection,3,201,viewed,3,Mar,Pre-Update
13053,85,2024-02-06,Confirmation,5,205,converted,2,Feb,Pre-Update
13054,444,2024-05-25,Plan Selection,3,94,clicked,5,May,Post-Update
13055,2322,2024-04-27,Confirmation,5,140,converted,4,Apr,Post-Update
13056,1524,2024-04-14,Pricing Page,2,41,dropped,4,Apr,Post-Update
13057,851,2024-05-26,Pricing Page,2,55,dropped,5,May,Post-Update
13058,1808,2024-02-09,Pricing Page,2,53,dropped,2,Feb,Pre-Update
13059,2970,2024-05-13,Payment,4,87,viewed,5,May,Post-Update
13060,2233,2024-03-08,Plan Selection,3,22,clicked,3,Mar,Pre-Update
13061,2590,2024-01-15,Payment,4,177,viewed,1,Jan,Pre-Update
13062,531,2024-05-01,Payment,4,31,dropped,5,May,Post-Update
13063,2943,2024-05-11,Plan Selection,3,53,dropped,5,May,Post-Update
13064,1907,2024-01-01,Home,1,114,clicked,1,Jan,Pre-Update
13065,2657,2024-04-10,Home,1,205,clicked,4,Apr,Post-Update
13066,1700,2024-03-01,Confirmation,5,174,converted,3,Mar,Pre-Update
13067,663,2024-04-25,Plan Selection,3,146,viewed,4,Apr,Post-Update
13068,802,2024-05-14,Confirmation,5,84,converted,5,May,Post-Update
13069,307,2024-03-11,Plan Selection,3,22,clicked,3,Mar,Pre-Update
13070,1879,2024-01-09,Pricing Page,2,49,dropped,1,Jan,Pre-Update
13071,2651,2024-06-15,Confirmation,5,11,converted,6,Jun,Post-Update
13072,498,2024-05-27,Plan Selection,3,91,clicked,5,May,Post-Update
13073,1140,2024-06-19,Plan Selection,3,14,clicked,6,Jun,Post-Update
13074,2789,2024-03-22,Pricing Page,2,67,dropped,3,Mar,Post-Update
13075,2438,2024-03-11,Pricing Page,2,39,dropped,3,Mar,Pre-Update
13076,2326,2024-03-16,Payment,4,124,clicked,3,Mar,Post-Update
13077,246,2024-05-12,Pricing Page,2,64,dropped,5,May,Post-Update
13078,964,2024-01-02,Home,1,94,viewed,1,Jan,Pre-Update
13079,2784,2024-01-23,Payment,4,163,clicked,1,Jan,Pre-Update
13080,1318,2024-01-28,Pricing Page,2,54,clicked,1,Jan,Pre-Update
13081,280,2024-03-03,Pricing Page,2,34,clicked,3,Mar,Pre-Update
13082,2120,2024-02-14,Home,1,162,clicked,2,Feb,Pre-Update
13083,944,2024-01-02,Home,1,109,dropped,1,Jan,Pre-Update
13084,965,2024-01-23,Plan Selection,3,187,clicked,1,Jan,Pre-Update
13085,2151,2024-01-30,Plan Selection,3,165,viewed,1,Jan,Pre-Update
13086,852,2024-04-28,Pricing Page,2,41,dropped,4,Apr,Post-Update
13087,1336,2024-01-26,Pricing Page,2,40,clicked,1,Jan,Pre-Update
13088,1890,2024-06-15,Plan Selection,3,171,viewed,6,Jun,Post-Update
13089,174,2024-04-18,Payment,4,81,clicked,4,Apr,Post-Update
13090,1207,2024-01-23,Pricing Page,2,51,dropped,1,Jan,Pre-Update
13091,789,2024-03-29,Plan Selection,3,172,dropped,3,Mar,Post-Update
13092,213,2024-01-09,Home,1,201,viewed,1,Jan,Pre-Update
13093,2413,2024-05-27,Plan Selection,3,171,dropped,5,May,Post-Update
13094,202,2024-01-07,Confirmation,5,176,converted,1,Jan,Pre-Update
13095,576,2024-03-24,Payment,4,74,clicked,3,Mar,Post-Update
13096,2960,2024-05-16,Payment,4,179,viewed,5,May,Post-Update
13097,849,2024-01-22,Payment,4,91,viewed,1,Jan,Pre-Update
13098,2065,2024-01-17,Pricing Page,2,50,dropped,1,Jan,Pre-Update
13099,558,2024-02-03,Pricing Page,2,38,dropped,2,Feb,Pre-Update
13100,6,2024-06-06,Pricing Page,2,41,dropped,6,Jun,Post-Update
13101,1632,2024-06-24,Pricing Page,2,41,dropped,6,Jun,Post-Update
13102,2263,2024-05-04,Home,1,164,clicked,5,May,Post-Update
13103,1424,2024-02-24,Home,1,107,dropped,2,Feb,Pre-Update
13104,1652,2024-01-27,Home,1,199,clicked,1,Jan,Pre-Update
13105,2018,2024-06-03,Pricing Page,2,60,viewed,6,Jun,Post-Update
13106,1154,2024-01-29,Plan Selection,3,148,clicked,1,Jan,Pre-Update
13107,2319,2024-01-28,Pricing Page,2,51,dropped,1,Jan,Pre-Update
13108,1043,2024-05-30,Home,1,25,dropped,5,May,Post-Update
13109,91,2024-06-28,Payment,4,73,dropped,6,Jun,Post-Update
13110,440,2024-05-01,Confirmation,5,126,converted,5,May,Post-Update
13111,430,2024-06-25,Pricing Page,2,47,dropped,6,Jun,Post-Update
13112,482,2024-01-26,Pricing Page,2,52,dropped,1,Jan,Pre-Update
13113,2568,2024-02-10,Plan Selection,3,36,viewed,2,Feb,Pre-Update
13114,1539,2024-04-21,Plan Selection,3,180,viewed,4,Apr,Post-Update
13115,1971,2024-03-05,Payment,4,203,clicked,3,Mar,Pre-Update
13116,641,2024-05-23,Pricing Page,2,46,dropped,5,May,Post-Update
13117,1242,2024-05-05,Pricing Page,2,39,dropped,5,May,Post-Update
13118,2234,2024-06-26,Plan Selection,3,100,dropped,6,Jun,Post-Update
13119,2147,2024-06-18,Plan Selection,3,188,viewed,6,Jun,Post-Update
13120,1428,2024-06-10,Home,1,105,clicked,6,Jun,Post-Update
13121,42,2024-02-06,Confirmation,5,66,converted,2,Feb,Pre-Update
13122,1441,2024-04-09,Pricing Page,2,65,clicked,4,Apr,Post-Update
13123,1006,2024-05-31,Home,1,84,clicked,5,May,Post-Update
13124,1594,2024-04-30,Payment,4,157,clicked,4,Apr,Post-Update
13125,2916,2024-04-09,Payment,4,117,dropped,4,Apr,Post-Update
13126,837,2024-06-04,Pricing Page,2,58,viewed,6,Jun,Post-Update
13127,2888,2024-05-31,Pricing Page,2,65,clicked,5,May,Post-Update
13128,354,2024-02-14,Confirmation,5,146,converted,2,Feb,Pre-Update
13129,2272,2024-05-13,Pricing Page,2,64,dropped,5,May,Post-Update
13130,470,2024-02-23,Home,1,46,viewed,2,Feb,Pre-Update
13131,2300,2024-02-14,Confirmation,5,199,converted,2,Feb,Pre-Update
13132,2764,2024-05-18,Home,1,12,viewed,5,May,Post-Update
13133,1123,2024-02-10,Confirmation,5,61,converted,2,Feb,Pre-Update
13134,1032,2024-06-19,Plan Selection,3,117,viewed,6,Jun,Post-Update
13135,2196,2024-04-28,Home,1,90,viewed,4,Apr,Post-Update
13136,2166,2024-02-16,Home,1,170,viewed,2,Feb,Pre-Update
13137,2931,2024-06-03,Pricing Page,2,40,dropped,6,Jun,Post-Update
13138,1846,2024-06-27,Home,1,101,dropped,6,Jun,Post-Update
13139,2532,2024-01-16,Confirmation,5,63,converted,1,Jan,Pre-Update
13140,1831,2024-02-16,Pricing Page,2,43,viewed,2,Feb,Pre-Update
13141,1102,2024-06-29,Payment,4,84,clicked,6,Jun,Post-Update
13142,462,2024-01-01,Plan Selection,3,164,dropped,1,Jan,Pre-Update
13143,1995,2024-05-12,Plan Selection,3,41,viewed,5,May,Post-Update
13144,1297,2024-05-27,Payment,4,94,viewed,5,May,Post-Update
13145,2159,2024-02-06,Payment,4,148,viewed,2,Feb,Pre-Update
13146,900,2024-06-07,Pricing Page,2,60,dropped,6,Jun,Post-Update
13147,1662,2024-05-01,Plan Selection,3,92,dropped,5,May,Post-Update
13148,2422,2024-01-02,Plan Selection,3,30,viewed,1,Jan,Pre-Update
13149,2699,2024-04-13,Home,1,20,viewed,4,Apr,Post-Update
13150,2546,2024-06-01,Plan Selection,3,160,viewed,6,Jun,Post-Update
13151,2134,2024-02-02,Payment,4,55,viewed,2,Feb,Pre-Update
13152,2307,2024-01-31,Plan Selection,3,50,clicked,1,Jan,Pre-Update
13153,998,2024-03-30,Pricing Page,2,66,dropped,3,Mar,Post-Update
13154,1144,2024-02-03,Payment,4,83,clicked,2,Feb,Pre-Update
13155,977,2024-01-31,Payment,4,181,viewed,1,Jan,Pre-Update
13156,2215,2024-05-07,Pricing Page,2,52,dropped,5,May,Post-Update
13157,2170,2024-02-28,Pricing Page,2,36,viewed,2,Feb,Pre-Update
13158,835,2024-01-06,Pricing Page,2,44,clicked,1,Jan,Pre-Update
13159,2323,2024-04-09,Pricing Page,2,52,dropped,4,Apr,Post-Update
13160,297,2024-02-02,Plan Selection,3,97,clicked,2,Feb,Pre-Update
13161,2062,2024-02-13,Home,1,194,dropped,2,Feb,Pre-Update
13162,1217,2024-02-28,Pricing Page,2,30,viewed,2,Feb,Pre-Update
13163,356,2024-01-22,Pricing Page,2,55,clicked,1,Jan,Pre-Update
13164,228,2024-05-25,Payment,4,116,clicked,5,May,Post-Update
13165,2614,2024-03-27,Payment,4,94,viewed,3,Mar,Post-Update
13166,2167,2024-02-09,Confirmation,5,206,converted,2,Feb,Pre-Update
13167,406,2024-05-11,Pricing Page,2,64,viewed,5,May,Post-Update
13168,1676,2024-02-13,Plan Selection,3,190,viewed,2,Feb,Pre-Update
13169,2885,2024-01-02,Home,1,161,clicked,1,Jan,Pre-Update
13170,1069,2024-05-24,Confirmation,5,62,converted,5,May,Post-Update
13171,1528,2024-05-18,Pricing Page,2,42,clicked,5,May,Post-Update
13172,2178,2024-01-27,Plan Selection,3,88,clicked,1,Jan,Pre-Update
13173,239,2024-04-26,Confirmation,5,14,converted,4,Apr,Post-Update
13174,437,2024-04-28,Payment,4,47,clicked,4,Apr,Post-Update
13175,2147,2024-02-07,Confirmation,5,177,converted,2,Feb,Pre-Update
13176,1523,2024-01-06,Plan Selection,3,10,dropped,1,Jan,Pre-Update
13177,2511,2024-05-01,Payment,4,61,viewed,5,May,Post-Update
13178,2584,2024-01-23,Home,1,168,viewed,1,Jan,Pre-Update
13179,2901,2024-02-10,Pricing Page,2,43,clicked,2,Feb,Pre-Update
13180,2363,2024-01-06,Payment,4,174,viewed,1,Jan,Pre-Update
13181,1181,2024-04-27,Home,1,81,viewed,4,Apr,Post-Update
13182,2970,2024-01-20,Plan Selection,3,120,dropped,1,Jan,Pre-Update
13183,1628,2024-04-16,Pricing Page,2,63,dropped,4,Apr,Post-Update
13184,1781,2024-02-25,Payment,4,172,viewed,2,Feb,Pre-Update
13185,1984,2024-06-02,Pricing Page,2,60,dropped,6,Jun,Post-Update
13186,2726,2024-03-16,Pricing Page,2,55,clicked,3,Mar,Post-Update
13187,848,2024-06-29,Home,1,143,viewed,6,Jun,Post-Update
13188,2166,2024-05-20,Plan Selection,3,51,viewed,5,May,Post-Update
13189,57,2024-02-25,Pricing Page,2,42,clicked,2,Feb,Pre-Update
13190,880,2024-02-29,Payment,4,177,viewed,2,Feb,Pre-Update
13191,2794,2024-06-28,Home,1,178,viewed,6,Jun,Post-Update
13192,129,2024-01-14,Pricing Page,2,30,clicked,1,Jan,Pre-Update
13193,2777,2024-03-16,Pricing Page,2,45,dropped,3,Mar,Post-Update
13194,2756,2024-04-18,Pricing Page,2,50,dropped,4,Apr,Post-Update
13195,2333,2024-04-26,Confirmation,5,117,converted,4,Apr,Post-Update
13196,30,2024-03-19,Home,1,82,clicked,3,Mar,Post-Update
13197,2864,2024-04-09,Confirmation,5,172,converted,4,Apr,Post-Update
13198,1166,2024-03-31,Pricing Page,2,43,viewed,3,Mar,Post-Update
13199,616,2024-01-28,Home,1,56,viewed,1,Jan,Pre-Update
13200,154,2024-01-02,Confirmation,5,91,converted,1,Jan,Pre-Update
13201,1154,2024-05-06,Pricing Page,2,54,clicked,5,May,Post-Update
13202,808,2024-06-27,Home,1,138,viewed,6,Jun,Post-Update
13203,1018,2024-01-25,Plan Selection,3,191,clicked,1,Jan,Pre-Update
13204,98,2024-04-01,Pricing Page,2,58,dropped,4,Apr,Post-Update
13205,1411,2024-01-06,Payment,4,143,dropped,1,Jan,Pre-Update
13206,1098,2024-04-20,Confirmation,5,196,converted,4,Apr,Post-Update
13207,2411,2024-02-10,Plan Selection,3,173,viewed,2,Feb,Pre-Update
13208,1602,2024-05-02,Payment,4,189,dropped,5,May,Post-Update
13209,2806,2024-02-24,Plan Selection,3,131,viewed,2,Feb,Pre-Update
13210,2466,2024-02-28,Home,1,167,clicked,2,Feb,Pre-Update
13211,73,2024-05-05,Pricing Page,2,63,dropped,5,May,Post-Update
13212,2800,2024-03-08,Home,1,61,dropped,3,Mar,Pre-Update
13213,1628,2024-04-04,Confirmation,5,72,converted,4,Apr,Post-Update
13214,1937,2024-02-21,Pricing Page,2,47,clicked,2,Feb,Pre-Update
13215,2183,2024-01-24,Pricing Page,2,59,clicked,1,Jan,Pre-Update
13216,1280,2024-05-09,Pricing Page,2,47,clicked,5,May,Post-Update
13217,1352,2024-02-10,Payment,4,47,viewed,2,Feb,Pre-Update
13218,1748,2024-01-04,Pricing Page,2,52,clicked,1,Jan,Pre-Update
13219,2353,2024-01-23,Pricing Page,2,30,dropped,1,Jan,Pre-Update
13220,277,2024-05-21,Plan Selection,3,180,clicked,5,May,Post-Update
13221,496,2024-05-23,Pricing Page,2,65,dropped,5,May,Post-Update
13222,378,2024-01-22,Pricing Page,2,52,dropped,1,Jan,Pre-Update
13223,1347,2024-05-24,Plan Selection,3,173,dropped,5,May,Post-Update
13224,1092,2024-02-29,Plan Selection,3,162,dropped,2,Feb,Pre-Update
13225,1734,2024-03-07,Home,1,84,clicked,3,Mar,Pre-Update
13226,2417,2024-02-19,Confirmation,5,188,converted,2,Feb,Pre-Update
13227,1917,2024-04-03,Plan Selection,3,165,viewed,4,Apr,Post-Update
13228,364,2024-06-18,Pricing Page,2,59,clicked,6,Jun,Post-Update
13229,1153,2024-05-21,Payment,4,108,dropped,5,May,Post-Update
13230,802,2024-06-10,Plan Selection,3,132,dropped,6,Jun,Post-Update
13231,1706,2024-04-19,Pricing Page,2,59,clicked,4,Apr,Post-Update
13232,1463,2024-02-11,Plan Selection,3,146,clicked,2,Feb,Pre-Update
13233,2879,2024-04-16,Home,1,126,viewed,4,Apr,Post-Update
13234,2183,2024-04-10,Plan Selection,3,73,viewed,4,Apr,Post-Update
13235,46,2024-05-05,Pricing Page,2,40,dropped,5,May,Post-Update
13236,1066,2024-03-15,Confirmation,5,147,converted,3,Mar,Post-Update
13237,1477,2024-03-12,Pricing Page,2,39,dropped,3,Mar,Pre-Update
13238,606,2024-06-19,Home,1,150,dropped,6,Jun,Post-Update
13239,2629,2024-05-22,Pricing Page,2,44,dropped,5,May,Post-Update
13240,722,2024-04-26,Plan Selection,3,130,clicked,4,Apr,Post-Update
13241,1901,2024-05-07,Plan Selection,3,200,viewed,5,May,Post-Update
13242,2398,2024-02-06,Plan Selection,3,92,dropped,2,Feb,Pre-Update
13243,2981,2024-02-12,Home,1,55,clicked,2,Feb,Pre-Update
13244,627,2024-02-26,Confirmation,5,153,converted,2,Feb,Pre-Update
13245,2372,2024-05-25,Plan Selection,3,178,clicked,5,May,Post-Update
13246,2243,2024-06-25,Plan Selection,3,54,dropped,6,Jun,Post-Update
13247,1240,2024-03-17,Payment,4,24,viewed,3,Mar,Post-Update
13248,1849,2024-05-20,Home,1,183,dropped,5,May,Post-Update
13249,1426,2024-05-12,Pricing Page,2,65,viewed,5,May,Post-Update
13250,2920,2024-01-04,Home,1,181,viewed,1,Jan,Pre-Update
13251,288,2024-02-20,Home,1,149,dropped,2,Feb,Pre-Update
13252,2308,2024-02-29,Pricing Page,2,49,dropped,2,Feb,Pre-Update
13253,858,2024-05-06,Plan Selection,3,32,viewed,5,May,Post-Update
13254,2603,2024-03-15,Pricing Page,2,39,viewed,3,Mar,Post-Update
13255,960,2024-06-13,Plan Selection,3,50,clicked,6,Jun,Post-Update
13256,2018,2024-04-17,Confirmation,5,205,converted,4,Apr,Post-Update
13257,66,2024-02-03,Payment,4,152,viewed,2,Feb,Pre-Update
13258,2551,2024-02-17,Payment,4,10,viewed,2,Feb,Pre-Update
13259,2013,2024-01-28,Payment,4,56,viewed,1,Jan,Pre-Update
13260,315,2024-04-25,Confirmation,5,110,converted,4,Apr,Post-Update
13261,2554,2024-05-16,Pricing Page,2,62,dropped,5,May,Post-Update
13262,2686,2024-01-10,Plan Selection,3,155,viewed,1,Jan,Pre-Update
13263,1157,2024-02-03,Payment,4,61,dropped,2,Feb,Pre-Update
13264,728,2024-02-06,Pricing Page,2,54,dropped,2,Feb,Pre-Update
13265,2627,2024-04-12,Home,1,67,viewed,4,Apr,Post-Update
13266,1173,2024-03-13,Payment,4,204,clicked,3,Mar,Pre-Update
13267,2602,2024-02-17,Payment,4,172,viewed,2,Feb,Pre-Update
13268,41,2024-03-13,Confirmation,5,133,converted,3,Mar,Pre-Update
13269,555,2024-01-15,Payment,4,201,clicked,1,Jan,Pre-Update
13270,1593,2024-05-26,Pricing Page,2,62,clicked,5,May,Post-Update
13271,843,2024-01-30,Confirmation,5,79,converted,1,Jan,Pre-Update
13272,2497,2024-01-23,Home,1,50,viewed,1,Jan,Pre-Update
13273,2238,2024-05-09,Pricing Page,2,56,viewed,5,May,Post-Update
13274,403,2024-05-05,Home,1,52,viewed,5,May,Post-Update
13275,2375,2024-02-24,Home,1,162,clicked,2,Feb,Pre-Update
13276,2248,2024-04-05,Pricing Page,2,48,dropped,4,Apr,Post-Update
13277,2286,2024-01-25,Pricing Page,2,46,clicked,1,Jan,Pre-Update
13278,1613,2024-05-14,Home,1,75,clicked,5,May,Post-Update
13279,1427,2024-04-01,Home,1,11,viewed,4,Apr,Post-Update
13280,1661,2024-04-23,Pricing Page,2,51,viewed,4,Apr,Post-Update
13281,2967,2024-03-01,Plan Selection,3,116,clicked,3,Mar,Pre-Update
13282,369,2024-06-26,Plan Selection,3,155,dropped,6,Jun,Post-Update
13283,2875,2024-05-08,Plan Selection,3,61,clicked,5,May,Post-Update
13284,1493,2024-05-11,Home,1,108,dropped,5,May,Post-Update
13285,2579,2024-01-17,Confirmation,5,37,converted,1,Jan,Pre-Update
13286,127,2024-05-24,Payment,4,187,viewed,5,May,Post-Update
13287,2028,2024-05-20,Payment,4,203,clicked,5,May,Post-Update
13288,1296,2024-03-05,Pricing Page,2,39,dropped,3,Mar,Pre-Update
13289,1807,2024-05-07,Plan Selection,3,92,viewed,5,May,Post-Update
13290,1484,2024-04-24,Plan Selection,3,121,viewed,4,Apr,Post-Update
13291,2715,2024-03-08,Home,1,146,viewed,3,Mar,Pre-Update
13292,1876,2024-02-27,Plan Selection,3,135,viewed,2,Feb,Pre-Update
13293,100,2024-02-09,Confirmation,5,73,converted,2,Feb,Pre-Update
13294,1819,2024-01-14,Plan Selection,3,124,dropped,1,Jan,Pre-Update
13295,621,2024-03-27,Payment,4,96,viewed,3,Mar,Post-Update
13296,2585,2024-05-27,Pricing Page,2,39,clicked,5,May,Post-Update
13297,1237,2024-06-19,Pricing Page,2,53,dropped,6,Jun,Post-Update
13298,1572,2024-06-22,Pricing Page,2,44,dropped,6,Jun,Post-Update
13299,1521,2024-02-13,Plan Selection,3,138,dropped,2,Feb,Pre-Update
13300,312,2024-06-11,Home,1,45,clicked,6,Jun,Post-Update
13301,773,2024-02-09,Pricing Page,2,57,clicked,2,Feb,Pre-Update
13302,2117,2024-03-18,Home,1,187,clicked,3,Mar,Post-Update
13303,64,2024-01-17,Pricing Page,2,51,clicked,1,Jan,Pre-Update
13304,2930,2024-04-16,Home,1,65,clicked,4,Apr,Post-Update
13305,2932,2024-05-25,Home,1,203,viewed,5,May,Post-Update
13306,476,2024-06-22,Pricing Page,2,58,dropped,6,Jun,Post-Update
13307,1146,2024-03-22,Home,1,36,clicked,3,Mar,Post-Update
13308,1578,2024-03-26,Payment,4,105,dropped,3,Mar,Post-Update
13309,2551,2024-01-15,Payment,4,206,clicked,1,Jan,Pre-Update
13310,2934,2024-05-12,Payment,4,95,viewed,5,May,Post-Update
13311,1586,2024-05-17,Home,1,155,dropped,5,May,Post-Update
13312,2895,2024-05-14,Payment,4,173,viewed,5,May,Post-Update
13313,2556,2024-02-20,Payment,4,80,dropped,2,Feb,Pre-Update
13314,561,2024-02-04,Pricing Page,2,40,clicked,2,Feb,Pre-Update
13315,1949,2024-04-28,Pricing Page,2,59,dropped,4,Apr,Post-Update
13316,1283,2024-04-21,Payment,4,46,clicked,4,Apr,Post-Update
13317,2710,2024-01-09,Plan Selection,3,101,viewed,1,Jan,Pre-Update
13318,926,2024-03-01,Payment,4,143,dropped,3,Mar,Pre-Update
13319,1998,2024-06-17,Plan Selection,3,109,clicked,6,Jun,Post-Update
13320,219,2024-05-29,Confirmation,5,21,converted,5,May,Post-Update
13321,1719,2024-05-04,Payment,4,122,viewed,5,May,Post-Update
13322,1341,2024-03-05,Pricing Page,2,34,clicked,3,Mar,Pre-Update
13323,2114,2024-02-10,Home,1,78,viewed,2,Feb,Pre-Update
13324,1589,2024-04-02,Confirmation,5,65,converted,4,Apr,Post-Update
13325,1515,2024-05-05,Confirmation,5,135,converted,5,May,Post-Update
13326,972,2024-05-12,Plan Selection,3,61,dropped,5,May,Post-Update
13327,927,2024-06-10,Plan Selection,3,16,clicked,6,Jun,Post-Update
13328,1783,2024-03-05,Confirmation,5,184,converted,3,Mar,Pre-Update
13329,1234,2024-03-19,Confirmation,5,74,converted,3,Mar,Post-Update
13330,2549,2024-02-19,Payment,4,70,dropped,2,Feb,Pre-Update
13331,850,2024-02-24,Plan Selection,3,81,viewed,2,Feb,Pre-Update
13332,395,2024-01-24,Pricing Page,2,57,viewed,1,Jan,Pre-Update
13333,618,2024-04-29,Plan Selection,3,90,viewed,4,Apr,Post-Update
13334,2270,2024-05-24,Payment,4,61,dropped,5,May,Post-Update
13335,1996,2024-01-12,Pricing Page,2,43,dropped,1,Jan,Pre-Update
13336,634,2024-01-18,Payment,4,196,dropped,1,Jan,Pre-Update
13337,2706,2024-01-16,Payment,4,81,viewed,1,Jan,Pre-Update
13338,2950,2024-01-16,Pricing Page,2,34,dropped,1,Jan,Pre-Update
13339,163,2024-03-08,Plan Selection,3,78,viewed,3,Mar,Pre-Update
13340,546,2024-06-26,Pricing Page,2,64,dropped,6,Jun,Post-Update
13341,268,2024-03-11,Plan Selection,3,51,dropped,3,Mar,Pre-Update
13342,1454,2024-03-05,Pricing Page,2,46,clicked,3,Mar,Pre-Update
13343,125,2024-01-03,Confirmation,5,141,converted,1,Jan,Pre-Update
13344,1434,2024-03-15,Plan Selection,3,186,clicked,3,Mar,Post-Update
13345,241,2024-05-17,Plan Selection,3,123,dropped,5,May,Post-Update
13346,2671,2024-01-18,Payment,4,171,clicked,1,Jan,Pre-Update
13347,1478,2024-05-08,Home,1,56,viewed,5,May,Post-Update
13348,2981,2024-01-29,Payment,4,115,dropped,1,Jan,Pre-Update
13349,1784,2024-02-18,Plan Selection,3,206,dropped,2,Feb,Pre-Update
13350,848,2024-05-01,Plan Selection,3,116,dropped,5,May,Post-Update
13351,166,2024-06-09,Pricing Page,2,58,dropped,6,Jun,Post-Update
13352,2704,2024-05-14,Home,1,185,clicked,5,May,Post-Update
13353,2814,2024-05-15,Confirmation,5,95,converted,5,May,Post-Update
13354,993,2024-03-08,Payment,4,53,clicked,3,Mar,Pre-Update
13355,2340,2024-03-20,Payment,4,206,clicked,3,Mar,Post-Update
13356,2204,2024-04-29,Home,1,116,clicked,4,Apr,Post-Update
13357,431,2024-05-02,Confirmation,5,151,converted,5,May,Post-Update
13358,2073,2024-03-01,Plan Selection,3,14,clicked,3,Mar,Pre-Update
13359,1246,2024-02-03,Plan Selection,3,178,dropped,2,Feb,Pre-Update
13360,938,2024-01-12,Pricing Page,2,50,dropped,1,Jan,Pre-Update
13361,986,2024-05-29,Home,1,52,viewed,5,May,Post-Update
13362,1931,2024-02-14,Pricing Page,2,52,viewed,2,Feb,Pre-Update
13363,832,2024-04-26,Pricing Page,2,39,dropped,4,Apr,Post-Update
13364,825,2024-01-20,Plan Selection,3,52,viewed,1,Jan,Pre-Update
13365,172,2024-03-26,Home,1,114,dropped,3,Mar,Post-Update
13366,2030,2024-02-12,Home,1,19,viewed,2,Feb,Pre-Update
13367,2319,2024-04-03,Pricing Page,2,60,viewed,4,Apr,Post-Update
13368,1595,2024-05-24,Pricing Page,2,54,dropped,5,May,Post-Update
13369,701,2024-03-20,Plan Selection,3,52,clicked,3,Mar,Post-Update
13370,307,2024-06-05,Home,1,100,dropped,6,Jun,Post-Update
13371,2457,2024-03-11,Pricing Page,2,38,viewed,3,Mar,Pre-Update
13372,2976,2024-01-08,Pricing Page,2,32,clicked,1,Jan,Pre-Update
13373,293,2024-03-29,Home,1,61,viewed,3,Mar,Post-Update
13374,1642,2024-01-26,Home,1,183,dropped,1,Jan,Pre-Update
13375,764,2024-05-16,Home,1,167,viewed,5,May,Post-Update
13376,645,2024-02-28,Confirmation,5,189,converted,2,Feb,Pre-Update
13377,1691,2024-01-23,Confirmation,5,75,converted,1,Jan,Pre-Update
13378,2458,2024-01-20,Home,1,32,clicked,1,Jan,Pre-Update
13379,567,2024-01-05,Plan Selection,3,154,viewed,1,Jan,Pre-Update
13380,1411,2024-04-13,Pricing Page,2,53,dropped,4,Apr,Post-Update
13381,1198,2024-03-23,Home,1,206,viewed,3,Mar,Post-Update
13382,1656,2024-04-30,Plan Selection,3,72,clicked,4,Apr,Post-Update
13383,2784,2024-06-16,Payment,4,90,clicked,6,Jun,Post-Update
13384,1056,2024-02-10,Home,1,133,viewed,2,Feb,Pre-Update
13385,2245,2024-06-26,Plan Selection,3,73,viewed,6,Jun,Post-Update
13386,551,2024-01-08,Plan Selection,3,35,viewed,1,Jan,Pre-Update
13387,216,2024-02-21,Pricing Page,2,35,dropped,2,Feb,Pre-Update
13388,323,2024-04-05,Pricing Page,2,66,clicked,4,Apr,Post-Update
13389,166,2024-06-22,Plan Selection,3,60,clicked,6,Jun,Post-Update
13390,529,2024-05-10,Home,1,48,viewed,5,May,Post-Update
13391,670,2024-05-30,Pricing Page,2,66,dropped,5,May,Post-Update
13392,1907,2024-02-20,Pricing Page,2,48,clicked,2,Feb,Pre-Update
13393,406,2024-06-10,Home,1,124,viewed,6,Jun,Post-Update
13394,2457,2024-06-25,Pricing Page,2,43,clicked,6,Jun,Post-Update
13395,2921,2024-05-11,Plan Selection,3,87,viewed,5,May,Post-Update
13396,2493,2024-05-17,Pricing Page,2,44,dropped,5,May,Post-Update
13397,178,2024-06-10,Pricing Page,2,60,viewed,6,Jun,Post-Update
13398,1220,2024-02-09,Payment,4,158,dropped,2,Feb,Pre-Update
13399,259,2024-02-14,Confirmation,5,36,converted,2,Feb,Pre-Update
13400,2215,2024-02-23,Pricing Page,2,42,dropped,2,Feb,Pre-Update
13401,72,2024-03-09,Payment,4,202,clicked,3,Mar,Pre-Update
13402,2554,2024-02-08,Plan Selection,3,203,clicked,2,Feb,Pre-Update
13403,1258,2024-02-25,Pricing Page,2,43,clicked,2,Feb,Pre-Update
13404,2103,2024-02-21,Pricing Page,2,51,clicked,2,Feb,Pre-Update
13405,2388,2024-02-13,Payment,4,70,dropped,2,Feb,Pre-Update
13406,1804,2024-05-06,Plan Selection,3,92,viewed,5,May,Post-Update
13407,1525,2024-05-05,Confirmation,5,141,converted,5,May,Post-Update
13408,1317,2024-02-10,Payment,4,82,clicked,2,Feb,Pre-Update
13409,2590,2024-01-27,Home,1,61,viewed,1,Jan,Pre-Update
13410,1611,2024-01-19,Confirmation,5,50,converted,1,Jan,Pre-Update
13411,942,2024-06-22,Payment,4,79,dropped,6,Jun,Post-Update
13412,51,2024-03-21,Home,1,119,dropped,3,Mar,Post-Update
13413,1134,2024-02-20,Pricing Page,2,43,clicked,2,Feb,Pre-Update
13414,757,2024-05-03,Plan Selection,3,43,viewed,5,May,Post-Update
13415,285,2024-05-09,Pricing Page,2,46,dropped,5,May,Post-Update
13416,2357,2024-03-06,Pricing Page,2,36,clicked,3,Mar,Pre-Update
13417,1979,2024-02-29,Plan Selection,3,79,viewed,2,Feb,Pre-Update
13418,1967,2024-01-11,Pricing Page,2,42,dropped,1,Jan,Pre-Update
13419,1402,2024-06-11,Home,1,167,viewed,6,Jun,Post-Update
13420,2574,2024-03-05,Pricing Page,2,59,dropped,3,Mar,Pre-Update
13421,1993,2024-03-01,Plan Selection,3,87,viewed,3,Mar,Pre-Update
13422,1036,2024-01-04,Home,1,71,clicked,1,Jan,Pre-Update
13423,1828,2024-01-24,Payment,4,155,dropped,1,Jan,Pre-Update
13424,1863,2024-04-23,Pricing Page,2,51,dropped,4,Apr,Post-Update
13425,2189,2024-03-16,Confirmation,5,62,converted,3,Mar,Post-Update
13426,1827,2024-02-15,Pricing Page,2,42,viewed,2,Feb,Pre-Update
13427,1648,2024-03-27,Payment,4,54,viewed,3,Mar,Post-Update
13428,2731,2024-05-26,Pricing Page,2,42,clicked,5,May,Post-Update
13429,813,2024-01-28,Confirmation,5,58,converted,1,Jan,Pre-Update
13430,1200,2024-02-18,Home,1,195,dropped,2,Feb,Pre-Update
13431,727,2024-04-17,Pricing Page,2,49,dropped,4,Apr,Post-Update
13432,293,2024-05-11,Pricing Page,2,53,dropped,5,May,Post-Update
13433,529,2024-02-16,Payment,4,203,clicked,2,Feb,Pre-Update
13434,238,2024-04-19,Payment,4,45,clicked,4,Apr,Post-Update
13435,2725,2024-01-14,Plan Selection,3,18,clicked,1,Jan,Pre-Update
13436,444,2024-06-24,Pricing Page,2,42,dropped,6,Jun,Post-Update
13437,893,2024-05-28,Pricing Page,2,55,dropped,5,May,Post-Update
13438,2032,2024-04-06,Plan Selection,3,116,viewed,4,Apr,Post-Update
13439,1108,2024-03-24,Pricing Page,2,57,dropped,3,Mar,Post-Update
13440,2919,2024-01-24,Payment,4,68,dropped,1,Jan,Pre-Update
13441,1089,2024-01-13,Pricing Page,2,33,viewed,1,Jan,Pre-Update
13442,1731,2024-04-05,Confirmation,5,206,converted,4,Apr,Post-Update
13443,497,2024-06-08,Confirmation,5,202,converted,6,Jun,Post-Update
13444,119,2024-02-26,Pricing Page,2,38,dropped,2,Feb,Pre-Update
13445,2304,2024-03-22,Confirmation,5,86,converted,3,Mar,Post-Update
13446,190,2024-02-01,Plan Selection,3,191,clicked,2,Feb,Pre-Update
13447,2011,2024-06-14,Plan Selection,3,22,viewed,6,Jun,Post-Update
13448,2998,2024-01-15,Pricing Page,2,53,clicked,1,Jan,Pre-Update
13449,157,2024-02-11,Confirmation,5,62,converted,2,Feb,Pre-Update
13450,1057,2024-06-24,Payment,4,207,viewed,6,Jun,Post-Update
13451,229,2024-04-10,Plan Selection,3,27,viewed,4,Apr,Post-Update
13452,1878,2024-05-24,Home,1,50,viewed,5,May,Post-Update
13453,1822,2024-01-21,Payment,4,78,clicked,1,Jan,Pre-Update
13454,1566,2024-01-15,Payment,4,189,viewed,1,Jan,Pre-Update
13455,910,2024-04-04,Plan Selection,3,198,clicked,4,Apr,Post-Update
13456,532,2024-01-16,Confirmation,5,55,converted,1,Jan,Pre-Update
13457,1349,2024-04-12,Pricing Page,2,57,viewed,4,Apr,Post-Update
13458,1314,2024-04-07,Pricing Page,2,48,dropped,4,Apr,Post-Update
13459,1896,2024-04-12,Confirmation,5,194,converted,4,Apr,Post-Update
13460,2546,2024-03-26,Payment,4,144,viewed,3,Mar,Post-Update
13461,1521,2024-05-28,Plan Selection,3,100,clicked,5,May,Post-Update
13462,692,2024-04-18,Pricing Page,2,58,dropped,4,Apr,Post-Update
13463,1982,2024-05-01,Pricing Page,2,63,dropped,5,May,Post-Update
13464,683,2024-04-29,Plan Selection,3,29,viewed,4,Apr,Post-Update
13465,2755,2024-04-30,Plan Selection,3,178,clicked,4,Apr,Post-Update
13466,175,2024-05-13,Plan Selection,3,74,dropped,5,May,Post-Update
13467,1397,2024-01-14,Confirmation,5,129,converted,1,Jan,Pre-Update
13468,307,2024-05-09,Pricing Page,2,44,dropped,5,May,Post-Update
13469,2212,2024-06-02,Home,1,129,viewed,6,Jun,Post-Update
13470,2137,2024-06-04,Home,1,54,viewed,6,Jun,Post-Update
13471,1499,2024-04-17,Pricing Page,2,56,clicked,4,Apr,Post-Update
13472,1526,2024-04-02,Home,1,137,dropped,4,Apr,Post-Update
13473,1491,2024-02-13,Plan Selection,3,171,viewed,2,Feb,Pre-Update
13474,653,2024-02-24,Payment,4,80,dropped,2,Feb,Pre-Update
13475,50,2024-03-19,Home,1,79,clicked,3,Mar,Post-Update
13476,1900,2024-01-30,Confirmation,5,34,converted,1,Jan,Pre-Update
13477,2556,2024-06-09,Payment,4,148,viewed,6,Jun,Post-Update
13478,444,2024-02-07,Plan Selection,3,80,viewed,2,Feb,Pre-Update
13479,2544,2024-02-23,Confirmation,5,163,converted,2,Feb,Pre-Update
13480,116,2024-06-11,Pricing Page,2,41,dropped,6,Jun,Post-Update
13481,697,2024-04-19,Pricing Page,2,62,dropped,4,Apr,Post-Update
13482,215,2024-01-09,Home,1,193,clicked,1,Jan,Pre-Update
13483,102,2024-03-30,Pricing Page,2,50,viewed,3,Mar,Post-Update
13484,1967,2024-02-26,Plan Selection,3,25,clicked,2,Feb,Pre-Update
13485,2018,2024-04-21,Home,1,108,dropped,4,Apr,Post-Update
13486,2292,2024-01-15,Home,1,62,dropped,1,Jan,Pre-Update
13487,989,2024-04-13,Payment,4,143,viewed,4,Apr,Post-Update
13488,1479,2024-03-08,Pricing Page,2,52,clicked,3,Mar,Pre-Update
13489,2784,2024-05-12,Payment,4,45,clicked,5,May,Post-Update
13490,2431,2024-02-14,Payment,4,51,viewed,2,Feb,Pre-Update
13491,2210,2024-05-01,Home,1,143,viewed,5,May,Post-Update
13492,1894,2024-03-09,Home,1,183,clicked,3,Mar,Pre-Update
13493,288,2024-03-23,Confirmation,5,135,converted,3,Mar,Post-Update
13494,394,2024-05-20,Pricing Page,2,41,dropped,5,May,Post-Update
13495,1540,2024-01-04,Plan Selection,3,161,dropped,1,Jan,Pre-Update
13496,525,2024-04-20,Plan Selection,3,162,clicked,4,Apr,Post-Update
13497,4,2024-02-12,Home,1,35,dropped,2,Feb,Pre-Update
13498,905,2024-01-18,Plan Selection,3,141,clicked,1,Jan,Pre-Update
13499,1832,2024-03-31,Plan Selection,3,183,clicked,3,Mar,Post-Update
13500,2910,2024-06-13,Plan Selection,3,88,dropped,6,Jun,Post-Update
13501,856,2024-01-27,Confirmation,5,10,converted,1,Jan,Pre-Update
13502,1029,2024-05-08,Plan Selection,3,93,clicked,5,May,Post-Update
13503,1618,2024-01-05,Plan Selection,3,97,viewed,1,Jan,Pre-Update
13504,238,2024-03-06,Plan Selection,3,167,dropped,3,Mar,Pre-Update
13505,2055,2024-05-24,Confirmation,5,63,converted,5,May,Post-Update
13506,1622,2024-06-12,Confirmation,5,155,converted,6,Jun,Post-Update
13507,2903,2024-04-29,Pricing Page,2,39,dropped,4,Apr,Post-Update
13508,175,2024-01-29,Plan Selection,3,137,clicked,1,Jan,Pre-Update
13509,2129,2024-04-13,Payment,4,192,clicked,4,Apr,Post-Update
13510,613,2024-06-03,Plan Selection,3,162,viewed,6,Jun,Post-Update
13511,2496,2024-05-03,Confirmation,5,121,converted,5,May,Post-Update
13512,54,2024-03-17,Home,1,205,viewed,3,Mar,Post-Update
13513,2411,2024-05-20,Pricing Page,2,67,dropped,5,May,Post-Update
13514,2730,2024-05-27,Pricing Page,2,45,dropped,5,May,Post-Update
13515,2183,2024-05-10,Pricing Page,2,66,dropped,5,May,Post-Update
13516,2429,2024-03-18,Plan Selection,3,64,dropped,3,Mar,Post-Update
13517,1051,2024-01-09,Home,1,169,clicked,1,Jan,Pre-Update
13518,2084,2024-02-10,Home,1,108,clicked,2,Feb,Pre-Update
13519,1044,2024-04-26,Home,1,201,clicked,4,Apr,Post-Update
13520,1142,2024-01-28,Plan Selection,3,135,clicked,1,Jan,Pre-Update
13521,1673,2024-06-16,Confirmation,5,202,converted,6,Jun,Post-Update
13522,2927,2024-06-27,Home,1,26,clicked,6,Jun,Post-Update
13523,2093,2024-02-27,Plan Selection,3,120,clicked,2,Feb,Pre-Update
13524,1890,2024-03-09,Confirmation,5,179,converted,3,Mar,Pre-Update
13525,775,2024-05-14,Confirmation,5,105,converted,5,May,Post-Update
13526,1670,2024-03-05,Home,1,100,viewed,3,Mar,Pre-Update
13527,1215,2024-01-31,Plan Selection,3,129,dropped,1,Jan,Pre-Update
13528,2435,2024-05-06,Home,1,48,viewed,5,May,Post-Update
13529,1129,2024-04-01,Pricing Page,2,54,dropped,4,Apr,Post-Update
13530,1696,2024-04-05,Confirmation,5,28,converted,4,Apr,Post-Update
13531,2006,2024-01-11,Pricing Page,2,38,clicked,1,Jan,Pre-Update
13532,10,2024-02-22,Pricing Page,2,38,dropped,2,Feb,Pre-Update
13533,121,2024-04-26,Home,1,120,clicked,4,Apr,Post-Update
13534,2026,2024-06-26,Payment,4,91,clicked,6,Jun,Post-Update
13535,2669,2024-02-03,Pricing Page,2,51,viewed,2,Feb,Pre-Update
13536,21,2024-04-06,Plan Selection,3,142,clicked,4,Apr,Post-Update
13537,2396,2024-06-15,Home,1,55,clicked,6,Jun,Post-Update
13538,114,2024-04-11,Plan Selection,3,152,clicked,4,Apr,Post-Update
13539,1630,2024-01-19,Confirmation,5,38,converted,1,Jan,Pre-Update
13540,151,2024-05-27,Confirmation,5,50,converted,5,May,Post-Update
13541,656,2024-03-29,Payment,4,97,viewed,3,Mar,Post-Update
13542,2757,2024-01-11,Plan Selection,3,99,viewed,1,Jan,Pre-Update
13543,2900,2024-06-02,Pricing Page,2,44,dropped,6,Jun,Post-Update
13544,1410,2024-02-20,Confirmation,5,18,converted,2,Feb,Pre-Update
13545,839,2024-02-20,Plan Selection,3,187,viewed,2,Feb,Pre-Update
13546,995,2024-02-18,Pricing Page,2,55,dropped,2,Feb,Pre-Update
13547,133,2024-02-12,Home,1,122,viewed,2,Feb,Pre-Update
13548,1691,2024-06-05,Plan Selection,3,129,dropped,6,Jun,Post-Update
13549,1786,2024-05-13,Confirmation,5,79,converted,5,May,Post-Update
13550,16,2024-06-25,Payment,4,95,clicked,6,Jun,Post-Update
13551,969,2024-01-10,Pricing Page,2,38,clicked,1,Jan,Pre-Update
13552,2488,2024-04-08,Pricing Page,2,55,dropped,4,Apr,Post-Update
13553,1224,2024-02-28,Pricing Page,2,58,clicked,2,Feb,Pre-Update
13554,657,2024-02-14,Plan Selection,3,39,dropped,2,Feb,Pre-Update
13555,1826,2024-01-02,Pricing Page,2,32,clicked,1,Jan,Pre-Update
13556,1411,2024-01-23,Home,1,134,clicked,1,Jan,Pre-Update
13557,2271,2024-02-07,Payment,4,48,viewed,2,Feb,Pre-Update
13558,2436,2024-01-05,Plan Selection,3,79,viewed,1,Jan,Pre-Update
13559,1164,2024-06-08,Pricing Page,2,54,dropped,6,Jun,Post-Update
13560,2218,2024-03-20,Confirmation,5,135,converted,3,Mar,Post-Update
13561,487,2024-06-17,Home,1,21,viewed,6,Jun,Post-Update
13562,2016,2024-01-11,Pricing Page,2,34,dropped,1,Jan,Pre-Update
13563,1755,2024-06-08,Plan Selection,3,128,dropped,6,Jun,Post-Update
13564,961,2024-04-08,Payment,4,40,clicked,4,Apr,Post-Update
13565,46,2024-04-17,Confirmation,5,168,converted,4,Apr,Post-Update
13566,667,2024-05-12,Confirmation,5,168,converted,5,May,Post-Update
13567,2933,2024-04-01,Plan Selection,3,92,clicked,4,Apr,Post-Update
13568,781,2024-03-14,Pricing Page,2,31,clicked,3,Mar,Pre-Update
13569,741,2024-05-24,Pricing Page,2,65,clicked,5,May,Post-Update
13570,2838,2024-04-07,Payment,4,133,clicked,4,Apr,Post-Update
13571,2613,2024-05-10,Home,1,179,dropped,5,May,Post-Update
13572,1645,2024-01-17,Payment,4,167,clicked,1,Jan,Pre-Update
13573,325,2024-01-12,Confirmation,5,157,converted,1,Jan,Pre-Update
13574,2197,2024-03-22,Home,1,191,clicked,3,Mar,Post-Update
13575,724,2024-01-05,Pricing Page,2,57,dropped,1,Jan,Pre-Update
13576,2833,2024-05-11,Payment,4,184,viewed,5,May,Post-Update
13577,31,2024-02-19,Pricing Page,2,56,dropped,2,Feb,Pre-Update
13578,1034,2024-04-04,Plan Selection,3,77,viewed,4,Apr,Post-Update
13579,2185,2024-05-23,Payment,4,122,clicked,5,May,Post-Update
13580,1567,2024-02-21,Payment,4,104,viewed,2,Feb,Pre-Update
13581,1069,2024-04-04,Plan Selection,3,30,viewed,4,Apr,Post-Update
13582,834,2024-04-25,Pricing Page,2,63,dropped,4,Apr,Post-Update
13583,1455,2024-05-24,Plan Selection,3,58,viewed,5,May,Post-Update
13584,1216,2024-01-28,Plan Selection,3,53,clicked,1,Jan,Pre-Update
13585,2377,2024-03-30,Home,1,206,viewed,3,Mar,Post-Update
13586,604,2024-01-22,Confirmation,5,128,converted,1,Jan,Pre-Update
13587,2964,2024-01-30,Payment,4,174,clicked,1,Jan,Pre-Update
13588,421,2024-01-25,Pricing Page,2,56,clicked,1,Jan,Pre-Update
13589,1455,2024-04-09,Pricing Page,2,62,dropped,4,Apr,Post-Update
13590,2610,2024-04-05,Home,1,127,viewed,4,Apr,Post-Update
13591,1214,2024-04-04,Pricing Page,2,50,viewed,4,Apr,Post-Update
13592,1363,2024-03-17,Payment,4,117,clicked,3,Mar,Post-Update
13593,1107,2024-04-28,Home,1,193,dropped,4,Apr,Post-Update
13594,1644,2024-04-10,Home,1,16,viewed,4,Apr,Post-Update
13595,1760,2024-05-11,Payment,4,35,dropped,5,May,Post-Update
13596,2842,2024-04-06,Payment,4,121,clicked,4,Apr,Post-Update
13597,2326,2024-01-02,Plan Selection,3,117,clicked,1,Jan,Pre-Update
13598,322,2024-06-13,Pricing Page,2,48,dropped,6,Jun,Post-Update
13599,2298,2024-02-26,Pricing Page,2,41,dropped,2,Feb,Pre-Update
13600,1742,2024-03-23,Plan Selection,3,67,viewed,3,Mar,Post-Update
13601,1121,2024-02-28,Plan Selection,3,123,clicked,2,Feb,Pre-Update
13602,2565,2024-03-02,Home,1,135,viewed,3,Mar,Pre-Update
13603,2753,2024-02-24,Payment,4,193,clicked,2,Feb,Pre-Update
13604,2040,2024-04-07,Plan Selection,3,152,clicked,4,Apr,Post-Update
13605,1876,2024-03-26,Pricing Page,2,38,clicked,3,Mar,Post-Update
13606,46,2024-02-13,Home,1,24,viewed,2,Feb,Pre-Update
13607,648,2024-03-16,Pricing Page,2,67,dropped,3,Mar,Post-Update
13608,1848,2024-04-12,Confirmation,5,65,converted,4,Apr,Post-Update
13609,1184,2024-01-26,Plan Selection,3,48,clicked,1,Jan,Pre-Update
13610,1119,2024-05-05,Pricing Page,2,59,dropped,5,May,Post-Update
13611,650,2024-05-02,Payment,4,134,viewed,5,May,Post-Update
13612,2155,2024-06-01,Home,1,161,viewed,6,Jun,Post-Update
13613,2383,2024-01-24,Pricing Page,2,30,dropped,1,Jan,Pre-Update
13614,2469,2024-04-22,Plan Selection,3,66,clicked,4,Apr,Post-Update
13615,2299,2024-02-17,Home,1,78,viewed,2,Feb,Pre-Update
13616,283,2024-04-18,Payment,4,170,viewed,4,Apr,Post-Update
13617,2545,2024-05-04,Confirmation,5,84,converted,5,May,Post-Update
13618,611,2024-06-11,Confirmation,5,160,converted,6,Jun,Post-Update
13619,246,2024-01-29,Plan Selection,3,60,viewed,1,Jan,Pre-Update
13620,997,2024-05-26,Home,1,180,dropped,5,May,Post-Update
13621,2836,2024-03-16,Pricing Page,2,39,dropped,3,Mar,Post-Update
13622,973,2024-01-22,Plan Selection,3,171,dropped,1,Jan,Pre-Update
13623,835,2024-06-24,Home,1,35,viewed,6,Jun,Post-Update
13624,2203,2024-05-24,Payment,4,120,clicked,5,May,Post-Update
13625,1000,2024-03-25,Pricing Page,2,47,dropped,3,Mar,Post-Update
13626,2813,2024-06-19,Confirmation,5,142,converted,6,Jun,Post-Update
13627,1852,2024-01-19,Plan Selection,3,196,viewed,1,Jan,Pre-Update
13628,2476,2024-06-21,Pricing Page,2,54,viewed,6,Jun,Post-Update
13629,142,2024-03-13,Payment,4,39,dropped,3,Mar,Pre-Update
13630,581,2024-04-15,Pricing Page,2,66,clicked,4,Apr,Post-Update
13631,2619,2024-01-23,Confirmation,5,132,converted,1,Jan,Pre-Update
13632,191,2024-03-29,Pricing Page,2,61,dropped,3,Mar,Post-Update
13633,643,2024-05-17,Home,1,105,viewed,5,May,Post-Update
13634,799,2024-04-02,Payment,4,52,viewed,4,Apr,Post-Update
13635,1444,2024-06-17,Pricing Page,2,46,clicked,6,Jun,Post-Update
13636,2989,2024-05-01,Pricing Page,2,64,dropped,5,May,Post-Update
13637,1328,2024-04-15,Plan Selection,3,49,dropped,4,Apr,Post-Update
13638,1612,2024-01-01,Pricing Page,2,31,viewed,1,Jan,Pre-Update
13639,2338,2024-06-21,Pricing Page,2,44,viewed,6,Jun,Post-Update
13640,2346,2024-02-11,Payment,4,72,dropped,2,Feb,Pre-Update
13641,2606,2024-06-04,Plan Selection,3,186,clicked,6,Jun,Post-Update
13642,42,2024-01-14,Pricing Page,2,42,dropped,1,Jan,Pre-Update
13643,669,2024-05-30,Pricing Page,2,67,dropped,5,May,Post-Update
13644,830,2024-01-07,Pricing Page,2,50,dropped,1,Jan,Pre-Update
13645,2254,2024-04-30,Home,1,79,clicked,4,Apr,Post-Update
13646,1989,2024-05-04,Pricing Page,2,43,dropped,5,May,Post-Update
13647,1072,2024-01-07,Home,1,93,viewed,1,Jan,Pre-Update
13648,1935,2024-06-08,Pricing Page,2,60,dropped,6,Jun,Post-Update
13649,1114,2024-06-07,Pricing Page,2,59,clicked,6,Jun,Post-Update
13650,2945,2024-03-14,Home,1,43,viewed,3,Mar,Pre-Update
13651,1583,2024-05-28,Plan Selection,3,42,dropped,5,May,Post-Update
13652,2150,2024-06-04,Home,1,35,dropped,6,Jun,Post-Update
13653,2222,2024-01-05,Confirmation,5,96,converted,1,Jan,Pre-Update
13654,1351,2024-06-22,Pricing Page,2,48,dropped,6,Jun,Post-Update
13655,284,2024-02-02,Plan Selection,3,113,viewed,2,Feb,Pre-Update
13656,658,2024-05-30,Plan Selection,3,20,viewed,5,May,Post-Update
13657,1402,2024-01-30,Pricing Page,2,47,clicked,1,Jan,Pre-Update
13658,2689,2024-02-18,Plan Selection,3,92,dropped,2,Feb,Pre-Update
13659,1396,2024-06-12,Home,1,184,dropped,6,Jun,Post-Update
13660,1291,2024-01-23,Pricing Page,2,38,clicked,1,Jan,Pre-Update
13661,1131,2024-04-07,Plan Selection,3,41,dropped,4,Apr,Post-Update
13662,575,2024-04-10,Pricing Page,2,49,dropped,4,Apr,Post-Update
13663,2948,2024-02-17,Pricing Page,2,59,viewed,2,Feb,Pre-Update
13664,1915,2024-03-15,Home,1,95,viewed,3,Mar,Post-Update
13665,1364,2024-01-06,Payment,4,171,viewed,1,Jan,Pre-Update
13666,268,2024-03-02,Pricing Page,2,33,dropped,3,Mar,Pre-Update
13667,2999,2024-02-06,Home,1,109,clicked,2,Feb,Pre-Update
13668,1876,2024-06-03,Pricing Page,2,50,viewed,6,Jun,Post-Update
13669,1354,2024-03-15,Plan Selection,3,76,clicked,3,Mar,Post-Update
13670,1687,2024-02-20,Plan Selection,3,145,clicked,2,Feb,Pre-Update
13671,1095,2024-06-27,Payment,4,58,viewed,6,Jun,Post-Update
13672,2084,2024-03-17,Home,1,183,clicked,3,Mar,Post-Update
13673,2148,2024-05-22,Payment,4,116,clicked,5,May,Post-Update
13674,178,2024-02-24,Pricing Page,2,51,clicked,2,Feb,Pre-Update
13675,378,2024-04-26,Payment,4,60,viewed,4,Apr,Post-Update
13676,96,2024-06-08,Pricing Page,2,67,viewed,6,Jun,Post-Update
13677,1252,2024-03-30,Pricing Page,2,56,dropped,3,Mar,Post-Update
13678,1391,2024-06-13,Home,1,24,viewed,6,Jun,Post-Update
13679,464,2024-01-28,Pricing Page,2,30,dropped,1,Jan,Pre-Update
13680,363,2024-06-09,Home,1,140,dropped,6,Jun,Post-Update
13681,1443,2024-01-25,Pricing Page,2,54,dropped,1,Jan,Pre-Update
13682,296,2024-04-15,Plan Selection,3,67,viewed,4,Apr,Post-Update
13683,708,2024-02-27,Confirmation,5,110,converted,2,Feb,Pre-Update
13684,2530,2024-05-07,Confirmation,5,170,converted,5,May,Post-Update
13685,191,2024-06-14,Pricing Page,2,41,dropped,6,Jun,Post-Update
13686,48,2024-04-29,Pricing Page,2,45,dropped,4,Apr,Post-Update
13687,173,2024-04-14,Payment,4,190,clicked,4,Apr,Post-Update
13688,2657,2024-03-27,Plan Selection,3,44,viewed,3,Mar,Post-Update
13689,62,2024-06-26,Payment,4,52,clicked,6,Jun,Post-Update
13690,590,2024-02-21,Payment,4,78,dropped,2,Feb,Pre-Update
13691,2893,2024-02-10,Pricing Page,2,43,clicked,2,Feb,Pre-Update
13692,833,2024-05-31,Pricing Page,2,45,dropped,5,May,Post-Update
13693,714,2024-04-17,Pricing Page,2,52,clicked,4,Apr,Post-Update
13694,453,2024-04-12,Pricing Page,2,42,clicked,4,Apr,Post-Update
13695,1779,2024-01-29,Home,1,117,viewed,1,Jan,Pre-Update
13696,2500,2024-01-18,Confirmation,5,135,converted,1,Jan,Pre-Update
13697,535,2024-01-03,Plan Selection,3,140,viewed,1,Jan,Pre-Update
13698,758,2024-03-02,Confirmation,5,137,converted,3,Mar,Pre-Update
13699,1192,2024-01-14,Home,1,141,viewed,1,Jan,Pre-Update
13700,2545,2024-06-20,Home,1,34,dropped,6,Jun,Post-Update
13701,2303,2024-05-17,Pricing Page,2,43,dropped,5,May,Post-Update
13702,2331,2024-03-27,Home,1,175,viewed,3,Mar,Post-Update
13703,1381,2024-03-01,Pricing Page,2,42,dropped,3,Mar,Pre-Update
13704,2259,2024-02-02,Plan Selection,3,141,clicked,2,Feb,Pre-Update
13705,2541,2024-01-27,Home,1,111,viewed,1,Jan,Pre-Update
13706,920,2024-04-25,Pricing Page,2,50,dropped,4,Apr,Post-Update
13707,1383,2024-02-15,Payment,4,132,clicked,2,Feb,Pre-Update
13708,1192,2024-04-26,Home,1,49,viewed,4,Apr,Post-Update
13709,2973,2024-02-06,Home,1,123,viewed,2,Feb,Pre-Update
13710,2998,2024-05-19,Payment,4,209,clicked,5,May,Post-Update
13711,139,2024-01-01,Confirmation,5,88,converted,1,Jan,Pre-Update
13712,937,2024-03-11,Home,1,181,clicked,3,Mar,Pre-Update
13713,2432,2024-02-10,Plan Selection,3,154,clicked,2,Feb,Pre-Update
13714,2281,2024-01-08,Confirmation,5,111,converted,1,Jan,Pre-Update
13715,2288,2024-02-21,Home,1,184,viewed,2,Feb,Pre-Update
13716,37,2024-02-20,Pricing Page,2,30,viewed,2,Feb,Pre-Update
13717,1630,2024-06-27,Pricing Page,2,52,dropped,6,Jun,Post-Update
13718,1244,2024-03-03,Pricing Page,2,41,clicked,3,Mar,Pre-Update
13719,1028,2024-02-06,Confirmation,5,65,converted,2,Feb,Pre-Update
13720,1366,2024-03-21,Payment,4,207,clicked,3,Mar,Post-Update
13721,2162,2024-04-17,Payment,4,65,viewed,4,Apr,Post-Update
13722,2811,2024-05-28,Pricing Page,2,38,dropped,5,May,Post-Update
13723,2610,2024-05-25,Pricing Page,2,56,clicked,5,May,Post-Update
13724,896,2024-01-04,Pricing Page,2,59,dropped,1,Jan,Pre-Update
13725,2119,2024-04-03,Pricing Page,2,61,dropped,4,Apr,Post-Update
13726,479,2024-02-24,Home,1,44,viewed,2,Feb,Pre-Update
13727,1830,2024-04-13,Home,1,93,dropped,4,Apr,Post-Update
13728,2388,2024-06-20,Pricing Page,2,66,clicked,6,Jun,Post-Update
13729,1925,2024-01-18,Plan Selection,3,122,dropped,1,Jan,Pre-Update
13730,2431,2024-05-15,Pricing Page,2,48,clicked,5,May,Post-Update
13731,172,2024-05-25,Payment,4,184,viewed,5,May,Post-Update
13732,999,2024-02-23,Pricing Page,2,43,viewed,2,Feb,Pre-Update
13733,2898,2024-02-12,Pricing Page,2,50,clicked,2,Feb,Pre-Update
13734,1858,2024-04-03,Payment,4,31,clicked,4,Apr,Post-Update
13735,1284,2024-01-16,Home,1,98,viewed,1,Jan,Pre-Update
13736,1926,2024-05-29,Pricing Page,2,55,dropped,5,May,Post-Update
13737,2803,2024-04-24,Pricing Page,2,63,dropped,4,Apr,Post-Update
13738,1976,2024-04-09,Payment,4,55,viewed,4,Apr,Post-Update
13739,1105,2024-03-15,Confirmation,5,110,converted,3,Mar,Post-Update
13740,2039,2024-06-09,Pricing Page,2,46,dropped,6,Jun,Post-Update
13741,1198,2024-02-14,Home,1,104,dropped,2,Feb,Pre-Update
13742,2325,2024-01-29,Pricing Page,2,53,clicked,1,Jan,Pre-Update
13743,2021,2024-04-07,Plan Selection,3,147,clicked,4,Apr,Post-Update
13744,684,2024-05-18,Home,1,95,viewed,5,May,Post-Update
13745,740,2024-01-21,Payment,4,170,clicked,1,Jan,Pre-Update
13746,550,2024-03-07,Pricing Page,2,39,clicked,3,Mar,Pre-Update
13747,1316,2024-02-03,Plan Selection,3,116,viewed,2,Feb,Pre-Update
13748,1353,2024-05-28,Payment,4,79,clicked,5,May,Post-Update
13749,539,2024-04-12,Pricing Page,2,60,viewed,4,Apr,Post-Update
13750,383,2024-01-03,Plan Selection,3,87,viewed,1,Jan,Pre-Update
13751,849,2024-05-14,Payment,4,30,viewed,5,May,Post-Update
13752,752,2024-04-03,Payment,4,138,viewed,4,Apr,Post-Update
13753,1579,2024-04-11,Pricing Page,2,51,dropped,4,Apr,Post-Update
13754,626,2024-04-07,Home,1,143,dropped,4,Apr,Post-Update
13755,2513,2024-05-03,Confirmation,5,111,converted,5,May,Post-Update
13756,2408,2024-03-29,Home,1,151,clicked,3,Mar,Post-Update
13757,135,2024-06-16,Pricing Page,2,57,clicked,6,Jun,Post-Update
13758,273,2024-01-05,Payment,4,46,clicked,1,Jan,Pre-Update
13759,869,2024-03-02,Payment,4,40,dropped,3,Mar,Pre-Update
13760,2382,2024-02-10,Payment,4,207,viewed,2,Feb,Pre-Update
13761,2401,2024-05-13,Pricing Page,2,46,dropped,5,May,Post-Update
13762,1376,2024-06-17,Pricing Page,2,57,dropped,6,Jun,Post-Update
13763,2914,2024-05-06,Plan Selection,3,180,clicked,5,May,Post-Update
13764,2703,2024-01-05,Pricing Page,2,32,dropped,1,Jan,Pre-Update
13765,1609,2024-02-04,Pricing Page,2,34,clicked,2,Feb,Pre-Update
13766,413,2024-04-06,Pricing Page,2,58,clicked,4,Apr,Post-Update
13767,1230,2024-06-21,Plan Selection,3,165,clicked,6,Jun,Post-Update
13768,758,2024-02-25,Payment,4,206,clicked,2,Feb,Pre-Update
13769,2702,2024-05-23,Pricing Page,2,66,viewed,5,May,Post-Update
13770,2720,2024-05-02,Plan Selection,3,78,viewed,5,May,Post-Update
13771,1174,2024-06-12,Pricing Page,2,39,dropped,6,Jun,Post-Update
13772,2246,2024-02-07,Payment,4,84,clicked,2,Feb,Pre-Update
13773,563,2024-04-10,Pricing Page,2,50,dropped,4,Apr,Post-Update
13774,2163,2024-03-20,Home,1,186,clicked,3,Mar,Post-Update
13775,2340,2024-01-09,Confirmation,5,68,converted,1,Jan,Pre-Update
13776,2399,2024-01-23,Pricing Page,2,52,dropped,1,Jan,Pre-Update
13777,569,2024-05-02,Payment,4,23,viewed,5,May,Post-Update
13778,418,2024-01-18,Home,1,10,viewed,1,Jan,Pre-Update
13779,555,2024-03-15,Pricing Page,2,45,clicked,3,Mar,Post-Update
13780,2763,2024-03-16,Pricing Page,2,47,clicked,3,Mar,Post-Update
13781,459,2024-06-14,Home,1,175,viewed,6,Jun,Post-Update
13782,1350,2024-06-10,Home,1,191,dropped,6,Jun,Post-Update
13783,677,2024-04-10,Home,1,181,viewed,4,Apr,Post-Update
13784,887,2024-04-10,Confirmation,5,170,converted,4,Apr,Post-Update
13785,963,2024-02-06,Home,1,138,dropped,2,Feb,Pre-Update
13786,1155,2024-05-13,Plan Selection,3,98,viewed,5,May,Post-Update
13787,2318,2024-01-01,Plan Selection,3,104,clicked,1,Jan,Pre-Update
13788,2949,2024-01-13,Pricing Page,2,54,viewed,1,Jan,Pre-Update
13789,2506,2024-04-20,Plan Selection,3,183,viewed,4,Apr,Post-Update
13790,133,2024-01-06,Home,1,206,viewed,1,Jan,Pre-Update
13791,1195,2024-03-10,Payment,4,102,dropped,3,Mar,Pre-Update
13792,913,2024-01-20,Plan Selection,3,179,clicked,1,Jan,Pre-Update
13793,360,2024-04-18,Plan Selection,3,96,dropped,4,Apr,Post-Update
13794,2347,2024-02-17,Confirmation,5,28,converted,2,Feb,Pre-Update
13795,1611,2024-03-13,Pricing Page,2,54,viewed,3,Mar,Pre-Update
13796,2228,2024-02-08,Payment,4,112,dropped,2,Feb,Pre-Update
13797,2417,2024-05-29,Plan Selection,3,20,dropped,5,May,Post-Update
13798,1820,2024-04-13,Home,1,102,dropped,4,Apr,Post-Update
13799,1975,2024-04-29,Pricing Page,2,59,dropped,4,Apr,Post-Update
13800,1123,2024-03-10,Payment,4,174,viewed,3,Mar,Pre-Update
13801,614,2024-05-27,Pricing Page,2,65,dropped,5,May,Post-Update
13802,2564,2024-06-17,Home,1,133,viewed,6,Jun,Post-Update
13803,1258,2024-04-05,Pricing Page,2,48,dropped,4,Apr,Post-Update
13804,2222,2024-01-08,Confirmation,5,176,converted,1,Jan,Pre-Update
13805,527,2024-03-11,Pricing Page,2,56,dropped,3,Mar,Pre-Update
13806,932,2024-06-25,Confirmation,5,168,converted,6,Jun,Post-Update
13807,388,2024-02-18,Confirmation,5,12,converted,2,Feb,Pre-Update
13808,528,2024-05-31,Plan Selection,3,164,viewed,5,May,Post-Update
13809,522,2024-02-01,Pricing Page,2,35,viewed,2,Feb,Pre-Update
13810,2312,2024-02-19,Home,1,112,clicked,2,Feb,Pre-Update
13811,832,2024-02-23,Plan Selection,3,76,viewed,2,Feb,Pre-Update
13812,1942,2024-01-10,Pricing Page,2,42,dropped,1,Jan,Pre-Update
13813,1218,2024-04-26,Confirmation,5,12,converted,4,Apr,Post-Update
13814,318,2024-03-29,Home,1,40,clicked,3,Mar,Post-Update
13815,1501,2024-02-29,Home,1,146,dropped,2,Feb,Pre-Update
13816,196,2024-02-16,Home,1,134,viewed,2,Feb,Pre-Update
13817,1611,2024-01-08,Plan Selection,3,180,clicked,1,Jan,Pre-Update
13818,2388,2024-04-13,Pricing Page,2,56,clicked,4,Apr,Post-Update
13819,2007,2024-02-10,Home,1,192,dropped,2,Feb,Pre-Update
13820,931,2024-06-16,Plan Selection,3,139,dropped,6,Jun,Post-Update
13821,2973,2024-03-12,Home,1,176,dropped,3,Mar,Pre-Update
13822,656,2024-04-30,Plan Selection,3,88,viewed,4,Apr,Post-Update
13823,1390,2024-04-05,Pricing Page,2,59,clicked,4,Apr,Post-Update
13824,2602,2024-06-16,Home,1,70,clicked,6,Jun,Post-Update
13825,1433,2024-06-21,Pricing Page,2,62,dropped,6,Jun,Post-Update
13826,2230,2024-04-21,Payment,4,100,viewed,4,Apr,Post-Update
13827,2976,2024-06-21,Payment,4,33,dropped,6,Jun,Post-Update
13828,1812,2024-03-22,Pricing Page,2,62,clicked,3,Mar,Post-Update
13829,1738,2024-03-25,Plan Selection,3,134,clicked,3,Mar,Post-Update
13830,1888,2024-02-14,Pricing Page,2,59,viewed,2,Feb,Pre-Update
13831,661,2024-04-22,Pricing Page,2,50,clicked,4,Apr,Post-Update
13832,60,2024-01-30,Payment,4,77,clicked,1,Jan,Pre-Update
13833,2831,2024-04-08,Confirmation,5,166,converted,4,Apr,Post-Update
13834,785,2024-06-23,Home,1,62,dropped,6,Jun,Post-Update
13835,850,2024-05-20,Home,1,178,dropped,5,May,Post-Update
13836,2925,2024-04-14,Confirmation,5,24,converted,4,Apr,Post-Update
13837,1468,2024-02-10,Plan Selection,3,118,viewed,2,Feb,Pre-Update
13838,931,2024-02-04,Home,1,110,clicked,2,Feb,Pre-Update
13839,2433,2024-04-30,Confirmation,5,108,converted,4,Apr,Post-Update
13840,2293,2024-03-03,Pricing Page,2,34,clicked,3,Mar,Pre-Update
13841,2807,2024-02-10,Pricing Page,2,58,viewed,2,Feb,Pre-Update
13842,2995,2024-05-03,Pricing Page,2,39,dropped,5,May,Post-Update
13843,2914,2024-05-18,Confirmation,5,71,converted,5,May,Post-Update
13844,2286,2024-06-10,Home,1,56,viewed,6,Jun,Post-Update
13845,1032,2024-06-11,Pricing Page,2,55,dropped,6,Jun,Post-Update
13846,2797,2024-01-11,Pricing Page,2,39,dropped,1,Jan,Pre-Update
13847,1407,2024-01-18,Home,1,18,dropped,1,Jan,Pre-Update
13848,11,2024-06-18,Plan Selection,3,111,clicked,6,Jun,Post-Update
13849,629,2024-03-15,Pricing Page,2,64,dropped,3,Mar,Post-Update
13850,956,2024-06-27,Confirmation,5,205,converted,6,Jun,Post-Update
13851,2773,2024-05-04,Plan Selection,3,57,dropped,5,May,Post-Update
13852,1099,2024-02-02,Payment,4,108,dropped,2,Feb,Pre-Update
13853,2086,2024-03-09,Payment,4,178,viewed,3,Mar,Pre-Update
13854,1747,2024-03-22,Pricing Page,2,42,dropped,3,Mar,Post-Update
13855,2305,2024-01-21,Pricing Page,2,59,dropped,1,Jan,Pre-Update
13856,1463,2024-02-04,Pricing Page,2,57,dropped,2,Feb,Pre-Update
13857,1553,2024-03-21,Plan Selection,3,207,viewed,3,Mar,Post-Update
13858,2244,2024-06-14,Pricing Page,2,66,clicked,6,Jun,Post-Update
13859,1546,2024-04-15,Pricing Page,2,41,dropped,4,Apr,Post-Update
13860,744,2024-04-28,Plan Selection,3,136,viewed,4,Apr,Post-Update
13861,390,2024-05-30,Payment,4,90,viewed,5,May,Post-Update
13862,540,2024-06-05,Payment,4,66,dropped,6,Jun,Post-Update
13863,1946,2024-06-19,Payment,4,201,clicked,6,Jun,Post-Update
13864,2104,2024-06-23,Plan Selection,3,150,clicked,6,Jun,Post-Update
13865,1949,2024-02-05,Home,1,117,viewed,2,Feb,Pre-Update
13866,1418,2024-04-02,Home,1,37,clicked,4,Apr,Post-Update
13867,149,2024-03-07,Plan Selection,3,78,viewed,3,Mar,Pre-Update
13868,512,2024-06-18,Home,1,18,viewed,6,Jun,Post-Update
13869,1175,2024-06-01,Home,1,151,clicked,6,Jun,Post-Update
13870,2578,2024-01-20,Confirmation,5,95,converted,1,Jan,Pre-Update
13871,855,2024-01-27,Payment,4,199,dropped,1,Jan,Pre-Update
13872,2130,2024-02-08,Confirmation,5,26,converted,2,Feb,Pre-Update
13873,1717,2024-04-21,Pricing Page,2,67,clicked,4,Apr,Post-Update
13874,2643,2024-01-24,Home,1,142,clicked,1,Jan,Pre-Update
13875,1328,2024-03-04,Pricing Page,2,32,dropped,3,Mar,Pre-Update
13876,1870,2024-04-13,Confirmation,5,60,converted,4,Apr,Post-Update
13877,842,2024-04-26,Pricing Page,2,67,clicked,4,Apr,Post-Update
13878,2445,2024-05-28,Plan Selection,3,181,clicked,5,May,Post-Update
13879,2682,2024-04-16,Pricing Page,2,54,viewed,4,Apr,Post-Update
13880,654,2024-01-30,Home,1,66,viewed,1,Jan,Pre-Update
13881,2748,2024-05-10,Payment,4,33,dropped,5,May,Post-Update
13882,2195,2024-04-20,Payment,4,92,clicked,4,Apr,Post-Update
13883,1185,2024-03-11,Payment,4,146,dropped,3,Mar,Pre-Update
13884,1455,2024-01-19,Home,1,198,clicked,1,Jan,Pre-Update
13885,103,2024-03-22,Home,1,93,viewed,3,Mar,Post-Update
13886,2512,2024-03-01,Home,1,172,clicked,3,Mar,Pre-Update
13887,1319,2024-03-25,Home,1,157,clicked,3,Mar,Post-Update
13888,2278,2024-01-03,Payment,4,199,clicked,1,Jan,Pre-Update
13889,2529,2024-02-07,Pricing Page,2,56,viewed,2,Feb,Pre-Update
13890,2696,2024-05-18,Home,1,84,clicked,5,May,Post-Update
13891,660,2024-05-05,Payment,4,200,clicked,5,May,Post-Update
13892,2625,2024-03-01,Home,1,53,viewed,3,Mar,Pre-Update
13893,500,2024-06-18,Home,1,35,dropped,6,Jun,Post-Update
13894,2897,2024-04-22,Pricing Page,2,43,dropped,4,Apr,Post-Update
13895,2410,2024-02-08,Plan Selection,3,133,dropped,2,Feb,Pre-Update
13896,2355,2024-04-08,Pricing Page,2,45,dropped,4,Apr,Post-Update
13897,1857,2024-06-10,Plan Selection,3,86,dropped,6,Jun,Post-Update
13898,545,2024-05-09,Home,1,205,viewed,5,May,Post-Update
13899,416,2024-02-15,Payment,4,99,viewed,2,Feb,Pre-Update
13900,662,2024-06-24,Home,1,204,clicked,6,Jun,Post-Update
13901,2405,2024-06-25,Pricing Page,2,49,dropped,6,Jun,Post-Update
13902,1746,2024-02-18,Plan Selection,3,31,viewed,2,Feb,Pre-Update
13903,1848,2024-05-10,Payment,4,128,viewed,5,May,Post-Update
13904,2466,2024-06-20,Pricing Page,2,51,dropped,6,Jun,Post-Update
13905,1012,2024-01-09,Pricing Page,2,58,dropped,1,Jan,Pre-Update
13906,1787,2024-05-09,Payment,4,168,viewed,5,May,Post-Update
13907,1910,2024-03-08,Confirmation,5,139,converted,3,Mar,Pre-Update
13908,1135,2024-06-20,Plan Selection,3,49,dropped,6,Jun,Post-Update
13909,733,2024-05-09,Payment,4,28,viewed,5,May,Post-Update
13910,1013,2024-06-14,Plan Selection,3,29,viewed,6,Jun,Post-Update
13911,1889,2024-05-23,Home,1,204,viewed,5,May,Post-Update
13912,941,2024-04-24,Pricing Page,2,44,dropped,4,Apr,Post-Update
13913,904,2024-03-03,Payment,4,35,dropped,3,Mar,Pre-Update
13914,795,2024-06-18,Confirmation,5,143,converted,6,Jun,Post-Update
13915,1952,2024-02-14,Pricing Page,2,51,clicked,2,Feb,Pre-Update
13916,268,2024-04-06,Pricing Page,2,48,dropped,4,Apr,Post-Update
13917,2038,2024-05-20,Payment,4,192,dropped,5,May,Post-Update
13918,889,2024-03-25,Pricing Page,2,61,clicked,3,Mar,Post-Update
13919,2957,2024-06-11,Plan Selection,3,206,clicked,6,Jun,Post-Update
13920,1637,2024-05-31,Plan Selection,3,46,clicked,5,May,Post-Update
13921,2907,2024-06-17,Payment,4,11,viewed,6,Jun,Post-Update
13922,2126,2024-02-25,Pricing Page,2,34,clicked,2,Feb,Pre-Update
13923,2388,2024-04-29,Confirmation,5,121,converted,4,Apr,Post-Update
13924,233,2024-05-08,Pricing Page,2,50,dropped,5,May,Post-Update
13925,1134,2024-04-05,Plan Selection,3,201,clicked,4,Apr,Post-Update
13926,1208,2024-02-15,Home,1,104,dropped,2,Feb,Pre-Update
13927,2094,2024-05-28,Home,1,133,dropped,5,May,Post-Update
13928,922,2024-03-21,Pricing Page,2,42,clicked,3,Mar,Post-Update
13929,2106,2024-01-06,Home,1,50,viewed,1,Jan,Pre-Update
13930,1592,2024-02-01,Pricing Page,2,54,dropped,2,Feb,Pre-Update
13931,363,2024-04-27,Payment,4,96,clicked,4,Apr,Post-Update
13932,1200,2024-03-09,Plan Selection,3,80,viewed,3,Mar,Pre-Update
13933,948,2024-04-09,Payment,4,91,clicked,4,Apr,Post-Update
13934,2273,2024-01-01,Payment,4,140,dropped,1,Jan,Pre-Update
13935,1081,2024-04-21,Confirmation,5,29,converted,4,Apr,Post-Update
13936,1573,2024-02-29,Home,1,83,viewed,2,Feb,Pre-Update
13937,211,2024-03-21,Home,1,146,clicked,3,Mar,Post-Update
13938,2938,2024-05-03,Pricing Page,2,46,dropped,5,May,Post-Update
13939,1239,2024-06-10,Pricing Page,2,50,dropped,6,Jun,Post-Update
13940,2865,2024-03-21,Pricing Page,2,52,dropped,3,Mar,Post-Update
13941,2674,2024-05-02,Plan Selection,3,121,viewed,5,May,Post-Update
13942,1404,2024-03-23,Confirmation,5,17,converted,3,Mar,Post-Update
13943,1629,2024-04-18,Pricing Page,2,40,dropped,4,Apr,Post-Update
13944,1236,2024-01-07,Confirmation,5,144,converted,1,Jan,Pre-Update
13945,1453,2024-03-14,Plan Selection,3,150,viewed,3,Mar,Pre-Update
13946,2135,2024-02-17,Home,1,34,dropped,2,Feb,Pre-Update
13947,2731,2024-03-11,Pricing Page,2,56,viewed,3,Mar,Pre-Update
13948,1418,2024-06-06,Confirmation,5,29,converted,6,Jun,Post-Update
13949,1947,2024-06-22,Payment,4,81,dropped,6,Jun,Post-Update
13950,454,2024-01-05,Plan Selection,3,57,dropped,1,Jan,Pre-Update
13951,1008,2024-01-09,Pricing Page,2,30,dropped,1,Jan,Pre-Update
13952,1862,2024-01-23,Payment,4,100,viewed,1,Jan,Pre-Update
13953,1440,2024-03-30,Home,1,152,clicked,3,Mar,Post-Update
13954,162,2024-06-22,Plan Selection,3,56,clicked,6,Jun,Post-Update
13955,2371,2024-01-11,Confirmation,5,103,converted,1,Jan,Pre-Update
13956,1618,2024-02-24,Confirmation,5,113,converted,2,Feb,Pre-Update
13957,2828,2024-01-29,Confirmation,5,68,converted,1,Jan,Pre-Update
13958,1851,2024-02-06,Home,1,39,clicked,2,Feb,Pre-Update
13959,2871,2024-06-20,Payment,4,113,viewed,6,Jun,Post-Update
13960,931,2024-04-24,Pricing Page,2,45,dropped,4,Apr,Post-Update
13961,94,2024-03-29,Pricing Page,2,47,dropped,3,Mar,Post-Update
13962,1550,2024-01-21,Home,1,148,clicked,1,Jan,Pre-Update
13963,504,2024-03-29,Confirmation,5,69,converted,3,Mar,Post-Update
13964,1859,2024-02-07,Home,1,66,viewed,2,Feb,Pre-Update
13965,1546,2024-06-22,Pricing Page,2,47,viewed,6,Jun,Post-Update
13966,1548,2024-06-09,Confirmation,5,173,converted,6,Jun,Post-Update
13967,1189,2024-04-05,Pricing Page,2,58,dropped,4,Apr,Post-Update
13968,1370,2024-06-22,Pricing Page,2,44,clicked,6,Jun,Post-Update
13969,796,2024-06-29,Home,1,10,clicked,6,Jun,Post-Update
13970,157,2024-01-05,Confirmation,5,167,converted,1,Jan,Pre-Update
13971,62,2024-05-13,Plan Selection,3,199,viewed,5,May,Post-Update
13972,1059,2024-02-14,Home,1,36,dropped,2,Feb,Pre-Update
13973,952,2024-01-29,Payment,4,143,viewed,1,Jan,Pre-Update
13974,728,2024-05-01,Plan Selection,3,25,clicked,5,May,Post-Update
13975,1411,2024-05-11,Pricing Page,2,66,dropped,5,May,Post-Update
13976,2358,2024-04-04,Pricing Page,2,57,dropped,4,Apr,Post-Update
13977,2396,2024-02-29,Pricing Page,2,39,viewed,2,Feb,Pre-Update
13978,2935,2024-04-07,Payment,4,45,viewed,4,Apr,Post-Update
13979,1610,2024-06-01,Plan Selection,3,97,clicked,6,Jun,Post-Update
13980,2310,2024-04-18,Plan Selection,3,132,dropped,4,Apr,Post-Update
13981,828,2024-02-25,Plan Selection,3,140,dropped,2,Feb,Pre-Update
13982,1987,2024-06-18,Plan Selection,3,137,dropped,6,Jun,Post-Update
13983,1992,2024-06-25,Confirmation,5,115,converted,6,Jun,Post-Update
13984,2887,2024-02-11,Pricing Page,2,48,dropped,2,Feb,Pre-Update
13985,1378,2024-04-05,Pricing Page,2,60,viewed,4,Apr,Post-Update
13986,1332,2024-03-14,Plan Selection,3,68,clicked,3,Mar,Pre-Update
13987,2611,2024-02-25,Confirmation,5,140,converted,2,Feb,Pre-Update
13988,1591,2024-05-04,Payment,4,44,clicked,5,May,Post-Update
13989,346,2024-04-17,Plan Selection,3,79,viewed,4,Apr,Post-Update
13990,889,2024-06-07,Pricing Page,2,60,dropped,6,Jun,Post-Update
13991,1998,2024-01-28,Payment,4,88,viewed,1,Jan,Pre-Update
13992,128,2024-02-21,Pricing Page,2,48,dropped,2,Feb,Pre-Update
13993,2713,2024-01-17,Payment,4,104,dropped,1,Jan,Pre-Update
13994,328,2024-02-12,Payment,4,106,viewed,2,Feb,Pre-Update
13995,330,2024-05-26,Payment,4,48,viewed,5,May,Post-Update
13996,1215,2024-04-24,Confirmation,5,171,converted,4,Apr,Post-Update
13997,665,2024-05-03,Payment,4,148,dropped,5,May,Post-Update
13998,50,2024-03-18,Home,1,33,clicked,3,Mar,Post-Update
13999,1195,2024-06-19,Plan Selection,3,154,dropped,6,Jun,Post-Update
14000,661,2024-06-06,Plan Selection,3,186,clicked,6,Jun,Post-Update
14001,2713,2024-04-16,Pricing Page,2,51,dropped,4,Apr,Post-Update
14002,233,2024-06-20,Pricing Page,2,57,clicked,6,Jun,Post-Update
14003,2171,2024-03-17,Confirmation,5,105,converted,3,Mar,Post-Update
14004,1606,2024-02-14,Plan Selection,3,83,viewed,2,Feb,Pre-Update
14005,2262,2024-06-04,Home,1,122,viewed,6,Jun,Post-Update
14006,2875,2024-04-19,Home,1,193,dropped,4,Apr,Post-Update
14007,2889,2024-03-11,Home,1,27,clicked,3,Mar,Pre-Update
14008,493,2024-06-23,Pricing Page,2,61,viewed,6,Jun,Post-Update
14009,1278,2024-02-13,Confirmation,5,194,converted,2,Feb,Pre-Update
14010,2483,2024-03-07,Pricing Page,2,50,dropped,3,Mar,Pre-Update
14011,2329,2024-05-20,Plan Selection,3,88,clicked,5,May,Post-Update
14012,1473,2024-03-23,Payment,4,132,viewed,3,Mar,Post-Update
14013,1612,2024-04-30,Plan Selection,3,116,clicked,4,Apr,Post-Update
14014,310,2024-06-11,Home,1,62,viewed,6,Jun,Post-Update
14015,2566,2024-01-17,Confirmation,5,51,converted,1,Jan,Pre-Update
14016,1025,2024-01-16,Pricing Page,2,54,viewed,1,Jan,Pre-Update
14017,2040,2024-06-16,Plan Selection,3,45,dropped,6,Jun,Post-Update
14018,87,2024-05-26,Confirmation,5,78,converted,5,May,Post-Update
14019,2542,2024-02-08,Plan Selection,3,203,clicked,2,Feb,Pre-Update
14020,1306,2024-03-09,Plan Selection,3,160,dropped,3,Mar,Pre-Update
14021,2745,2024-03-26,Plan Selection,3,135,clicked,3,Mar,Post-Update
14022,2130,2024-04-17,Payment,4,82,clicked,4,Apr,Post-Update
14023,1747,2024-06-13,Payment,4,57,viewed,6,Jun,Post-Update
14024,976,2024-02-07,Home,1,137,dropped,2,Feb,Pre-Update
14025,796,2024-02-09,Pricing Page,2,55,dropped,2,Feb,Pre-Update
14026,2756,2024-05-13,Confirmation,5,96,converted,5,May,Post-Update
14027,1102,2024-04-08,Plan Selection,3,105,clicked,4,Apr,Post-Update
14028,459,2024-02-08,Plan Selection,3,96,clicked,2,Feb,Pre-Update
14029,873,2024-03-31,Plan Selection,3,140,clicked,3,Mar,Post-Update
14030,2647,2024-02-25,Confirmation,5,120,converted,2,Feb,Pre-Update
14031,206,2024-05-04,Pricing Page,2,42,dropped,5,May,Post-Update
14032,2225,2024-04-15,Plan Selection,3,151,clicked,4,Apr,Post-Update
14033,607,2024-04-21,Pricing Page,2,53,dropped,4,Apr,Post-Update
14034,514,2024-03-19,Plan Selection,3,201,viewed,3,Mar,Post-Update
14035,827,2024-06-10,Plan Selection,3,104,clicked,6,Jun,Post-Update
14036,2951,2024-03-26,Pricing Page,2,58,dropped,3,Mar,Post-Update
14037,2165,2024-01-27,Plan Selection,3,80,dropped,1,Jan,Pre-Update
14038,1204,2024-05-12,Pricing Page,2,39,viewed,5,May,Post-Update
14039,650,2024-03-27,Payment,4,67,dropped,3,Mar,Post-Update
14040,346,2024-06-28,Plan Selection,3,31,viewed,6,Jun,Post-Update
14041,214,2024-02-28,Pricing Page,2,31,viewed,2,Feb,Pre-Update
14042,2435,2024-01-19,Home,1,26,dropped,1,Jan,Pre-Update
14043,1858,2024-04-14,Home,1,96,dropped,4,Apr,Post-Update
14044,86,2024-06-20,Plan Selection,3,86,viewed,6,Jun,Post-Update
14045,2148,2024-04-30,Home,1,187,viewed,4,Apr,Post-Update
14046,2777,2024-06-06,Plan Selection,3,62,clicked,6,Jun,Post-Update
14047,539,2024-01-21,Home,1,176,dropped,1,Jan,Pre-Update
14048,2368,2024-05-19,Pricing Page,2,43,dropped,5,May,Post-Update
14049,1235,2024-06-10,Pricing Page,2,51,dropped,6,Jun,Post-Update
14050,713,2024-04-30,Plan Selection,3,15,clicked,4,Apr,Post-Update
14051,1562,2024-04-26,Plan Selection,3,81,viewed,4,Apr,Post-Update
14052,88,2024-05-03,Pricing Page,2,55,viewed,5,May,Post-Update
14053,2223,2024-01-06,Confirmation,5,111,converted,1,Jan,Pre-Update
14054,2350,2024-03-12,Plan Selection,3,187,clicked,3,Mar,Pre-Update
14055,949,2024-05-24,Home,1,161,viewed,5,May,Post-Update
14056,815,2024-02-11,Pricing Page,2,57,clicked,2,Feb,Pre-Update
14057,1490,2024-04-04,Home,1,22,viewed,4,Apr,Post-Update
14058,1563,2024-05-20,Pricing Page,2,45,dropped,5,May,Post-Update
14059,1649,2024-06-27,Pricing Page,2,53,clicked,6,Jun,Post-Update
14060,2634,2024-03-01,Home,1,57,dropped,3,Mar,Pre-Update
14061,1385,2024-02-07,Plan Selection,3,127,dropped,2,Feb,Pre-Update
14062,1052,2024-05-03,Pricing Page,2,59,dropped,5,May,Post-Update
14063,2017,2024-04-27,Pricing Page,2,44,dropped,4,Apr,Post-Update
14064,518,2024-05-20,Pricing Page,2,53,dropped,5,May,Post-Update
14065,253,2024-05-27,Payment,4,139,viewed,5,May,Post-Update
14066,57,2024-05-09,Plan Selection,3,91,clicked,5,May,Post-Update
14067,1048,2024-02-06,Confirmation,5,44,converted,2,Feb,Pre-Update
14068,2984,2024-03-23,Pricing Page,2,42,viewed,3,Mar,Post-Update
14069,2696,2024-06-06,Plan Selection,3,131,dropped,6,Jun,Post-Update
14070,2113,2024-02-07,Confirmation,5,13,converted,2,Feb,Pre-Update
14071,922,2024-03-27,Pricing Page,2,66,dropped,3,Mar,Post-Update
14072,1420,2024-04-18,Plan Selection,3,18,clicked,4,Apr,Post-Update
14073,1240,2024-04-08,Pricing Page,2,60,dropped,4,Apr,Post-Update
14074,657,2024-02-10,Pricing Page,2,50,dropped,2,Feb,Pre-Update
14075,757,2024-01-10,Pricing Page,2,39,dropped,1,Jan,Pre-Update
14076,2477,2024-04-25,Plan Selection,3,135,dropped,4,Apr,Post-Update
14077,573,2024-06-13,Confirmation,5,44,converted,6,Jun,Post-Update
14078,2747,2024-01-12,Plan Selection,3,138,clicked,1,Jan,Pre-Update
14079,1905,2024-04-25,Pricing Page,2,53,clicked,4,Apr,Post-Update
14080,2479,2024-01-24,Home,1,97,viewed,1,Jan,Pre-Update
14081,554,2024-05-28,Plan Selection,3,71,viewed,5,May,Post-Update
14082,1399,2024-05-05,Home,1,71,clicked,5,May,Post-Update
14083,1624,2024-05-30,Plan Selection,3,47,clicked,5,May,Post-Update
14084,352,2024-04-13,Plan Selection,3,181,viewed,4,Apr,Post-Update
14085,484,2024-04-11,Pricing Page,2,66,clicked,4,Apr,Post-Update
14086,125,2024-06-06,Pricing Page,2,52,clicked,6,Jun,Post-Update
14087,671,2024-06-16,Confirmation,5,21,converted,6,Jun,Post-Update
14088,1174,2024-05-20,Plan Selection,3,55,viewed,5,May,Post-Update
14089,933,2024-04-11,Payment,4,142,viewed,4,Apr,Post-Update
14090,1532,2024-03-23,Payment,4,87,viewed,3,Mar,Post-Update
14091,676,2024-01-18,Payment,4,156,dropped,1,Jan,Pre-Update
14092,80,2024-03-13,Confirmation,5,94,converted,3,Mar,Pre-Update
14093,1010,2024-03-16,Home,1,28,clicked,3,Mar,Post-Update
14094,2986,2024-02-08,Home,1,167,viewed,2,Feb,Pre-Update
14095,134,2024-02-02,Payment,4,56,viewed,2,Feb,Pre-Update
14096,2567,2024-04-08,Home,1,28,dropped,4,Apr,Post-Update
14097,2701,2024-03-12,Pricing Page,2,34,viewed,3,Mar,Pre-Update
14098,254,2024-05-10,Pricing Page,2,57,dropped,5,May,Post-Update
14099,2688,2024-06-23,Home,1,171,viewed,6,Jun,Post-Update
14100,1866,2024-02-21,Plan Selection,3,203,dropped,2,Feb,Pre-Update
14101,2313,2024-03-23,Confirmation,5,92,converted,3,Mar,Post-Update
14102,584,2024-05-13,Home,1,73,clicked,5,May,Post-Update
14103,1052,2024-06-25,Payment,4,47,clicked,6,Jun,Post-Update
14104,2486,2024-05-07,Home,1,22,dropped,5,May,Post-Update
14105,2543,2024-04-21,Plan Selection,3,179,viewed,4,Apr,Post-Update
14106,1800,2024-01-20,Payment,4,90,viewed,1,Jan,Pre-Update
14107,1940,2024-06-15,Plan Selection,3,127,viewed,6,Jun,Post-Update
14108,2685,2024-05-02,Plan Selection,3,104,clicked,5,May,Post-Update
14109,2754,2024-05-22,Home,1,110,viewed,5,May,Post-Update
14110,1473,2024-03-23,Payment,4,134,viewed,3,Mar,Post-Update
14111,2315,2024-05-01,Home,1,51,viewed,5,May,Post-Update
14112,2811,2024-06-19,Confirmation,5,155,converted,6,Jun,Post-Update
14113,2730,2024-03-06,Home,1,67,dropped,3,Mar,Pre-Update
14114,784,2024-04-23,Pricing Page,2,64,dropped,4,Apr,Post-Update
14115,2629,2024-03-29,Payment,4,142,viewed,3,Mar,Post-Update
14116,480,2024-02-26,Home,1,99,dropped,2,Feb,Pre-Update
14117,2212,2024-04-24,Confirmation,5,188,converted,4,Apr,Post-Update
14118,1771,2024-02-18,Plan Selection,3,29,viewed,2,Feb,Pre-Update
14119,1193,2024-05-20,Plan Selection,3,28,clicked,5,May,Post-Update
14120,2220,2024-03-30,Pricing Page,2,60,dropped,3,Mar,Post-Update
14121,2391,2024-06-22,Pricing Page,2,41,dropped,6,Jun,Post-Update
14122,2210,2024-03-16,Payment,4,34,viewed,3,Mar,Post-Update
14123,1682,2024-06-02,Plan Selection,3,55,clicked,6,Jun,Post-Update
14124,2105,2024-01-14,Pricing Page,2,34,viewed,1,Jan,Pre-Update
14125,1250,2024-01-26,Pricing Page,2,53,clicked,1,Jan,Pre-Update
14126,2670,2024-03-28,Payment,4,58,dropped,3,Mar,Post-Update
14127,925,2024-04-03,Plan Selection,3,157,viewed,4,Apr,Post-Update
14128,1086,2024-04-30,Pricing Page,2,43,dropped,4,Apr,Post-Update
14129,1718,2024-02-03,Home,1,98,viewed,2,Feb,Pre-Update
14130,2192,2024-05-28,Confirmation,5,26,converted,5,May,Post-Update
14131,2085,2024-02-10,Home,1,101,dropped,2,Feb,Pre-Update
14132,2023,2024-05-14,Plan Selection,3,66,clicked,5,May,Post-Update
14133,2101,2024-04-12,Payment,4,12,viewed,4,Apr,Post-Update
14134,294,2024-01-02,Payment,4,158,clicked,1,Jan,Pre-Update
14135,2995,2024-04-29,Pricing Page,2,53,clicked,4,Apr,Post-Update
14136,2168,2024-04-30,Home,1,171,clicked,4,Apr,Post-Update
14137,1008,2024-01-05,Home,1,115,clicked,1,Jan,Pre-Update
14138,2292,2024-01-03,Payment,4,177,viewed,1,Jan,Pre-Update
14139,2473,2024-04-03,Home,1,204,clicked,4,Apr,Post-Update
14140,2529,2024-04-10,Pricing Page,2,56,dropped,4,Apr,Post-Update
14141,2505,2024-01-28,Pricing Page,2,53,dropped,1,Jan,Pre-Update
14142,1248,2024-04-24,Confirmation,5,135,converted,4,Apr,Post-Update
14143,1300,2024-02-20,Home,1,137,viewed,2,Feb,Pre-Update
14144,1752,2024-02-10,Pricing Page,2,34,clicked,2,Feb,Pre-Update
14145,55,2024-06-28,Confirmation,5,123,converted,6,Jun,Post-Update
14146,307,2024-05-27,Payment,4,82,clicked,5,May,Post-Update
14147,1769,2024-03-02,Confirmation,5,136,converted,3,Mar,Pre-Update
14148,1103,2024-06-19,Plan Selection,3,55,clicked,6,Jun,Post-Update
14149,2479,2024-02-10,Plan Selection,3,128,viewed,2,Feb,Pre-Update
14150,612,2024-01-06,Plan Selection,3,137,clicked,1,Jan,Pre-Update
14151,2537,2024-04-13,Pricing Page,2,64,dropped,4,Apr,Post-Update
14152,1331,2024-06-26,Plan Selection,3,194,viewed,6,Jun,Post-Update
14153,2117,2024-06-01,Home,1,204,clicked,6,Jun,Post-Update
14154,2722,2024-05-31,Pricing Page,2,63,viewed,5,May,Post-Update
14155,2594,2024-04-27,Plan Selection,3,69,clicked,4,Apr,Post-Update
14156,2385,2024-03-06,Pricing Page,2,32,dropped,3,Mar,Pre-Update
14157,652,2024-05-27,Pricing Page,2,57,dropped,5,May,Post-Update
14158,585,2024-06-06,Payment,4,59,viewed,6,Jun,Post-Update
14159,2537,2024-03-27,Payment,4,168,clicked,3,Mar,Post-Update
14160,2235,2024-03-23,Home,1,173,viewed,3,Mar,Post-Update
14161,1209,2024-01-19,Pricing Page,2,37,dropped,1,Jan,Pre-Update
14162,70,2024-01-06,Home,1,79,clicked,1,Jan,Pre-Update
14163,900,2024-01-18,Plan Selection,3,131,clicked,1,Jan,Pre-Update
14164,1986,2024-03-17,Home,1,77,clicked,3,Mar,Post-Update
14165,1738,2024-06-19,Confirmation,5,27,converted,6,Jun,Post-Update
14166,1465,2024-02-02,Pricing Page,2,47,clicked,2,Feb,Pre-Update
14167,672,2024-03-06,Home,1,121,clicked,3,Mar,Pre-Update
14168,1202,2024-05-16,Plan Selection,3,128,clicked,5,May,Post-Update
14169,1500,2024-05-12,Home,1,120,clicked,5,May,Post-Update
14170,2667,2024-04-04,Confirmation,5,32,converted,4,Apr,Post-Update
14171,2307,2024-03-31,Home,1,103,viewed,3,Mar,Post-Update
14172,1241,2024-05-20,Plan Selection,3,176,clicked,5,May,Post-Update
14173,2498,2024-03-07,Pricing Page,2,47,viewed,3,Mar,Pre-Update
14174,1686,2024-02-13,Plan Selection,3,193,dropped,2,Feb,Pre-Update
14175,752,2024-02-15,Pricing Page,2,52,dropped,2,Feb,Pre-Update
14176,2787,2024-06-19,Confirmation,5,172,converted,6,Jun,Post-Update
14177,840,2024-06-22,Confirmation,5,194,converted,6,Jun,Post-Update
14178,2194,2024-06-09,Pricing Page,2,55,dropped,6,Jun,Post-Update
14179,62,2024-04-27,Home,1,194,dropped,4,Apr,Post-Update
14180,2113,2024-02-13,Home,1,145,dropped,2,Feb,Pre-Update
14181,2056,2024-06-29,Confirmation,5,150,converted,6,Jun,Post-Update
14182,2076,2024-03-04,Plan Selection,3,87,viewed,3,Mar,Pre-Update
14183,429,2024-01-25,Pricing Page,2,54,dropped,1,Jan,Pre-Update
14184,1279,2024-06-28,Plan Selection,3,105,clicked,6,Jun,Post-Update
14185,382,2024-05-06,Home,1,105,dropped,5,May,Post-Update
14186,2407,2024-06-06,Confirmation,5,20,converted,6,Jun,Post-Update
14187,1437,2024-02-11,Plan Selection,3,186,clicked,2,Feb,Pre-Update
14188,2056,2024-04-23,Home,1,113,clicked,4,Apr,Post-Update
14189,618,2024-06-25,Pricing Page,2,47,clicked,6,Jun,Post-Update
14190,809,2024-05-27,Pricing Page,2,64,dropped,5,May,Post-Update
14191,928,2024-05-21,Confirmation,5,131,converted,5,May,Post-Update
14192,219,2024-04-06,Pricing Page,2,57,viewed,4,Apr,Post-Update
14193,1987,2024-04-06,Plan Selection,3,168,viewed,4,Apr,Post-Update
14194,743,2024-03-25,Plan Selection,3,110,viewed,3,Mar,Post-Update
14195,1061,2024-03-22,Home,1,137,clicked,3,Mar,Post-Update
14196,139,2024-03-23,Home,1,75,dropped,3,Mar,Post-Update
14197,256,2024-05-22,Plan Selection,3,25,clicked,5,May,Post-Update
14198,1073,2024-05-31,Home,1,14,viewed,5,May,Post-Update
14199,2607,2024-06-27,Pricing Page,2,57,dropped,6,Jun,Post-Update
14200,1518,2024-04-28,Payment,4,167,viewed,4,Apr,Post-Update
14201,347,2024-03-29,Home,1,209,viewed,3,Mar,Post-Update
14202,1680,2024-05-01,Plan Selection,3,71,clicked,5,May,Post-Update
14203,2518,2024-04-07,Home,1,55,viewed,4,Apr,Post-Update
14204,1506,2024-04-18,Pricing Page,2,56,dropped,4,Apr,Post-Update
14205,462,2024-06-27,Pricing Page,2,49,dropped,6,Jun,Post-Update
14206,380,2024-02-23,Home,1,125,viewed,2,Feb,Pre-Update
14207,1035,2024-06-07,Pricing Page,2,40,dropped,6,Jun,Post-Update
14208,2614,2024-01-13,Plan Selection,3,89,viewed,1,Jan,Pre-Update
14209,2810,2024-02-07,Pricing Page,2,45,viewed,2,Feb,Pre-Update
14210,1981,2024-05-25,Home,1,162,viewed,5,May,Post-Update
14211,888,2024-02-29,Payment,4,157,clicked,2,Feb,Pre-Update
14212,231,2024-01-02,Payment,4,24,viewed,1,Jan,Pre-Update
14213,908,2024-05-24,Home,1,16,viewed,5,May,Post-Update
14214,1404,2024-04-18,Plan Selection,3,32,viewed,4,Apr,Post-Update
14215,2254,2024-02-24,Pricing Page,2,42,dropped,2,Feb,Pre-Update
14216,131,2024-03-23,Home,1,78,clicked,3,Mar,Post-Update
14217,1335,2024-03-02,Pricing Page,2,53,viewed,3,Mar,Pre-Update
14218,2146,2024-01-27,Plan Selection,3,116,viewed,1,Jan,Pre-Update
14219,2486,2024-03-28,Confirmation,5,46,converted,3,Mar,Post-Update
14220,410,2024-01-25,Pricing Page,2,56,clicked,1,Jan,Pre-Update
14221,2056,2024-03-16,Home,1,179,dropped,3,Mar,Post-Update
14222,1134,2024-03-01,Plan Selection,3,153,viewed,3,Mar,Pre-Update
14223,1974,2024-03-13,Home,1,188,clicked,3,Mar,Pre-Update
14224,1125,2024-04-26,Home,1,112,clicked,4,Apr,Post-Update
14225,2786,2024-05-18,Home,1,195,clicked,5,May,Post-Update
14226,2061,2024-06-22,Plan Selection,3,155,clicked,6,Jun,Post-Update
14227,741,2024-05-19,Home,1,72,dropped,5,May,Post-Update
14228,34,2024-03-28,Pricing Page,2,51,dropped,3,Mar,Post-Update
14229,1540,2024-01-04,Plan Selection,3,150,viewed,1,Jan,Pre-Update
14230,543,2024-02-29,Home,1,125,clicked,2,Feb,Pre-Update
14231,2929,2024-02-16,Pricing Page,2,30,viewed,2,Feb,Pre-Update
14232,2200,2024-05-28,Confirmation,5,28,converted,5,May,Post-Update
14233,2152,2024-02-27,Pricing Page,2,35,clicked,2,Feb,Pre-Update
14234,1806,2024-01-23,Payment,4,143,viewed,1,Jan,Pre-Update
14235,1646,2024-01-03,Pricing Page,2,32,dropped,1,Jan,Pre-Update
14236,2124,2024-06-19,Plan Selection,3,23,viewed,6,Jun,Post-Update
14237,2488,2024-02-29,Home,1,157,clicked,2,Feb,Pre-Update
14238,198,2024-04-11,Plan Selection,3,89,dropped,4,Apr,Post-Update
14239,1338,2024-06-02,Confirmation,5,13,converted,6,Jun,Post-Update
14240,1023,2024-04-28,Pricing Page,2,47,clicked,4,Apr,Post-Update
14241,2776,2024-02-27,Payment,4,36,dropped,2,Feb,Pre-Update
14242,1988,2024-05-02,Pricing Page,2,65,dropped,5,May,Post-Update
14243,642,2024-06-12,Payment,4,143,viewed,6,Jun,Post-Update
14244,1717,2024-05-09,Payment,4,33,dropped,5,May,Post-Update
14245,2330,2024-05-26,Plan Selection,3,37,clicked,5,May,Post-Update
14246,1023,2024-01-10,Pricing Page,2,31,clicked,1,Jan,Pre-Update
14247,651,2024-05-04,Payment,4,191,dropped,5,May,Post-Update
14248,66,2024-04-30,Pricing Page,2,46,clicked,4,Apr,Post-Update
14249,1262,2024-01-26,Pricing Page,2,52,clicked,1,Jan,Pre-Update
14250,2808,2024-03-08,Home,1,47,viewed,3,Mar,Pre-Update
14251,590,2024-05-11,Home,1,19,dropped,5,May,Post-Update
14252,1135,2024-04-14,Payment,4,14,viewed,4,Apr,Post-Update
14253,786,2024-05-08,Payment,4,140,dropped,5,May,Post-Update
14254,141,2024-02-11,Home,1,77,viewed,2,Feb,Pre-Update
14255,1159,2024-06-09,Pricing Page,2,60,viewed,6,Jun,Post-Update
14256,304,2024-06-13,Pricing Page,2,52,clicked,6,Jun,Post-Update
14257,874,2024-02-03,Home,1,140,dropped,2,Feb,Pre-Update
14258,2302,2024-03-13,Plan Selection,3,69,clicked,3,Mar,Pre-Update
14259,164,2024-01-19,Pricing Page,2,43,dropped,1,Jan,Pre-Update
14260,2259,2024-01-17,Home,1,146,viewed,1,Jan,Pre-Update
14261,578,2024-03-16,Plan Selection,3,62,viewed,3,Mar,Post-Update
14262,617,2024-04-25,Plan Selection,3,191,viewed,4,Apr,Post-Update
14263,1452,2024-06-11,Home,1,112,clicked,6,Jun,Post-Update
14264,1947,2024-06-17,Plan Selection,3,166,viewed,6,Jun,Post-Update
14265,1427,2024-01-16,Confirmation,5,153,converted,1,Jan,Pre-Update
14266,1796,2024-06-01,Pricing Page,2,56,clicked,6,Jun,Post-Update
14267,2809,2024-03-18,Pricing Page,2,48,clicked,3,Mar,Post-Update
14268,1496,2024-03-12,Pricing Page,2,35,clicked,3,Mar,Pre-Update
14269,2301,2024-03-24,Home,1,135,dropped,3,Mar,Post-Update
14270,2263,2024-03-11,Plan Selection,3,69,clicked,3,Mar,Pre-Update
14271,397,2024-03-21,Payment,4,173,clicked,3,Mar,Post-Update
14272,1609,2024-06-09,Payment,4,103,viewed,6,Jun,Post-Update
14273,2786,2024-01-08,Pricing Page,2,59,clicked,1,Jan,Pre-Update
14274,705,2024-02-18,Plan Selection,3,94,dropped,2,Feb,Pre-Update
14275,1707,2024-03-03,Home,1,21,dropped,3,Mar,Pre-Update
14276,64,2024-03-10,Payment,4,44,clicked,3,Mar,Pre-Update
14277,2359,2024-01-28,Pricing Page,2,45,clicked,1,Jan,Pre-Update
14278,1823,2024-05-12,Payment,4,196,dropped,5,May,Post-Update
14279,354,2024-01-08,Payment,4,48,clicked,1,Jan,Pre-Update
14280,787,2024-02-07,Pricing Page,2,48,clicked,2,Feb,Pre-Update
14281,337,2024-03-05,Pricing Page,2,35,clicked,3,Mar,Pre-Update
14282,1680,2024-06-12,Payment,4,111,dropped,6,Jun,Post-Update
14283,1472,2024-03-21,Payment,4,99,viewed,3,Mar,Post-Update
14284,1590,2024-05-10,Home,1,196,viewed,5,May,Post-Update
14285,631,2024-02-14,Plan Selection,3,66,viewed,2,Feb,Pre-Update
14286,531,2024-01-13,Payment,4,172,viewed,1,Jan,Pre-Update
14287,2573,2024-02-25,Confirmation,5,195,converted,2,Feb,Pre-Update
14288,2179,2024-06-02,Home,1,159,clicked,6,Jun,Post-Update
14289,1791,2024-02-20,Plan Selection,3,45,dropped,2,Feb,Pre-Update
14290,2704,2024-02-13,Plan Selection,3,170,clicked,2,Feb,Pre-Update
14291,336,2024-01-08,Confirmation,5,67,converted,1,Jan,Pre-Update
14292,2332,2024-01-06,Payment,4,208,clicked,1,Jan,Pre-Update
14293,1894,2024-04-16,Home,1,100,dropped,4,Apr,Post-Update
14294,920,2024-01-25,Payment,4,80,clicked,1,Jan,Pre-Update
14295,1363,2024-05-18,Pricing Page,2,39,viewed,5,May,Post-Update
14296,953,2024-06-08,Pricing Page,2,57,clicked,6,Jun,Post-Update
14297,574,2024-03-30,Confirmation,5,202,converted,3,Mar,Post-Update
14298,477,2024-06-11,Home,1,89,viewed,6,Jun,Post-Update
14299,1465,2024-04-23,Plan Selection,3,114,clicked,4,Apr,Post-Update
14300,776,2024-04-18,Pricing Page,2,46,clicked,4,Apr,Post-Update
14301,2813,2024-03-17,Pricing Page,2,44,dropped,3,Mar,Post-Update
14302,409,2024-02-10,Payment,4,198,clicked,2,Feb,Pre-Update
14303,2495,2024-04-12,Pricing Page,2,67,viewed,4,Apr,Post-Update
14304,1538,2024-06-10,Confirmation,5,200,converted,6,Jun,Post-Update
14305,2924,2024-01-04,Home,1,178,viewed,1,Jan,Pre-Update
14306,2599,2024-02-22,Payment,4,87,clicked,2,Feb,Pre-Update
14307,2292,2024-04-29,Home,1,30,clicked,4,Apr,Post-Update
14308,2957,2024-04-09,Payment,4,81,clicked,4,Apr,Post-Update
14309,2413,2024-06-11,Home,1,145,dropped,6,Jun,Post-Update
14310,2391,2024-03-29,Home,1,159,viewed,3,Mar,Post-Update
14311,2542,2024-03-09,Pricing Page,2,49,dropped,3,Mar,Pre-Update
14312,2723,2024-01-05,Pricing Page,2,58,clicked,1,Jan,Pre-Update
14313,2171,2024-01-16,Pricing Page,2,59,dropped,1,Jan,Pre-Update
14314,2138,2024-02-03,Payment,4,90,viewed,2,Feb,Pre-Update
14315,2938,2024-06-27,Confirmation,5,201,converted,6,Jun,Post-Update
14316,2549,2024-03-07,Pricing Page,2,41,dropped,3,Mar,Pre-Update
14317,603,2024-05-19,Pricing Page,2,66,viewed,5,May,Post-Update
14318,2672,2024-04-23,Pricing Page,2,52,dropped,4,Apr,Post-Update
14319,2189,2024-04-04,Pricing Page,2,52,dropped,4,Apr,Post-Update
14320,1773,2024-02-28,Payment,4,53,clicked,2,Feb,Pre-Update
14321,780,2024-04-09,Confirmation,5,47,converted,4,Apr,Post-Update
14322,93,2024-04-17,Confirmation,5,136,converted,4,Apr,Post-Update
14323,1508,2024-04-22,Plan Selection,3,39,viewed,4,Apr,Post-Update
14324,497,2024-01-13,Payment,4,205,clicked,1,Jan,Pre-Update
14325,3000,2024-05-31,Home,1,96,viewed,5,May,Post-Update
14326,2171,2024-05-24,Payment,4,161,clicked,5,May,Post-Update
14327,504,2024-06-25,Pricing Page,2,66,clicked,6,Jun,Post-Update
14328,1524,2024-03-31,Confirmation,5,94,converted,3,Mar,Post-Update
14329,470,2024-04-03,Home,1,204,clicked,4,Apr,Post-Update
14330,2627,2024-05-06,Payment,4,60,viewed,5,May,Post-Update
14331,1383,2024-03-09,Plan Selection,3,89,clicked,3,Mar,Pre-Update
14332,483,2024-03-11,Pricing Page,2,36,clicked,3,Mar,Pre-Update
14333,1255,2024-02-18,Home,1,127,viewed,2,Feb,Pre-Update
14334,2406,2024-06-05,Confirmation,5,18,converted,6,Jun,Post-Update
14335,1310,2024-01-09,Confirmation,5,115,converted,1,Jan,Pre-Update
14336,2479,2024-04-10,Pricing Page,2,61,dropped,4,Apr,Post-Update
14337,2649,2024-02-19,Payment,4,176,viewed,2,Feb,Pre-Update
14338,1084,2024-06-09,Pricing Page,2,41,dropped,6,Jun,Post-Update
14339,1103,2024-02-04,Payment,4,155,dropped,2,Feb,Pre-Update
14340,299,2024-02-29,Pricing Page,2,50,clicked,2,Feb,Pre-Update
14341,839,2024-06-25,Home,1,73,clicked,6,Jun,Post-Update
14342,687,2024-05-31,Pricing Page,2,66,dropped,5,May,Post-Update
14343,1388,2024-04-06,Pricing Page,2,61,dropped,4,Apr,Post-Update
14344,2369,2024-06-10,Home,1,171,viewed,6,Jun,Post-Update
14345,841,2024-02-02,Home,1,166,viewed,2,Feb,Pre-Update
14346,621,2024-06-12,Confirmation,5,167,converted,6,Jun,Post-Update
14347,718,2024-05-30,Pricing Page,2,59,dropped,5,May,Post-Update
14348,816,2024-03-30,Plan Selection,3,162,viewed,3,Mar,Post-Update
14349,43,2024-03-30,Pricing Page,2,57,viewed,3,Mar,Post-Update
14350,2732,2024-04-25,Pricing Page,2,48,dropped,4,Apr,Post-Update
14351,1910,2024-02-05,Home,1,170,viewed,2,Feb,Pre-Update
14352,1273,2024-05-29,Payment,4,174,clicked,5,May,Post-Update
14353,478,2024-02-10,Plan Selection,3,113,viewed,2,Feb,Pre-Update
14354,2571,2024-02-12,Plan Selection,3,76,viewed,2,Feb,Pre-Update
14355,498,2024-03-01,Home,1,184,viewed,3,Mar,Pre-Update
14356,1770,2024-03-17,Pricing Page,2,51,dropped,3,Mar,Post-Update
14357,1429,2024-06-13,Home,1,189,dropped,6,Jun,Post-Update
14358,2559,2024-06-18,Home,1,177,viewed,6,Jun,Post-Update
14359,1352,2024-06-07,Home,1,114,clicked,6,Jun,Post-Update
14360,177,2024-05-09,Pricing Page,2,64,dropped,5,May,Post-Update
14361,1732,2024-01-23,Confirmation,5,32,converted,1,Jan,Pre-Update
14362,2583,2024-06-25,Pricing Page,2,52,dropped,6,Jun,Post-Update
14363,1131,2024-02-04,Payment,4,127,clicked,2,Feb,Pre-Update
14364,1185,2024-05-03,Pricing Page,2,40,clicked,5,May,Post-Update
14365,2176,2024-02-08,Confirmation,5,175,converted,2,Feb,Pre-Update
14366,1361,2024-05-22,Plan Selection,3,109,viewed,5,May,Post-Update
14367,1174,2024-04-23,Confirmation,5,184,converted,4,Apr,Post-Update
14368,1559,2024-06-25,Pricing Page,2,58,dropped,6,Jun,Post-Update
14369,1367,2024-05-15,Pricing Page,2,57,dropped,5,May,Post-Update
14370,2349,2024-03-23,Confirmation,5,71,converted,3,Mar,Post-Update
14371,2223,2024-05-20,Plan Selection,3,198,viewed,5,May,Post-Update
14372,2890,2024-04-07,Payment,4,90,viewed,4,Apr,Post-Update
14373,2504,2024-03-03,Pricing Page,2,31,clicked,3,Mar,Pre-Update
14374,2039,2024-05-09,Plan Selection,3,127,clicked,5,May,Post-Update
14375,2062,2024-04-12,Payment,4,45,clicked,4,Apr,Post-Update
14376,691,2024-03-30,Payment,4,106,dropped,3,Mar,Post-Update
14377,1996,2024-02-17,Pricing Page,2,52,viewed,2,Feb,Pre-Update
14378,354,2024-06-20,Pricing Page,2,40,dropped,6,Jun,Post-Update
14379,2845,2024-01-06,Pricing Page,2,44,clicked,1,Jan,Pre-Update
14380,369,2024-01-09,Payment,4,53,clicked,1,Jan,Pre-Update
14381,2236,2024-02-21,Home,1,17,viewed,2,Feb,Pre-Update
14382,383,2024-05-06,Home,1,99,viewed,5,May,Post-Update
14383,764,2024-04-02,Payment,4,95,viewed,4,Apr,Post-Update
14384,1620,2024-03-14,Pricing Page,2,53,viewed,3,Mar,Pre-Update
14385,1575,2024-02-19,Payment,4,36,clicked,2,Feb,Pre-Update
14386,148,2024-03-09,Payment,4,128,viewed,3,Mar,Pre-Update
14387,2635,2024-02-05,Pricing Page,2,33,clicked,2,Feb,Pre-Update
14388,1440,2024-05-06,Home,1,49,viewed,5,May,Post-Update
14389,1422,2024-06-16,Pricing Page,2,46,clicked,6,Jun,Post-Update
14390,847,2024-06-13,Plan Selection,3,161,viewed,6,Jun,Post-Update
14391,681,2024-01-07,Pricing Page,2,39,dropped,1,Jan,Pre-Update
14392,94,2024-04-07,Plan Selection,3,82,dropped,4,Apr,Post-Update
14393,89,2024-01-15,Pricing Page,2,38,clicked,1,Jan,Pre-Update
14394,2487,2024-04-04,Home,1,21,viewed,4,Apr,Post-Update
14395,1244,2024-02-27,Pricing Page,2,53,viewed,2,Feb,Pre-Update
14396,2668,2024-06-14,Confirmation,5,168,converted,6,Jun,Post-Update
14397,724,2024-05-29,Pricing Page,2,55,clicked,5,May,Post-Update
14398,2305,2024-05-09,Pricing Page,2,45,dropped,5,May,Post-Update
14399,1585,2024-02-15,Plan Selection,3,131,dropped,2,Feb,Pre-Update
14400,769,2024-02-12,Pricing Page,2,40,clicked,2,Feb,Pre-Update
14401,1297,2024-05-03,Home,1,109,dropped,5,May,Post-Update
14402,935,2024-01-14,Pricing Page,2,30,clicked,1,Jan,Pre-Update
14403,1909,2024-06-24,Confirmation,5,162,converted,6,Jun,Post-Update
14404,14,2024-05-13,Plan Selection,3,50,viewed,5,May,Post-Update
14405,602,2024-01-22,Confirmation,5,123,converted,1,Jan,Pre-Update
14406,2631,2024-05-04,Payment,4,209,clicked,5,May,Post-Update
14407,2372,2024-02-20,Home,1,68,clicked,2,Feb,Pre-Update
14408,11,2024-06-10,Pricing Page,2,55,dropped,6,Jun,Post-Update
14409,198,2024-04-25,Confirmation,5,18,converted,4,Apr,Post-Update
14410,694,2024-01-07,Pricing Page,2,38,dropped,1,Jan,Pre-Update
14411,536,2024-06-05,Payment,4,82,clicked,6,Jun,Post-Update
14412,333,2024-02-12,Payment,4,107,viewed,2,Feb,Pre-Update
14413,431,2024-06-21,Pricing Page,2,64,dropped,6,Jun,Post-Update
14414,2616,2024-03-27,Payment,4,88,viewed,3,Mar,Post-Update
14415,559,2024-06-14,Home,1,63,clicked,6,Jun,Post-Update
14416,2757,2024-04-10,Home,1,103,dropped,4,Apr,Post-Update
14417,2537,2024-03-28,Payment,4,188,viewed,3,Mar,Post-Update
14418,2017,2024-05-15,Plan Selection,3,78,clicked,5,May,Post-Update
14419,2453,2024-03-09,Pricing Page,2,31,viewed,3,Mar,Pre-Update
14420,2121,2024-04-19,Confirmation,5,149,converted,4,Apr,Post-Update
14421,2330,2024-05-23,Plan Selection,3,171,dropped,5,May,Post-Update
14422,530,2024-04-05,Home,1,190,dropped,4,Apr,Post-Update
14423,1383,2024-04-18,Plan Selection,3,64,clicked,4,Apr,Post-Update
14424,2214,2024-01-30,Plan Selection,3,103,clicked,1,Jan,Pre-Update
14425,1206,2024-02-29,Pricing Page,2,36,viewed,2,Feb,Pre-Update
14426,972,2024-02-09,Home,1,201,clicked,2,Feb,Pre-Update
14427,696,2024-06-10,Payment,4,52,viewed,6,Jun,Post-Update
14428,52,2024-06-10,Pricing Page,2,47,dropped,6,Jun,Post-Update
14429,2884,2024-04-30,Pricing Page,2,43,clicked,4,Apr,Post-Update
14430,1640,2024-06-06,Plan Selection,3,204,viewed,6,Jun,Post-Update
14431,1953,2024-01-21,Plan Selection,3,149,viewed,1,Jan,Pre-Update
14432,811,2024-02-29,Payment,4,54,clicked,2,Feb,Pre-Update
14433,787,2024-04-09,Confirmation,5,50,converted,4,Apr,Post-Update
14434,280,2024-06-05,Home,1,125,viewed,6,Jun,Post-Update
14435,572,2024-04-18,Pricing Page,2,48,dropped,4,Apr,Post-Update
14436,614,2024-05-01,Payment,4,161,clicked,5,May,Post-Update
14437,859,2024-06-11,Plan Selection,3,108,clicked,6,Jun,Post-Update
14438,699,2024-04-07,Home,1,91,dropped,4,Apr,Post-Update
14439,2623,2024-02-26,Confirmation,5,161,converted,2,Feb,Pre-Update
14440,2924,2024-04-18,Home,1,114,clicked,4,Apr,Post-Update
14441,1622,2024-03-20,Plan Selection,3,118,dropped,3,Mar,Post-Update
14442,1185,2024-06-22,Plan Selection,3,40,viewed,6,Jun,Post-Update
14443,699,2024-03-05,Home,1,68,clicked,3,Mar,Pre-Update
14444,1181,2024-02-06,Payment,4,124,clicked,2,Feb,Pre-Update
14445,265,2024-03-05,Plan Selection,3,102,viewed,3,Mar,Pre-Update
14446,1690,2024-03-22,Plan Selection,3,95,clicked,3,Mar,Post-Update
14447,348,2024-01-25,Pricing Page,2,38,dropped,1,Jan,Pre-Update
14448,2875,2024-05-11,Payment,4,123,clicked,5,May,Post-Update
14449,771,2024-04-02,Payment,4,76,clicked,4,Apr,Post-Update
14450,2367,2024-06-06,Confirmation,5,62,converted,6,Jun,Post-Update
14451,1153,2024-01-26,Plan Selection,3,72,viewed,1,Jan,Pre-Update
14452,2112,2024-05-12,Plan Selection,3,120,dropped,5,May,Post-Update
14453,2700,2024-01-30,Home,1,38,clicked,1,Jan,Pre-Update
14454,632,2024-01-13,Payment,4,89,viewed,1,Jan,Pre-Update
14455,2866,2024-02-21,Plan Selection,3,193,viewed,2,Feb,Pre-Update
14456,2724,2024-05-14,Confirmation,5,144,converted,5,May,Post-Update
14457,1259,2024-01-16,Home,1,123,clicked,1,Jan,Pre-Update
14458,2937,2024-06-09,Plan Selection,3,187,viewed,6,Jun,Post-Update
14459,2468,2024-03-17,Plan Selection,3,11,dropped,3,Mar,Post-Update
14460,1085,2024-04-13,Payment,4,49,viewed,4,Apr,Post-Update
14461,1645,2024-06-04,Plan Selection,3,148,clicked,6,Jun,Post-Update
14462,1366,2024-05-16,Pricing Page,2,59,dropped,5,May,Post-Update
14463,19,2024-05-10,Plan Selection,3,166,dropped,5,May,Post-Update
14464,1120,2024-03-19,Home,1,197,clicked,3,Mar,Post-Update
14465,2609,2024-05-14,Home,1,66,dropped,5,May,Post-Update
14466,2104,2024-02-01,Payment,4,76,clicked,2,Feb,Pre-Update
14467,2290,2024-05-17,Pricing Page,2,44,clicked,5,May,Post-Update
14468,1153,2024-01-17,Pricing Page,2,37,dropped,1,Jan,Pre-Update
14469,160,2024-01-31,Plan Selection,3,203,viewed,1,Jan,Pre-Update
14470,2584,2024-01-09,Plan Selection,3,29,clicked,1,Jan,Pre-Update
14471,1228,2024-03-18,Confirmation,5,64,converted,3,Mar,Post-Update
14472,1874,2024-02-25,Plan Selection,3,92,dropped,2,Feb,Pre-Update
14473,123,2024-01-08,Home,1,62,dropped,1,Jan,Pre-Update
14474,1799,2024-05-19,Home,1,192,clicked,5,May,Post-Update
14475,1395,2024-06-29,Plan Selection,3,208,dropped,6,Jun,Post-Update
14476,2558,2024-05-18,Pricing Page,2,40,dropped,5,May,Post-Update
14477,1662,2024-01-19,Payment,4,187,viewed,1,Jan,Pre-Update
14478,2871,2024-01-03,Home,1,196,dropped,1,Jan,Pre-Update
14479,1869,2024-06-04,Pricing Page,2,55,clicked,6,Jun,Post-Update
14480,1083,2024-06-18,Plan Selection,3,42,dropped,6,Jun,Post-Update
14481,2152,2024-03-23,Home,1,73,dropped,3,Mar,Post-Update
14482,2848,2024-02-06,Home,1,48,clicked,2,Feb,Pre-Update
14483,2635,2024-06-14,Confirmation,5,197,converted,6,Jun,Post-Update
14484,2642,2024-04-16,Pricing Page,2,60,viewed,4,Apr,Post-Update
14485,671,2024-03-14,Pricing Page,2,48,viewed,3,Mar,Pre-Update
14486,2481,2024-03-04,Pricing Page,2,38,clicked,3,Mar,Pre-Update
14487,139,2024-04-02,Pricing Page,2,55,dropped,4,Apr,Post-Update
14488,632,2024-02-24,Payment,4,102,viewed,2,Feb,Pre-Update
14489,373,2024-04-02,Home,1,77,dropped,4,Apr,Post-Update
14490,2365,2024-03-25,Confirmation,5,89,converted,3,Mar,Post-Update
14491,328,2024-03-05,Pricing Page,2,35,clicked,3,Mar,Pre-Update
14492,754,2024-04-14,Home,1,203,clicked,4,Apr,Post-Update
14493,596,2024-05-12,Home,1,24,dropped,5,May,Post-Update
14494,2343,2024-02-25,Pricing Page,2,32,viewed,2,Feb,Pre-Update
14495,1966,2024-06-20,Payment,4,11,viewed,6,Jun,Post-Update
14496,1769,2024-05-21,Home,1,85,clicked,5,May,Post-Update
14497,499,2024-03-22,Payment,4,84,viewed,3,Mar,Post-Update
14498,188,2024-03-13,Payment,4,194,dropped,3,Mar,Pre-Update
14499,2584,2024-06-17,Home,1,129,viewed,6,Jun,Post-Update
14500,2858,2024-04-03,Payment,4,22,dropped,4,Apr,Post-Update
14501,1566,2024-02-03,Pricing Page,2,37,dropped,2,Feb,Pre-Update
14502,927,2024-06-09,Plan Selection,3,187,viewed,6,Jun,Post-Update
14503,2504,2024-03-27,Confirmation,5,208,converted,3,Mar,Post-Update
14504,950,2024-04-18,Home,1,94,viewed,4,Apr,Post-Update
14505,2033,2024-03-16,Home,1,11,viewed,3,Mar,Post-Update
14506,1199,2024-03-03,Plan Selection,3,121,dropped,3,Mar,Pre-Update
14507,1645,2024-01-01,Pricing Page,2,56,dropped,1,Jan,Pre-Update
14508,2098,2024-05-04,Pricing Page,2,59,dropped,5,May,Post-Update
14509,374,2024-02-21,Home,1,85,viewed,2,Feb,Pre-Update
14510,1987,2024-01-06,Home,1,153,dropped,1,Jan,Pre-Update
14511,1085,2024-03-31,Pricing Page,2,54,dropped,3,Mar,Post-Update
14512,451,2024-01-10,Payment,4,188,dropped,1,Jan,Pre-Update
14513,1420,2024-02-20,Confirmation,5,11,converted,2,Feb,Pre-Update
14514,428,2024-05-03,Confirmation,5,188,converted,5,May,Post-Update
14515,1469,2024-05-20,Pricing Page,2,59,dropped,5,May,Post-Update
14516,2353,2024-05-15,Pricing Page,2,57,dropped,5,May,Post-Update
14517,2310,2024-03-14,Plan Selection,3,79,clicked,3,Mar,Pre-Update
14518,2807,2024-06-10,Plan Selection,3,135,dropped,6,Jun,Post-Update
14519,2719,2024-01-10,Plan Selection,3,133,clicked,1,Jan,Pre-Update
14520,584,2024-05-15,Home,1,120,clicked,5,May,Post-Update
14521,2342,2024-01-07,Payment,4,33,dropped,1,Jan,Pre-Update
14522,2573,2024-01-30,Pricing Page,2,53,dropped,1,Jan,Pre-Update
14523,1078,2024-03-08,Payment,4,176,viewed,3,Mar,Pre-Update
14524,1242,2024-05-11,Pricing Page,2,60,clicked,5,May,Post-Update
14525,72,2024-01-23,Plan Selection,3,89,clicked,1,Jan,Pre-Update
14526,1217,2024-01-13,Home,1,105,viewed,1,Jan,Pre-Update
14527,1281,2024-02-09,Payment,4,95,viewed,2,Feb,Pre-Update
14528,498,2024-05-17,Pricing Page,2,43,dropped,5,May,Post-Update
14529,2297,2024-04-23,Payment,4,78,dropped,4,Apr,Post-Update
14530,2632,2024-06-01,Plan Selection,3,78,dropped,6,Jun,Post-Update
14531,2914,2024-06-03,Pricing Page,2,44,viewed,6,Jun,Post-Update
14532,1054,2024-05-18,Payment,4,114,clicked,5,May,Post-Update
14533,152,2024-02-21,Pricing Page,2,43,clicked,2,Feb,Pre-Update
14534,50,2024-04-29,Pricing Page,2,47,clicked,4,Apr,Post-Update
14535,2954,2024-04-12,Confirmation,5,158,converted,4,Apr,Post-Update
14536,134,2024-06-29,Payment,4,52,clicked,6,Jun,Post-Update
14537,175,2024-05-02,Pricing Page,2,38,dropped,5,May,Post-Update
14538,561,2024-04-17,Pricing Page,2,47,dropped,4,Apr,Post-Update
14539,1318,2024-03-10,Plan Selection,3,176,clicked,3,Mar,Pre-Update
14540,1002,2024-04-13,Payment,4,134,clicked,4,Apr,Post-Update
14541,1867,2024-04-22,Pricing Page,2,47,viewed,4,Apr,Post-Update
14542,2187,2024-05-26,Payment,4,179,viewed,5,May,Post-Update
14543,2574,2024-02-14,Plan Selection,3,121,viewed,2,Feb,Pre-Update
14544,1114,2024-03-18,Home,1,187,clicked,3,Mar,Post-Update
14545,2980,2024-06-25,Confirmation,5,109,converted,6,Jun,Post-Update
14546,2493,2024-04-30,Payment,4,49,clicked,4,Apr,Post-Update
14547,2374,2024-04-04,Pricing Page,2,56,dropped,4,Apr,Post-Update
14548,363,2024-03-15,Plan Selection,3,57,dropped,3,Mar,Post-Update
14549,2518,2024-06-04,Payment,4,83,clicked,6,Jun,Post-Update
14550,586,2024-04-18,Pricing Page,2,46,dropped,4,Apr,Post-Update
14551,2732,2024-01-19,Payment,4,128,viewed,1,Jan,Pre-Update
14552,1060,2024-06-09,Pricing Page,2,43,clicked,6,Jun,Post-Update
14553,1944,2024-05-08,Plan Selection,3,178,clicked,5,May,Post-Update
14554,1903,2024-06-07,Pricing Page,2,60,dropped,6,Jun,Post-Update
14555,399,2024-06-04,Confirmation,5,182,converted,6,Jun,Post-Update
14556,1958,2024-05-02,Pricing Page,2,39,dropped,5,May,Post-Update
14557,555,2024-05-05,Confirmation,5,107,converted,5,May,Post-Update
14558,2116,2024-01-11,Home,1,148,viewed,1,Jan,Pre-Update
14559,1865,2024-02-22,Plan Selection,3,21,clicked,2,Feb,Pre-Update
14560,1337,2024-04-29,Confirmation,5,177,converted,4,Apr,Post-Update
14561,868,2024-06-18,Payment,4,74,dropped,6,Jun,Post-Update
14562,1929,2024-06-03,Pricing Page,2,40,dropped,6,Jun,Post-Update
14563,234,2024-06-25,Plan Selection,3,78,viewed,6,Jun,Post-Update
14564,2065,2024-02-08,Confirmation,5,81,converted,2,Feb,Pre-Update
14565,2383,2024-06-11,Home,1,169,viewed,6,Jun,Post-Update
14566,224,2024-02-23,Pricing Page,2,40,dropped,2,Feb,Pre-Update
14567,189,2024-02-13,Home,1,82,viewed,2,Feb,Pre-Update
14568,2049,2024-01-29,Payment,4,45,viewed,1,Jan,Pre-Update
14569,2896,2024-05-11,Payment,4,119,clicked,5,May,Post-Update
14570,2571,2024-05-21,Pricing Page,2,49,viewed,5,May,Post-Update
14571,857,2024-05-17,Confirmation,5,102,converted,5,May,Post-Update
14572,1374,2024-06-13,Home,1,25,viewed,6,Jun,Post-Update
14573,971,2024-06-08,Pricing Page,2,54,dropped,6,Jun,Post-Update
14574,2412,2024-04-03,Home,1,82,clicked,4,Apr,Post-Update
14575,657,2024-02-26,Confirmation,5,115,converted,2,Feb,Pre-Update
14576,2883,2024-02-10,Pricing Page,2,45,viewed,2,Feb,Pre-Update
14577,1779,2024-03-31,Plan Selection,3,23,dropped,3,Mar,Post-Update
14578,2344,2024-02-27,Pricing Page,2,38,clicked,2,Feb,Pre-Update
14579,925,2024-04-30,Pricing Page,2,39,viewed,4,Apr,Post-Update
14580,2178,2024-05-11,Pricing Page,2,40,viewed,5,May,Post-Update
14581,2221,2024-05-13,Pricing Page,2,41,dropped,5,May,Post-Update
14582,1702,2024-02-21,Payment,4,171,viewed,2,Feb,Pre-Update
14583,2285,2024-02-23,Pricing Page,2,33,viewed,2,Feb,Pre-Update
14584,1694,2024-06-06,Plan Selection,3,149,clicked,6,Jun,Post-Update
14585,1214,2024-04-05,Pricing Page,2,52,dropped,4,Apr,Post-Update
14586,1445,2024-06-02,Payment,4,89,viewed,6,Jun,Post-Update
14587,2864,2024-06-08,Plan Selection,3,30,viewed,6,Jun,Post-Update
14588,2917,2024-02-23,Plan Selection,3,193,viewed,2,Feb,Pre-Update
14589,2322,2024-01-28,Pricing Page,2,52,clicked,1,Jan,Pre-Update
14590,193,2024-06-14,Pricing Page,2,42,clicked,6,Jun,Post-Update
14591,1807,2024-02-02,Home,1,203,clicked,2,Feb,Pre-Update
14592,2112,2024-06-22,Plan Selection,3,121,viewed,6,Jun,Post-Update
14593,2886,2024-04-23,Pricing Page,2,49,dropped,4,Apr,Post-Update
14594,2456,2024-03-30,Home,1,126,viewed,3,Mar,Post-Update
14595,1782,2024-03-07,Home,1,44,viewed,3,Mar,Pre-Update
14596,2868,2024-05-06,Plan Selection,3,209,dropped,5,May,Post-Update
14597,2023,2024-06-24,Payment,4,61,viewed,6,Jun,Post-Update
14598,445,2024-03-11,Plan Selection,3,77,dropped,3,Mar,Pre-Update
14599,2688,2024-06-18,Confirmation,5,39,converted,6,Jun,Post-Update
14600,2277,2024-03-05,Plan Selection,3,97,viewed,3,Mar,Pre-Update
14601,423,2024-04-24,Payment,4,160,clicked,4,Apr,Post-Update
14602,1753,2024-02-09,Pricing Page,2,32,dropped,2,Feb,Pre-Update
14603,1318,2024-02-05,Plan Selection,3,163,viewed,2,Feb,Pre-Update
14604,2367,2024-03-29,Home,1,200,clicked,3,Mar,Post-Update
14605,2148,2024-01-06,Home,1,204,viewed,1,Jan,Pre-Update
14606,438,2024-02-23,Home,1,69,clicked,2,Feb,Pre-Update
14607,2940,2024-05-20,Confirmation,5,92,converted,5,May,Post-Update
14608,660,2024-06-04,Plan Selection,3,128,dropped,6,Jun,Post-Update
14609,1527,2024-03-08,Pricing Page,2,47,viewed,3,Mar,Pre-Update
14610,2782,2024-05-26,Pricing Page,2,65,clicked,5,May,Post-Update
14611,2887,2024-04-18,Home,1,159,clicked,4,Apr,Post-Update
14612,2357,2024-05-09,Pricing Page,2,65,viewed,5,May,Post-Update
14613,2352,2024-02-09,Payment,4,22,dropped,2,Feb,Pre-Update
14614,724,2024-06-20,Home,1,48,viewed,6,Jun,Post-Update
14615,533,2024-01-06,Plan Selection,3,15,clicked,1,Jan,Pre-Update
14616,847,2024-04-16,Home,1,152,clicked,4,Apr,Post-Update
14617,810,2024-03-31,Plan Selection,3,10,viewed,3,Mar,Post-Update
14618,1623,2024-06-25,Pricing Page,2,47,clicked,6,Jun,Post-Update
14619,461,2024-02-27,Home,1,135,viewed,2,Feb,Pre-Update
14620,355,2024-02-04,Plan Selection,3,82,dropped,2,Feb,Pre-Update
14621,502,2024-05-04,Confirmation,5,124,converted,5,May,Post-Update
14622,260,2024-05-09,Pricing Page,2,50,dropped,5,May,Post-Update
14623,1422,2024-06-18,Pricing Page,2,52,clicked,6,Jun,Post-Update
14624,2822,2024-04-27,Pricing Page,2,44,clicked,4,Apr,Post-Update
14625,142,2024-01-07,Home,1,33,clicked,1,Jan,Pre-Update
14626,2597,2024-06-29,Pricing Page,2,38,clicked,6,Jun,Post-Update
14627,97,2024-05-13,Plan Selection,3,167,dropped,5,May,Post-Update
14628,987,2024-02-11,Home,1,21,viewed,2,Feb,Pre-Update
14629,63,2024-04-17,Confirmation,5,150,converted,4,Apr,Post-Update
14630,2476,2024-01-04,Plan Selection,3,18,clicked,1,Jan,Pre-Update
14631,1852,2024-01-08,Pricing Page,2,49,dropped,1,Jan,Pre-Update
14632,2541,2024-05-19,Pricing Page,2,44,dropped,5,May,Post-Update
14633,2952,2024-04-11,Payment,4,120,dropped,4,Apr,Post-Update
14634,1353,2024-04-16,Plan Selection,3,56,clicked,4,Apr,Post-Update
14635,284,2024-03-12,Plan Selection,3,76,clicked,3,Mar,Pre-Update
14636,2209,2024-01-08,Confirmation,5,179,converted,1,Jan,Pre-Update
14637,768,2024-05-13,Confirmation,5,84,converted,5,May,Post-Update
14638,369,2024-03-29,Home,1,196,clicked,3,Mar,Post-Update
14639,814,2024-01-22,Payment,4,119,clicked,1,Jan,Pre-Update
14640,1078,2024-04-17,Confirmation,5,139,converted,4,Apr,Post-Update
14641,1750,2024-06-24,Home,1,139,viewed,6,Jun,Post-Update
14642,1520,2024-06-05,Payment,4,105,viewed,6,Jun,Post-Update
14643,830,2024-04-10,Confirmation,5,27,converted,4,Apr,Post-Update
14644,1758,2024-04-30,Plan Selection,3,182,clicked,4,Apr,Post-Update
14645,1102,2024-01-12,Pricing Page,2,58,dropped,1,Jan,Pre-Update
14646,810,2024-02-23,Plan Selection,3,99,dropped,2,Feb,Pre-Update
14647,2530,2024-04-01,Confirmation,5,99,converted,4,Apr,Post-Update
14648,816,2024-01-02,Pricing Page,2,33,viewed,1,Jan,Pre-Update
14649,874,2024-04-28,Pricing Page,2,40,dropped,4,Apr,Post-Update
14650,1654,2024-02-21,Payment,4,17,viewed,2,Feb,Pre-Update
14651,503,2024-02-18,Payment,4,78,dropped,2,Feb,Pre-Update
14652,201,2024-05-03,Pricing Page,2,38,dropped,5,May,Post-Update
14653,375,2024-02-28,Pricing Page,2,37,clicked,2,Feb,Pre-Update
14654,67,2024-03-18,Home,1,30,clicked,3,Mar,Post-Update
14655,336,2024-05-07,Home,1,176,viewed,5,May,Post-Update
14656,1536,2024-05-15,Pricing Page,2,62,dropped,5,May,Post-Update
14657,2995,2024-03-31,Plan Selection,3,14,viewed,3,Mar,Post-Update
14658,2813,2024-06-09,Plan Selection,3,87,dropped,6,Jun,Post-Update
14659,1083,2024-03-30,Pricing Page,2,51,dropped,3,Mar,Post-Update
14660,806,2024-06-21,Confirmation,5,209,converted,6,Jun,Post-Update
14661,207,2024-03-04,Plan Selection,3,148,viewed,3,Mar,Pre-Update
14662,2887,2024-03-11,Home,1,42,viewed,3,Mar,Pre-Update
14663,1719,2024-01-06,Pricing Page,2,30,viewed,1,Jan,Pre-Update
14664,325,2024-01-08,Confirmation,5,71,converted,1,Jan,Pre-Update
14665,2599,2024-03-16,Pricing Page,2,42,dropped,3,Mar,Post-Update
14666,798,2024-02-21,Plan Selection,3,64,clicked,2,Feb,Pre-Update
14667,1923,2024-05-11,Plan Selection,3,83,viewed,5,May,Post-Update
14668,1338,2024-01-19,Home,1,112,dropped,1,Jan,Pre-Update
14669,2512,2024-06-22,Pricing Page,2,55,dropped,6,Jun,Post-Update
14670,933,2024-04-05,Plan Selection,3,207,viewed,4,Apr,Post-Update
14671,2911,2024-03-30,Plan Selection,3,72,viewed,3,Mar,Post-Update
14672,1499,2024-05-31,Plan Selection,3,185,clicked,5,May,Post-Update
14673,458,2024-05-05,Home,1,197,viewed,5,May,Post-Update
14674,1865,2024-01-08,Pricing Page,2,48,dropped,1,Jan,Pre-Update
14675,1816,2024-05-11,Payment,4,188,dropped,5,May,Post-Update
14676,1387,2024-02-10,Payment,4,204,viewed,2,Feb,Pre-Update
14677,1457,2024-03-10,Pricing Page,2,35,clicked,3,Mar,Pre-Update
14678,2448,2024-05-02,Confirmation,5,150,converted,5,May,Post-Update
14679,1996,2024-02-09,Home,1,183,dropped,2,Feb,Pre-Update
14680,1611,2024-04-18,Pricing Page,2,40,dropped,4,Apr,Post-Update
14681,573,2024-01-17,Confirmation,5,41,converted,1,Jan,Pre-Update
14682,381,2024-01-30,Pricing Page,2,50,dropped,1,Jan,Pre-Update
14683,707,2024-01-06,Pricing Page,2,35,clicked,1,Jan,Pre-Update
14684,1225,2024-02-14,Home,1,64,clicked,2,Feb,Pre-Update
14685,49,2024-06-25,Payment,4,54,viewed,6,Jun,Post-Update
14686,1373,2024-03-15,Plan Selection,3,48,viewed,3,Mar,Post-Update
14687,2728,2024-06-04,Plan Selection,3,56,clicked,6,Jun,Post-Update
14688,1963,2024-06-05,Pricing Page,2,44,viewed,6,Jun,Post-Update
14689,644,2024-01-30,Home,1,92,clicked,1,Jan,Pre-Update
14690,1051,2024-02-05,Confirmation,5,33,converted,2,Feb,Pre-Update
14691,2284,2024-03-22,Confirmation,5,116,converted,3,Mar,Post-Update
14692,2175,2024-01-06,Confirmation,5,166,converted,1,Jan,Pre-Update
14693,2947,2024-04-12,Confirmation,5,165,converted,4,Apr,Post-Update
14694,608,2024-05-02,Payment,4,179,viewed,5,May,Post-Update
14695,78,2024-03-10,Payment,4,33,dropped,3,Mar,Pre-Update
14696,2274,2024-05-10,Pricing Page,2,53,dropped,5,May,Post-Update
14697,1258,2024-02-25,Pricing Page,2,42,dropped,2,Feb,Pre-Update
14698,803,2024-03-16,Pricing Page,2,43,dropped,3,Mar,Post-Update
14699,2515,2024-06-20,Pricing Page,2,45,clicked,6,Jun,Post-Update
14700,1001,2024-05-26,Home,1,163,viewed,5,May,Post-Update
14701,828,2024-02-12,Pricing Page,2,31,dropped,2,Feb,Pre-Update
14702,112,2024-03-23,Home,1,92,clicked,3,Mar,Post-Update
14703,2214,2024-06-12,Pricing Page,2,63,dropped,6,Jun,Post-Update
14704,350,2024-04-13,Plan Selection,3,175,viewed,4,Apr,Post-Update
14705,1731,2024-01-09,Plan Selection,3,93,clicked,1,Jan,Pre-Update
14706,1371,2024-04-29,Confirmation,5,155,converted,4,Apr,Post-Update
14707,2430,2024-06-05,Confirmation,5,187,converted,6,Jun,Post-Update
14708,2232,2024-01-11,Home,1,38,clicked,1,Jan,Pre-Update
14709,658,2024-04-01,Payment,4,169,clicked,4,Apr,Post-Update
14710,1926,2024-06-27,Home,1,24,clicked,6,Jun,Post-Update
14711,1374,2024-02-22,Home,1,102,dropped,2,Feb,Pre-Update
14712,609,2024-04-29,Plan Selection,3,104,clicked,4,Apr,Post-Update
14713,213,2024-03-23,Home,1,12,viewed,3,Mar,Post-Update
14714,325,2024-01-10,Confirmation,5,125,converted,1,Jan,Pre-Update
14715,109,2024-03-23,Home,1,96,viewed,3,Mar,Post-Update
14716,413,2024-04-23,Plan Selection,3,153,clicked,4,Apr,Post-Update
14717,64,2024-05-24,Confirmation,5,61,converted,5,May,Post-Update
14718,1460,2024-04-30,Payment,4,78,dropped,4,Apr,Post-Update
14719,1563,2024-02-19,Payment,4,59,viewed,2,Feb,Pre-Update
14720,542,2024-04-10,Pricing Page,2,51,clicked,4,Apr,Post-Update
14721,2118,2024-05-03,Pricing Page,2,51,dropped,5,May,Post-Update
14722,841,2024-03-19,Pricing Page,2,48,clicked,3,Mar,Post-Update
14723,1533,2024-03-20,Plan Selection,3,11,dropped,3,Mar,Post-Update
14724,575,2024-05-29,Plan Selection,3,79,dropped,5,May,Post-Update
14725,451,2024-04-24,Payment,4,153,clicked,4,Apr,Post-Update
14726,2830,2024-03-23,Pricing Page,2,64,dropped,3,Mar,Post-Update
14727,1507,2024-03-20,Plan Selection,3,25,clicked,3,Mar,Post-Update
14728,1517,2024-03-29,Confirmation,5,43,converted,3,Mar,Post-Update
14729,205,2024-05-30,Confirmation,5,58,converted,5,May,Post-Update
14730,1142,2024-01-31,Plan Selection,3,17,dropped,1,Jan,Pre-Update
14731,509,2024-05-02,Confirmation,5,88,converted,5,May,Post-Update
14732,889,2024-02-26,Plan Selection,3,83,viewed,2,Feb,Pre-Update
14733,513,2024-02-23,Confirmation,5,186,converted,2,Feb,Pre-Update
14734,1657,2024-01-22,Confirmation,5,64,converted,1,Jan,Pre-Update
14735,1791,2024-01-30,Home,1,130,viewed,1,Jan,Pre-Update
14736,78,2024-02-10,Home,1,124,viewed,2,Feb,Pre-Update
14737,2507,2024-01-09,Payment,4,113,clicked,1,Jan,Pre-Update
14738,1096,2024-05-02,Pricing Page,2,51,dropped,5,May,Post-Update
14739,1102,2024-05-27,Confirmation,5,87,converted,5,May,Post-Update
14740,109,2024-01-04,Confirmation,5,194,converted,1,Jan,Pre-Update
14741,1844,2024-02-26,Plan Selection,3,130,viewed,2,Feb,Pre-Update
14742,1893,2024-03-30,Plan Selection,3,90,clicked,3,Mar,Post-Update
14743,555,2024-01-17,Confirmation,5,54,converted,1,Jan,Pre-Update
14744,1258,2024-03-18,Payment,4,25,viewed,3,Mar,Post-Update
14745,1980,2024-06-23,Payment,4,65,viewed,6,Jun,Post-Update
14746,1829,2024-03-10,Home,1,61,dropped,3,Mar,Pre-Update
14747,1301,2024-01-09,Confirmation,5,114,converted,1,Jan,Pre-Update
14748,2451,2024-04-03,Home,1,25,dropped,4,Apr,Post-Update
14749,2573,2024-02-11,Plan Selection,3,55,clicked,2,Feb,Pre-Update
14750,835,2024-02-08,Pricing Page,2,43,clicked,2,Feb,Pre-Update
14751,2841,2024-05-11,Payment,4,173,viewed,5,May,Post-Update
14752,50,2024-06-29,Confirmation,5,148,converted,6,Jun,Post-Update
14753,1973,2024-02-07,Home,1,146,dropped,2,Feb,Pre-Update
14754,246,2024-05-12,Pricing Page,2,65,dropped,5,May,Post-Update
14755,44,2024-06-28,Confirmation,5,141,converted,6,Jun,Post-Update
14756,1541,2024-04-16,Pricing Page,2,44,viewed,4,Apr,Post-Update
14757,2580,2024-04-17,Pricing Page,2,41,dropped,4,Apr,Post-Update
14758,2104,2024-02-23,Pricing Page,2,58,clicked,2,Feb,Pre-Update
14759,538,2024-01-19,Confirmation,5,112,converted,1,Jan,Pre-Update
14760,2052,2024-06-07,Pricing Page,2,67,dropped,6,Jun,Post-Update
14761,173,2024-02-16,Home,1,178,viewed,2,Feb,Pre-Update
14762,1904,2024-05-02,Pricing Page,2,50,dropped,5,May,Post-Update
14763,2126,2024-05-20,Payment,4,101,dropped,5,May,Post-Update
14764,1977,2024-02-20,Pricing Page,2,37,dropped,2,Feb,Pre-Update
14765,1557,2024-03-14,Pricing Page,2,34,dropped,3,Mar,Pre-Update
14766,1295,2024-01-01,Payment,4,139,dropped,1,Jan,Pre-Update
14767,717,2024-01-16,Plan Selection,3,74,clicked,1,Jan,Pre-Update
14768,1167,2024-04-05,Pricing Page,2,60,dropped,4,Apr,Post-Update
14769,1657,2024-05-02,Payment,4,128,viewed,5,May,Post-Update
14770,584,2024-04-16,Pricing Page,2,38,viewed,4,Apr,Post-Update
14771,2681,2024-04-03,Confirmation,5,191,converted,4,Apr,Post-Update
14772,2614,2024-04-24,Plan Selection,3,170,clicked,4,Apr,Post-Update
14773,1746,2024-05-09,Payment,4,209,clicked,5,May,Post-Update
14774,1624,2024-02-03,Pricing Page,2,57,clicked,2,Feb,Pre-Update
14775,2128,2024-03-27,Pricing Page,2,62,dropped,3,Mar,Post-Update
14776,1101,2024-05-12,Plan Selection,3,128,clicked,5,May,Post-Update
14777,2019,2024-03-30,Pricing Page,2,61,dropped,3,Mar,Post-Update
14778,1625,2024-06-23,Home,1,18,viewed,6,Jun,Post-Update
14779,317,2024-04-17,Plan Selection,3,99,clicked,4,Apr,Post-Update
14780,412,2024-05-25,Plan Selection,3,125,dropped,5,May,Post-Update
14781,2275,2024-03-30,Pricing Page,2,54,dropped,3,Mar,Post-Update
14782,2867,2024-03-16,Pricing Page,2,62,dropped,3,Mar,Post-Update
14783,157,2024-05-12,Plan Selection,3,77,dropped,5,May,Post-Update
14784,2426,2024-04-09,Pricing Page,2,67,viewed,4,Apr,Post-Update
14785,4,2024-01-02,Home,1,44,viewed,1,Jan,Pre-Update
14786,691,2024-06-11,Payment,4,74,dropped,6,Jun,Post-Update
14787,115,2024-04-16,Payment,4,77,dropped,4,Apr,Post-Update
14788,520,2024-01-28,Pricing Page,2,51,viewed,1,Jan,Pre-Update
14789,850,2024-05-16,Confirmation,5,75,converted,5,May,Post-Update
14790,2642,2024-03-17,Pricing Page,2,41,dropped,3,Mar,Post-Update
14791,950,2024-02-04,Home,1,102,clicked,2,Feb,Pre-Update
14792,94,2024-02-25,Pricing Page,2,39,dropped,2,Feb,Pre-Update
14793,484,2024-01-27,Pricing Page,2,54,dropped,1,Jan,Pre-Update
14794,2776,2024-05-29,Pricing Page,2,47,dropped,5,May,Post-Update
14795,2195,2024-01-07,Confirmation,5,163,converted,1,Jan,Pre-Update
14796,2759,2024-02-22,Plan Selection,3,139,dropped,2,Feb,Pre-Update
14797,1953,2024-06-11,Plan Selection,3,18,clicked,6,Jun,Post-Update
14798,2067,2024-05-16,Plan Selection,3,69,clicked,5,May,Post-Update
14799,2545,2024-02-05,Pricing Page,2,48,clicked,2,Feb,Pre-Update
14800,2296,2024-05-01,Home,1,79,clicked,5,May,Post-Update
14801,1688,2024-02-14,Plan Selection,3,207,clicked,2,Feb,Pre-Update
14802,1762,2024-01-01,Pricing Page,2,36,clicked,1,Jan,Pre-Update
14803,1148,2024-04-30,Home,1,196,dropped,4,Apr,Post-Update
14804,2114,2024-02-10,Confirmation,5,76,converted,2,Feb,Pre-Update
14805,1964,2024-02-20,Pricing Page,2,40,clicked,2,Feb,Pre-Update
14806,580,2024-04-20,Pricing Page,2,55,dropped,4,Apr,Post-Update
14807,2007,2024-06-08,Pricing Page,2,50,clicked,6,Jun,Post-Update
14808,2268,2024-03-12,Plan Selection,3,80,viewed,3,Mar,Pre-Update
14809,298,2024-04-19,Payment,4,179,dropped,4,Apr,Post-Update
14810,1878,2024-01-06,Pricing Page,2,38,clicked,1,Jan,Pre-Update
14811,83,2024-03-16,Home,1,171,dropped,3,Mar,Post-Update
14812,1734,2024-06-09,Plan Selection,3,182,dropped,6,Jun,Post-Update
14813,1254,2024-03-28,Home,1,85,clicked,3,Mar,Post-Update
14814,2354,2024-05-20,Plan Selection,3,67,viewed,5,May,Post-Update
14815,1577,2024-06-28,Pricing Page,2,65,dropped,6,Jun,Post-Update
14816,1868,2024-05-02,Plan Selection,3,118,dropped,5,May,Post-Update
14817,798,2024-05-22,Home,1,80,clicked,5,May,Post-Update
14818,1934,2024-02-05,Home,1,143,dropped,2,Feb,Pre-Update
14819,2858,2024-02-03,Home,1,166,viewed,2,Feb,Pre-Update
14820,568,2024-05-29,Plan Selection,3,74,viewed,5,May,Post-Update
14821,2182,2024-05-27,Confirmation,5,19,converted,5,May,Post-Update
14822,1598,2024-04-05,Home,1,123,viewed,4,Apr,Post-Update
14823,138,2024-06-26,Payment,4,186,dropped,6,Jun,Post-Update
14824,2916,2024-03-28,Plan Selection,3,27,viewed,3,Mar,Post-Update
14825,931,2024-05-25,Home,1,26,dropped,5,May,Post-Update
14826,879,2024-01-26,Payment,4,157,dropped,1,Jan,Pre-Update
14827,2284,2024-02-09,Payment,4,89,clicked,2,Feb,Pre-Update
14828,1683,2024-01-28,Home,1,206,viewed,1,Jan,Pre-Update
14829,783,2024-03-09,Home,1,103,viewed,3,Mar,Pre-Update
14830,1388,2024-03-11,Plan Selection,3,148,viewed,3,Mar,Pre-Update
14831,1838,2024-06-02,Pricing Page,2,53,dropped,6,Jun,Post-Update
14832,787,2024-02-08,Pricing Page,2,53,dropped,2,Feb,Pre-Update
14833,2164,2024-04-16,Payment,4,26,dropped,4,Apr,Post-Update
14834,807,2024-01-07,Pricing Page,2,53,viewed,1,Jan,Pre-Update
14835,1311,2024-06-16,Pricing Page,2,60,clicked,6,Jun,Post-Update
14836,2801,2024-01-29,Confirmation,5,105,converted,1,Jan,Pre-Update
14837,1270,2024-05-02,Home,1,127,clicked,5,May,Post-Update
14838,194,2024-04-23,Confirmation,5,169,converted,4,Apr,Post-Update
14839,539,2024-04-01,Confirmation,5,101,converted,4,Apr,Post-Update
14840,906,2024-01-25,Payment,4,102,viewed,1,Jan,Pre-Update
14841,1720,2024-06-09,Payment,4,200,clicked,6,Jun,Post-Update
14842,254,2024-04-29,Home,1,57,dropped,4,Apr,Post-Update
14843,1712,2024-05-03,Plan Selection,3,107,clicked,5,May,Post-Update
14844,242,2024-03-27,Home,1,76,dropped,3,Mar,Post-Update
14845,36,2024-03-22,Pricing Page,2,61,dropped,3,Mar,Post-Update
14846,2048,2024-05-25,Confirmation,5,105,converted,5,May,Post-Update
14847,1334,2024-05-23,Plan Selection,3,173,dropped,5,May,Post-Update
14848,1073,2024-02-24,Pricing Page,2,39,dropped,2,Feb,Pre-Update
14849,898,2024-05-14,Payment,4,188,viewed,5,May,Post-Update
14850,737,2024-02-19,Plan Selection,3,83,viewed,2,Feb,Pre-Update
14851,1434,2024-04-26,Payment,4,207,clicked,4,Apr,Post-Update
14852,34,2024-02-18,Pricing Page,2,51,clicked,2,Feb,Pre-Update
14853,435,2024-05-16,Pricing Page,2,50,dropped,5,May,Post-Update
14854,180,2024-01-22,Pricing Page,2,52,clicked,1,Jan,Pre-Update
14855,81,2024-05-21,Payment,4,168,clicked,5,May,Post-Update
14856,27,2024-04-21,Home,1,84,viewed,4,Apr,Post-Update
14857,1706,2024-04-23,Pricing Page,2,47,dropped,4,Apr,Post-Update
14858,1177,2024-01-28,Plan Selection,3,101,clicked,1,Jan,Pre-Update
14859,1009,2024-01-10,Pricing Page,2,35,dropped,1,Jan,Pre-Update
14860,2192,2024-04-01,Pricing Page,2,44,dropped,4,Apr,Post-Update
14861,1753,2024-05-20,Home,1,74,dropped,5,May,Post-Update
14862,524,2024-02-03,Pricing Page,2,42,viewed,2,Feb,Pre-Update
14863,1641,2024-05-30,Plan Selection,3,16,viewed,5,May,Post-Update
14864,455,2024-05-26,Plan Selection,3,113,viewed,5,May,Post-Update
14865,1660,2024-02-24,Payment,4,82,clicked,2,Feb,Pre-Update
14866,603,2024-02-11,Plan Selection,3,207,clicked,2,Feb,Pre-Update
14867,2135,2024-04-10,Plan Selection,3,111,viewed,4,Apr,Post-Update
14868,2046,2024-03-28,Pricing Page,2,50,viewed,3,Mar,Post-Update
14869,1745,2024-01-02,Pricing Page,2,43,dropped,1,Jan,Pre-Update
14870,509,2024-06-23,Pricing Page,2,59,clicked,6,Jun,Post-Update
14871,2740,2024-05-11,Confirmation,5,75,converted,5,May,Post-Update
14872,2786,2024-04-29,Plan Selection,3,131,clicked,4,Apr,Post-Update
14873,1724,2024-03-20,Pricing Page,2,67,dropped,3,Mar,Post-Update
14874,2358,2024-02-21,Home,1,105,dropped,2,Feb,Pre-Update
14875,1517,2024-06-23,Pricing Page,2,57,dropped,6,Jun,Post-Update
14876,1904,2024-02-10,Pricing Page,2,42,clicked,2,Feb,Pre-Update
14877,2520,2024-06-21,Pricing Page,2,47,viewed,6,Jun,Post-Update
14878,1337,2024-04-17,Plan Selection,3,79,viewed,4,Apr,Post-Update
14879,730,2024-04-27,Plan Selection,3,127,clicked,4,Apr,Post-Update
14880,945,2024-02-29,Plan Selection,3,115,clicked,2,Feb,Pre-Update
14881,270,2024-06-01,Confirmation,5,46,converted,6,Jun,Post-Update
14882,246,2024-06-05,Home,1,169,viewed,6,Jun,Post-Update
14883,1034,2024-03-28,Pricing Page,2,51,dropped,3,Mar,Post-Update
14884,323,2024-02-19,Home,1,89,viewed,2,Feb,Pre-Update
14885,163,2024-05-11,Pricing Page,2,43,dropped,5,May,Post-Update
14886,2212,2024-03-01,Pricing Page,2,38,dropped,3,Mar,Pre-Update
14887,1112,2024-05-10,Pricing Page,2,47,dropped,5,May,Post-Update
14888,887,2024-03-04,Payment,4,74,viewed,3,Mar,Pre-Update
14889,2949,2024-06-19,Payment,4,200,clicked,6,Jun,Post-Update
14890,1896,2024-04-30,Pricing Page,2,43,dropped,4,Apr,Post-Update
14891,827,2024-05-07,Plan Selection,3,72,clicked,5,May,Post-Update
14892,1824,2024-04-02,Payment,4,42,viewed,4,Apr,Post-Update
14893,1529,2024-05-15,Pricing Page,2,61,dropped,5,May,Post-Update
14894,2699,2024-05-19,Home,1,111,dropped,5,May,Post-Update
14895,2190,2024-03-30,Pricing Page,2,65,clicked,3,Mar,Post-Update
14896,2668,2024-02-18,Plan Selection,3,131,viewed,2,Feb,Pre-Update
14897,241,2024-03-24,Home,1,203,viewed,3,Mar,Post-Update
14898,581,2024-01-21,Confirmation,5,124,converted,1,Jan,Pre-Update
14899,2720,2024-05-28,Pricing Page,2,52,dropped,5,May,Post-Update
14900,2560,2024-03-27,Payment,4,149,dropped,3,Mar,Post-Update
14901,2821,2024-05-03,Plan Selection,3,193,viewed,5,May,Post-Update
14902,777,2024-06-10,Plan Selection,3,150,clicked,6,Jun,Post-Update
14903,1018,2024-02-11,Home,1,194,dropped,2,Feb,Pre-Update
14904,1338,2024-04-01,Home,1,89,clicked,4,Apr,Post-Update
14905,112,2024-06-02,Home,1,23,viewed,6,Jun,Post-Update
14906,1964,2024-03-06,Payment,4,28,viewed,3,Mar,Pre-Update
14907,1506,2024-04-26,Plan Selection,3,136,dropped,4,Apr,Post-Update
14908,607,2024-06-21,Home,1,199,clicked,6,Jun,Post-Update
14909,1271,2024-03-05,Plan Selection,3,114,dropped,3,Mar,Pre-Update
14910,2146,2024-03-14,Payment,4,46,clicked,3,Mar,Pre-Update
14911,2578,2024-03-22,Plan Selection,3,205,viewed,3,Mar,Post-Update
14912,1654,2024-01-12,Plan Selection,3,41,viewed,1,Jan,Pre-Update
14913,1172,2024-04-25,Home,1,38,viewed,4,Apr,Post-Update
14914,2963,2024-06-09,Pricing Page,2,59,dropped,6,Jun,Post-Update
14915,1589,2024-02-15,Plan Selection,3,120,viewed,2,Feb,Pre-Update
14916,851,2024-01-09,Pricing Page,2,54,viewed,1,Jan,Pre-Update
14917,652,2024-02-19,Plan Selection,3,158,clicked,2,Feb,Pre-Update
14918,2034,2024-04-26,Home,1,207,clicked,4,Apr,Post-Update
14919,2996,2024-05-27,Home,1,190,clicked,5,May,Post-Update
14920,2576,2024-03-04,Home,1,178,viewed,3,Mar,Pre-Update
14921,2426,2024-01-09,Payment,4,182,viewed,1,Jan,Pre-Update
14922,2944,2024-01-30,Confirmation,5,192,converted,1,Jan,Pre-Update
14923,2762,2024-06-05,Plan Selection,3,44,dropped,6,Jun,Post-Update
14924,1541,2024-06-20,Pricing Page,2,43,dropped,6,Jun,Post-Update
14925,2419,2024-02-11,Payment,4,201,clicked,2,Feb,Pre-Update
14926,259,2024-04-29,Home,1,54,viewed,4,Apr,Post-Update
14927,782,2024-03-04,Confirmation,5,161,converted,3,Mar,Pre-Update
14928,2734,2024-02-20,Plan Selection,3,104,clicked,2,Feb,Pre-Update
14929,1369,2024-01-29,Pricing Page,2,48,viewed,1,Jan,Pre-Update
14930,1555,2024-06-20,Home,1,32,viewed,6,Jun,Post-Update
14931,1648,2024-05-28,Pricing Page,2,61,dropped,5,May,Post-Update
14932,897,2024-06-16,Payment,4,186,dropped,6,Jun,Post-Update
14933,1373,2024-04-22,Payment,4,176,viewed,4,Apr,Post-Update
14934,563,2024-01-24,Home,1,17,viewed,1,Jan,Pre-Update
14935,1526,2024-05-20,Pricing Page,2,49,viewed,5,May,Post-Update
14936,1805,2024-01-24,Payment,4,173,clicked,1,Jan,Pre-Update
14937,1251,2024-03-05,Plan Selection,3,135,clicked,3,Mar,Pre-Update
14938,1960,2024-05-15,Payment,4,146,dropped,5,May,Post-Update
14939,586,2024-05-30,Plan Selection,3,88,dropped,5,May,Post-Update
14940,2877,2024-01-21,Plan Selection,3,31,clicked,1,Jan,Pre-Update
14941,143,2024-05-27,Confirmation,5,42,converted,5,May,Post-Update
14942,177,2024-05-25,Payment,4,161,clicked,5,May,Post-Update
14943,670,2024-02-08,Pricing Page,2,40,clicked,2,Feb,Pre-Update
14944,2416,2024-02-25,Home,1,135,viewed,2,Feb,Pre-Update
14945,564,2024-03-30,Confirmation,5,27,converted,3,Mar,Post-Update
14946,2073,2024-02-04,Confirmation,5,187,converted,2,Feb,Pre-Update
14947,2257,2024-01-19,Pricing Page,2,58,viewed,1,Jan,Pre-Update
14948,363,2024-04-22,Payment,4,188,dropped,4,Apr,Post-Update
14949,989,2024-01-09,Pricing Page,2,31,clicked,1,Jan,Pre-Update
14950,1352,2024-05-07,Home,1,145,viewed,5,May,Post-Update
14951,1740,2024-01-24,Confirmation,5,43,converted,1,Jan,Pre-Update
14952,282,2024-06-25,Plan Selection,3,207,dropped,6,Jun,Post-Update
14953,132,2024-04-20,Confirmation,5,171,converted,4,Apr,Post-Update
14954,764,2024-06-02,Pricing Page,2,63,clicked,6,Jun,Post-Update
14955,1130,2024-04-07,Plan Selection,3,56,clicked,4,Apr,Post-Update
14956,1781,2024-04-16,Home,1,24,viewed,4,Apr,Post-Update
14957,268,2024-06-04,Home,1,126,viewed,6,Jun,Post-Update
14958,1058,2024-02-24,Pricing Page,2,39,dropped,2,Feb,Pre-Update
14959,947,2024-05-28,Home,1,62,viewed,5,May,Post-Update
14960,1814,2024-03-11,Home,1,107,dropped,3,Mar,Pre-Update
14961,2383,2024-05-27,Plan Selection,3,207,viewed,5,May,Post-Update
14962,1366,2024-04-22,Payment,4,188,dropped,4,Apr,Post-Update
14963,1165,2024-02-23,Pricing Page,2,51,clicked,2,Feb,Pre-Update
14964,504,2024-05-29,Plan Selection,3,145,clicked,5,May,Post-Update
14965,1246,2024-04-20,Payment,4,42,clicked,4,Apr,Post-Update
14966,1919,2024-06-15,Plan Selection,3,134,dropped,6,Jun,Post-Update
14967,1614,2024-03-22,Plan Selection,3,169,dropped,3,Mar,Post-Update
14968,300,2024-02-07,Payment,4,11,viewed,2,Feb,Pre-Update
14969,964,2024-06-29,Home,1,36,clicked,6,Jun,Post-Update
14970,1523,2024-05-24,Pricing Page,2,65,dropped,5,May,Post-Update
14971,1623,2024-06-12,Confirmation,5,153,converted,6,Jun,Post-Update
14972,2823,2024-04-09,Confirmation,5,195,converted,4,Apr,Post-Update
14973,2719,2024-05-14,Confirmation,5,153,converted,5,May,Post-Update
14974,1869,2024-06-22,Confirmation,5,169,converted,6,Jun,Post-Update
14975,548,2024-04-03,Home,1,143,dropped,4,Apr,Post-Update
14976,164,2024-04-24,Home,1,39,viewed,4,Apr,Post-Update
14977,362,2024-03-24,Confirmation,5,77,converted,3,Mar,Post-Update
14978,2596,2024-02-25,Confirmation,5,161,converted,2,Feb,Pre-Update
14979,2932,2024-04-21,Home,1,190,dropped,4,Apr,Post-Update
14980,1895,2024-06-21,Payment,4,102,viewed,6,Jun,Post-Update
14981,547,2024-05-20,Pricing Page,2,46,dropped,5,May,Post-Update
14982,1270,2024-05-16,Pricing Page,2,43,dropped,5,May,Post-Update
14983,2791,2024-01-26,Confirmation,5,46,converted,1,Jan,Pre-Update
14984,469,2024-02-10,Plan Selection,3,136,dropped,2,Feb,Pre-Update
14985,2935,2024-03-07,Confirmation,5,87,converted,3,Mar,Pre-Update
14986,765,2024-01-19,Payment,4,106,dropped,1,Jan,Pre-Update
14987,740,2024-05-27,Pricing Page,2,43,dropped,5,May,Post-Update
14988,1408,2024-02-25,Home,1,145,dropped,2,Feb,Pre-Update
14989,377,2024-04-06,Pricing Page,2,63,dropped,4,Apr,Post-Update
14990,469,2024-05-20,Pricing Page,2,59,dropped,5,May,Post-Update
14991,1827,2024-06-28,Home,1,149,dropped,6,Jun,Post-Update
14992,1051,2024-03-28,Pricing Page,2,48,clicked,3,Mar,Post-Update
14993,1420,2024-02-12,Payment,4,28,dropped,2,Feb,Pre-Update
14994,1846,2024-04-08,Payment,4,150,viewed,4,Apr,Post-Update
14995,1367,2024-04-07,Pricing Page,2,39,dropped,4,Apr,Post-Update
14996,808,2024-03-27,Plan Selection,3,98,clicked,3,Mar,Post-Update
14997,497,2024-02-29,Home,1,156,dropped,2,Feb,Pre-Update
14998,2830,2024-01-07,Pricing Page,2,47,viewed,1,Jan,Pre-Update
14999,2776,2024-05-26,Pricing Page,2,64,clicked,5,May,Post-Update
15000,1756,2024-06-26,Home,1,157,clicked,6,Jun,Post-Update
