"session_id","user_id","session_date","screen_name","funnel_stage","time_spent_seconds","action_taken"
1,2185,"2024-02-01","Plan Selection",3,185,"clicked"
2,472,"2024-05-08","Home",1,56,"viewed"
3,79,"2024-02-23","Pricing Page",2,34,"clicked"
4,1162,"2024-02-08","Confirmation",5,187,"converted"
5,2148,"2024-06-15","Pricing Page",2,52,"dropped"
6,287,"2024-01-24","Pricing Page",2,44,"dropped"
7,2576,"2024-04-04","Home",1,123,"viewed"
8,439,"2024-03-16","Plan Selection",3,206,"viewed"
9,2876,"2024-06-01","Pricing Page",2,44,"viewed"
10,689,"2024-02-14","Plan Selection",3,10,"clicked"
11,2374,"2024-06-08","Home",1,104,"clicked"
12,142,"2024-03-05","Plan Selection",3,48,"viewed"
13,1252,"2024-01-17","Home",1,152,"viewed"
14,2149,"2024-05-01","Pricing Page",2,38,"dropped"
15,495,"2024-04-01","Home",1,144,"dropped"
16,535,"2024-02-02","Pricing Page",2,36,"dropped"
17,2407,"2024-05-09","Home",1,141,"viewed"
18,99,"2024-05-18","Payment",4,78,"clicked"
19,1923,"2024-04-18","Home",1,131,"viewed"
20,345,"2024-02-08","Payment",4,207,"viewed"
21,2428,"2024-05-22","Pricing Page",2,41,"dropped"
22,1163,"2024-03-26","Home",1,125,"clicked"
23,2267,"2024-06-08","Home",1,21,"viewed"
24,470,"2024-02-03","Pricing Page",2,52,"dropped"
25,1499,"2024-03-23","Payment",4,110,"dropped"
26,1421,"2024-05-20","Pricing Page",2,38,"clicked"
27,154,"2024-03-17","Confirmation",5,108,"converted"
28,1833,"2024-04-14","Home",1,109,"clicked"
29,815,"2024-02-24","Plan Selection",3,114,"clicked"
30,640,"2024-03-13","Pricing Page",2,47,"viewed"
31,1311,"2024-05-02","Home",1,82,"clicked"
32,2262,"2024-01-13","Home",1,45,"viewed"
33,2185,"2024-05-04","Pricing Page",2,44,"dropped"
34,2747,"2024-04-25","Pricing Page",2,47,"dropped"
35,1107,"2024-01-08","Home",1,95,"viewed"
36,2269,"2024-03-05","Plan Selection",3,103,"viewed"
37,2150,"2024-01-20","Pricing Page",2,48,"viewed"
38,2719,"2024-04-29","Plan Selection",3,203,"dropped"
39,1348,"2024-01-07","Payment",4,208,"clicked"
40,1563,"2024-01-20","Confirmation",5,128,"converted"
41,31,"2024-02-19","Pricing Page",2,56,"dropped"
42,108,"2024-02-05","Payment",4,159,"dropped"
43,1366,"2024-06-04","Confirmation",5,13,"converted"
44,981,"2024-04-16","Confirmation",5,16,"converted"
45,884,"2024-03-07","Confirmation",5,146,"converted"
46,1646,"2024-05-04","Payment",4,198,"clicked"
47,2224,"2024-05-17","Plan Selection",3,134,"clicked"
48,2994,"2024-06-06","Pricing Page",2,42,"clicked"
49,2771,"2024-04-19","Pricing Page",2,51,"dropped"
50,2502,"2024-06-09","Confirmation",5,204,"converted"
51,258,"2024-04-02","Pricing Page",2,66,"viewed"
52,1971,"2024-04-11","Payment",4,106,"viewed"
53,348,"2024-06-01","Payment",4,164,"clicked"
54,355,"2024-05-11","Pricing Page",2,45,"dropped"
55,790,"2024-01-19","Plan Selection",3,67,"clicked"
56,1533,"2024-05-12","Home",1,104,"viewed"
57,1055,"2024-06-11","Pricing Page",2,52,"dropped"
58,432,"2024-03-05","Pricing Page",2,51,"clicked"
59,1682,"2024-01-30","Home",1,34,"clicked"
60,2726,"2024-05-20","Home",1,94,"viewed"
61,41,"2024-01-19","Pricing Page",2,31,"viewed"
62,897,"2024-05-24","Home",1,27,"dropped"
63,1365,"2024-06-02","Payment",4,165,"clicked"
64,407,"2024-05-24","Plan Selection",3,121,"dropped"
65,1167,"2024-06-13","Pricing Page",2,42,"dropped"
66,1383,"2024-04-14","Plan Selection",3,174,"clicked"
67,1345,"2024-03-29","Home",1,17,"viewed"
68,825,"2024-05-14","Confirmation",5,65,"converted"
69,2056,"2024-04-16","Confirmation",5,144,"converted"
70,2068,"2024-03-19","Home",1,59,"viewed"
71,2245,"2024-01-10","Home",1,185,"clicked"
72,801,"2024-02-04","Home",1,46,"clicked"
73,2246,"2024-03-07","Plan Selection",3,173,"clicked"
74,746,"2024-02-10","Pricing Page",2,34,"clicked"
75,1758,"2024-01-25","Confirmation",5,38,"converted"
76,2953,"2024-03-30","Plan Selection",3,39,"dropped"
77,940,"2024-01-21","Plan Selection",3,175,"dropped"
78,2024,"2024-05-03","Pricing Page",2,63,"dropped"
79,2557,"2024-01-07","Plan Selection",3,11,"dropped"
80,2445,"2024-04-13","Pricing Page",2,48,"dropped"
81,2392,"2024-02-15","Payment",4,115,"dropped"
82,2260,"2024-04-12","Plan Selection",3,45,"dropped"
83,819,"2024-06-08","Plan Selection",3,66,"viewed"
84,1355,"2024-02-20","Home",1,76,"clicked"
85,2421,"2024-03-04","Pricing Page",2,49,"dropped"
86,1100,"2024-01-05","Home",1,15,"dropped"
87,896,"2024-02-18","Pricing Page",2,40,"clicked"
88,1357,"2024-05-14","Pricing Page",2,53,"dropped"
89,947,"2024-06-01","Pricing Page",2,62,"dropped"
90,2024,"2024-05-10","Plan Selection",3,163,"dropped"
91,119,"2024-06-29","Payment",4,79,"dropped"
92,1833,"2024-04-30","Pricing Page",2,51,"clicked"
93,1550,"2024-02-18","Payment",4,37,"clicked"
94,527,"2024-06-16","Home",1,163,"clicked"
95,772,"2024-05-15","Confirmation",5,130,"converted"
96,336,"2024-05-15","Pricing Page",2,60,"dropped"
97,1822,"2024-02-26","Payment",4,171,"viewed"
98,1564,"2024-02-13","Plan Selection",3,94,"dropped"
99,2737,"2024-06-02","Plan Selection",3,14,"clicked"
100,2452,"2024-03-04","Pricing Page",2,43,"dropped"
101,1822,"2024-06-01","Pricing Page",2,49,"clicked"
102,2876,"2024-02-25","Plan Selection",3,72,"viewed"
103,619,"2024-01-27","Home",1,25,"dropped"
104,583,"2024-05-09","Confirmation",5,164,"converted"
105,2771,"2024-02-23","Plan Selection",3,134,"dropped"
106,590,"2024-06-19","Home",1,164,"clicked"
107,639,"2024-04-08","Home",1,166,"viewed"
108,2986,"2024-06-24","Payment",4,79,"dropped"
109,2832,"2024-01-23","Payment",4,118,"clicked"
110,676,"2024-01-03","Pricing Page",2,56,"dropped"
111,2377,"2024-01-16","Home",1,204,"viewed"
112,2056,"2024-02-18","Pricing Page",2,48,"dropped"
113,902,"2024-05-26","Home",1,81,"clicked"
114,1455,"2024-03-29","Confirmation",5,111,"converted"
115,1652,"2024-02-11","Pricing Page",2,54,"clicked"
116,554,"2024-03-07","Pricing Page",2,39,"clicked"
117,1878,"2024-06-28","Home",1,96,"viewed"
118,812,"2024-04-21","Pricing Page",2,51,"dropped"
119,69,"2024-05-04","Pricing Page",2,63,"dropped"
120,2739,"2024-02-22","Plan Selection",3,143,"dropped"
121,301,"2024-05-31","Confirmation",5,192,"converted"
122,2722,"2024-05-24","Pricing Page",2,66,"viewed"
123,247,"2024-03-18","Confirmation",5,59,"converted"
124,1514,"2024-05-22","Pricing Page",2,59,"dropped"
125,1925,"2024-01-23","Plan Selection",3,25,"clicked"
126,1195,"2024-01-02","Payment",4,56,"viewed"
127,1045,"2024-06-14","Plan Selection",3,178,"viewed"
128,2305,"2024-06-05","Home",1,120,"viewed"
129,1965,"2024-02-22","Pricing Page",2,47,"dropped"
130,488,"2024-05-05","Confirmation",5,176,"converted"
131,641,"2024-04-13","Pricing Page",2,48,"dropped"
132,1616,"2024-03-02","Home",1,79,"clicked"
133,1622,"2024-01-28","Home",1,68,"dropped"
134,640,"2024-01-02","Pricing Page",2,58,"clicked"
135,456,"2024-06-19","Pricing Page",2,51,"dropped"
136,276,"2024-06-28","Plan Selection",3,98,"dropped"
137,1384,"2024-05-31","Payment",4,100,"viewed"
138,234,"2024-05-11","Pricing Page",2,63,"dropped"
139,2124,"2024-03-08","Payment",4,131,"viewed"
140,534,"2024-03-29","Confirmation",5,27,"converted"
141,2103,"2024-02-14","Home",1,185,"dropped"
142,1318,"2024-01-29","Pricing Page",2,55,"viewed"
143,1638,"2024-02-22","Payment",4,50,"clicked"
144,667,"2024-03-15","Pricing Page",2,61,"clicked"
145,419,"2024-04-19","Plan Selection",3,54,"clicked"
146,2381,"2024-01-17","Home",1,23,"dropped"
147,1448,"2024-01-01","Plan Selection",3,168,"clicked"
148,127,"2024-03-06","Plan Selection",3,64,"clicked"
149,2948,"2024-05-29","Home",1,107,"viewed"
150,2359,"2024-03-10","Plan Selection",3,141,"viewed"
151,144,"2024-03-18","Confirmation",5,139,"converted"
152,827,"2024-03-20","Pricing Page",2,54,"dropped"
153,823,"2024-04-25","Pricing Page",2,65,"dropped"
154,1385,"2024-01-01","Plan Selection",3,32,"viewed"
155,246,"2024-03-06","Plan Selection",3,154,"viewed"
156,1553,"2024-05-19","Pricing Page",2,45,"dropped"
157,2032,"2024-04-07","Plan Selection",3,157,"viewed"
158,325,"2024-04-10","Pricing Page",2,53,"dropped"
159,412,"2024-04-26","Payment",4,37,"clicked"
160,2537,"2024-03-25","Payment",4,135,"viewed"
161,2140,"2024-03-14","Confirmation",5,63,"converted"
162,1909,"2024-03-10","Home",1,190,"clicked"
163,2044,"2024-06-25","Payment",4,53,"clicked"
164,1042,"2024-06-18","Plan Selection",3,91,"dropped"
165,925,"2024-02-10","Home",1,66,"viewed"
166,1023,"2024-02-04","Confirmation",5,36,"converted"
167,2490,"2024-05-16","Pricing Page",2,43,"dropped"
168,1634,"2024-05-02","Payment",4,161,"clicked"
169,778,"2024-05-21","Home",1,65,"dropped"
170,710,"2024-01-26","Home",1,125,"viewed"
171,1951,"2024-04-23","Home",1,11,"clicked"
172,1504,"2024-06-28","Pricing Page",2,47,"dropped"
173,927,"2024-05-18","Confirmation",5,56,"converted"
174,1349,"2024-04-08","Pricing Page",2,45,"dropped"
175,2782,"2024-02-10","Pricing Page",2,59,"viewed"
176,1839,"2024-03-01","Payment",4,39,"clicked"
177,2461,"2024-03-02","Pricing Page",2,35,"dropped"
178,2025,"2024-04-21","Home",1,88,"viewed"
179,2709,"2024-01-13","Plan Selection",3,202,"viewed"
180,2050,"2024-05-01","Pricing Page",2,54,"clicked"
181,1245,"2024-04-24","Confirmation",5,152,"converted"
182,2416,"2024-06-08","Confirmation",5,70,"converted"
183,1628,"2024-05-26","Pricing Page",2,56,"viewed"
184,2108,"2024-05-16","Plan Selection",3,30,"clicked"
185,419,"2024-02-11","Payment",4,202,"viewed"
186,794,"2024-03-18","Pricing Page",2,50,"dropped"
187,308,"2024-02-24","Home",1,17,"viewed"
188,2970,"2024-01-17","Pricing Page",2,34,"dropped"
189,599,"2024-06-28","Pricing Page",2,62,"dropped"
190,2176,"2024-04-01","Pricing Page",2,46,"dropped"
191,187,"2024-01-26","Plan Selection",3,41,"dropped"
192,2123,"2024-05-30","Home",1,143,"dropped"
193,663,"2024-03-07","Home",1,167,"clicked"
194,2004,"2024-01-22","Plan Selection",3,131,"dropped"
195,1276,"2024-03-10","Plan Selection",3,12,"dropped"
196,2497,"2024-04-25","Plan Selection",3,111,"clicked"
197,2799,"2024-02-04","Home",1,44,"clicked"
198,1796,"2024-05-10","Payment",4,186,"viewed"
199,847,"2024-03-22","Pricing Page",2,59,"dropped"
200,2431,"2024-06-02","Payment",4,116,"dropped"
201,1318,"2024-04-14","Plan Selection",3,29,"viewed"
202,2060,"2024-01-08","Home",1,136,"viewed"
203,1990,"2024-02-01","Confirmation",5,197,"converted"
204,16,"2024-02-08","Home",1,137,"dropped"
205,603,"2024-06-18","Home",1,119,"clicked"
206,22,"2024-03-21","Pricing Page",2,58,"clicked"
207,2084,"2024-02-15","Home",1,42,"clicked"
208,2432,"2024-02-19","Confirmation",5,180,"converted"
209,1379,"2024-05-13","Pricing Page",2,49,"viewed"
210,1998,"2024-03-19","Home",1,129,"clicked"
211,1285,"2024-05-26","Payment",4,83,"clicked"
212,2046,"2024-05-14","Plan Selection",3,26,"clicked"
213,2705,"2024-02-09","Pricing Page",2,37,"dropped"
214,6,"2024-04-07","Plan Selection",3,174,"dropped"
215,2296,"2024-05-04","Home",1,137,"viewed"
216,2873,"2024-03-24","Pricing Page",2,62,"clicked"
217,1608,"2024-02-18","Payment",4,190,"clicked"
218,2063,"2024-04-19","Confirmation",5,204,"converted"
219,2972,"2024-01-07","Pricing Page",2,58,"dropped"
220,1893,"2024-06-07","Pricing Page",2,61,"dropped"
221,2108,"2024-02-26","Pricing Page",2,39,"dropped"
222,2741,"2024-01-15","Plan Selection",3,16,"dropped"
223,2587,"2024-05-13","Home",1,78,"clicked"
224,2458,"2024-06-28","Pricing Page",2,53,"dropped"
225,2059,"2024-02-26","Pricing Page",2,45,"dropped"
226,524,"2024-03-17","Plan Selection",3,150,"viewed"
227,1656,"2024-04-11","Home",1,29,"dropped"
228,2267,"2024-05-16","Pricing Page",2,44,"dropped"
229,941,"2024-05-23","Home",1,157,"viewed"
230,2746,"2024-05-05","Payment",4,126,"viewed"
231,2328,"2024-05-18","Plan Selection",3,60,"viewed"
232,2687,"2024-02-21","Payment",4,178,"dropped"
233,1444,"2024-03-12","Plan Selection",3,114,"viewed"
234,918,"2024-04-20","Home",1,172,"viewed"
235,2918,"2024-05-27","Home",1,76,"dropped"
236,10,"2024-03-15","Home",1,20,"dropped"
237,954,"2024-02-24","Plan Selection",3,178,"clicked"
238,796,"2024-04-28","Pricing Page",2,50,"clicked"
239,272,"2024-03-20","Confirmation",5,81,"converted"
240,2937,"2024-05-28","Home",1,84,"clicked"
241,2164,"2024-03-31","Pricing Page",2,43,"viewed"
242,2759,"2024-06-15","Payment",4,108,"viewed"
243,44,"2024-03-10","Payment",4,47,"clicked"
244,438,"2024-05-07","Home",1,61,"dropped"
245,1707,"2024-04-25","Pricing Page",2,54,"dropped"
246,1487,"2024-05-26","Plan Selection",3,83,"dropped"
247,2105,"2024-01-05","Home",1,14,"dropped"
248,616,"2024-06-05","Plan Selection",3,187,"clicked"
249,416,"2024-04-20","Plan Selection",3,73,"viewed"
250,1640,"2024-04-24","Plan Selection",3,156,"dropped"
251,783,"2024-01-05","Pricing Page",2,48,"dropped"
252,2247,"2024-03-06","Plan Selection",3,150,"viewed"
253,266,"2024-06-16","Pricing Page",2,39,"dropped"
254,1207,"2024-05-06","Pricing Page",2,48,"viewed"
255,1541,"2024-05-27","Plan Selection",3,52,"clicked"
256,2078,"2024-01-13","Pricing Page",2,32,"clicked"
257,2286,"2024-01-05","Payment",4,28,"viewed"
258,1742,"2024-06-27","Home",1,196,"dropped"
259,2593,"2024-06-16","Home",1,83,"viewed"
260,2103,"2024-02-09","Confirmation",5,72,"converted"
261,1719,"2024-06-17","Confirmation",5,192,"converted"
262,2210,"2024-06-20","Plan Selection",3,163,"clicked"
263,133,"2024-03-16","Confirmation",5,104,"converted"
264,1609,"2024-02-17","Plan Selection",3,146,"clicked"
265,1858,"2024-01-18","Plan Selection",3,176,"clicked"
266,2808,"2024-05-28","Pricing Page",2,38,"dropped"
267,2357,"2024-03-20","Payment",4,192,"dropped"
268,977,"2024-04-17","Confirmation",5,45,"converted"
269,2708,"2024-06-27","Pricing Page",2,43,"dropped"
270,954,"2024-01-18","Plan Selection",3,77,"dropped"
271,1532,"2024-02-13","Plan Selection",3,147,"clicked"
272,2628,"2024-02-09","Pricing Page",2,48,"viewed"
273,38,"2024-05-10","Plan Selection",3,149,"viewed"
274,2322,"2024-04-08","Pricing Page",2,50,"viewed"
275,314,"2024-06-11","Home",1,54,"clicked"
276,387,"2024-06-23","Pricing Page",2,47,"dropped"
277,1547,"2024-05-03","Payment",4,53,"clicked"
278,171,"2024-04-28","Home",1,118,"clicked"
279,1314,"2024-06-20","Pricing Page",2,46,"dropped"
280,2576,"2024-06-06","Payment",4,50,"viewed"
281,260,"2024-02-08","Payment",4,83,"clicked"
282,304,"2024-02-02","Plan Selection",3,101,"clicked"
283,104,"2024-05-12","Plan Selection",3,126,"dropped"
284,1362,"2024-04-09","Pricing Page",2,47,"dropped"
285,454,"2024-03-29","Confirmation",5,96,"converted"
286,673,"2024-05-29","Pricing Page",2,62,"clicked"
287,2859,"2024-05-12","Payment",4,183,"viewed"
288,2668,"2024-05-15","Home",1,37,"clicked"
289,2544,"2024-06-09","Confirmation",5,162,"converted"
290,474,"2024-04-01","Home",1,156,"clicked"
291,1163,"2024-03-10","Payment",4,144,"dropped"
292,923,"2024-03-03","Payment",4,195,"clicked"
293,1749,"2024-01-17","Plan Selection",3,60,"dropped"
294,2960,"2024-03-28","Pricing Page",2,64,"dropped"
295,1169,"2024-06-16","Pricing Page",2,53,"dropped"
296,1942,"2024-03-31","Plan Selection",3,76,"viewed"
297,2516,"2024-02-21","Confirmation",5,157,"converted"
298,2759,"2024-03-11","Home",1,171,"clicked"
299,2572,"2024-06-14","Home",1,65,"clicked"
300,46,"2024-06-24","Payment",4,29,"dropped"
301,369,"2024-03-07","Pricing Page",2,36,"clicked"
302,1984,"2024-03-01","Plan Selection",3,95,"dropped"
303,327,"2024-02-26","Pricing Page",2,35,"dropped"
304,2201,"2024-06-10","Pricing Page",2,57,"dropped"
305,1258,"2024-04-30","Home",1,74,"clicked"
306,422,"2024-03-20","Payment",4,117,"clicked"
307,691,"2024-01-09","Plan Selection",3,133,"clicked"
308,992,"2024-03-02","Plan Selection",3,113,"clicked"
309,2280,"2024-03-15","Payment",4,149,"dropped"
310,1731,"2024-03-27","Plan Selection",3,182,"clicked"
311,318,"2024-04-02","Pricing Page",2,57,"dropped"
312,2549,"2024-04-10","Pricing Page",2,53,"viewed"
313,198,"2024-04-06","Pricing Page",2,60,"dropped"
314,1642,"2024-04-27","Plan Selection",3,22,"clicked"
315,979,"2024-01-23","Plan Selection",3,178,"clicked"
316,2730,"2024-05-04","Plan Selection",3,94,"dropped"
317,2704,"2024-03-13","Pricing Page",2,39,"clicked"
318,990,"2024-05-04","Pricing Page",2,43,"dropped"
319,965,"2024-06-08","Pricing Page",2,55,"dropped"
320,57,"2024-03-21","Home",1,111,"dropped"
321,1988,"2024-02-06","Home",1,99,"dropped"
322,2246,"2024-01-16","Home",1,131,"clicked"
323,2401,"2024-03-18","Payment",4,87,"viewed"
324,1469,"2024-02-16","Payment",4,82,"clicked"
325,1688,"2024-05-28","Pricing Page",2,56,"viewed"
326,1661,"2024-01-19","Payment",4,208,"clicked"
327,2620,"2024-02-17","Plan Selection",3,134,"dropped"
328,1411,"2024-01-28","Pricing Page",2,37,"dropped"
329,1179,"2024-02-20","Pricing Page",2,37,"clicked"
330,887,"2024-04-26","Pricing Page",2,60,"clicked"
331,1780,"2024-04-26","Pricing Page",2,47,"dropped"
332,2789,"2024-01-27","Confirmation",5,63,"converted"
333,1517,"2024-05-12","Home",1,108,"dropped"
334,2323,"2024-05-10","Pricing Page",2,45,"dropped"
335,854,"2024-02-06","Home",1,32,"dropped"
336,953,"2024-02-05","Home",1,125,"viewed"
337,495,"2024-03-29","Confirmation",5,64,"converted"
338,1576,"2024-05-25","Pricing Page",2,62,"clicked"
339,1352,"2024-06-11","Home",1,199,"clicked"
340,2706,"2024-03-25","Plan Selection",3,157,"viewed"
341,2535,"2024-05-22","Pricing Page",2,57,"dropped"
342,467,"2024-05-11","Home",1,132,"clicked"
343,254,"2024-05-01","Home",1,113,"clicked"
344,2479,"2024-02-24","Home",1,48,"viewed"
345,2988,"2024-02-12","Home",1,43,"clicked"
346,326,"2024-04-13","Plan Selection",3,12,"clicked"
347,233,"2024-01-22","Pricing Page",2,42,"dropped"
348,2603,"2024-02-18","Payment",4,182,"dropped"
349,2867,"2024-03-23","Pricing Page",2,58,"dropped"
350,2039,"2024-06-26","Payment",4,84,"clicked"
351,888,"2024-04-23","Pricing Page",2,49,"dropped"
352,1242,"2024-05-16","Plan Selection",3,75,"dropped"
353,1439,"2024-01-22","Home",1,92,"clicked"
354,2267,"2024-06-26","Plan Selection",3,67,"clicked"
355,1951,"2024-05-13","Payment",4,116,"clicked"
356,1415,"2024-01-21","Home",1,101,"viewed"
357,1954,"2024-06-01","Pricing Page",2,60,"dropped"
358,2899,"2024-05-01","Pricing Page",2,47,"dropped"
359,55,"2024-04-01","Pricing Page",2,62,"clicked"
360,2959,"2024-06-06","Pricing Page",2,47,"dropped"
361,207,"2024-01-27","Plan Selection",3,41,"dropped"
362,2069,"2024-05-15","Plan Selection",3,44,"viewed"
363,1652,"2024-02-25","Confirmation",5,116,"converted"
364,2934,"2024-02-24","Plan Selection",3,191,"viewed"
365,1717,"2024-02-21","Plan Selection",3,135,"dropped"
366,1172,"2024-05-22","Payment",4,107,"dropped"
367,371,"2024-02-18","Confirmation",5,25,"converted"
368,1396,"2024-01-16","Home",1,198,"clicked"
369,336,"2024-05-24","Plan Selection",3,180,"clicked"
370,170,"2024-02-26","Pricing Page",2,59,"viewed"
371,2941,"2024-04-06","Payment",4,18,"dropped"
372,131,"2024-01-20","Pricing Page",2,53,"clicked"
373,2348,"2024-01-08","Payment",4,53,"clicked"
374,2125,"2024-01-24","Plan Selection",3,49,"clicked"
375,1878,"2024-05-24","Home",1,33,"clicked"
376,136,"2024-03-11","Payment",4,189,"dropped"
377,1677,"2024-04-26","Plan Selection",3,157,"dropped"
378,729,"2024-06-19","Confirmation",5,20,"converted"
379,987,"2024-03-30","Pricing Page",2,65,"dropped"
380,2349,"2024-04-21","Payment",4,161,"viewed"
381,2697,"2024-04-16","Pricing Page",2,51,"dropped"
382,1003,"2024-01-10","Pricing Page",2,34,"dropped"
383,1663,"2024-05-16","Home",1,54,"viewed"
384,1264,"2024-04-28","Home",1,34,"clicked"
385,1389,"2024-04-20","Plan Selection",3,113,"clicked"
386,857,"2024-05-11","Payment",4,158,"clicked"
387,1660,"2024-05-06","Payment",4,19,"viewed"
388,1845,"2024-05-28","Pricing Page",2,63,"dropped"
389,1410,"2024-01-30","Pricing Page",2,47,"clicked"
390,1822,"2024-01-04","Pricing Page",2,40,"viewed"
391,1908,"2024-03-04","Payment",4,46,"clicked"
392,1055,"2024-04-21","Home",1,59,"dropped"
393,535,"2024-03-02","Home",1,161,"clicked"
394,966,"2024-04-28","Pricing Page",2,56,"dropped"
395,1909,"2024-06-12","Plan Selection",3,87,"dropped"
396,566,"2024-05-12","Home",1,71,"dropped"
397,703,"2024-03-27","Plan Selection",3,11,"viewed"
398,2428,"2024-01-28","Pricing Page",2,34,"viewed"
399,1967,"2024-05-24","Home",1,162,"viewed"
400,986,"2024-03-25","Pricing Page",2,49,"clicked"
401,189,"2024-05-22","Payment",4,85,"viewed"
402,376,"2024-04-30","Confirmation",5,170,"converted"
403,419,"2024-02-21","Confirmation",5,37,"converted"
404,2100,"2024-01-16","Pricing Page",2,40,"viewed"
405,2641,"2024-01-08","Plan Selection",3,160,"dropped"
406,2802,"2024-04-09","Confirmation",5,36,"converted"
407,2387,"2024-04-14","Pricing Page",2,60,"dropped"
408,29,"2024-02-23","Pricing Page",2,41,"clicked"
409,2405,"2024-02-09","Plan Selection",3,166,"viewed"
410,2732,"2024-06-29","Pricing Page",2,46,"clicked"
411,698,"2024-02-29","Confirmation",5,165,"converted"
412,75,"2024-05-23","Confirmation",5,25,"converted"
413,2139,"2024-03-01","Plan Selection",3,133,"clicked"
414,2351,"2024-03-01","Pricing Page",2,46,"viewed"
415,1255,"2024-04-28","Home",1,35,"clicked"
416,1649,"2024-06-27","Pricing Page",2,51,"dropped"
417,2022,"2024-01-29","Payment",4,71,"clicked"
418,1338,"2024-03-14","Plan Selection",3,70,"clicked"
419,288,"2024-02-19","Home",1,132,"viewed"
420,530,"2024-03-26","Payment",4,157,"dropped"
421,2428,"2024-03-18","Plan Selection",3,66,"clicked"
422,1582,"2024-05-26","Pricing Page",2,65,"dropped"
423,318,"2024-01-04","Payment",4,167,"viewed"
424,2361,"2024-01-09","Payment",4,56,"clicked"
425,99,"2024-04-04","Plan Selection",3,10,"clicked"
426,953,"2024-02-05","Home",1,116,"clicked"
427,1178,"2024-01-30","Plan Selection",3,160,"viewed"
428,2522,"2024-05-14","Home",1,146,"viewed"
429,865,"2024-06-01","Pricing Page",2,43,"viewed"
430,2551,"2024-04-21","Plan Selection",3,171,"clicked"
431,2409,"2024-05-02","Confirmation",5,187,"converted"
432,1471,"2024-05-21","Pricing Page",2,64,"dropped"
433,44,"2024-04-27","Home",1,11,"clicked"
434,1059,"2024-03-01","Plan Selection",3,29,"viewed"
435,2473,"2024-02-15","Payment",4,45,"clicked"
436,395,"2024-01-11","Confirmation",5,66,"converted"
437,2235,"2024-06-06","Home",1,16,"viewed"
438,2176,"2024-03-01","Plan Selection",3,111,"dropped"
439,1788,"2024-06-13","Payment",4,26,"dropped"
440,1239,"2024-04-30","Home",1,93,"viewed"
441,2918,"2024-02-29","Plan Selection",3,126,"viewed"
442,475,"2024-03-21","Payment",4,95,"viewed"
443,298,"2024-06-06","Home",1,131,"viewed"
444,2326,"2024-01-21","Pricing Page",2,55,"clicked"
445,462,"2024-01-27","Pricing Page",2,56,"clicked"
446,2004,"2024-02-29","Plan Selection",3,56,"dropped"
447,1485,"2024-05-16","Pricing Page",2,43,"viewed"
448,1197,"2024-01-10","Home",1,48,"viewed"
449,603,"2024-05-12","Home",1,39,"clicked"
450,682,"2024-04-06","Confirmation",5,64,"converted"
451,1352,"2024-03-18","Payment",4,152,"dropped"
452,1897,"2024-05-07","Plan Selection",3,202,"viewed"
453,2920,"2024-06-20","Payment",4,64,"viewed"
454,1791,"2024-03-02","Confirmation",5,112,"converted"
455,2553,"2024-05-08","Home",1,190,"clicked"
456,2098,"2024-01-10","Home",1,155,"dropped"
457,957,"2024-02-23","Plan Selection",3,146,"viewed"
458,995,"2024-01-06","Home",1,143,"viewed"
459,1242,"2024-03-17","Payment",4,16,"clicked"
460,2505,"2024-03-16","Plan Selection",3,131,"clicked"
461,2544,"2024-02-12","Plan Selection",3,92,"dropped"
462,2236,"2024-01-25","Pricing Page",2,54,"clicked"
463,483,"2024-04-27","Payment",4,188,"dropped"
464,274,"2024-06-29","Plan Selection",3,118,"clicked"
465,962,"2024-05-31","Pricing Page",2,55,"dropped"
466,1289,"2024-03-22","Confirmation",5,109,"converted"
467,1752,"2024-03-17","Pricing Page",2,53,"dropped"
468,2167,"2024-02-20","Pricing Page",2,37,"clicked"
469,809,"2024-04-06","Payment",4,157,"dropped"
470,549,"2024-05-02","Payment",4,44,"clicked"
471,568,"2024-06-15","Home",1,94,"viewed"
472,2148,"2024-04-17","Payment",4,63,"viewed"
473,2372,"2024-02-04","Plan Selection",3,89,"dropped"
474,2488,"2024-04-06","Home",1,57,"viewed"
475,2333,"2024-05-22","Plan Selection",3,152,"viewed"
476,1208,"2024-06-10","Pricing Page",2,55,"dropped"
477,2361,"2024-04-25","Payment",4,57,"viewed"
478,2251,"2024-05-02","Home",1,127,"clicked"
479,208,"2024-04-27","Home",1,56,"dropped"
480,1723,"2024-05-08","Payment",4,203,"clicked"
481,90,"2024-06-27","Payment",4,66,"viewed"
482,1423,"2024-05-20","Pricing Page",2,38,"clicked"
483,469,"2024-06-06","Confirmation",5,178,"converted"
484,1622,"2024-02-01","Pricing Page",2,50,"clicked"
485,1956,"2024-01-03","Home",1,126,"clicked"
486,2886,"2024-02-02","Home",1,117,"viewed"
487,1698,"2024-06-16","Confirmation",5,179,"converted"
488,1421,"2024-05-28","Plan Selection",3,192,"clicked"
489,2918,"2024-02-12","Pricing Page",2,48,"dropped"
490,1272,"2024-03-08","Plan Selection",3,169,"dropped"
491,2381,"2024-02-16","Confirmation",5,167,"converted"
492,603,"2024-04-26","Plan Selection",3,27,"viewed"
493,2773,"2024-05-07","Payment",4,140,"dropped"
494,222,"2024-03-03","Plan Selection",3,118,"dropped"
495,575,"2024-03-25","Payment",4,80,"clicked"
496,1558,"2024-01-09","Plan Selection",3,68,"clicked"
497,408,"2024-03-25","Confirmation",5,66,"converted"
498,1813,"2024-01-31","Home",1,142,"dropped"
499,289,"2024-05-29","Payment",4,164,"clicked"
500,549,"2024-01-04","Plan Selection",3,143,"viewed"
501,1407,"2024-02-17","Confirmation",5,170,"converted"
502,768,"2024-06-06","Plan Selection",3,73,"viewed"
503,559,"2024-03-22","Plan Selection",3,25,"clicked"
504,1430,"2024-03-04","Pricing Page",2,48,"dropped"
505,1086,"2024-05-06","Pricing Page",2,66,"dropped"
506,39,"2024-02-28","Plan Selection",3,187,"viewed"
507,14,"2024-05-28","Home",1,198,"clicked"
508,1514,"2024-01-23","Home",1,53,"viewed"
509,2975,"2024-05-19","Confirmation",5,30,"converted"
510,2593,"2024-01-03","Pricing Page",2,38,"dropped"
511,1765,"2024-04-27","Pricing Page",2,51,"clicked"
512,1903,"2024-05-22","Home",1,174,"viewed"
513,1505,"2024-04-05","Home",1,36,"dropped"
514,2117,"2024-06-06","Pricing Page",2,54,"dropped"
515,2631,"2024-01-08","Plan Selection",3,169,"dropped"
516,2224,"2024-01-06","Confirmation",5,108,"converted"
517,2180,"2024-01-27","Plan Selection",3,82,"dropped"
518,1544,"2024-02-08","Plan Selection",3,11,"clicked"
519,642,"2024-05-11","Confirmation",5,167,"converted"
520,2839,"2024-03-08","Home",1,23,"dropped"
521,2598,"2024-05-05","Payment",4,58,"viewed"
522,1188,"2024-01-19","Pricing Page",2,39,"clicked"
523,1002,"2024-05-02","Pricing Page",2,63,"dropped"
524,255,"2024-01-08","Confirmation",5,141,"converted"
525,1269,"2024-01-25","Pricing Page",2,50,"dropped"
526,2668,"2024-06-06","Plan Selection",3,162,"viewed"
527,2125,"2024-01-26","Plan Selection",3,100,"clicked"
528,1058,"2024-01-25","Plan Selection",3,145,"clicked"
529,1962,"2024-04-29","Pricing Page",2,57,"dropped"
530,2062,"2024-03-18","Home",1,38,"clicked"
531,2496,"2024-05-25","Plan Selection",3,56,"clicked"
532,556,"2024-02-05","Pricing Page",2,45,"dropped"
533,2331,"2024-01-21","Pricing Page",2,56,"clicked"
534,2779,"2024-03-25","Plan Selection",3,91,"clicked"
535,1527,"2024-04-01","Home",1,113,"clicked"
536,875,"2024-05-15","Payment",4,29,"viewed"
537,381,"2024-06-26","Plan Selection",3,148,"viewed"
538,1059,"2024-01-19","Pricing Page",2,59,"clicked"
539,2277,"2024-01-31","Plan Selection",3,73,"viewed"
540,1528,"2024-06-06","Payment",4,111,"dropped"
541,2523,"2024-06-26","Pricing Page",2,38,"viewed"
542,1526,"2024-05-25","Pricing Page",2,39,"clicked"
543,2592,"2024-06-11","Confirmation",5,165,"converted"
544,628,"2024-05-08","Confirmation",5,110,"converted"
545,2197,"2024-01-28","Plan Selection",3,85,"dropped"
546,2319,"2024-02-28","Pricing Page",2,45,"clicked"
547,172,"2024-01-20","Pricing Page",2,45,"clicked"
548,2016,"2024-01-08","Home",1,182,"viewed"
549,2932,"2024-05-15","Payment",4,178,"viewed"
550,853,"2024-01-24","Payment",4,134,"viewed"
551,2028,"2024-02-15","Pricing Page",2,41,"dropped"
552,2525,"2024-04-24","Plan Selection",3,59,"clicked"
553,24,"2024-06-28","Confirmation",5,148,"converted"
554,2011,"2024-02-18","Pricing Page",2,55,"dropped"
555,1815,"2024-03-03","Confirmation",5,106,"converted"
556,2122,"2024-01-16","Pricing Page",2,39,"clicked"
557,431,"2024-06-06","Confirmation",5,206,"converted"
558,442,"2024-05-23","Plan Selection",3,68,"viewed"
559,1136,"2024-03-02","Plan Selection",3,171,"clicked"
560,926,"2024-03-31","Plan Selection",3,91,"clicked"
561,586,"2024-01-24","Home",1,189,"clicked"
562,2626,"2024-03-20","Plan Selection",3,108,"viewed"
563,1264,"2024-05-18","Plan Selection",3,118,"dropped"
564,1269,"2024-01-16","Home",1,106,"viewed"
565,1281,"2024-02-07","Payment",4,46,"viewed"
566,1873,"2024-02-08","Pricing Page",2,40,"dropped"
567,3,"2024-03-03","Payment",4,132,"viewed"
568,1472,"2024-06-04","Payment",4,117,"dropped"
569,1423,"2024-05-10","Home",1,151,"dropped"
570,2,"2024-06-16","Plan Selection",3,84,"viewed"
571,2174,"2024-05-10","Pricing Page",2,66,"dropped"
572,1165,"2024-04-21","Confirmation",5,159,"converted"
573,2940,"2024-04-28","Pricing Page",2,60,"clicked"
574,341,"2024-04-13","Plan Selection",3,180,"viewed"
575,191,"2024-01-27","Plan Selection",3,54,"clicked"
576,2741,"2024-01-04","Pricing Page",2,52,"clicked"
577,283,"2024-03-24","Home",1,160,"viewed"
578,343,"2024-04-09","Pricing Page",2,49,"clicked"
579,793,"2024-02-20","Plan Selection",3,45,"dropped"
580,2472,"2024-06-13","Home",1,137,"viewed"
581,2920,"2024-06-17","Payment",4,183,"dropped"
582,388,"2024-02-07","Plan Selection",3,123,"viewed"
583,2818,"2024-06-13","Payment",4,201,"clicked"
584,35,"2024-02-28","Plan Selection",3,205,"dropped"
585,1816,"2024-05-08","Payment",4,107,"clicked"
586,2787,"2024-05-25","Pricing Page",2,62,"dropped"
587,243,"2024-03-31","Pricing Page",2,62,"dropped"
588,860,"2024-03-06","Confirmation",5,151,"converted"
589,1961,"2024-01-27","Payment",4,100,"viewed"
590,807,"2024-04-12","Home",1,103,"dropped"
591,2352,"2024-02-07","Plan Selection",3,162,"viewed"
592,2010,"2024-06-24","Payment",4,75,"dropped"
593,1351,"2024-06-28","Plan Selection",3,31,"viewed"
594,404,"2024-04-17","Plan Selection",3,26,"viewed"
595,630,"2024-06-25","Pricing Page",2,46,"clicked"
596,2145,"2024-03-18","Confirmation",5,140,"converted"
597,887,"2024-04-05","Payment",4,34,"clicked"
598,1773,"2024-05-21","Home",1,72,"dropped"
599,2842,"2024-02-06","Home",1,55,"viewed"
600,1614,"2024-05-16","Home",1,114,"dropped"
601,447,"2024-02-26","Home",1,142,"viewed"
602,2169,"2024-05-23","Payment",4,128,"clicked"
603,364,"2024-06-06","Confirmation",5,63,"converted"
604,1248,"2024-02-20","Home",1,179,"viewed"
605,1780,"2024-03-29","Plan Selection",3,171,"dropped"
606,2824,"2024-03-29","Plan Selection",3,143,"clicked"
607,753,"2024-06-12","Payment",4,36,"clicked"
608,1026,"2024-05-01","Pricing Page",2,56,"dropped"
609,1427,"2024-02-06","Plan Selection",3,73,"viewed"
610,623,"2024-04-07","Home",1,170,"viewed"
611,1023,"2024-03-23","Pricing Page",2,66,"dropped"
612,383,"2024-04-24","Payment",4,10,"viewed"
613,1150,"2024-06-08","Pricing Page",2,55,"dropped"
614,318,"2024-01-05","Payment",4,190,"dropped"
615,2907,"2024-03-20","Pricing Page",2,40,"dropped"
616,1428,"2024-05-17","Pricing Page",2,55,"clicked"
617,979,"2024-02-02","Confirmation",5,12,"converted"
618,989,"2024-04-21","Home",1,123,"clicked"
619,643,"2024-02-28","Confirmation",5,196,"converted"
620,2158,"2024-05-24","Payment",4,161,"clicked"
621,646,"2024-02-03","Pricing Page",2,53,"dropped"
622,1482,"2024-06-18","Pricing Page",2,44,"dropped"
623,2944,"2024-02-23","Plan Selection",3,177,"clicked"
624,728,"2024-04-11","Home",1,138,"dropped"
625,481,"2024-05-15","Pricing Page",2,41,"clicked"
626,537,"2024-05-25","Pricing Page",2,38,"dropped"
627,2371,"2024-02-19","Home",1,45,"viewed"
628,2754,"2024-06-15","Payment",4,94,"clicked"
629,2175,"2024-05-30","Confirmation",5,102,"converted"
630,975,"2024-02-14","Pricing Page",2,44,"clicked"
631,387,"2024-03-28","Home",1,152,"clicked"
632,560,"2024-04-07","Home",1,17,"viewed"
633,2598,"2024-06-19","Home",1,158,"clicked"
634,2009,"2024-02-07","Home",1,106,"clicked"
635,952,"2024-04-05","Plan Selection",3,179,"dropped"
636,986,"2024-01-23","Plan Selection",3,164,"viewed"
637,1610,"2024-05-20","Pricing Page",2,67,"dropped"
638,1595,"2024-03-10","Pricing Page",2,45,"clicked"
639,1443,"2024-04-13","Pricing Page",2,49,"dropped"
640,2645,"2024-04-20","Pricing Page",2,45,"dropped"
641,1074,"2024-05-08","Pricing Page",2,47,"dropped"
642,1542,"2024-02-24","Confirmation",5,182,"converted"
643,1393,"2024-05-12","Pricing Page",2,40,"clicked"
644,2919,"2024-06-18","Payment",4,205,"viewed"
645,369,"2024-05-21","Plan Selection",3,90,"clicked"
646,1728,"2024-05-26","Pricing Page",2,43,"viewed"
647,905,"2024-04-16","Home",1,85,"viewed"
648,2728,"2024-01-22","Payment",4,208,"clicked"
649,2207,"2024-04-28","Home",1,79,"clicked"
650,2104,"2024-06-04","Pricing Page",2,50,"dropped"
651,956,"2024-01-07","Pricing Page",2,30,"clicked"
652,781,"2024-06-09","Plan Selection",3,138,"dropped"
653,769,"2024-04-12","Home",1,134,"viewed"
654,2146,"2024-05-29","Confirmation",5,103,"converted"
655,1129,"2024-03-26","Pricing Page",2,61,"dropped"
656,1137,"2024-03-27","Pricing Page",2,64,"dropped"
657,823,"2024-04-24","Pricing Page",2,63,"dropped"
658,1012,"2024-01-30","Payment",4,118,"clicked"
659,2538,"2024-03-03","Home",1,186,"viewed"
660,1988,"2024-05-11","Plan Selection",3,23,"clicked"
661,2090,"2024-03-03","Plan Selection",3,46,"viewed"
662,1030,"2024-05-21","Payment",4,19,"viewed"
663,2743,"2024-05-12","Confirmation",5,88,"converted"
664,601,"2024-05-30","Plan Selection",3,60,"viewed"
665,923,"2024-05-06","Plan Selection",3,170,"clicked"
666,2920,"2024-01-07","Pricing Page",2,34,"dropped"
667,1968,"2024-02-07","Home",1,144,"dropped"
668,2712,"2024-06-24","Home",1,164,"clicked"
669,2844,"2024-03-09","Home",1,37,"clicked"
670,707,"2024-04-15","Pricing Page",2,48,"dropped"
671,381,"2024-04-10","Pricing Page",2,45,"dropped"
672,2646,"2024-01-04","Pricing Page",2,36,"clicked"
673,2235,"2024-05-07","Pricing Page",2,48,"viewed"
674,1035,"2024-01-16","Pricing Page",2,49,"dropped"
675,2374,"2024-03-30","Home",1,205,"viewed"
676,542,"2024-01-06","Plan Selection",3,202,"viewed"
677,2996,"2024-01-12","Pricing Page",2,41,"viewed"
678,2329,"2024-06-15","Pricing Page",2,56,"dropped"
679,883,"2024-05-24","Home",1,34,"clicked"
680,463,"2024-06-04","Payment",4,124,"clicked"
681,525,"2024-05-13","Home",1,127,"clicked"
682,1508,"2024-01-29","Pricing Page",2,57,"clicked"
683,2242,"2024-04-29","Home",1,83,"viewed"
684,2961,"2024-01-16","Pricing Page",2,31,"viewed"
685,2966,"2024-03-27","Pricing Page",2,59,"dropped"
686,1036,"2024-05-29","Home",1,201,"clicked"
687,2295,"2024-02-13","Confirmation",5,181,"converted"
688,1606,"2024-01-19","Confirmation",5,63,"converted"
689,1756,"2024-01-23","Payment",4,11,"clicked"
690,60,"2024-06-06","Pricing Page",2,64,"dropped"
691,313,"2024-06-03","Confirmation",5,46,"converted"
692,239,"2024-06-01","Confirmation",5,78,"converted"
693,2368,"2024-06-15","Pricing Page",2,49,"dropped"
694,277,"2024-05-08","Pricing Page",2,43,"dropped"
695,1161,"2024-03-03","Plan Selection",3,169,"clicked"
696,200,"2024-03-23","Home",1,10,"viewed"
697,2979,"2024-04-11","Payment",4,99,"viewed"
698,1422,"2024-01-14","Confirmation",5,126,"converted"
699,101,"2024-03-15","Confirmation",5,131,"converted"
700,387,"2024-05-28","Plan Selection",3,33,"clicked"
701,2475,"2024-05-28","Plan Selection",3,142,"clicked"
702,553,"2024-04-22","Plan Selection",3,185,"viewed"
703,366,"2024-03-04","Pricing Page",2,58,"clicked"
704,2333,"2024-02-27","Pricing Page",2,40,"dropped"
705,209,"2024-02-14","Home",1,90,"viewed"
706,1195,"2024-02-11","Confirmation",5,23,"converted"
707,1484,"2024-02-17","Payment",4,83,"clicked"
708,1801,"2024-06-26","Home",1,123,"clicked"
709,2796,"2024-01-15","Plan Selection",3,174,"clicked"
710,2620,"2024-04-11","Home",1,67,"viewed"
711,1184,"2024-03-16","Confirmation",5,69,"converted"
712,2274,"2024-06-10","Home",1,72,"viewed"
713,2705,"2024-04-19","Pricing Page",2,60,"clicked"
714,2380,"2024-04-08","Pricing Page",2,39,"dropped"
715,2855,"2024-01-20","Plan Selection",3,26,"clicked"
716,1737,"2024-05-25","Pricing Page",2,66,"viewed"
717,2362,"2024-01-29","Pricing Page",2,50,"dropped"
718,1254,"2024-05-28","Payment",4,169,"clicked"
719,2337,"2024-04-16","Plan Selection",3,67,"viewed"
720,450,"2024-06-19","Pricing Page",2,52,"clicked"
721,2799,"2024-04-20","Pricing Page",2,52,"clicked"
722,1706,"2024-01-08","Plan Selection",3,86,"clicked"
723,2607,"2024-01-25","Home",1,206,"viewed"
724,1388,"2024-02-17","Confirmation",5,181,"converted"
725,1496,"2024-06-15","Home",1,166,"clicked"
726,1609,"2024-06-21","Home",1,204,"clicked"
727,2638,"2024-02-27","Confirmation",5,173,"converted"
728,650,"2024-04-24","Plan Selection",3,155,"dropped"
729,303,"2024-03-01","Pricing Page",2,55,"dropped"
730,698,"2024-05-03","Payment",4,123,"viewed"
731,1908,"2024-02-01","Confirmation",5,71,"converted"
732,1945,"2024-02-26","Plan Selection",3,38,"viewed"
733,2594,"2024-05-15","Home",1,120,"clicked"
734,2155,"2024-05-18","Plan Selection",3,29,"clicked"
735,2944,"2024-04-07","Payment",4,35,"clicked"
736,1734,"2024-05-09","Payment",4,14,"viewed"
737,72,"2024-02-17","Pricing Page",2,42,"dropped"
738,1680,"2024-05-09","Confirmation",5,69,"converted"
739,2444,"2024-02-03","Pricing Page",2,57,"dropped"
740,1346,"2024-01-28","Pricing Page",2,47,"clicked"
741,2153,"2024-04-01","Pricing Page",2,50,"viewed"
742,848,"2024-05-06","Plan Selection",3,36,"viewed"
743,763,"2024-01-15","Plan Selection",3,190,"viewed"
744,1367,"2024-03-09","Plan Selection",3,112,"viewed"
745,837,"2024-04-02","Plan Selection",3,13,"viewed"
746,2162,"2024-05-14","Plan Selection",3,109,"viewed"
747,2291,"2024-02-18","Home",1,89,"viewed"
748,513,"2024-02-12","Plan Selection",3,132,"dropped"
749,1569,"2024-03-13","Pricing Page",2,57,"dropped"
750,2605,"2024-03-07","Pricing Page",2,31,"clicked"
751,1082,"2024-02-28","Plan Selection",3,155,"dropped"
752,2643,"2024-03-07","Pricing Page",2,56,"viewed"
753,2180,"2024-06-26","Payment",4,148,"clicked"
754,918,"2024-05-06","Plan Selection",3,178,"clicked"
755,1975,"2024-06-26","Confirmation",5,159,"converted"
756,2745,"2024-03-01","Confirmation",5,143,"converted"
757,1582,"2024-04-25","Plan Selection",3,31,"viewed"
758,843,"2024-02-14","Pricing Page",2,35,"clicked"
759,240,"2024-02-13","Confirmation",5,27,"converted"
760,1659,"2024-03-31","Payment",4,157,"dropped"
761,1371,"2024-06-09","Home",1,141,"dropped"
762,1520,"2024-02-14","Plan Selection",3,171,"viewed"
763,459,"2024-01-04","Plan Selection",3,26,"clicked"
764,1293,"2024-04-08","Pricing Page",2,54,"dropped"
765,1700,"2024-03-31","Payment",4,107,"dropped"
766,2258,"2024-04-25","Confirmation",5,148,"converted"
767,2107,"2024-03-19","Home",1,13,"viewed"
768,1371,"2024-04-14","Plan Selection",3,171,"clicked"
769,361,"2024-01-15","Home",1,201,"viewed"
770,1401,"2024-02-29","Pricing Page",2,38,"clicked"
771,314,"2024-05-20","Plan Selection",3,123,"dropped"
772,2399,"2024-05-05","Home",1,62,"dropped"
773,2134,"2024-02-17","Home",1,23,"viewed"
774,2812,"2024-02-06","Pricing Page",2,41,"dropped"
775,2050,"2024-02-23","Pricing Page",2,36,"viewed"
776,2319,"2024-02-02","Plan Selection",3,91,"clicked"
777,395,"2024-06-01","Payment",4,120,"clicked"
778,2890,"2024-05-31","Pricing Page",2,38,"dropped"
779,2620,"2024-05-25","Pricing Page",2,54,"dropped"
780,2915,"2024-02-25","Plan Selection",3,55,"clicked"
781,1725,"2024-01-22","Payment",4,198,"dropped"
782,2676,"2024-01-05","Pricing Page",2,34,"clicked"
783,2628,"2024-06-22","Home",1,206,"clicked"
784,12,"2024-06-03","Pricing Page",2,58,"clicked"
785,176,"2024-03-22","Home",1,25,"dropped"
786,1170,"2024-04-14","Plan Selection",3,179,"dropped"
787,2780,"2024-03-04","Confirmation",5,168,"converted"
788,199,"2024-06-20","Plan Selection",3,179,"viewed"
789,1760,"2024-01-10","Plan Selection",3,86,"clicked"
790,2394,"2024-05-28","Plan Selection",3,26,"clicked"
791,484,"2024-06-23","Pricing Page",2,60,"clicked"
792,1982,"2024-06-20","Payment",4,205,"viewed"
793,216,"2024-04-09","Plan Selection",3,23,"viewed"
794,1019,"2024-04-13","Payment",4,100,"viewed"
795,1503,"2024-02-03","Pricing Page",2,47,"clicked"
796,785,"2024-04-03","Payment",4,91,"viewed"
797,369,"2024-04-19","Plan Selection",3,103,"clicked"
798,1430,"2024-02-15","Payment",4,84,"clicked"
799,2380,"2024-05-28","Payment",4,49,"viewed"
800,978,"2024-02-20","Pricing Page",2,38,"dropped"
801,2110,"2024-02-06","Confirmation",5,175,"converted"
802,1478,"2024-06-25","Pricing Page",2,38,"viewed"
803,1809,"2024-02-09","Pricing Page",2,52,"viewed"
804,1131,"2024-01-19","Pricing Page",2,46,"clicked"
805,1278,"2024-02-23","Home",1,31,"viewed"
806,1149,"2024-01-17","Pricing Page",2,37,"dropped"
807,290,"2024-03-05","Plan Selection",3,98,"viewed"
808,618,"2024-06-13","Confirmation",5,180,"converted"
809,1564,"2024-01-09","Plan Selection",3,51,"dropped"
810,1693,"2024-05-07","Payment",4,20,"viewed"
811,2003,"2024-01-08","Pricing Page",2,56,"viewed"
812,1181,"2024-04-08","Plan Selection",3,20,"viewed"
813,401,"2024-05-04","Home",1,45,"viewed"
814,619,"2024-05-21","Pricing Page",2,42,"clicked"
815,1506,"2024-01-31","Pricing Page",2,33,"clicked"
816,2665,"2024-03-28","Payment",4,69,"dropped"
817,998,"2024-06-16","Plan Selection",3,80,"viewed"
818,1160,"2024-02-17","Home",1,15,"viewed"
819,444,"2024-05-24","Plan Selection",3,87,"clicked"
820,530,"2024-01-14","Payment",4,19,"viewed"
821,669,"2024-01-17","Payment",4,153,"dropped"
822,2335,"2024-03-01","Pricing Page",2,50,"dropped"
823,2438,"2024-06-22","Pricing Page",2,66,"clicked"
824,1198,"2024-01-09","Home",1,15,"dropped"
825,439,"2024-04-16","Plan Selection",3,167,"clicked"
826,1935,"2024-01-04","Home",1,164,"clicked"
827,1462,"2024-03-05","Pricing Page",2,44,"clicked"
828,2482,"2024-05-22","Pricing Page",2,64,"dropped"
829,1516,"2024-03-22","Payment",4,84,"viewed"
830,90,"2024-02-16","Pricing Page",2,37,"clicked"
831,468,"2024-01-12","Payment",4,10,"clicked"
832,1497,"2024-06-28","Pricing Page",2,47,"dropped"
833,2549,"2024-05-23","Pricing Page",2,58,"dropped"
834,2494,"2024-04-23","Plan Selection",3,86,"viewed"
835,1721,"2024-01-07","Pricing Page",2,36,"clicked"
836,2551,"2024-01-27","Home",1,92,"clicked"
837,1713,"2024-01-31","Home",1,31,"dropped"
838,1692,"2024-02-21","Payment",4,171,"viewed"
839,2224,"2024-02-08","Payment",4,114,"dropped"
840,110,"2024-05-28","Confirmation",5,104,"converted"
841,1212,"2024-04-19","Payment",4,49,"clicked"
842,950,"2024-05-31","Pricing Page",2,58,"clicked"
843,1757,"2024-05-12","Confirmation",5,75,"converted"
844,2760,"2024-04-21","Pricing Page",2,62,"dropped"
845,2720,"2024-02-28","Confirmation",5,110,"converted"
846,2500,"2024-04-28","Payment",4,197,"clicked"
847,2833,"2024-04-30","Pricing Page",2,51,"clicked"
848,934,"2024-03-10","Confirmation",5,169,"converted"
849,40,"2024-05-02","Pricing Page",2,57,"dropped"
850,1496,"2024-04-19","Plan Selection",3,164,"clicked"
851,746,"2024-02-24","Payment",4,198,"clicked"
852,493,"2024-04-23","Plan Selection",3,75,"viewed"
853,1681,"2024-05-02","Plan Selection",3,110,"clicked"
854,1257,"2024-06-19","Pricing Page",2,50,"clicked"
855,1480,"2024-02-08","Plan Selection",3,78,"viewed"
856,1617,"2024-06-22","Home",1,206,"clicked"
857,142,"2024-01-08","Home",1,42,"viewed"
858,2232,"2024-05-20","Plan Selection",3,205,"viewed"
859,1703,"2024-01-25","Confirmation",5,111,"converted"
860,1763,"2024-03-15","Pricing Page",2,47,"dropped"
861,2928,"2024-01-28","Payment",4,155,"dropped"
862,1376,"2024-06-13","Home",1,24,"viewed"
863,752,"2024-04-12","Home",1,158,"clicked"
864,74,"2024-05-19","Payment",4,117,"clicked"
865,961,"2024-03-20","Pricing Page",2,63,"dropped"
866,767,"2024-04-16","Home",1,35,"dropped"
867,423,"2024-03-11","Plan Selection",3,94,"clicked"
868,1611,"2024-01-01","Pricing Page",2,59,"clicked"
869,1503,"2024-03-22","Payment",4,89,"viewed"
870,1567,"2024-03-09","Pricing Page",2,45,"clicked"
871,1159,"2024-01-31","Plan Selection",3,199,"viewed"
872,1536,"2024-04-08","Home",1,62,"viewed"
873,324,"2024-02-06","Plan Selection",3,171,"dropped"
874,1717,"2024-06-04","Plan Selection",3,76,"viewed"
875,1820,"2024-02-18","Plan Selection",3,167,"clicked"
876,1600,"2024-04-05","Home",1,143,"dropped"
877,2619,"2024-06-01","Plan Selection",3,98,"clicked"
878,2482,"2024-06-01","Payment",4,38,"clicked"
879,375,"2024-01-17","Home",1,38,"clicked"
880,2721,"2024-01-24","Confirmation",5,66,"converted"
881,1796,"2024-01-28","Confirmation",5,79,"converted"
882,2569,"2024-02-13","Plan Selection",3,90,"dropped"
883,1444,"2024-06-28","Plan Selection",3,140,"viewed"
884,1426,"2024-02-26","Home",1,168,"clicked"
885,625,"2024-03-29","Payment",4,147,"viewed"
886,2049,"2024-04-11","Payment",4,35,"clicked"
887,1208,"2024-06-18","Pricing Page",2,55,"dropped"
888,1747,"2024-04-03","Payment",4,140,"viewed"
889,2126,"2024-03-03","Plan Selection",3,207,"dropped"
890,1964,"2024-06-12","Plan Selection",3,15,"clicked"
891,1244,"2024-04-13","Plan Selection",3,87,"dropped"
892,553,"2024-05-09","Home",1,205,"viewed"
893,271,"2024-01-08","Confirmation",5,119,"converted"
894,2831,"2024-01-13","Plan Selection",3,82,"clicked"
895,831,"2024-04-12","Confirmation",5,63,"converted"
896,1061,"2024-06-24","Payment",4,19,"viewed"
897,529,"2024-02-22","Confirmation",5,151,"converted"
898,2357,"2024-05-26","Plan Selection",3,22,"dropped"
899,2610,"2024-05-09","Confirmation",5,150,"converted"
900,1803,"2024-06-11","Plan Selection",3,160,"viewed"
901,604,"2024-06-17","Home",1,107,"clicked"
902,2678,"2024-04-27","Plan Selection",3,182,"viewed"
903,1790,"2024-01-13","Plan Selection",3,121,"dropped"
904,2882,"2024-03-17","Pricing Page",2,66,"viewed"
905,2814,"2024-06-01","Pricing Page",2,53,"dropped"
906,2976,"2024-01-11","Pricing Page",2,40,"viewed"
907,821,"2024-05-17","Confirmation",5,139,"converted"
908,844,"2024-03-24","Pricing Page",2,65,"dropped"
909,1618,"2024-06-11","Payment",4,137,"clicked"
910,85,"2024-03-09","Payment",4,190,"dropped"
911,2204,"2024-03-14","Payment",4,202,"clicked"
912,1788,"2024-01-17","Plan Selection",3,19,"clicked"
913,337,"2024-05-25","Plan Selection",3,18,"dropped"
914,1745,"2024-03-27","Plan Selection",3,177,"dropped"
915,1686,"2024-01-31","Home",1,61,"viewed"
916,1251,"2024-04-12","Plan Selection",3,57,"clicked"
917,1315,"2024-06-11","Home",1,39,"dropped"
918,2335,"2024-01-28","Pricing Page",2,51,"dropped"
919,1316,"2024-02-09","Payment",4,60,"viewed"
920,2480,"2024-03-10","Pricing Page",2,59,"clicked"
921,1367,"2024-02-08","Plan Selection",3,188,"clicked"
922,62,"2024-01-16","Pricing Page",2,46,"clicked"
923,2107,"2024-03-31","Pricing Page",2,51,"dropped"
924,2393,"2024-06-16","Pricing Page",2,49,"dropped"
925,2611,"2024-05-15","Home",1,90,"viewed"
926,2681,"2024-04-20","Pricing Page",2,67,"viewed"
927,1270,"2024-03-26","Home",1,10,"viewed"
928,2484,"2024-05-31","Plan Selection",3,10,"viewed"
929,1462,"2024-05-14","Pricing Page",2,67,"dropped"
930,694,"2024-03-18","Pricing Page",2,65,"dropped"
931,2474,"2024-01-28","Pricing Page",2,30,"dropped"
932,209,"2024-04-29","Home",1,116,"clicked"
933,491,"2024-05-17","Pricing Page",2,45,"dropped"
934,441,"2024-04-13","Pricing Page",2,50,"clicked"
935,2506,"2024-05-09","Home",1,60,"dropped"
936,1071,"2024-05-09","Plan Selection",3,82,"clicked"
937,1264,"2024-02-06","Payment",4,44,"clicked"
938,1337,"2024-03-22","Confirmation",5,48,"converted"
939,706,"2024-04-18","Pricing Page",2,58,"dropped"
940,2271,"2024-01-16","Home",1,104,"viewed"
941,699,"2024-03-08","Home",1,155,"dropped"
942,1329,"2024-06-01","Payment",4,181,"viewed"
943,2067,"2024-03-29","Pricing Page",2,51,"dropped"
944,1038,"2024-02-22","Pricing Page",2,37,"viewed"
945,2730,"2024-05-20","Home",1,84,"clicked"
946,399,"2024-02-26","Home",1,184,"viewed"
947,2446,"2024-03-15","Plan Selection",3,175,"clicked"
948,2955,"2024-01-09","Pricing Page",2,37,"clicked"
949,1138,"2024-04-21","Confirmation",5,171,"converted"
950,771,"2024-06-04","Plan Selection",3,207,"clicked"
951,235,"2024-01-30","Plan Selection",3,98,"clicked"
952,2708,"2024-02-01","Home",1,79,"dropped"
953,13,"2024-03-12","Confirmation",5,131,"converted"
954,523,"2024-01-08","Plan Selection",3,64,"clicked"
955,2587,"2024-02-23","Confirmation",5,135,"converted"
956,1284,"2024-02-15","Confirmation",5,43,"converted"
957,2620,"2024-06-06","Plan Selection",3,209,"viewed"
958,348,"2024-01-22","Pricing Page",2,55,"clicked"
959,2785,"2024-01-31","Home",1,172,"viewed"
960,2593,"2024-05-14","Home",1,90,"viewed"
961,2840,"2024-06-01","Pricing Page",2,47,"dropped"
962,618,"2024-05-17","Home",1,132,"clicked"
963,2463,"2024-04-01","Home",1,182,"dropped"
964,2359,"2024-05-08","Home",1,175,"clicked"
965,901,"2024-05-30","Pricing Page",2,63,"dropped"
966,1400,"2024-01-26","Pricing Page",2,32,"clicked"
967,1130,"2024-02-24","Pricing Page",2,59,"clicked"
968,2423,"2024-05-24","Plan Selection",3,102,"clicked"
969,1802,"2024-02-07","Pricing Page",2,48,"dropped"
970,1872,"2024-02-15","Pricing Page",2,36,"viewed"
971,16,"2024-02-09","Home",1,146,"dropped"
972,2985,"2024-03-04","Payment",4,172,"viewed"
973,818,"2024-01-25","Payment",4,193,"viewed"
974,506,"2024-06-10","Confirmation",5,35,"converted"
975,2229,"2024-03-02","Pricing Page",2,38,"dropped"
976,1919,"2024-06-07","Pricing Page",2,57,"viewed"
977,2215,"2024-06-03","Home",1,148,"clicked"
978,1347,"2024-02-29","Pricing Page",2,46,"viewed"
979,1679,"2024-02-17","Plan Selection",3,91,"dropped"
980,1141,"2024-04-07","Plan Selection",3,39,"dropped"
981,2857,"2024-04-04","Payment",4,58,"viewed"
982,2706,"2024-05-12","Confirmation",5,119,"converted"
983,2671,"2024-05-26","Pricing Page",2,52,"dropped"
984,2229,"2024-01-03","Payment",4,34,"dropped"
985,637,"2024-05-09","Confirmation",5,111,"converted"
986,2251,"2024-02-11","Confirmation",5,161,"converted"
987,343,"2024-02-25","Home",1,207,"clicked"
988,175,"2024-01-14","Pricing Page",2,53,"dropped"
989,552,"2024-01-01","Pricing Page",2,38,"dropped"
990,575,"2024-06-20","Home",1,11,"clicked"
991,1684,"2024-02-16","Plan Selection",3,68,"viewed"
992,731,"2024-03-02","Confirmation",5,185,"converted"
993,1306,"2024-04-09","Pricing Page",2,55,"dropped"
994,73,"2024-03-25","Pricing Page",2,65,"clicked"
995,2890,"2024-04-20","Home",1,14,"viewed"
996,2835,"2024-06-14","Payment",4,196,"clicked"
997,1612,"2024-02-20","Payment",4,33,"dropped"
998,2005,"2024-05-12","Plan Selection",3,25,"clicked"
999,2602,"2024-01-15","Payment",4,150,"dropped"
1000,1921,"2024-05-16","Payment",4,204,"clicked"
1001,2117,"2024-04-10","Plan Selection",3,124,"viewed"
1002,2761,"2024-05-27","Pricing Page",2,43,"viewed"
1003,2589,"2024-05-05","Payment",4,63,"viewed"
1004,2562,"2024-01-14","Payment",4,181,"viewed"
1005,1776,"2024-03-24","Plan Selection",3,70,"viewed"
1006,1851,"2024-03-07","Confirmation",5,173,"converted"
1007,386,"2024-02-05","Plan Selection",3,87,"dropped"
1008,1830,"2024-04-15","Home",1,154,"clicked"
1009,1412,"2024-03-07","Pricing Page",2,31,"dropped"
1010,2712,"2024-03-24","Plan Selection",3,125,"dropped"
1011,2533,"2024-06-07","Payment",4,120,"clicked"
1012,1939,"2024-03-21","Pricing Page",2,42,"clicked"
1013,2203,"2024-01-31","Plan Selection",3,153,"viewed"
1014,289,"2024-04-06","Pricing Page",2,45,"dropped"
1015,687,"2024-04-06","Confirmation",5,61,"converted"
1016,1124,"2024-01-19","Pricing Page",2,48,"viewed"
1017,1826,"2024-03-10","Home",1,82,"clicked"
1018,1114,"2024-03-10","Payment",4,190,"dropped"
1019,2118,"2024-02-20","Pricing Page",2,46,"viewed"
1020,2715,"2024-05-23","Pricing Page",2,64,"clicked"
1021,2847,"2024-04-10","Confirmation",5,209,"converted"
1022,543,"2024-06-14","Home",1,98,"dropped"
1023,629,"2024-05-10","Confirmation",5,154,"converted"
1024,2019,"2024-02-06","Confirmation",5,80,"converted"
1025,2364,"2024-06-08","Home",1,123,"viewed"
1026,2587,"2024-01-31","Pricing Page",2,54,"dropped"
1027,562,"2024-06-17","Home",1,156,"clicked"
1028,1541,"2024-04-07","Home",1,50,"clicked"
1029,42,"2024-03-30","Pricing Page",2,57,"viewed"
1030,1898,"2024-03-20","Pricing Page",2,43,"dropped"
1031,1554,"2024-04-09","Home",1,74,"dropped"
1032,454,"2024-05-04","Confirmation",5,183,"converted"
1033,1107,"2024-02-15","Home",1,199,"clicked"
1034,2170,"2024-05-03","Pricing Page",2,41,"clicked"
1035,2761,"2024-01-11","Plan Selection",3,95,"clicked"
1036,1755,"2024-02-07","Pricing Page",2,53,"dropped"
1037,531,"2024-04-10","Pricing Page",2,53,"viewed"
1038,2261,"2024-02-04","Plan Selection",3,199,"viewed"
1039,733,"2024-03-08","Home",1,111,"dropped"
1040,825,"2024-06-11","Plan Selection",3,135,"dropped"
1041,2663,"2024-06-24","Home",1,22,"viewed"
1042,1305,"2024-01-01","Plan Selection",3,114,"clicked"
1043,2772,"2024-01-23","Payment",4,178,"viewed"
1044,2807,"2024-04-17","Home",1,26,"viewed"
1045,553,"2024-02-17","Payment",4,16,"viewed"
1046,871,"2024-05-27","Pricing Page",2,55,"dropped"
1047,1403,"2024-04-24","Payment",4,196,"clicked"
1048,112,"2024-01-16","Pricing Page",2,38,"clicked"
1049,1343,"2024-06-07","Home",1,122,"viewed"
1050,2305,"2024-05-19","Plan Selection",3,96,"clicked"
1051,862,"2024-06-09","Plan Selection",3,39,"dropped"
1052,2516,"2024-01-05","Plan Selection",3,203,"dropped"
1053,573,"2024-06-11","Confirmation",5,178,"converted"
1054,1463,"2024-06-14","Home",1,174,"viewed"
1055,1234,"2024-05-11","Pricing Page",2,62,"viewed"
1056,526,"2024-01-15","Confirmation",5,45,"converted"
1057,702,"2024-04-25","Pricing Page",2,52,"dropped"
1058,1738,"2024-06-05","Plan Selection",3,86,"dropped"
1059,1438,"2024-01-04","Plan Selection",3,53,"dropped"
1060,2776,"2024-02-21","Plan Selection",3,81,"viewed"
1061,626,"2024-03-27","Payment",4,85,"clicked"
1062,2528,"2024-03-19","Plan Selection",3,178,"clicked"
1063,385,"2024-04-27","Payment",4,75,"dropped"
1064,1226,"2024-05-25","Payment",4,130,"clicked"
1065,467,"2024-01-01","Plan Selection",3,161,"dropped"
1066,1136,"2024-03-31","Pricing Page",2,47,"dropped"
1067,1552,"2024-01-20","Confirmation",5,122,"converted"
1068,2652,"2024-05-12","Home",1,184,"clicked"
1069,2870,"2024-06-01","Pricing Page",2,42,"clicked"
1070,146,"2024-01-31","Plan Selection",3,197,"viewed"
1071,950,"2024-05-07","Plan Selection",3,161,"dropped"
1072,236,"2024-02-02","Plan Selection",3,161,"viewed"
1073,2436,"2024-04-19","Plan Selection",3,38,"viewed"
1074,839,"2024-04-13","Home",1,86,"viewed"
1075,271,"2024-06-13","Pricing Page",2,58,"clicked"
1076,189,"2024-03-16","Confirmation",5,66,"converted"
1077,2088,"2024-04-23","Home",1,78,"clicked"
1078,2734,"2024-05-22","Pricing Page",2,58,"clicked"
1079,281,"2024-06-22","Plan Selection",3,157,"dropped"
1080,968,"2024-02-23","Plan Selection",3,144,"viewed"
1081,374,"2024-01-25","Pricing Page",2,34,"clicked"
1082,1030,"2024-03-25","Pricing Page",2,41,"clicked"
1083,173,"2024-02-13","Home",1,88,"viewed"
1084,931,"2024-06-04","Pricing Page",2,44,"dropped"
1085,1522,"2024-03-19","Plan Selection",3,186,"clicked"
1086,2678,"2024-06-18","Home",1,56,"dropped"
1087,66,"2024-05-01","Pricing Page",2,52,"dropped"
1088,441,"2024-02-01","Pricing Page",2,48,"viewed"
1089,652,"2024-04-25","Plan Selection",3,174,"clicked"
1090,2551,"2024-06-04","Payment",4,49,"viewed"
1091,2899,"2024-05-06","Plan Selection",3,189,"viewed"
1092,2310,"2024-05-19","Plan Selection",3,91,"clicked"
1093,2486,"2024-06-13","Home",1,129,"viewed"
1094,380,"2024-02-21","Home",1,80,"viewed"
1095,320,"2024-04-25","Payment",4,95,"clicked"
1096,1274,"2024-03-30","Home",1,111,"viewed"
1097,469,"2024-06-25","Pricing Page",2,42,"dropped"
1098,280,"2024-06-18","Pricing Page",2,43,"clicked"
1099,766,"2024-06-25","Home",1,132,"viewed"
1100,2684,"2024-02-11","Pricing Page",2,49,"viewed"
1101,1577,"2024-06-15","Home",1,71,"clicked"
1102,1792,"2024-03-26","Plan Selection",3,99,"clicked"
1103,667,"2024-04-14","Pricing Page",2,47,"viewed"
1104,2027,"2024-04-21","Home",1,102,"dropped"
1105,697,"2024-05-22","Pricing Page",2,63,"dropped"
1106,1011,"2024-06-16","Plan Selection",3,69,"viewed"
1107,1046,"2024-05-23","Confirmation",5,64,"converted"
1108,1696,"2024-01-02","Pricing Page",2,52,"clicked"
1109,274,"2024-03-23","Home",1,148,"clicked"
1110,229,"2024-01-16","Home",1,154,"dropped"
1111,2964,"2024-06-01","Pricing Page",2,60,"viewed"
1112,1274,"2024-03-02","Pricing Page",2,33,"dropped"
1113,2841,"2024-06-25","Home",1,63,"dropped"
1114,916,"2024-06-04","Pricing Page",2,48,"dropped"
1115,2668,"2024-05-03","Payment",4,153,"clicked"
1116,1295,"2024-02-08","Payment",4,46,"viewed"
1117,1811,"2024-01-23","Payment",4,140,"viewed"
1118,979,"2024-01-11","Pricing Page",2,41,"viewed"
1119,1575,"2024-06-01","Plan Selection",3,138,"clicked"
1120,1907,"2024-02-13","Pricing Page",2,52,"viewed"
1121,211,"2024-05-17","Plan Selection",3,147,"viewed"
1122,544,"2024-06-23","Pricing Page",2,51,"dropped"
1123,2967,"2024-04-06","Plan Selection",3,180,"dropped"
1124,1205,"2024-03-19","Confirmation",5,115,"converted"
1125,2245,"2024-01-28","Plan Selection",3,35,"dropped"
1126,19,"2024-05-25","Confirmation",5,118,"converted"
1127,2218,"2024-01-14","Home",1,108,"dropped"
1128,2165,"2024-03-29","Pricing Page",2,64,"clicked"
1129,1687,"2024-06-06","Plan Selection",3,143,"clicked"
1130,2719,"2024-03-10","Home",1,171,"clicked"
1131,2647,"2024-01-06","Plan Selection",3,95,"viewed"
1132,2500,"2024-02-24","Confirmation",5,23,"converted"
1133,1089,"2024-04-20","Confirmation",5,201,"converted"
1134,2779,"2024-05-16","Confirmation",5,139,"converted"
1135,879,"2024-04-04","Payment",4,36,"clicked"
1136,2420,"2024-05-08","Home",1,112,"dropped"
1137,1194,"2024-03-17","Confirmation",5,78,"converted"
1138,2852,"2024-05-10","Payment",4,130,"viewed"
1139,2943,"2024-04-23","Pricing Page",2,42,"dropped"
1140,2610,"2024-02-03","Pricing Page",2,32,"clicked"
1141,2352,"2024-05-08","Home",1,177,"viewed"
1142,1722,"2024-01-03","Pricing Page",2,50,"dropped"
1143,2298,"2024-05-15","Pricing Page",2,38,"clicked"
1144,779,"2024-03-02","Confirmation",5,133,"converted"
1145,910,"2024-04-30","Pricing Page",2,39,"viewed"
1146,2303,"2024-06-13","Pricing Page",2,51,"dropped"
1147,552,"2024-03-16","Plan Selection",3,96,"clicked"
1148,1450,"2024-05-14","Pricing Page",2,42,"viewed"
1149,682,"2024-02-28","Confirmation",5,144,"converted"
1150,1711,"2024-05-31","Pricing Page",2,65,"dropped"
1151,2382,"2024-04-27","Payment",4,85,"clicked"
1152,860,"2024-04-15","Home",1,126,"viewed"
1153,2308,"2024-05-13","Pricing Page",2,59,"dropped"
1154,2138,"2024-03-26","Pricing Page",2,57,"clicked"
1155,665,"2024-02-05","Pricing Page",2,58,"viewed"
1156,951,"2024-01-15","Pricing Page",2,31,"viewed"
1157,947,"2024-06-09","Pricing Page",2,62,"dropped"
1158,932,"2024-06-14","Plan Selection",3,112,"clicked"
1159,1336,"2024-03-20","Payment",4,12,"clicked"
1160,681,"2024-05-21","Pricing Page",2,60,"dropped"
1161,710,"2024-06-10","Payment",4,19,"dropped"
1162,2618,"2024-03-05","Home",1,155,"dropped"
1163,1742,"2024-03-22","Plan Selection",3,45,"clicked"
1164,1071,"2024-04-27","Home",1,191,"dropped"
1165,1278,"2024-01-07","Confirmation",5,102,"converted"
1166,1682,"2024-03-16","Pricing Page",2,62,"clicked"
1167,1778,"2024-04-09","Confirmation",5,56,"converted"
1168,719,"2024-03-30","Payment",4,68,"dropped"
1169,288,"2024-06-11","Home",1,63,"viewed"
1170,2984,"2024-05-06","Pricing Page",2,50,"dropped"
1171,1482,"2024-05-31","Plan Selection",3,11,"viewed"
1172,1862,"2024-02-27","Plan Selection",3,135,"viewed"
1173,269,"2024-03-24","Home",1,182,"dropped"
1174,616,"2024-04-09","Home",1,18,"viewed"
1175,2413,"2024-04-30","Confirmation",5,128,"converted"
1176,655,"2024-02-25","Payment",4,103,"viewed"
1177,367,"2024-03-30","Home",1,25,"dropped"
1178,59,"2024-06-20","Plan Selection",3,110,"clicked"
1179,180,"2024-05-16","Plan Selection",3,159,"viewed"
1180,1100,"2024-01-13","Pricing Page",2,30,"dropped"
1181,2650,"2024-02-13","Plan Selection",3,207,"clicked"
1182,1802,"2024-01-12","Plan Selection",3,99,"viewed"
1183,2745,"2024-04-22","Pricing Page",2,65,"dropped"
1184,2010,"2024-06-14","Plan Selection",3,21,"viewed"
1185,2698,"2024-04-27","Plan Selection",3,169,"clicked"
1186,1035,"2024-05-02","Pricing Page",2,60,"clicked"
1187,303,"2024-03-31","Home",1,99,"viewed"
1188,37,"2024-01-09","Pricing Page",2,56,"viewed"
1189,1675,"2024-02-14","Plan Selection",3,14,"clicked"
1190,802,"2024-06-17","Payment",4,101,"viewed"
1191,878,"2024-02-18","Pricing Page",2,43,"viewed"
1192,887,"2024-05-02","Plan Selection",3,105,"viewed"
1193,2974,"2024-02-24","Plan Selection",3,156,"dropped"
1194,585,"2024-05-14","Home",1,84,"clicked"
1195,1296,"2024-04-23","Payment",4,75,"dropped"
1196,1795,"2024-04-25","Pricing Page",2,41,"dropped"
1197,1096,"2024-05-25","Confirmation",5,56,"converted"
1198,1149,"2024-02-08","Confirmation",5,190,"converted"
1199,2352,"2024-02-09","Payment",4,209,"viewed"
1200,2961,"2024-04-09","Payment",4,64,"dropped"
1201,686,"2024-01-22","Confirmation",5,34,"converted"
1202,2817,"2024-02-28","Payment",4,206,"clicked"
1203,2224,"2024-01-18","Pricing Page",2,30,"dropped"
1204,589,"2024-02-16","Plan Selection",3,150,"clicked"
1205,177,"2024-06-28","Payment",4,198,"clicked"
1206,2860,"2024-05-06","Plan Selection",3,30,"clicked"
1207,1997,"2024-04-08","Plan Selection",3,199,"clicked"
1208,438,"2024-06-17","Pricing Page",2,48,"dropped"
1209,943,"2024-03-03","Payment",4,190,"dropped"
1210,225,"2024-06-12","Pricing Page",2,58,"clicked"
1211,400,"2024-05-12","Pricing Page",2,41,"clicked"
1212,1064,"2024-04-14","Payment",4,78,"clicked"
1213,1125,"2024-01-06","Home",1,207,"viewed"
1214,1567,"2024-06-15","Home",1,86,"viewed"
1215,2870,"2024-02-28","Payment",4,166,"viewed"
1216,2786,"2024-05-02","Plan Selection",3,209,"dropped"
1217,2618,"2024-06-01","Plan Selection",3,91,"clicked"
1218,460,"2024-06-19","Pricing Page",2,51,"dropped"
1219,2695,"2024-01-29","Home",1,208,"viewed"
1220,1318,"2024-01-27","Pricing Page",2,48,"viewed"
1221,1317,"2024-04-21","Payment",4,13,"viewed"
1222,2236,"2024-03-22","Home",1,151,"clicked"
1223,1293,"2024-04-22","Payment",4,42,"clicked"
1224,1414,"2024-02-03","Plan Selection",3,207,"clicked"
1225,212,"2024-01-25","Pricing Page",2,58,"dropped"
1226,2151,"2024-04-28","Home",1,134,"viewed"
1227,2975,"2024-04-25","Pricing Page",2,43,"dropped"
1228,1600,"2024-01-07","Plan Selection",3,163,"dropped"
1229,924,"2024-01-31","Confirmation",5,29,"converted"
1230,2177,"2024-03-01","Pricing Page",2,44,"viewed"
1231,259,"2024-05-09","Pricing Page",2,52,"dropped"
1232,2701,"2024-01-14","Plan Selection",3,35,"viewed"
1233,2348,"2024-01-02","Plan Selection",3,109,"clicked"
1234,1113,"2024-05-13","Plan Selection",3,131,"clicked"
1235,2775,"2024-04-14","Home",1,170,"viewed"
1236,217,"2024-02-19","Home",1,190,"dropped"
1237,2030,"2024-01-28","Payment",4,58,"viewed"
1238,615,"2024-01-12","Plan Selection",3,85,"viewed"
1239,1686,"2024-04-17","Pricing Page",2,57,"dropped"
1240,2227,"2024-05-10","Pricing Page",2,59,"dropped"
1241,1024,"2024-02-04","Confirmation",5,29,"converted"
1242,2024,"2024-01-16","Pricing Page",2,53,"clicked"
1243,424,"2024-04-19","Plan Selection",3,60,"clicked"
1244,982,"2024-03-10","Confirmation",5,120,"converted"
1245,2812,"2024-01-06","Pricing Page",2,47,"viewed"
1246,2939,"2024-01-09","Pricing Page",2,38,"clicked"
1247,2992,"2024-02-20","Pricing Page",2,33,"clicked"
1248,2451,"2024-05-20","Pricing Page",2,62,"clicked"
1249,1258,"2024-05-22","Plan Selection",3,206,"viewed"
1250,1743,"2024-02-04","Pricing Page",2,43,"clicked"
1251,2406,"2024-01-23","Pricing Page",2,50,"viewed"
1252,2302,"2024-04-10","Pricing Page",2,59,"dropped"
1253,1979,"2024-05-26","Home",1,183,"dropped"
1254,551,"2024-03-22","Plan Selection",3,36,"clicked"
1255,1554,"2024-05-31","Plan Selection",3,131,"dropped"
1256,60,"2024-04-17","Confirmation",5,168,"converted"
1257,632,"2024-05-02","Payment",4,165,"clicked"
1258,1952,"2024-03-24","Pricing Page",2,51,"dropped"
1259,487,"2024-04-04","Home",1,30,"dropped"
1260,807,"2024-06-29","Home",1,181,"viewed"
1261,935,"2024-02-11","Pricing Page",2,41,"dropped"
1262,2731,"2024-06-19","Confirmation",5,32,"converted"
1263,1764,"2024-04-20","Pricing Page",2,54,"viewed"
1264,533,"2024-06-25","Pricing Page",2,59,"clicked"
1265,459,"2024-05-16","Pricing Page",2,47,"clicked"
1266,387,"2024-05-25","Plan Selection",3,171,"dropped"
1267,200,"2024-01-08","Home",1,191,"clicked"
1268,2499,"2024-04-24","Plan Selection",3,106,"clicked"
1269,1347,"2024-01-20","Home",1,129,"clicked"
1270,1184,"2024-04-29","Home",1,136,"viewed"
1271,156,"2024-06-10","Pricing Page",2,62,"dropped"
1272,2402,"2024-02-10","Plan Selection",3,190,"clicked"
1273,375,"2024-04-05","Pricing Page",2,58,"clicked"
1274,1205,"2024-06-16","Pricing Page",2,46,"dropped"
1275,68,"2024-04-17","Confirmation",5,156,"converted"
1276,2882,"2024-04-18","Home",1,169,"viewed"
1277,2160,"2024-05-12","Plan Selection",3,82,"clicked"
1278,840,"2024-04-14","Home",1,116,"clicked"
1279,2664,"2024-06-20","Home",1,126,"viewed"
1280,1630,"2024-05-13","Home",1,29,"clicked"
1281,728,"2024-02-22","Plan Selection",3,151,"clicked"
1282,2444,"2024-06-14","Home",1,183,"viewed"
1283,779,"2024-03-09","Home",1,106,"dropped"
1284,2091,"2024-03-13","Confirmation",5,90,"converted"
1285,731,"2024-01-03","Pricing Page",2,48,"dropped"
1286,1808,"2024-05-14","Confirmation",5,66,"converted"
1287,2134,"2024-05-07","Pricing Page",2,63,"dropped"
1288,2583,"2024-01-10","Plan Selection",3,56,"dropped"
1289,2865,"2024-03-10","Home",1,24,"dropped"
1290,2918,"2024-01-27","Payment",4,136,"viewed"
1291,2077,"2024-02-25","Pricing Page",2,41,"clicked"
1292,2283,"2024-01-07","Confirmation",5,76,"converted"
1293,2986,"2024-06-27","Confirmation",5,152,"converted"
1294,2319,"2024-05-10","Pricing Page",2,45,"dropped"
1295,1576,"2024-02-12","Plan Selection",3,71,"viewed"
1296,2213,"2024-03-29","Pricing Page",2,59,"viewed"
1297,1226,"2024-02-22","Pricing Page",2,36,"clicked"
1298,1614,"2024-03-08","Pricing Page",2,35,"dropped"
1299,291,"2024-01-18","Home",1,145,"viewed"
1300,74,"2024-05-04","Pricing Page",2,59,"dropped"
1301,1611,"2024-01-12","Plan Selection",3,79,"viewed"
1302,148,"2024-03-11","Payment",4,175,"viewed"
1303,671,"2024-06-10","Payment",4,72,"dropped"
1304,2626,"2024-06-10","Payment",4,98,"viewed"
1305,1264,"2024-06-03","Home",1,106,"clicked"
1306,1343,"2024-01-19","Home",1,124,"clicked"
1307,2728,"2024-04-13","Home",1,202,"clicked"
1308,471,"2024-04-10","Pricing Page",2,63,"dropped"
1309,931,"2024-03-16","Home",1,126,"clicked"
1310,770,"2024-01-16","Plan Selection",3,206,"viewed"
1311,2794,"2024-05-11","Payment",4,15,"viewed"
1312,77,"2024-02-16","Pricing Page",2,39,"viewed"
1313,1269,"2024-04-03","Pricing Page",2,38,"dropped"
1314,1850,"2024-05-04","Plan Selection",3,188,"viewed"
1315,2377,"2024-06-07","Home",1,86,"viewed"
1316,1212,"2024-02-21","Pricing Page",2,37,"clicked"
1317,1071,"2024-06-12","Pricing Page",2,52,"dropped"
1318,2874,"2024-04-10","Confirmation",5,181,"converted"
1319,1727,"2024-02-24","Payment",4,16,"viewed"
1320,2600,"2024-06-22","Home",1,21,"viewed"
1321,1360,"2024-01-17","Home",1,57,"viewed"
1322,2181,"2024-06-23","Plan Selection",3,80,"viewed"
1323,2931,"2024-03-25","Pricing Page",2,56,"clicked"
1324,822,"2024-06-15","Payment",4,28,"dropped"
1325,1588,"2024-01-29","Pricing Page",2,46,"dropped"
1326,2585,"2024-01-04","Pricing Page",2,43,"clicked"
1327,1018,"2024-03-29","Pricing Page",2,57,"viewed"
1328,2916,"2024-06-12","Plan Selection",3,75,"viewed"
1329,201,"2024-06-13","Pricing Page",2,65,"clicked"
1330,1688,"2024-05-24","Pricing Page",2,40,"dropped"
1331,666,"2024-04-26","Plan Selection",3,180,"clicked"
1332,1234,"2024-02-19","Home",1,179,"viewed"
1333,1812,"2024-04-06","Payment",4,154,"dropped"
1334,2595,"2024-02-25","Confirmation",5,174,"converted"
1335,782,"2024-05-31","Pricing Page",2,52,"dropped"
1336,2814,"2024-05-30","Pricing Page",2,43,"viewed"
1337,31,"2024-02-27","Plan Selection",3,167,"clicked"
1338,331,"2024-04-30","Home",1,18,"dropped"
1339,2437,"2024-03-30","Home",1,154,"clicked"
1340,931,"2024-01-11","Pricing Page",2,50,"dropped"
1341,982,"2024-05-28","Home",1,35,"clicked"
1342,208,"2024-03-26","Home",1,83,"clicked"
1343,2127,"2024-03-23","Home",1,100,"viewed"
1344,1422,"2024-01-13","Confirmation",5,95,"converted"
1345,1046,"2024-03-25","Pricing Page",2,38,"dropped"
1346,2749,"2024-01-04","Pricing Page",2,51,"clicked"
1347,1617,"2024-01-13","Payment",4,104,"dropped"
1348,1002,"2024-02-09","Home",1,171,"viewed"
1349,1079,"2024-04-05","Plan Selection",3,61,"clicked"
1350,443,"2024-06-26","Pricing Page",2,50,"clicked"
1351,375,"2024-04-17","Plan Selection",3,48,"dropped"
1352,860,"2024-06-14","Payment",4,184,"dropped"
1353,1003,"2024-01-18","Pricing Page",2,34,"dropped"
1354,456,"2024-05-21","Pricing Page",2,64,"dropped"
1355,1714,"2024-05-14","Confirmation",5,158,"converted"
1356,2174,"2024-03-13","Payment",4,197,"dropped"
1357,505,"2024-02-16","Payment",4,32,"dropped"
1358,2545,"2024-04-05","Home",1,188,"dropped"
1359,613,"2024-03-30","Payment",4,161,"dropped"
1360,2854,"2024-01-05","Pricing Page",2,37,"clicked"
1361,1464,"2024-01-19","Home",1,190,"clicked"
1362,681,"2024-06-25","Home",1,16,"clicked"
1363,2672,"2024-04-28","Plan Selection",3,25,"clicked"
1364,1838,"2024-03-04","Confirmation",5,116,"converted"
1365,2708,"2024-06-15","Confirmation",5,156,"converted"
1366,2903,"2024-04-25","Pricing Page",2,53,"clicked"
1367,592,"2024-05-11","Home",1,14,"viewed"
1368,2750,"2024-04-16","Home",1,55,"clicked"
1369,2932,"2024-02-23","Plan Selection",3,169,"clicked"
1370,1501,"2024-03-07","Pricing Page",2,46,"viewed"
1371,1108,"2024-03-15","Confirmation",5,123,"converted"
1372,2834,"2024-01-05","Pricing Page",2,41,"dropped"
1373,367,"2024-03-20","Payment",4,187,"viewed"
1374,2563,"2024-04-12","Pricing Page",2,55,"dropped"
1375,554,"2024-03-03","Home",1,176,"viewed"
1376,2144,"2024-04-26","Home",1,102,"dropped"
1377,2841,"2024-04-07","Payment",4,136,"viewed"
1378,391,"2024-05-31","Payment",4,107,"dropped"
1379,2160,"2024-03-29","Pricing Page",2,67,"dropped"
1380,832,"2024-02-15","Pricing Page",2,39,"clicked"
1381,51,"2024-06-08","Pricing Page",2,41,"dropped"
1382,1001,"2024-01-10","Pricing Page",2,35,"dropped"
1383,2327,"2024-05-07","Home",1,180,"viewed"
1384,2485,"2024-01-21","Home",1,19,"dropped"
1385,2750,"2024-04-08","Confirmation",5,59,"converted"
1386,914,"2024-05-21","Confirmation",5,139,"converted"
1387,706,"2024-02-12","Pricing Page",2,50,"dropped"
1388,2856,"2024-05-15","Confirmation",5,45,"converted"
1389,722,"2024-04-30","Plan Selection",3,18,"clicked"
1390,2572,"2024-01-17","Confirmation",5,39,"converted"
1391,247,"2024-06-24","Plan Selection",3,30,"viewed"
1392,565,"2024-06-02","Plan Selection",3,167,"viewed"
1393,1185,"2024-01-21","Pricing Page",2,48,"viewed"
1394,1612,"2024-01-13","Payment",4,92,"viewed"
1395,674,"2024-03-21","Plan Selection",3,103,"viewed"
1396,2557,"2024-02-25","Confirmation",5,13,"converted"
1397,356,"2024-04-07","Pricing Page",2,41,"dropped"
1398,1617,"2024-06-19","Home",1,140,"viewed"
1399,2739,"2024-04-26","Pricing Page",2,50,"clicked"
1400,962,"2024-03-21","Pricing Page",2,65,"viewed"
1401,2150,"2024-06-07","Pricing Page",2,53,"viewed"
1402,2864,"2024-01-13","Pricing Page",2,35,"clicked"
1403,1955,"2024-06-22","Payment",4,70,"dropped"
1404,409,"2024-04-28","Payment",4,77,"dropped"
1405,1534,"2024-02-14","Plan Selection",3,146,"clicked"
1406,2338,"2024-05-24","Plan Selection",3,193,"viewed"
1407,770,"2024-03-26","Plan Selection",3,128,"dropped"
1408,14,"2024-04-09","Payment",4,24,"dropped"
1409,1137,"2024-04-07","Plan Selection",3,45,"dropped"
1410,1572,"2024-06-27","Pricing Page",2,62,"dropped"
1411,1806,"2024-06-26","Home",1,128,"viewed"
1412,1107,"2024-06-22","Plan Selection",3,129,"viewed"
1413,2001,"2024-04-30","Pricing Page",2,55,"viewed"
1414,628,"2024-01-12","Plan Selection",3,51,"dropped"
1415,1257,"2024-01-13","Home",1,49,"viewed"
1416,358,"2024-03-08","Plan Selection",3,89,"clicked"
1417,526,"2024-03-23","Payment",4,99,"viewed"
1418,1262,"2024-02-13","Confirmation",5,208,"converted"
1419,379,"2024-04-29","Confirmation",5,128,"converted"
1420,639,"2024-02-22","Payment",4,59,"viewed"
1421,278,"2024-01-29","Plan Selection",3,32,"dropped"
1422,2231,"2024-04-30","Home",1,108,"dropped"
1423,1050,"2024-02-16","Pricing Page",2,40,"dropped"
1424,1483,"2024-01-24","Home",1,106,"viewed"
1425,2922,"2024-02-09","Home",1,45,"clicked"
1426,1364,"2024-01-14","Home",1,181,"dropped"
1427,1943,"2024-03-31","Plan Selection",3,72,"viewed"
1428,1279,"2024-04-02","Pricing Page",2,64,"dropped"
1429,690,"2024-03-16","Pricing Page",2,58,"dropped"
1430,1533,"2024-04-17","Pricing Page",2,48,"dropped"
1431,1125,"2024-03-16","Confirmation",5,112,"converted"
1432,2108,"2024-06-26","Payment",4,207,"clicked"
1433,2985,"2024-02-05","Confirmation",5,87,"converted"
1434,2864,"2024-04-20","Home",1,21,"viewed"
1435,1963,"2024-06-24","Confirmation",5,124,"converted"
1436,539,"2024-02-01","Pricing Page",2,32,"clicked"
1437,999,"2024-01-16","Pricing Page",2,56,"dropped"
1438,354,"2024-01-22","Pricing Page",2,55,"clicked"
1439,371,"2024-01-02","Plan Selection",3,76,"viewed"
1440,848,"2024-03-20","Pricing Page",2,51,"dropped"
1441,2422,"2024-02-27","Home",1,197,"dropped"
1442,2909,"2024-03-08","Confirmation",5,148,"converted"
1443,1743,"2024-05-28","Pricing Page",2,48,"clicked"
1444,1374,"2024-01-31","Pricing Page",2,53,"clicked"
1445,1057,"2024-01-26","Plan Selection",3,182,"clicked"
1446,321,"2024-04-03","Pricing Page",2,61,"dropped"
1447,249,"2024-01-31","Plan Selection",3,104,"clicked"
1448,1327,"2024-03-30","Home",1,67,"viewed"
1449,2987,"2024-01-12","Pricing Page",2,43,"dropped"
1450,2188,"2024-01-05","Confirmation",5,125,"converted"
1451,329,"2024-05-26","Plan Selection",3,33,"clicked"
1452,2809,"2024-02-26","Payment",4,170,"viewed"
1453,1412,"2024-01-05","Plan Selection",3,102,"dropped"
1454,1623,"2024-01-28","Home",1,49,"viewed"
1455,1298,"2024-03-03","Pricing Page",2,32,"dropped"
1456,1991,"2024-05-16","Payment",4,130,"viewed"
1457,1959,"2024-02-04","Confirmation",5,85,"converted"
1458,2751,"2024-03-23","Plan Selection",3,57,"viewed"
1459,1268,"2024-02-11","Confirmation",5,163,"converted"
1460,459,"2024-03-25","Payment",4,202,"dropped"
1461,331,"2024-06-21","Pricing Page",2,45,"dropped"
1462,972,"2024-04-11","Payment",4,116,"dropped"
1463,191,"2024-06-15","Pricing Page",2,46,"dropped"
1464,347,"2024-06-29","Plan Selection",3,53,"dropped"
1465,399,"2024-02-05","Plan Selection",3,68,"viewed"
1466,2288,"2024-04-24","Payment",4,107,"viewed"
1467,1747,"2024-03-28","Plan Selection",3,185,"clicked"
1468,1115,"2024-04-27","Home",1,163,"clicked"
1469,2112,"2024-02-27","Pricing Page",2,41,"clicked"
1470,2102,"2024-05-18","Payment",4,84,"viewed"
1471,655,"2024-01-16","Payment",4,131,"viewed"
1472,2349,"2024-05-15","Pricing Page",2,60,"dropped"
1473,2039,"2024-04-22","Home",1,110,"clicked"
1474,2859,"2024-06-09","Plan Selection",3,57,"clicked"
1475,1480,"2024-01-27","Pricing Page",2,53,"dropped"
1476,2099,"2024-06-03","Home",1,77,"dropped"
1477,2219,"2024-02-14","Confirmation",5,63,"converted"
1478,1023,"2024-06-11","Pricing Page",2,58,"dropped"
1479,198,"2024-02-13","Home",1,79,"viewed"
1480,1160,"2024-06-07","Pricing Page",2,53,"viewed"
1481,2494,"2024-04-06","Home",1,70,"viewed"
1482,2912,"2024-06-15","Plan Selection",3,156,"clicked"
1483,1821,"2024-03-04","Confirmation",5,139,"converted"
1484,1264,"2024-01-29","Plan Selection",3,46,"clicked"
1485,14,"2024-01-18","Pricing Page",2,30,"clicked"
1486,969,"2024-04-19","Home",1,100,"dropped"
1487,464,"2024-03-25","Payment",4,197,"dropped"
1488,1785,"2024-05-12","Payment",4,43,"dropped"
1489,1775,"2024-02-24","Payment",4,164,"viewed"
1490,2752,"2024-04-27","Pricing Page",2,53,"dropped"
1491,2606,"2024-01-19","Confirmation",5,52,"converted"
1492,1036,"2024-01-17","Pricing Page",2,56,"dropped"
1493,2548,"2024-06-21","Pricing Page",2,46,"clicked"
1494,1652,"2024-05-12","Home",1,190,"clicked"
1495,1717,"2024-03-29","Payment",4,50,"viewed"
1496,1293,"2024-05-12","Pricing Page",2,57,"dropped"
1497,1756,"2024-04-22","Pricing Page",2,65,"dropped"
1498,1732,"2024-04-02","Payment",4,131,"clicked"
1499,2792,"2024-01-01","Pricing Page",2,31,"clicked"
1500,351,"2024-04-20","Plan Selection",3,134,"dropped"
1501,1175,"2024-05-24","Payment",4,150,"dropped"
1502,376,"2024-03-29","Home",1,189,"clicked"
1503,1915,"2024-03-12","Home",1,23,"dropped"
1504,2108,"2024-06-25","Payment",4,187,"dropped"
1505,284,"2024-01-04","Payment",4,206,"clicked"
1506,1465,"2024-06-26","Pricing Page",2,45,"dropped"
1507,620,"2024-01-06","Plan Selection",3,129,"clicked"
1508,243,"2024-02-20","Home",1,197,"dropped"
1509,795,"2024-05-03","Plan Selection",3,12,"dropped"
1510,245,"2024-05-13","Pricing Page",2,38,"clicked"
1511,2681,"2024-01-15","Plan Selection",3,81,"viewed"
1512,100,"2024-02-25","Pricing Page",2,37,"viewed"
1513,79,"2024-02-17","Pricing Page",2,41,"dropped"
1514,2188,"2024-01-25","Pricing Page",2,32,"viewed"
1515,931,"2024-05-28","Home",1,81,"clicked"
1516,1242,"2024-02-02","Plan Selection",3,154,"viewed"
1517,414,"2024-05-07","Home",1,96,"viewed"
1518,2543,"2024-05-16","Pricing Page",2,64,"clicked"
1519,2186,"2024-04-26","Home",1,45,"viewed"
1520,1880,"2024-04-24","Pricing Page",2,54,"viewed"
1521,2947,"2024-01-20","Plan Selection",3,141,"clicked"
1522,1651,"2024-02-12","Plan Selection",3,186,"viewed"
1523,2024,"2024-05-20","Payment",4,12,"clicked"
1524,554,"2024-04-17","Pricing Page",2,46,"dropped"
1525,511,"2024-02-10","Plan Selection",3,95,"clicked"
1526,391,"2024-05-24","Plan Selection",3,135,"clicked"
1527,2171,"2024-04-28","Home",1,119,"clicked"
1528,1447,"2024-01-26","Pricing Page",2,54,"dropped"
1529,666,"2024-01-20","Confirmation",5,29,"converted"
1530,2520,"2024-06-11","Confirmation",5,50,"converted"
1531,218,"2024-05-16","Plan Selection",3,111,"viewed"
1532,2678,"2024-05-26","Pricing Page",2,51,"dropped"
1533,75,"2024-06-15","Plan Selection",3,189,"viewed"
1534,2166,"2024-06-23","Plan Selection",3,89,"dropped"
1535,2653,"2024-03-08","Pricing Page",2,58,"dropped"
1536,1981,"2024-06-29","Home",1,21,"clicked"
1537,288,"2024-05-10","Pricing Page",2,49,"dropped"
1538,2917,"2024-05-19","Confirmation",5,90,"converted"
1539,547,"2024-05-07","Confirmation",5,157,"converted"
1540,2369,"2024-05-11","Pricing Page",2,43,"dropped"
1541,2322,"2024-05-04","Home",1,121,"clicked"
1542,1054,"2024-04-08","Plan Selection",3,157,"viewed"
1543,275,"2024-03-27","Home",1,29,"dropped"
1544,1823,"2024-03-30","Plan Selection",3,158,"viewed"
1545,2093,"2024-01-24","Plan Selection",3,85,"dropped"
1546,2912,"2024-02-05","Home",1,155,"clicked"
1547,226,"2024-01-04","Confirmation",5,77,"converted"
1548,144,"2024-02-11","Confirmation",5,62,"converted"
1549,1071,"2024-06-28","Confirmation",5,98,"converted"
1550,1687,"2024-03-28","Payment",4,54,"viewed"
1551,2626,"2024-04-27","Plan Selection",3,41,"viewed"
1552,427,"2024-06-19","Pricing Page",2,56,"dropped"
1553,2782,"2024-02-05","Pricing Page",2,43,"clicked"
1554,80,"2024-01-15","Pricing Page",2,41,"dropped"
1555,2455,"2024-01-16","Confirmation",5,125,"converted"
1556,2997,"2024-02-16","Pricing Page",2,48,"dropped"
1557,2195,"2024-05-02","Pricing Page",2,67,"dropped"
1558,822,"2024-04-29","Pricing Page",2,52,"viewed"
1559,99,"2024-03-30","Pricing Page",2,48,"clicked"
1560,151,"2024-03-14","Confirmation",5,49,"converted"
1561,991,"2024-01-12","Pricing Page",2,42,"dropped"
1562,1997,"2024-05-15","Payment",4,107,"dropped"
1563,1535,"2024-06-25","Pricing Page",2,60,"clicked"
1564,1868,"2024-05-20","Home",1,155,"clicked"
1565,2455,"2024-02-22","Home",1,41,"viewed"
1566,998,"2024-03-10","Confirmation",5,93,"converted"
1567,1024,"2024-03-24","Pricing Page",2,67,"dropped"
1568,1770,"2024-04-22","Pricing Page",2,63,"dropped"
1569,928,"2024-01-10","Pricing Page",2,45,"clicked"
1570,1808,"2024-01-18","Plan Selection",3,22,"clicked"
1571,1052,"2024-05-29","Home",1,199,"clicked"
1572,1650,"2024-02-27","Confirmation",5,145,"converted"
1573,1863,"2024-01-13","Pricing Page",2,35,"clicked"
1574,1705,"2024-04-18","Pricing Page",2,57,"dropped"
1575,224,"2024-01-27","Plan Selection",3,33,"dropped"
1576,2653,"2024-02-20","Payment",4,194,"clicked"
1577,2891,"2024-05-21","Home",1,163,"viewed"
1578,1579,"2024-03-01","Home",1,102,"dropped"
1579,2251,"2024-05-01","Home",1,109,"dropped"
1580,1310,"2024-04-22","Payment",4,42,"clicked"
1581,1435,"2024-02-08","Plan Selection",3,107,"clicked"
1582,1150,"2024-02-07","Confirmation",5,168,"converted"
1583,933,"2024-02-02","Confirmation",5,67,"converted"
1584,1648,"2024-06-08","Payment",4,27,"dropped"
1585,2385,"2024-03-01","Pricing Page",2,44,"clicked"
1586,418,"2024-01-27","Pricing Page",2,32,"clicked"
1587,474,"2024-03-05","Pricing Page",2,44,"clicked"
1588,2997,"2024-04-04","Plan Selection",3,109,"viewed"
1589,2360,"2024-06-23","Pricing Page",2,49,"dropped"
1590,1671,"2024-01-31","Home",1,70,"dropped"
1591,894,"2024-03-06","Confirmation",5,107,"converted"
1592,2091,"2024-01-04","Home",1,205,"viewed"
1593,1273,"2024-04-01","Pricing Page",2,60,"viewed"
1594,1331,"2024-03-18","Payment",4,156,"clicked"
1595,324,"2024-05-16","Pricing Page",2,66,"dropped"
1596,1053,"2024-03-18","Home",1,29,"clicked"
1597,194,"2024-04-01","Pricing Page",2,42,"clicked"
1598,381,"2024-04-01","Home",1,53,"viewed"
1599,1749,"2024-06-24","Home",1,140,"viewed"
1600,1854,"2024-03-03","Confirmation",5,83,"converted"
1601,600,"2024-06-10","Payment",4,130,"clicked"
1602,1377,"2024-06-17","Pricing Page",2,56,"dropped"
1603,323,"2024-06-27","Plan Selection",3,19,"clicked"
1604,94,"2024-06-03","Home",1,69,"viewed"
1605,2923,"2024-06-21","Payment",4,73,"dropped"
1606,1405,"2024-01-17","Home",1,195,"clicked"
1607,2382,"2024-03-18","Payment",4,104,"dropped"
1608,404,"2024-03-02","Pricing Page",2,44,"clicked"
1609,1166,"2024-02-08","Confirmation",5,181,"converted"
1610,1760,"2024-03-06","Home",1,46,"viewed"
1611,619,"2024-05-20","Pricing Page",2,39,"dropped"
1612,2355,"2024-05-20","Plan Selection",3,80,"dropped"
1613,2037,"2024-06-21","Payment",4,167,"viewed"
1614,1215,"2024-05-17","Plan Selection",3,148,"viewed"
1615,812,"2024-03-03","Confirmation",5,120,"converted"
1616,14,"2024-03-07","Payment",4,15,"viewed"
1617,556,"2024-06-24","Pricing Page",2,53,"clicked"
1618,74,"2024-06-27","Payment",4,74,"dropped"
1619,873,"2024-02-23","Plan Selection",3,36,"viewed"
1620,2637,"2024-05-29","Pricing Page",2,67,"dropped"
1621,1655,"2024-02-11","Pricing Page",2,51,"dropped"
1622,2538,"2024-04-19","Pricing Page",2,57,"clicked"
1623,2488,"2024-06-09","Confirmation",5,12,"converted"
1624,800,"2024-02-22","Plan Selection",3,98,"dropped"
1625,2431,"2024-03-07","Pricing Page",2,56,"dropped"
1626,1420,"2024-05-05","Home",1,45,"viewed"
1627,404,"2024-03-26","Confirmation",5,79,"converted"
1628,2664,"2024-03-11","Pricing Page",2,38,"clicked"
1629,209,"2024-04-14","Plan Selection",3,136,"dropped"
1630,2452,"2024-04-29","Payment",4,56,"viewed"
1631,1489,"2024-04-12","Pricing Page",2,67,"viewed"
1632,1212,"2024-03-18","Confirmation",5,73,"converted"
1633,2485,"2024-02-04","Pricing Page",2,52,"dropped"
1634,1802,"2024-06-09","Plan Selection",3,109,"clicked"
1635,1487,"2024-05-03","Confirmation",5,126,"converted"
1636,413,"2024-06-18","Pricing Page",2,54,"viewed"
1637,548,"2024-06-29","Pricing Page",2,43,"clicked"
1638,2467,"2024-01-11","Payment",4,196,"dropped"
1639,503,"2024-02-17","Payment",4,60,"viewed"
1640,1222,"2024-04-07","Pricing Page",2,60,"dropped"
1641,2121,"2024-02-29","Plan Selection",3,145,"viewed"
1642,2663,"2024-01-16","Payment",4,125,"clicked"
1643,666,"2024-03-01","Home",1,18,"dropped"
1644,2322,"2024-02-29","Pricing Page",2,49,"dropped"
1645,1077,"2024-01-02","Confirmation",5,180,"converted"
1646,1018,"2024-01-25","Plan Selection",3,181,"clicked"
1647,205,"2024-03-05","Plan Selection",3,181,"clicked"
1648,178,"2024-05-09","Pricing Page",2,64,"dropped"
1649,1581,"2024-06-13","Confirmation",5,29,"converted"
1650,1760,"2024-04-26","Pricing Page",2,49,"dropped"
1651,916,"2024-01-13","Pricing Page",2,58,"clicked"
1652,1277,"2024-05-17","Plan Selection",3,87,"clicked"
1653,1635,"2024-05-05","Payment",4,34,"dropped"
1654,299,"2024-02-08","Payment",4,54,"viewed"
1655,940,"2024-02-01","Confirmation",5,42,"converted"
1656,23,"2024-04-08","Plan Selection",3,181,"dropped"
1657,1276,"2024-04-04","Pricing Page",2,42,"clicked"
1658,354,"2024-03-22","Confirmation",5,35,"converted"
1659,2845,"2024-03-06","Confirmation",5,153,"converted"
1660,2118,"2024-03-09","Payment",4,155,"clicked"
1661,1286,"2024-02-01","Plan Selection",3,93,"clicked"
1662,1022,"2024-05-15","Payment",4,82,"viewed"
1663,577,"2024-06-28","Pricing Page",2,64,"dropped"
1664,2499,"2024-02-20","Confirmation",5,140,"converted"
1665,1681,"2024-06-02","Plan Selection",3,62,"viewed"
1666,1180,"2024-01-10","Home",1,66,"dropped"
1667,2565,"2024-06-03","Plan Selection",3,209,"viewed"
1668,822,"2024-05-26","Pricing Page",2,57,"clicked"
1669,1086,"2024-05-23","Confirmation",5,22,"converted"
1670,1950,"2024-01-11","Pricing Page",2,45,"clicked"
1671,988,"2024-06-14","Plan Selection",3,50,"clicked"
1672,1960,"2024-04-01","Plan Selection",3,75,"viewed"
1673,1934,"2024-03-22","Pricing Page",2,44,"dropped"
1674,214,"2024-06-16","Pricing Page",2,45,"dropped"
1675,1488,"2024-02-29","Home",1,157,"clicked"
1676,172,"2024-04-05","Pricing Page",2,59,"dropped"
1677,1949,"2024-05-23","Home",1,139,"dropped"
1678,537,"2024-02-10","Plan Selection",3,51,"clicked"
1679,2866,"2024-05-29","Pricing Page",2,64,"dropped"
1680,733,"2024-03-30","Payment",4,48,"viewed"
1681,589,"2024-05-10","Home",1,183,"clicked"
1682,60,"2024-01-23","Plan Selection",3,101,"clicked"
1683,1591,"2024-06-14","Confirmation",5,35,"converted"
1684,2182,"2024-02-14","Home",1,112,"clicked"
1685,1669,"2024-04-04","Confirmation",5,34,"converted"
1686,2433,"2024-05-03","Confirmation",5,170,"converted"
1687,318,"2024-01-23","Pricing Page",2,32,"clicked"
1688,2253,"2024-06-17","Pricing Page",2,43,"clicked"
1689,2951,"2024-05-26","Home",1,27,"dropped"
1690,1157,"2024-04-07","Plan Selection",3,16,"clicked"
1691,2372,"2024-02-09","Payment",4,202,"viewed"
1692,985,"2024-05-08","Plan Selection",3,151,"viewed"
1693,233,"2024-06-05","Home",1,183,"dropped"
1694,2105,"2024-02-28","Plan Selection",3,134,"clicked"
1695,2735,"2024-06-10","Plan Selection",3,190,"clicked"
1696,316,"2024-03-20","Confirmation",5,36,"converted"
1697,2959,"2024-04-06","Plan Selection",3,203,"viewed"
1698,1695,"2024-05-14","Home",1,192,"clicked"
1699,1885,"2024-05-10","Payment",4,104,"dropped"
1700,1467,"2024-06-11","Home",1,100,"dropped"
1701,1483,"2024-06-22","Pricing Page",2,59,"clicked"
1702,29,"2024-01-27","Plan Selection",3,31,"clicked"
1703,2114,"2024-02-25","Pricing Page",2,35,"clicked"
1704,2074,"2024-04-03","Pricing Page",2,66,"dropped"
1705,643,"2024-03-22","Plan Selection",3,158,"viewed"
1706,82,"2024-04-15","Payment",4,97,"viewed"
1707,119,"2024-02-03","Payment",4,117,"dropped"
1708,1570,"2024-06-18","Home",1,152,"clicked"
1709,344,"2024-05-28","Payment",4,86,"viewed"
1710,2665,"2024-04-21","Pricing Page",2,45,"dropped"
1711,838,"2024-03-07","Home",1,199,"viewed"
1712,2110,"2024-03-10","Payment",4,195,"dropped"
1713,400,"2024-01-22","Home",1,132,"clicked"
1714,1695,"2024-03-10","Pricing Page",2,59,"dropped"
1715,2908,"2024-02-27","Plan Selection",3,105,"clicked"
1716,575,"2024-06-27","Pricing Page",2,61,"viewed"
1717,2970,"2024-03-04","Payment",4,176,"viewed"
1718,2017,"2024-06-04","Pricing Page",2,62,"dropped"
1719,2626,"2024-04-13","Pricing Page",2,51,"dropped"
1720,984,"2024-01-08","Pricing Page",2,59,"dropped"
1721,467,"2024-01-24","Home",1,115,"dropped"
1722,2531,"2024-06-23","Pricing Page",2,53,"clicked"
1723,732,"2024-06-18","Confirmation",5,192,"converted"
1724,2199,"2024-06-16","Pricing Page",2,49,"dropped"
1725,2147,"2024-06-08","Pricing Page",2,57,"dropped"
1726,798,"2024-01-03","Pricing Page",2,40,"viewed"
1727,1365,"2024-04-14","Plan Selection",3,184,"viewed"
1728,1102,"2024-03-21","Home",1,71,"dropped"
1729,2376,"2024-04-06","Pricing Page",2,64,"dropped"
1730,2919,"2024-02-22","Plan Selection",3,170,"clicked"
1731,1848,"2024-06-05","Pricing Page",2,62,"clicked"
1732,2248,"2024-05-29","Payment",4,188,"viewed"
1733,1502,"2024-06-29","Pricing Page",2,52,"viewed"
1734,573,"2024-01-31","Pricing Page",2,55,"clicked"
1735,2499,"2024-05-09","Home",1,57,"viewed"
1736,139,"2024-03-09","Payment",4,136,"viewed"
1737,1837,"2024-03-05","Confirmation",5,137,"converted"
1738,1085,"2024-06-11","Pricing Page",2,48,"dropped"
1739,840,"2024-01-06","Pricing Page",2,42,"dropped"
1740,2911,"2024-01-17","Plan Selection",3,91,"clicked"
1741,2960,"2024-04-19","Home",1,104,"dropped"
1742,1717,"2024-02-17","Plan Selection",3,59,"clicked"
1743,967,"2024-03-08","Confirmation",5,78,"converted"
1744,145,"2024-02-07","Confirmation",5,175,"converted"
1745,1436,"2024-06-12","Home",1,149,"clicked"
1746,497,"2024-01-13","Payment",4,16,"viewed"
1747,2902,"2024-01-01","Home",1,110,"dropped"
1748,1592,"2024-01-06","Plan Selection",3,156,"viewed"
1749,1809,"2024-01-25","Payment",4,205,"dropped"
1750,959,"2024-06-02","Pricing Page",2,63,"dropped"
1751,1896,"2024-06-01","Pricing Page",2,38,"dropped"
1752,1474,"2024-01-29","Pricing Page",2,31,"dropped"
1753,2259,"2024-04-19","Payment",4,202,"clicked"
1754,2698,"2024-05-28","Pricing Page",2,55,"clicked"
1755,1583,"2024-05-04","Payment",4,50,"clicked"
1756,2074,"2024-01-14","Pricing Page",2,37,"clicked"
1757,756,"2024-01-08","Pricing Page",2,34,"clicked"
1758,1722,"2024-04-26","Plan Selection",3,126,"clicked"
1759,852,"2024-02-06","Home",1,33,"dropped"
1760,1271,"2024-04-28","Confirmation",5,13,"converted"
1761,309,"2024-03-24","Confirmation",5,130,"converted"
1762,61,"2024-02-23","Pricing Page",2,34,"clicked"
1763,816,"2024-05-10","Payment",4,160,"clicked"
1764,2606,"2024-01-12","Plan Selection",3,81,"viewed"
1765,719,"2024-02-07","Pricing Page",2,30,"dropped"
1766,810,"2024-02-01","Home",1,162,"viewed"
1767,2892,"2024-06-05","Pricing Page",2,55,"dropped"
1768,478,"2024-01-12","Payment",4,209,"clicked"
1769,1051,"2024-03-04","Plan Selection",3,95,"dropped"
1770,41,"2024-06-09","Pricing Page",2,46,"dropped"
1771,2164,"2024-04-24","Home",1,32,"clicked"
1772,1265,"2024-03-23","Home",1,141,"clicked"
1773,1168,"2024-01-24","Pricing Page",2,31,"viewed"
1774,2380,"2024-04-18","Plan Selection",3,59,"clicked"
1775,881,"2024-02-14","Pricing Page",2,31,"dropped"
1776,2849,"2024-01-12","Pricing Page",2,35,"clicked"
1777,270,"2024-06-02","Confirmation",5,66,"converted"
1778,1541,"2024-05-10","Home",1,52,"viewed"
1779,1621,"2024-02-04","Pricing Page",2,34,"clicked"
1780,254,"2024-02-25","Pricing Page",2,42,"dropped"
1781,890,"2024-04-08","Payment",4,112,"dropped"
1782,2553,"2024-01-04","Plan Selection",3,148,"viewed"
1783,2818,"2024-02-22","Plan Selection",3,63,"clicked"
1784,1368,"2024-06-16","Pricing Page",2,54,"viewed"
1785,776,"2024-03-01","Confirmation",5,100,"converted"
1786,1746,"2024-04-11","Home",1,120,"viewed"
1787,1289,"2024-02-24","Pricing Page",2,34,"dropped"
1788,2780,"2024-03-18","Pricing Page",2,54,"clicked"
1789,1178,"2024-01-29","Plan Selection",3,116,"viewed"
1790,2091,"2024-06-13","Pricing Page",2,54,"dropped"
1791,1542,"2024-02-14","Plan Selection",3,155,"clicked"
1792,1890,"2024-03-23","Pricing Page",2,57,"viewed"
1793,2895,"2024-06-11","Plan Selection",3,74,"viewed"
1794,2977,"2024-04-16","Confirmation",5,24,"converted"
1795,1350,"2024-01-07","Payment",4,29,"viewed"
1796,1525,"2024-04-29","Payment",4,188,"dropped"
1797,2984,"2024-04-13","Payment",4,142,"viewed"
1798,1449,"2024-02-29","Home",1,203,"clicked"
1799,1269,"2024-02-27","Pricing Page",2,51,"clicked"
1800,1328,"2024-05-04","Home",1,96,"viewed"
1801,262,"2024-05-25","Payment",4,75,"clicked"
1802,2913,"2024-05-04","Plan Selection",3,117,"dropped"
1803,144,"2024-06-01","Home",1,170,"viewed"
1804,1989,"2024-06-07","Pricing Page",2,46,"dropped"
1805,624,"2024-03-19","Plan Selection",3,100,"viewed"
1806,2009,"2024-04-06","Plan Selection",3,143,"clicked"
1807,2631,"2024-02-16","Plan Selection",3,115,"viewed"
1808,2153,"2024-04-19","Payment",4,123,"dropped"
1809,1078,"2024-01-29","Plan Selection",3,16,"dropped"
1810,717,"2024-06-28","Pricing Page",2,43,"dropped"
1811,2666,"2024-04-09","Home",1,160,"clicked"
1812,1169,"2024-03-05","Plan Selection",3,209,"dropped"
1813,2364,"2024-03-25","Confirmation",5,102,"converted"
1814,1197,"2024-04-19","Payment",4,69,"dropped"
1815,624,"2024-06-26","Pricing Page",2,51,"dropped"
1816,1449,"2024-03-02","Pricing Page",2,35,"dropped"
1817,1513,"2024-06-08","Confirmation",5,179,"converted"
1818,1602,"2024-01-24","Home",1,190,"clicked"
1819,2820,"2024-05-08","Payment",4,124,"viewed"
1820,1482,"2024-04-07","Pricing Page",2,52,"clicked"
1821,445,"2024-04-18","Plan Selection",3,198,"dropped"
1822,1620,"2024-03-27","Payment",4,89,"viewed"
1823,823,"2024-02-22","Plan Selection",3,60,"clicked"
1824,662,"2024-06-14","Confirmation",5,164,"converted"
1825,445,"2024-03-18","Plan Selection",3,52,"viewed"
1826,564,"2024-01-08","Plan Selection",3,34,"viewed"
1827,2737,"2024-04-17","Pricing Page",2,51,"dropped"
1828,104,"2024-05-16","Plan Selection",3,29,"clicked"
1829,177,"2024-06-08","Pricing Page",2,54,"viewed"
1830,615,"2024-01-26","Home",1,209,"viewed"
1831,2203,"2024-03-19","Confirmation",5,105,"converted"
1832,1553,"2024-01-30","Pricing Page",2,52,"dropped"
1833,197,"2024-01-21","Pricing Page",2,45,"clicked"
1834,1844,"2024-05-23","Home",1,50,"viewed"
1835,2092,"2024-04-01","Pricing Page",2,57,"viewed"
1836,2865,"2024-05-27","Pricing Page",2,57,"dropped"
1837,2754,"2024-06-07","Plan Selection",3,113,"viewed"
1838,2860,"2024-04-29","Pricing Page",2,45,"viewed"
1839,2709,"2024-05-08","Payment",4,34,"dropped"
1840,2722,"2024-03-08","Home",1,125,"clicked"
1841,1992,"2024-06-07","Pricing Page",2,48,"dropped"
1842,2323,"2024-02-01","Plan Selection",3,53,"clicked"
1843,1673,"2024-03-24","Plan Selection",3,170,"dropped"
1844,299,"2024-02-04","Plan Selection",3,159,"viewed"
1845,1330,"2024-01-02","Plan Selection",3,111,"clicked"
1846,1815,"2024-05-14","Confirmation",5,72,"converted"
1847,2478,"2024-02-05","Plan Selection",3,201,"clicked"
1848,1181,"2024-02-07","Payment",4,151,"viewed"
1849,1596,"2024-06-06","Payment",4,40,"clicked"
1850,186,"2024-05-24","Payment",4,138,"viewed"
1851,2991,"2024-04-24","Home",1,197,"dropped"
1852,500,"2024-02-13","Plan Selection",3,173,"viewed"
1853,1077,"2024-06-13","Pricing Page",2,55,"dropped"
1854,2553,"2024-05-06","Confirmation",5,138,"converted"
1855,1118,"2024-06-17","Plan Selection",3,189,"viewed"
1856,1994,"2024-05-08","Plan Selection",3,138,"clicked"
1857,2512,"2024-04-05","Home",1,11,"viewed"
1858,1212,"2024-06-23","Plan Selection",3,40,"viewed"
1859,761,"2024-03-20","Pricing Page",2,63,"viewed"
1860,2927,"2024-02-03","Confirmation",5,91,"converted"
1861,214,"2024-01-24","Pricing Page",2,52,"clicked"
1862,2448,"2024-06-05","Confirmation",5,174,"converted"
1863,1382,"2024-05-30","Payment",4,99,"viewed"
1864,2909,"2024-02-17","Pricing Page",2,36,"viewed"
1865,200,"2024-03-26","Home",1,89,"clicked"
1866,856,"2024-06-19","Payment",4,94,"clicked"
1867,1608,"2024-06-29","Pricing Page",2,66,"clicked"
1868,424,"2024-06-12","Home",1,159,"clicked"
1869,205,"2024-06-21","Plan Selection",3,208,"clicked"
1870,869,"2024-05-03","Plan Selection",3,154,"viewed"
1871,1656,"2024-06-16","Confirmation",5,38,"converted"
1872,2275,"2024-03-06","Plan Selection",3,126,"clicked"
1873,2499,"2024-02-08","Plan Selection",3,52,"clicked"
1874,460,"2024-05-04","Confirmation",5,177,"converted"
1875,766,"2024-05-17","Home",1,176,"dropped"
1876,55,"2024-05-21","Payment",4,186,"viewed"
1877,2359,"2024-02-18","Confirmation",5,29,"converted"
1878,1613,"2024-03-13","Pricing Page",2,52,"clicked"
1879,2472,"2024-02-16","Payment",4,70,"dropped"
1880,1242,"2024-06-08","Home",1,34,"dropped"
1881,1371,"2024-05-22","Plan Selection",3,99,"clicked"
1882,1165,"2024-02-25","Pricing Page",2,57,"clicked"
1883,1760,"2024-04-07","Confirmation",5,17,"converted"
1884,1160,"2024-05-29","Confirmation",5,87,"converted"
1885,30,"2024-06-10","Pricing Page",2,52,"dropped"
1886,159,"2024-06-24","Plan Selection",3,129,"viewed"
1887,1767,"2024-02-27","Payment",4,35,"dropped"
1888,1609,"2024-01-25","Home",1,187,"clicked"
1889,1937,"2024-03-21","Pricing Page",2,41,"clicked"
1890,82,"2024-01-23","Plan Selection",3,84,"dropped"
1891,2885,"2024-01-29","Confirmation",5,21,"converted"
1892,1687,"2024-04-26","Plan Selection",3,150,"viewed"
1893,1581,"2024-06-04","Plan Selection",3,203,"viewed"
1894,1905,"2024-01-10","Pricing Page",2,50,"dropped"
1895,981,"2024-05-29","Home",1,52,"viewed"
1896,1834,"2024-01-20","Plan Selection",3,53,"viewed"
1897,384,"2024-05-20","Pricing Page",2,41,"dropped"
1898,2861,"2024-04-21","Pricing Page",2,44,"dropped"
1899,1549,"2024-02-22","Confirmation",5,126,"converted"
1900,766,"2024-04-04","Payment",4,138,"viewed"
1901,1447,"2024-03-07","Pricing Page",2,56,"dropped"
1902,943,"2024-01-02","Home",1,97,"viewed"
1903,793,"2024-04-13","Home",1,142,"dropped"
1904,1245,"2024-05-30","Confirmation",5,35,"converted"
1905,2568,"2024-06-11","Confirmation",5,199,"converted"
1906,2824,"2024-06-06","Plan Selection",3,12,"clicked"
1907,1365,"2024-05-20","Plan Selection",3,51,"clicked"
1908,2927,"2024-02-27","Plan Selection",3,84,"viewed"
1909,524,"2024-02-24","Confirmation",5,11,"converted"
1910,299,"2024-03-25","Home",1,176,"dropped"
1911,1811,"2024-06-22","Confirmation",5,206,"converted"
1912,2990,"2024-01-08","Pricing Page",2,57,"viewed"
1913,2536,"2024-03-29","Confirmation",5,27,"converted"
1914,2097,"2024-02-12","Home",1,152,"clicked"
1915,1155,"2024-01-03","Confirmation",5,115,"converted"
1916,2708,"2024-06-16","Confirmation",5,175,"converted"
1917,1144,"2024-03-16","Confirmation",5,107,"converted"
1918,1808,"2024-04-08","Confirmation",5,191,"converted"
1919,2466,"2024-03-10","Pricing Page",2,32,"dropped"
1920,2819,"2024-04-19","Pricing Page",2,43,"dropped"
1921,788,"2024-02-07","Pricing Page",2,47,"dropped"
1922,124,"2024-05-15","Plan Selection",3,186,"clicked"
1923,72,"2024-04-03","Plan Selection",3,206,"clicked"
1924,2955,"2024-05-19","Confirmation",5,38,"converted"
1925,161,"2024-05-30","Home",1,111,"clicked"
1926,564,"2024-02-26","Confirmation",5,10,"converted"
1927,157,"2024-02-16","Home",1,172,"viewed"
1928,369,"2024-03-28","Home",1,156,"clicked"
1929,1821,"2024-03-04","Confirmation",5,128,"converted"
1930,534,"2024-01-21","Home",1,167,"viewed"
1931,2803,"2024-01-18","Plan Selection",3,23,"clicked"
1932,1389,"2024-02-26","Home",1,193,"dropped"
1933,1798,"2024-05-22","Home",1,76,"clicked"
1934,816,"2024-04-17","Home",1,209,"clicked"
1935,1790,"2024-03-18","Pricing Page",2,53,"dropped"
1936,2953,"2024-03-12","Home",1,204,"viewed"
1937,2613,"2024-01-16","Payment",4,169,"clicked"
1938,1109,"2024-02-04","Payment",4,145,"viewed"
1939,537,"2024-03-06","Pricing Page",2,39,"viewed"
1940,2488,"2024-06-06","Payment",4,151,"viewed"
1941,1922,"2024-03-02","Payment",4,194,"dropped"
1942,1251,"2024-03-09","Plan Selection",3,13,"dropped"
1943,2836,"2024-01-23","Payment",4,133,"viewed"
1944,1909,"2024-01-15","Plan Selection",3,65,"viewed"
1945,1618,"2024-01-13","Payment",4,108,"dropped"
1946,2069,"2024-05-15","Plan Selection",3,37,"viewed"
1947,2502,"2024-02-10","Plan Selection",3,99,"clicked"
1948,1434,"2024-02-23","Home",1,80,"viewed"
1949,176,"2024-03-17","Confirmation",5,85,"converted"
1950,300,"2024-03-07","Plan Selection",3,132,"clicked"
1951,1080,"2024-03-27","Pricing Page",2,41,"dropped"
1952,1929,"2024-03-21","Pricing Page",2,42,"clicked"
1953,2152,"2024-01-18","Pricing Page",2,41,"viewed"
1954,1121,"2024-01-29","Plan Selection",3,179,"dropped"
1955,1980,"2024-04-15","Confirmation",5,187,"converted"
1956,2001,"2024-04-30","Pricing Page",2,57,"dropped"
1957,1287,"2024-02-26","Pricing Page",2,41,"dropped"
1958,1260,"2024-05-18","Plan Selection",3,113,"viewed"
1959,2967,"2024-02-09","Home",1,193,"clicked"
1960,1577,"2024-06-04","Plan Selection",3,204,"viewed"
1961,2180,"2024-03-22","Home",1,10,"viewed"
1962,2932,"2024-03-31","Plan Selection",3,67,"viewed"
1963,2942,"2024-04-17","Home",1,93,"viewed"
1964,1727,"2024-06-26","Home",1,191,"dropped"
1965,1245,"2024-06-28","Payment",4,138,"dropped"
1966,901,"2024-03-06","Confirmation",5,96,"converted"
1967,1346,"2024-06-20","Pricing Page",2,41,"dropped"
1968,2920,"2024-03-21","Pricing Page",2,43,"viewed"
1969,907,"2024-04-21","Home",1,16,"viewed"
1970,87,"2024-02-19","Pricing Page",2,47,"dropped"
1971,1046,"2024-05-08","Plan Selection",3,89,"clicked"
1972,497,"2024-03-15","Plan Selection",3,128,"clicked"
1973,1575,"2024-06-01","Plan Selection",3,153,"viewed"
1974,201,"2024-03-13","Payment",4,161,"clicked"
1975,2409,"2024-05-19","Pricing Page",2,64,"dropped"
1976,262,"2024-06-24","Plan Selection",3,23,"clicked"
1977,1693,"2024-01-29","Home",1,16,"viewed"
1978,495,"2024-02-18","Payment",4,99,"viewed"
1979,197,"2024-02-21","Pricing Page",2,37,"clicked"
1980,953,"2024-05-13","Payment",4,97,"viewed"
1981,2012,"2024-03-06","Payment",4,202,"clicked"
1982,16,"2024-06-10","Pricing Page",2,53,"dropped"
1983,1603,"2024-01-09","Plan Selection",3,12,"dropped"
1984,2501,"2024-04-26","Plan Selection",3,141,"dropped"
1985,2112,"2024-01-21","Pricing Page",2,57,"dropped"
1986,1466,"2024-05-05","Confirmation",5,188,"converted"
1987,1467,"2024-05-17","Pricing Page",2,50,"dropped"
1988,499,"2024-04-13","Pricing Page",2,40,"dropped"
1989,1367,"2024-02-15","Confirmation",5,156,"converted"
1990,2902,"2024-04-25","Pricing Page",2,54,"clicked"
1991,1620,"2024-02-06","Pricing Page",2,39,"clicked"
1992,609,"2024-05-10","Home",1,184,"clicked"
1993,118,"2024-02-07","Confirmation",5,192,"converted"
1994,2515,"2024-03-24","Payment",4,116,"clicked"
1995,2997,"2024-01-07","Home",1,164,"clicked"
1996,1100,"2024-05-28","Home",1,127,"viewed"
1997,2203,"2024-06-25","Plan Selection",3,102,"clicked"
1998,2886,"2024-01-01","Home",1,137,"viewed"
1999,364,"2024-02-03","Plan Selection",3,49,"clicked"
2000,415,"2024-04-27","Payment",4,53,"clicked"
2001,767,"2024-04-06","Confirmation",5,200,"converted"
2002,110,"2024-02-27","Pricing Page",2,43,"viewed"
2003,2711,"2024-06-19","Home",1,55,"dropped"
2004,2355,"2024-04-27","Confirmation",5,105,"converted"
2005,2220,"2024-02-17","Home",1,149,"dropped"
2006,2677,"2024-06-06","Plan Selection",3,157,"viewed"
2007,614,"2024-06-24","Pricing Page",2,47,"clicked"
2008,2991,"2024-04-26","Pricing Page",2,43,"dropped"
2009,1951,"2024-04-06","Payment",4,15,"viewed"
2010,2137,"2024-05-03","Pricing Page",2,48,"viewed"
2011,749,"2024-05-05","Plan Selection",3,106,"clicked"
2012,2684,"2024-05-01","Plan Selection",3,81,"viewed"
2013,2174,"2024-03-03","Plan Selection",3,161,"dropped"
2014,793,"2024-06-29","Pricing Page",2,38,"dropped"
2015,1643,"2024-01-29","Home",1,61,"viewed"
2016,1356,"2024-05-11","Pricing Page",2,44,"dropped"
2017,1469,"2024-05-19","Pricing Page",2,56,"viewed"
2018,17,"2024-01-17","Pricing Page",2,58,"dropped"
2019,373,"2024-03-21","Payment",4,197,"dropped"
2020,2432,"2024-05-02","Confirmation",5,161,"converted"
2021,2727,"2024-02-19","Plan Selection",3,88,"dropped"
2022,88,"2024-01-04","Home",1,205,"viewed"
2023,1324,"2024-04-14","Plan Selection",3,28,"viewed"
2024,1742,"2024-04-15","Home",1,44,"clicked"
2025,142,"2024-02-23","Pricing Page",2,52,"viewed"
2026,1965,"2024-06-16","Plan Selection",3,120,"viewed"
2027,467,"2024-03-29","Confirmation",5,101,"converted"
2028,1005,"2024-02-23","Pricing Page",2,46,"dropped"
2029,1486,"2024-05-27","Plan Selection",3,108,"viewed"
2030,97,"2024-01-10","Home",1,151,"dropped"
2031,2830,"2024-05-02","Plan Selection",3,160,"dropped"
2032,572,"2024-05-03","Payment",4,51,"clicked"
2033,2208,"2024-02-18","Home",1,185,"viewed"
2034,689,"2024-02-12","Pricing Page",2,50,"viewed"
2035,2257,"2024-06-10","Pricing Page",2,48,"dropped"
2036,2281,"2024-02-24","Pricing Page",2,36,"dropped"
2037,716,"2024-01-14","Plan Selection",3,27,"clicked"
2038,2934,"2024-04-08","Payment",4,76,"clicked"
2039,1321,"2024-03-01","Pricing Page",2,52,"viewed"
2040,1541,"2024-02-21","Payment",4,114,"viewed"
2041,1178,"2024-06-27","Payment",4,166,"viewed"
2042,2929,"2024-06-09","Plan Selection",3,194,"dropped"
2043,1620,"2024-04-02","Confirmation",5,50,"converted"
2044,493,"2024-02-08","Plan Selection",3,61,"clicked"
2045,2891,"2024-02-01","Confirmation",5,92,"converted"
2046,300,"2024-02-17","Home",1,56,"dropped"
2047,282,"2024-06-28","Plan Selection",3,97,"dropped"
2048,1242,"2024-04-24","Confirmation",5,141,"converted"
2049,1647,"2024-05-20","Pricing Page",2,64,"clicked"
2050,2418,"2024-06-21","Pricing Page",2,64,"dropped"
2051,1127,"2024-04-26","Home",1,123,"clicked"
2052,2928,"2024-02-19","Pricing Page",2,40,"clicked"
2053,142,"2024-06-28","Payment",4,36,"dropped"
2054,1652,"2024-02-03","Pricing Page",2,55,"clicked"
2055,2121,"2024-01-29","Plan Selection",3,180,"clicked"
2056,2246,"2024-06-23","Plan Selection",3,197,"dropped"
2057,550,"2024-06-14","Home",1,88,"viewed"
2058,773,"2024-04-22","Pricing Page",2,62,"dropped"
2059,598,"2024-04-14","Pricing Page",2,60,"viewed"
2060,383,"2024-01-01","Plan Selection",3,40,"viewed"
2061,2704,"2024-06-09","Payment",4,209,"viewed"
2062,45,"2024-04-30","Pricing Page",2,50,"dropped"
2063,60,"2024-02-29","Plan Selection",3,197,"viewed"
2064,2625,"2024-04-11","Home",1,45,"clicked"
2065,949,"2024-03-26","Pricing Page",2,58,"dropped"
2066,2659,"2024-06-03","Plan Selection",3,103,"clicked"
2067,751,"2024-04-28","Plan Selection",3,140,"viewed"
2068,1468,"2024-03-09","Pricing Page",2,30,"clicked"
2069,1925,"2024-01-04","Home",1,165,"clicked"
2070,1814,"2024-06-04","Pricing Page",2,63,"clicked"
2071,1954,"2024-05-08","Plan Selection",3,191,"viewed"
2072,2390,"2024-06-07","Confirmation",5,64,"converted"
2073,1299,"2024-03-03","Pricing Page",2,31,"viewed"
2074,2434,"2024-01-16","Confirmation",5,147,"converted"
2075,1452,"2024-03-04","Pricing Page",2,42,"dropped"
2076,259,"2024-04-18","Payment",4,186,"dropped"
2077,1228,"2024-03-14","Payment",4,179,"viewed"
2078,1174,"2024-04-18","Payment",4,74,"dropped"
2079,2126,"2024-01-26","Plan Selection",3,97,"clicked"
2080,254,"2024-06-26","Plan Selection",3,73,"viewed"
2081,716,"2024-02-19","Plan Selection",3,102,"clicked"
2082,924,"2024-04-04","Plan Selection",3,187,"clicked"
2083,527,"2024-05-19","Pricing Page",2,49,"clicked"
2084,201,"2024-05-29","Confirmation",5,55,"converted"
2085,925,"2024-06-04","Pricing Page",2,46,"dropped"
2086,1673,"2024-06-21","Home",1,128,"viewed"
2087,1939,"2024-02-02","Confirmation",5,64,"converted"
2088,1402,"2024-04-04","Pricing Page",2,53,"viewed"
2089,144,"2024-03-28","Pricing Page",2,66,"viewed"
2090,2704,"2024-04-24","Pricing Page",2,51,"clicked"
2091,1769,"2024-04-20","Pricing Page",2,53,"clicked"
2092,1863,"2024-04-14","Home",1,81,"viewed"
2093,1797,"2024-05-23","Home",1,99,"viewed"
2094,1117,"2024-04-24","Home",1,75,"clicked"
2095,1472,"2024-06-24","Pricing Page",2,38,"viewed"
2096,2404,"2024-01-14","Confirmation",5,126,"converted"
2097,123,"2024-03-22","Home",1,70,"dropped"
2098,1960,"2024-06-18","Plan Selection",3,158,"clicked"
2099,2231,"2024-06-17","Pricing Page",2,47,"dropped"
2100,2056,"2024-03-20","Home",1,93,"viewed"
2101,2763,"2024-05-07","Payment",4,145,"dropped"
2102,1544,"2024-02-14","Plan Selection",3,152,"clicked"
2103,1059,"2024-02-18","Pricing Page",2,46,"viewed"
2104,642,"2024-01-25","Home",1,168,"viewed"
2105,2552,"2024-05-09","Home",1,199,"viewed"
2106,1663,"2024-05-12","Home",1,179,"dropped"
2107,1425,"2024-05-18","Pricing Page",2,59,"dropped"
2108,1920,"2024-01-25","Payment",4,78,"clicked"
2109,889,"2024-01-16","Plan Selection",3,108,"viewed"
2110,1610,"2024-02-19","Payment",4,16,"viewed"
2111,317,"2024-01-02","Payment",4,131,"viewed"
2112,1519,"2024-06-17","Home",1,181,"viewed"
2113,2914,"2024-01-23","Plan Selection",3,50,"viewed"
2114,2036,"2024-05-29","Home",1,200,"clicked"
2115,2010,"2024-05-30","Home",1,69,"viewed"
2116,313,"2024-04-05","Pricing Page",2,39,"dropped"
2117,2683,"2024-06-07","Plan Selection",3,171,"viewed"
2118,1426,"2024-03-20","Payment",4,108,"dropped"
2119,1341,"2024-05-02","Home",1,51,"viewed"
2120,2529,"2024-04-06","Home",1,34,"dropped"
2121,1682,"2024-02-13","Plan Selection",3,187,"viewed"
2122,2098,"2024-06-08","Pricing Page",2,63,"dropped"
2123,318,"2024-04-09","Pricing Page",2,52,"dropped"
2124,848,"2024-06-24","Confirmation",5,27,"converted"
2125,1342,"2024-06-24","Plan Selection",3,129,"clicked"
2126,2031,"2024-06-11","Pricing Page",2,56,"clicked"
2127,1708,"2024-05-24","Pricing Page",2,40,"dropped"
2128,709,"2024-05-07","Payment",4,191,"dropped"
2129,2782,"2024-02-14","Pricing Page",2,44,"dropped"
2130,738,"2024-05-22","Home",1,130,"clicked"
2131,994,"2024-03-09","Confirmation",5,75,"converted"
2132,2873,"2024-05-26","Home",1,93,"clicked"
2133,2042,"2024-04-25","Home",1,185,"viewed"
2134,2739,"2024-05-31","Pricing Page",2,59,"dropped"
2135,245,"2024-05-01","Home",1,108,"dropped"
2136,1027,"2024-02-09","Home",1,148,"dropped"
2137,430,"2024-06-27","Plan Selection",3,126,"clicked"
2138,583,"2024-05-25","Pricing Page",2,61,"dropped"
2139,1614,"2024-06-24","Pricing Page",2,44,"dropped"
2140,484,"2024-05-14","Pricing Page",2,65,"viewed"
2141,88,"2024-02-15","Home",1,20,"viewed"
2142,2180,"2024-02-25","Pricing Page",2,53,"viewed"
2143,1310,"2024-02-21","Home",1,147,"dropped"
2144,1409,"2024-01-06","Payment",4,142,"dropped"
2145,971,"2024-03-18","Home",1,127,"clicked"
2146,979,"2024-03-08","Confirmation",5,82,"converted"
2147,358,"2024-04-02","Home",1,90,"clicked"
2148,199,"2024-06-23","Plan Selection",3,64,"clicked"
2149,1397,"2024-06-22","Pricing Page",2,41,"dropped"
2150,1548,"2024-03-25","Payment",4,114,"clicked"
2151,2267,"2024-06-26","Plan Selection",3,59,"clicked"
2152,2529,"2024-02-18","Payment",4,49,"clicked"
2153,1134,"2024-01-20","Pricing Page",2,50,"dropped"
2154,2272,"2024-02-29","Pricing Page",2,54,"dropped"
2155,2480,"2024-06-19","Pricing Page",2,48,"dropped"
2156,853,"2024-02-07","Home",1,75,"dropped"
2157,1116,"2024-04-26","Home",1,126,"viewed"
2158,897,"2024-04-30","Pricing Page",2,42,"dropped"
2159,1666,"2024-04-19","Pricing Page",2,65,"dropped"
2160,596,"2024-02-06","Pricing Page",2,45,"dropped"
2161,2197,"2024-06-14","Pricing Page",2,42,"clicked"
2162,2468,"2024-01-24","Home",1,111,"viewed"
2163,1397,"2024-03-01","Pricing Page",2,42,"dropped"
2164,2836,"2024-01-01","Home",1,189,"viewed"
2165,159,"2024-03-15","Confirmation",5,72,"converted"
2166,2514,"2024-02-14","Plan Selection",3,179,"dropped"
2167,2798,"2024-03-08","Home",1,55,"viewed"
2168,2906,"2024-01-10","Pricing Page",2,48,"viewed"
2169,209,"2024-03-15","Payment",4,20,"viewed"
2170,886,"2024-03-13","Home",1,95,"viewed"
2171,1376,"2024-01-10","Confirmation",5,62,"converted"
2172,1962,"2024-03-29","Pricing Page",2,64,"dropped"
2173,2127,"2024-02-24","Pricing Page",2,58,"clicked"
2174,1497,"2024-03-26","Payment",4,184,"viewed"
2175,1028,"2024-03-01","Plan Selection",3,62,"clicked"
2176,2976,"2024-06-09","Pricing Page",2,58,"viewed"
2177,2646,"2024-03-24","Plan Selection",3,185,"clicked"
2178,1675,"2024-03-26","Plan Selection",3,25,"clicked"
2179,652,"2024-02-08","Pricing Page",2,43,"viewed"
2180,1864,"2024-01-23","Payment",4,90,"viewed"
2181,1700,"2024-04-12","Home",1,194,"dropped"
2182,1391,"2024-04-14","Pricing Page",2,60,"dropped"
2183,2877,"2024-01-15","Plan Selection",3,77,"dropped"
2184,2212,"2024-02-12","Confirmation",5,26,"converted"
2185,1619,"2024-03-22","Plan Selection",3,179,"clicked"
2186,89,"2024-02-06","Confirmation",5,20,"converted"
2187,1407,"2024-02-03","Plan Selection",3,10,"clicked"
2188,1169,"2024-04-02","Pricing Page",2,49,"clicked"
2189,1607,"2024-03-28","Payment",4,122,"clicked"
2190,933,"2024-03-05","Payment",4,57,"clicked"
2191,770,"2024-04-01","Payment",4,57,"viewed"
2192,7,"2024-02-02","Confirmation",5,193,"converted"
2193,2726,"2024-05-23","Pricing Page",2,62,"dropped"
2194,1853,"2024-05-29","Pricing Page",2,64,"dropped"
2195,324,"2024-06-13","Pricing Page",2,49,"dropped"
2196,2481,"2024-04-14","Pricing Page",2,45,"dropped"
2197,1486,"2024-03-01","Home",1,204,"clicked"
2198,1379,"2024-03-26","Confirmation",5,101,"converted"
2199,1123,"2024-03-30","Pricing Page",2,44,"dropped"
2200,2798,"2024-02-22","Plan Selection",3,82,"viewed"
2201,805,"2024-05-12","Payment",4,14,"clicked"
2202,2711,"2024-05-12","Confirmation",5,114,"converted"
2203,2342,"2024-03-02","Pricing Page",2,51,"clicked"
2204,1411,"2024-05-22","Plan Selection",3,70,"viewed"
2205,1985,"2024-04-12","Payment",4,111,"dropped"
2206,1564,"2024-04-15","Pricing Page",2,38,"dropped"
2207,104,"2024-01-23","Plan Selection",3,57,"viewed"
2208,1112,"2024-01-01","Confirmation",5,116,"converted"
2209,2794,"2024-01-12","Plan Selection",3,88,"clicked"
2210,2628,"2024-01-28","Home",1,42,"clicked"
2211,2261,"2024-03-17","Payment",4,205,"clicked"
2212,2307,"2024-05-29","Payment",4,130,"clicked"
2213,2977,"2024-02-21","Pricing Page",2,41,"clicked"
2214,1773,"2024-02-28","Payment",4,54,"clicked"
2215,877,"2024-05-04","Plan Selection",3,162,"dropped"
2216,866,"2024-01-18","Plan Selection",3,172,"dropped"
2217,1774,"2024-03-01","Confirmation",5,114,"converted"
2218,2685,"2024-06-13","Payment",4,114,"dropped"
2219,2385,"2024-05-16","Pricing Page",2,57,"dropped"
2220,2557,"2024-05-16","Pricing Page",2,61,"dropped"
2221,2395,"2024-03-01","Pricing Page",2,39,"viewed"
2222,780,"2024-05-16","Confirmation",5,138,"converted"
2223,841,"2024-03-25","Plan Selection",3,32,"dropped"
2224,2771,"2024-03-24","Plan Selection",3,67,"viewed"
2225,829,"2024-06-12","Plan Selection",3,148,"clicked"
2226,75,"2024-06-05","Pricing Page",2,57,"dropped"
2227,1038,"2024-03-08","Payment",4,16,"viewed"
2228,855,"2024-03-11","Home",1,79,"clicked"
2229,216,"2024-01-17","Pricing Page",2,57,"viewed"
2230,1959,"2024-04-21","Home",1,168,"clicked"
2231,1408,"2024-04-26","Payment",4,24,"viewed"
2232,1838,"2024-01-30","Confirmation",5,92,"converted"
2233,374,"2024-03-10","Plan Selection",3,118,"dropped"
2234,2510,"2024-06-13","Home",1,89,"viewed"
2235,1263,"2024-03-01","Pricing Page",2,30,"viewed"
2236,1371,"2024-04-12","Pricing Page",2,56,"clicked"
2237,999,"2024-05-21","Confirmation",5,53,"converted"
2238,1071,"2024-01-23","Plan Selection",3,91,"clicked"
2239,1939,"2024-01-20","Plan Selection",3,141,"clicked"
2240,1641,"2024-02-10","Pricing Page",2,49,"viewed"
2241,2009,"2024-04-08","Payment",4,203,"viewed"
2242,1449,"2024-03-10","Pricing Page",2,34,"clicked"
2243,1647,"2024-04-06","Home",1,107,"clicked"
2244,1267,"2024-06-27","Plan Selection",3,72,"viewed"
2245,321,"2024-05-07","Pricing Page",2,65,"viewed"
2246,590,"2024-01-01","Pricing Page",2,32,"dropped"
2247,2559,"2024-04-14","Pricing Page",2,63,"dropped"
2248,2982,"2024-01-08","Pricing Page",2,30,"dropped"
2249,1914,"2024-02-07","Home",1,198,"clicked"
2250,242,"2024-02-16","Home",1,93,"viewed"
2251,1969,"2024-03-01","Plan Selection",3,109,"clicked"
2252,1399,"2024-01-28","Pricing Page",2,42,"viewed"
2253,714,"2024-04-04","Confirmation",5,204,"converted"
2254,400,"2024-05-15","Pricing Page",2,52,"dropped"
2255,896,"2024-03-23","Pricing Page",2,55,"clicked"
2256,2340,"2024-05-24","Plan Selection",3,190,"clicked"
2257,2876,"2024-02-04","Home",1,177,"viewed"
2258,596,"2024-01-30","Pricing Page",2,49,"clicked"
2259,2922,"2024-01-19","Plan Selection",3,148,"viewed"
2260,561,"2024-06-26","Pricing Page",2,59,"clicked"
2261,2715,"2024-05-03","Plan Selection",3,97,"dropped"
2262,521,"2024-04-14","Pricing Page",2,39,"dropped"
2263,2428,"2024-03-25","Confirmation",5,37,"converted"
2264,2895,"2024-03-15","Home",1,123,"clicked"
2265,189,"2024-02-16","Home",1,152,"clicked"
2266,610,"2024-02-08","Pricing Page",2,49,"viewed"
2267,1640,"2024-01-05","Pricing Page",2,39,"dropped"
2268,1958,"2024-06-14","Plan Selection",3,82,"viewed"
2269,1937,"2024-03-11","Home",1,178,"dropped"
2270,1651,"2024-01-19","Payment",4,205,"clicked"
2271,2062,"2024-03-24","Pricing Page",2,63,"dropped"
2272,2331,"2024-04-02","Pricing Page",2,54,"dropped"
2273,2824,"2024-03-03","Confirmation",5,99,"converted"
2274,1653,"2024-03-15","Pricing Page",2,61,"clicked"
2275,735,"2024-01-12","Plan Selection",3,146,"viewed"
2276,1235,"2024-06-26","Plan Selection",3,98,"dropped"
2277,1736,"2024-03-03","Home",1,203,"viewed"
2278,726,"2024-05-11","Confirmation",5,69,"converted"
2279,2404,"2024-01-22","Home",1,121,"dropped"
2280,1643,"2024-01-01","Pricing Page",2,57,"dropped"
2281,194,"2024-02-17","Home",1,173,"viewed"
2282,527,"2024-05-06","Confirmation",5,159,"converted"
2283,2518,"2024-06-20","Pricing Page",2,45,"clicked"
2284,977,"2024-05-19","Confirmation",5,33,"converted"
2285,2809,"2024-02-28","Payment",4,14,"viewed"
2286,1615,"2024-04-05","Home",1,116,"viewed"
2287,1201,"2024-02-05","Payment",4,83,"clicked"
2288,647,"2024-05-03","Payment",4,177,"viewed"
2289,2232,"2024-01-31","Plan Selection",3,108,"viewed"
2290,2671,"2024-03-18","Pricing Page",2,39,"clicked"
2291,79,"2024-04-24","Home",1,115,"clicked"
2292,995,"2024-04-02","Plan Selection",3,52,"clicked"
2293,1422,"2024-01-19","Home",1,33,"clicked"
2294,1032,"2024-05-06","Pricing Page",2,44,"clicked"
2295,2740,"2024-03-16","Pricing Page",2,54,"clicked"
2296,1256,"2024-02-19","Home",1,168,"clicked"
2297,1731,"2024-01-21","Payment",4,167,"clicked"
2298,2940,"2024-03-30","Plan Selection",3,38,"dropped"
2299,812,"2024-06-18","Payment",4,109,"viewed"
2300,132,"2024-03-31","Pricing Page",2,46,"dropped"
2301,166,"2024-01-22","Pricing Page",2,53,"clicked"
2302,2329,"2024-01-02","Plan Selection",3,122,"viewed"
2303,1868,"2024-01-23","Payment",4,89,"viewed"
2304,1174,"2024-05-26","Payment",4,200,"dropped"
2305,2545,"2024-05-27","Plan Selection",3,42,"dropped"
2306,2240,"2024-06-28","Payment",4,145,"dropped"
2307,2854,"2024-01-30","Confirmation",5,73,"converted"
2308,2104,"2024-04-10","Plan Selection",3,147,"clicked"
2309,104,"2024-06-15","Pricing Page",2,58,"viewed"
2310,2227,"2024-05-30","Confirmation",5,51,"converted"
2311,666,"2024-03-27","Payment",4,56,"viewed"
2312,295,"2024-04-21","Payment",4,16,"viewed"
2313,311,"2024-06-29","Plan Selection",3,81,"viewed"
2314,2374,"2024-04-26","Payment",4,57,"viewed"
2315,2288,"2024-05-11","Pricing Page",2,53,"dropped"
2316,784,"2024-04-22","Pricing Page",2,60,"viewed"
2317,2871,"2024-02-11","Pricing Page",2,52,"viewed"
2318,294,"2024-06-09","Home",1,19,"viewed"
2319,2857,"2024-02-24","Plan Selection",3,75,"viewed"
2320,1561,"2024-03-31","Confirmation",5,45,"converted"
2321,275,"2024-06-15","Pricing Page",2,63,"dropped"
2322,2356,"2024-01-25","Pricing Page",2,34,"viewed"
2323,1987,"2024-06-01","Pricing Page",2,56,"dropped"
2324,498,"2024-04-21","Plan Selection",3,24,"viewed"
2325,2565,"2024-03-18","Plan Selection",3,130,"clicked"
2326,1763,"2024-01-19","Payment",4,91,"viewed"
2327,2557,"2024-05-27","Plan Selection",3,35,"dropped"
2328,164,"2024-01-03","Confirmation",5,111,"converted"
2329,2420,"2024-04-02","Home",1,33,"dropped"
2330,1858,"2024-04-03","Plan Selection",3,18,"dropped"
2331,554,"2024-05-12","Home",1,85,"clicked"
2332,1687,"2024-02-05","Pricing Page",2,55,"clicked"
2333,1624,"2024-03-20","Plan Selection",3,108,"viewed"
2334,1369,"2024-06-15","Pricing Page",2,48,"dropped"
2335,811,"2024-01-31","Home",1,147,"clicked"
2336,1721,"2024-06-08","Plan Selection",3,172,"viewed"
2337,1538,"2024-04-16","Pricing Page",2,47,"dropped"
2338,2060,"2024-03-22","Home",1,137,"clicked"
2339,154,"2024-03-27","Pricing Page",2,60,"viewed"
2340,2148,"2024-04-22","Confirmation",5,199,"converted"
2341,2570,"2024-03-19","Plan Selection",3,152,"viewed"
2342,1878,"2024-06-06","Pricing Page",2,61,"dropped"
2343,133,"2024-05-22","Payment",4,129,"viewed"
2344,893,"2024-04-24","Pricing Page",2,52,"dropped"
2345,759,"2024-04-30","Plan Selection",3,176,"clicked"
2346,2447,"2024-05-05","Home",1,207,"viewed"
2347,1525,"2024-06-04","Payment",4,73,"dropped"
2348,802,"2024-04-19","Pricing Page",2,47,"viewed"
2349,1872,"2024-03-07","Confirmation",5,163,"converted"
2350,2728,"2024-02-14","Plan Selection",3,163,"clicked"
2351,1150,"2024-06-12","Pricing Page",2,41,"dropped"
2352,694,"2024-04-17","Pricing Page",2,56,"dropped"
2353,319,"2024-06-26","Plan Selection",3,10,"dropped"
2354,528,"2024-02-01","Pricing Page",2,35,"viewed"
2355,2313,"2024-02-20","Home",1,114,"clicked"
2356,1378,"2024-01-15","Home",1,175,"dropped"
2357,190,"2024-06-27","Payment",4,153,"clicked"
2358,2176,"2024-04-01","Pricing Page",2,43,"viewed"
2359,497,"2024-06-26","Pricing Page",2,39,"dropped"
2360,80,"2024-01-07","Home",1,97,"viewed"
2361,2974,"2024-03-08","Confirmation",5,72,"converted"
2362,2696,"2024-04-11","Home",1,177,"viewed"
2363,2535,"2024-04-21","Plan Selection",3,173,"clicked"
2364,61,"2024-04-21","Home",1,64,"clicked"
2365,1887,"2024-02-19","Pricing Page",2,49,"clicked"
2366,2078,"2024-02-23","Pricing Page",2,31,"dropped"
2367,1456,"2024-01-06","Plan Selection",3,80,"viewed"
2368,1200,"2024-06-17","Pricing Page",2,50,"clicked"
2369,2458,"2024-04-23","Plan Selection",3,122,"viewed"
2370,107,"2024-06-19","Plan Selection",3,51,"dropped"
2371,1243,"2024-03-23","Home",1,162,"viewed"
2372,1273,"2024-06-10","Home",1,62,"viewed"
2373,2778,"2024-03-14","Pricing Page",2,30,"dropped"
2374,1527,"2024-04-23","Plan Selection",3,32,"viewed"
2375,1446,"2024-01-22","Home",1,96,"viewed"
2376,325,"2024-03-31","Home",1,81,"clicked"
2377,896,"2024-05-01","Pricing Page",2,45,"viewed"
2378,2606,"2024-04-10","Home",1,56,"viewed"
2379,1246,"2024-02-07","Payment",4,76,"clicked"
2380,1362,"2024-03-13","Plan Selection",3,202,"viewed"
2381,2056,"2024-05-03","Pricing Page",2,60,"clicked"
2382,215,"2024-03-07","Plan Selection",3,12,"dropped"
2383,2682,"2024-06-14","Confirmation",5,150,"converted"
2384,2516,"2024-01-17","Confirmation",5,90,"converted"
2385,596,"2024-05-23","Pricing Page",2,51,"dropped"
2386,870,"2024-01-15","Plan Selection",3,84,"clicked"
2387,1164,"2024-01-07","Home",1,196,"viewed"
2388,1124,"2024-06-25","Payment",4,167,"viewed"
2389,523,"2024-05-16","Pricing Page",2,66,"viewed"
2390,86,"2024-02-13","Home",1,178,"viewed"
2391,2593,"2024-05-04","Payment",4,31,"dropped"
2392,2708,"2024-03-08","Home",1,153,"dropped"
2393,771,"2024-01-07","Pricing Page",2,59,"clicked"
2394,1753,"2024-05-20","Home",1,75,"dropped"
2395,632,"2024-03-02","Home",1,70,"clicked"
2396,2016,"2024-03-16","Home",1,17,"dropped"
2397,2957,"2024-06-06","Pricing Page",2,47,"dropped"
2398,1032,"2024-02-29","Plan Selection",3,28,"viewed"
2399,2460,"2024-02-13","Payment",4,198,"clicked"
2400,2354,"2024-03-04","Pricing Page",2,59,"viewed"
2401,2440,"2024-05-20","Pricing Page",2,66,"dropped"
2402,2452,"2024-01-20","Home",1,27,"dropped"
2403,2047,"2024-06-02","Home",1,86,"clicked"
2404,1857,"2024-01-07","Pricing Page",2,46,"clicked"
2405,167,"2024-01-11","Home",1,104,"viewed"
2406,1321,"2024-02-21","Home",1,149,"dropped"
2407,2008,"2024-06-09","Pricing Page",2,53,"dropped"
2408,95,"2024-02-04","Payment",4,143,"viewed"
2409,6,"2024-04-19","Home",1,67,"clicked"
2410,116,"2024-01-10","Home",1,113,"dropped"
2411,1125,"2024-02-27","Pricing Page",2,41,"clicked"
2412,1560,"2024-06-27","Pricing Page",2,65,"dropped"
2413,2040,"2024-06-16","Plan Selection",3,50,"dropped"
2414,1541,"2024-06-10","Confirmation",5,199,"converted"
2415,2882,"2024-06-23","Confirmation",5,157,"converted"
2416,2773,"2024-03-13","Pricing Page",2,59,"dropped"
2417,196,"2024-05-09","Pricing Page",2,61,"clicked"
2418,1887,"2024-05-13","Payment",4,172,"viewed"
2419,2294,"2024-06-12","Pricing Page",2,50,"dropped"
2420,2953,"2024-04-11","Payment",4,125,"clicked"
2421,2640,"2024-03-19","Plan Selection",3,88,"clicked"
2422,1621,"2024-05-01","Payment",4,134,"viewed"
2423,2395,"2024-02-04","Plan Selection",3,59,"clicked"
2424,2981,"2024-02-28","Plan Selection",3,56,"dropped"
2425,1592,"2024-06-14","Confirmation",5,32,"converted"
2426,1986,"2024-06-23","Payment",4,72,"dropped"
2427,608,"2024-06-17","Home",1,110,"clicked"
2428,327,"2024-04-14","Plan Selection",3,27,"viewed"
2429,1240,"2024-06-05","Home",1,175,"viewed"
2430,2785,"2024-06-29","Home",1,207,"clicked"
2431,2408,"2024-06-21","Pricing Page",2,65,"dropped"
2432,2674,"2024-06-05","Plan Selection",3,147,"clicked"
2433,942,"2024-01-26","Payment",4,78,"clicked"
2434,711,"2024-05-29","Pricing Page",2,58,"dropped"
2435,842,"2024-02-11","Pricing Page",2,54,"dropped"
2436,580,"2024-04-19","Pricing Page",2,51,"viewed"
2437,2861,"2024-02-06","Home",1,24,"viewed"
2438,1840,"2024-01-30","Confirmation",5,94,"converted"
2439,515,"2024-04-15","Pricing Page",2,46,"dropped"
2440,174,"2024-05-15","Plan Selection",3,139,"clicked"
2441,1725,"2024-03-06","Home",1,74,"clicked"
2442,2543,"2024-01-28","Pricing Page",2,48,"clicked"
2443,836,"2024-01-23","Payment",4,116,"clicked"
2444,2927,"2024-06-18","Payment",4,204,"clicked"
2445,59,"2024-03-02","Plan Selection",3,38,"viewed"
2446,1885,"2024-05-08","Plan Selection",3,52,"dropped"
2447,1939,"2024-01-11","Pricing Page",2,48,"dropped"
2448,757,"2024-02-04","Pricing Page",2,43,"clicked"
2449,2159,"2024-05-18","Plan Selection",3,20,"dropped"
2450,233,"2024-04-27","Home",1,34,"clicked"
2451,1493,"2024-05-18","Pricing Page",2,50,"dropped"
2452,2484,"2024-01-20","Home",1,12,"viewed"
2453,704,"2024-04-20","Pricing Page",2,64,"dropped"
2454,1445,"2024-01-21","Home",1,56,"viewed"
2455,1317,"2024-05-08","Pricing Page",2,38,"dropped"
2456,471,"2024-03-20","Payment",4,71,"clicked"
2457,2604,"2024-02-18","Payment",4,181,"dropped"
2458,2626,"2024-01-20","Confirmation",5,61,"converted"
2459,1597,"2024-06-10","Payment",4,140,"viewed"
2460,969,"2024-04-27","Pricing Page",2,51,"dropped"
2461,2098,"2024-02-18","Pricing Page",2,41,"dropped"
2462,1830,"2024-04-22","Pricing Page",2,52,"clicked"
2463,2056,"2024-04-07","Plan Selection",3,119,"viewed"
2464,1782,"2024-03-17","Pricing Page",2,50,"dropped"
2465,505,"2024-04-15","Pricing Page",2,47,"dropped"
2466,2800,"2024-04-04","Payment",4,98,"viewed"
2467,2233,"2024-02-20","Home",1,193,"dropped"
2468,2963,"2024-03-29","Pricing Page",2,66,"dropped"
2469,1795,"2024-01-23","Payment",4,170,"clicked"
2470,321,"2024-01-05","Payment",4,204,"clicked"
2471,721,"2024-06-13","Payment",4,78,"clicked"
2472,1014,"2024-06-06","Pricing Page",2,40,"dropped"
2473,2727,"2024-02-12","Pricing Page",2,45,"dropped"
2474,1893,"2024-03-23","Pricing Page",2,53,"dropped"
2475,2168,"2024-02-15","Home",1,143,"dropped"
2476,1410,"2024-01-12","Confirmation",5,71,"converted"
2477,2534,"2024-02-23","Confirmation",5,187,"converted"
2478,1722,"2024-02-06","Pricing Page",2,55,"clicked"
2479,1446,"2024-02-01","Pricing Page",2,48,"viewed"
2480,1271,"2024-04-05","Pricing Page",2,44,"dropped"
2481,1938,"2024-01-05","Home",1,188,"viewed"
2482,2064,"2024-05-29","Home",1,169,"viewed"
2483,2200,"2024-02-04","Payment",4,51,"viewed"
2484,530,"2024-04-20","Plan Selection",3,155,"dropped"
2485,1023,"2024-03-11","Confirmation",5,106,"converted"
2486,1883,"2024-05-03","Plan Selection",3,140,"viewed"
2487,694,"2024-02-14","Plan Selection",3,187,"viewed"
2488,1939,"2024-04-27","Pricing Page",2,55,"viewed"
2489,106,"2024-02-28","Plan Selection",3,134,"clicked"
2490,2628,"2024-05-13","Home",1,20,"dropped"
2491,1002,"2024-03-09","Confirmation",5,72,"converted"
2492,2690,"2024-04-08","Home",1,109,"clicked"
2493,1764,"2024-05-04","Plan Selection",3,78,"viewed"
2494,1032,"2024-05-05","Pricing Page",2,40,"dropped"
2495,1591,"2024-01-30","Pricing Page",2,50,"clicked"
2496,875,"2024-03-26","Pricing Page",2,38,"dropped"
2497,2776,"2024-06-03","Pricing Page",2,65,"dropped"
2498,2050,"2024-01-29","Payment",4,64,"dropped"
2499,2302,"2024-03-28","Home",1,27,"dropped"
2500,1032,"2024-03-05","Payment",4,136,"viewed"
2501,2574,"2024-03-19","Plan Selection",3,140,"clicked"
2502,1572,"2024-01-24","Home",1,204,"viewed"
2503,939,"2024-04-23","Home",1,26,"viewed"
2504,2692,"2024-01-01","Pricing Page",2,48,"dropped"
2505,1635,"2024-03-31","Payment",4,178,"viewed"
2506,1435,"2024-04-16","Plan Selection",3,171,"clicked"
2507,130,"2024-05-12","Plan Selection",3,113,"viewed"
2508,711,"2024-02-25","Payment",4,59,"viewed"
2509,2699,"2024-02-26","Payment",4,94,"clicked"
2510,467,"2024-02-29","Home",1,187,"viewed"
2511,2784,"2024-06-08","Plan Selection",3,110,"viewed"
2512,1726,"2024-01-06","Pricing Page",2,30,"clicked"
2513,2236,"2024-03-27","Home",1,79,"clicked"
2514,916,"2024-05-09","Plan Selection",3,47,"viewed"
2515,381,"2024-05-28","Plan Selection",3,31,"clicked"
2516,2062,"2024-02-11","Home",1,156,"clicked"
2517,2551,"2024-01-05","Plan Selection",3,158,"dropped"
2518,2835,"2024-04-21","Pricing Page",2,50,"dropped"
2519,398,"2024-06-03","Payment",4,171,"clicked"
2520,2014,"2024-01-18","Pricing Page",2,32,"dropped"
2521,2410,"2024-06-25","Pricing Page",2,49,"dropped"
2522,2036,"2024-05-03","Pricing Page",2,61,"clicked"
2523,2316,"2024-03-10","Plan Selection",3,191,"viewed"
2524,2183,"2024-04-13","Plan Selection",3,142,"clicked"
2525,1299,"2024-02-26","Pricing Page",2,41,"dropped"
2526,1476,"2024-01-14","Confirmation",5,53,"converted"
2527,1301,"2024-04-02","Pricing Page",2,59,"clicked"
2528,2722,"2024-01-21","Payment",4,187,"viewed"
2529,2480,"2024-03-20","Payment",4,68,"clicked"
2530,1830,"2024-01-29","Confirmation",5,64,"converted"
2531,1545,"2024-05-17","Pricing Page",2,67,"dropped"
2532,359,"2024-06-17","Pricing Page",2,57,"dropped"
2533,171,"2024-01-14","Home",1,160,"dropped"
2534,1950,"2024-05-07","Plan Selection",3,159,"dropped"
2535,2566,"2024-02-09","Plan Selection",3,201,"dropped"
2536,744,"2024-04-12","Home",1,155,"clicked"
2537,2120,"2024-03-13","Confirmation",5,56,"converted"
2538,1521,"2024-05-30","Plan Selection",3,153,"viewed"
2539,292,"2024-04-07","Pricing Page",2,50,"viewed"
2540,115,"2024-04-22","Confirmation",5,22,"converted"
2541,1081,"2024-04-20","Confirmation",5,24,"converted"
2542,1231,"2024-05-31","Confirmation",5,63,"converted"
2543,1438,"2024-04-16","Pricing Page",2,60,"dropped"
2544,2071,"2024-06-14","Pricing Page",2,59,"dropped"
2545,1158,"2024-04-20","Confirmation",5,137,"converted"
2546,1510,"2024-04-19","Plan Selection",3,165,"clicked"
2547,1100,"2024-05-26","Confirmation",5,66,"converted"
2548,1768,"2024-01-18","Payment",4,75,"clicked"
2549,1022,"2024-02-25","Plan Selection",3,146,"viewed"
2550,606,"2024-03-24","Plan Selection",3,22,"dropped"
2551,126,"2024-03-26","Pricing Page",2,61,"dropped"
2552,2118,"2024-06-09","Pricing Page",2,66,"clicked"
2553,2540,"2024-01-07","Plan Selection",3,22,"clicked"
2554,2763,"2024-03-01","Confirmation",5,119,"converted"
2555,26,"2024-03-13","Confirmation",5,140,"converted"
2556,1064,"2024-05-27","Home",1,127,"viewed"
2557,2605,"2024-04-11","Home",1,66,"viewed"
2558,883,"2024-06-28","Home",1,80,"clicked"
2559,2328,"2024-02-02","Plan Selection",3,76,"viewed"
2560,2147,"2024-05-15","Plan Selection",3,151,"viewed"
2561,2073,"2024-01-31","Payment",4,81,"clicked"
2562,703,"2024-05-23","Pricing Page",2,64,"clicked"
2563,1523,"2024-04-29","Payment",4,182,"dropped"
2564,1309,"2024-01-31","Plan Selection",3,47,"clicked"
2565,243,"2024-03-15","Payment",4,186,"viewed"
2566,139,"2024-03-16","Confirmation",5,97,"converted"
2567,1112,"2024-04-08","Plan Selection",3,96,"clicked"
2568,1044,"2024-05-15","Plan Selection",3,57,"dropped"
2569,2459,"2024-05-20","Pricing Page",2,60,"dropped"
2570,1136,"2024-02-25","Pricing Page",2,31,"dropped"
2571,709,"2024-06-20","Home",1,59,"dropped"
2572,644,"2024-03-30","Payment",4,152,"dropped"
2573,78,"2024-01-07","Home",1,86,"viewed"
2574,2864,"2024-06-13","Plan Selection",3,154,"clicked"
2575,1478,"2024-06-06","Payment",4,161,"dropped"
2576,1645,"2024-02-15","Plan Selection",3,61,"clicked"
2577,1893,"2024-05-09","Plan Selection",3,57,"dropped"
2578,354,"2024-01-17","Home",1,46,"viewed"
2579,2112,"2024-04-12","Plan Selection",3,184,"dropped"
2580,1577,"2024-06-18","Home",1,162,"clicked"
2581,77,"2024-05-14","Plan Selection",3,194,"viewed"
2582,2619,"2024-02-02","Pricing Page",2,55,"dropped"
2583,1171,"2024-05-24","Payment",4,161,"clicked"
2584,622,"2024-01-27","Home",1,33,"dropped"
2585,2646,"2024-05-01","Plan Selection",3,121,"viewed"
2586,1545,"2024-04-30","Payment",4,189,"dropped"
2587,144,"2024-05-24","Payment",4,175,"viewed"
2588,1738,"2024-01-11","Plan Selection",3,117,"dropped"
2589,2127,"2024-03-04","Plan Selection",3,32,"viewed"
2590,2976,"2024-06-22","Payment",4,55,"viewed"
2591,2196,"2024-04-19","Payment",4,82,"clicked"
2592,1182,"2024-01-16","Pricing Page",2,58,"viewed"
2593,460,"2024-05-20","Pricing Page",2,61,"clicked"
2594,580,"2024-05-26","Pricing Page",2,66,"dropped"
2595,2324,"2024-06-11","Home",1,25,"viewed"
2596,1344,"2024-03-18","Payment",4,148,"dropped"
2597,868,"2024-02-11","Pricing Page",2,49,"clicked"
2598,1464,"2024-06-22","Pricing Page",2,61,"viewed"
2599,807,"2024-04-13","Home",1,115,"clicked"
2600,2579,"2024-05-31","Plan Selection",3,104,"clicked"
2601,1431,"2024-04-26","Payment",4,21,"viewed"
2602,873,"2024-05-20","Home",1,149,"clicked"
2603,729,"2024-05-27","Pricing Page",2,46,"dropped"
2604,765,"2024-06-28","Home",1,208,"clicked"
2605,2844,"2024-04-15","Home",1,128,"viewed"
2606,50,"2024-05-25","Confirmation",5,105,"converted"
2607,1350,"2024-05-28","Payment",4,59,"dropped"
2608,951,"2024-04-09","Payment",4,82,"clicked"
2609,2792,"2024-03-21","Pricing Page",2,61,"dropped"
2610,1819,"2024-02-21","Plan Selection",3,46,"dropped"
2611,2821,"2024-03-14","Pricing Page",2,54,"clicked"
2612,2067,"2024-02-02","Payment",4,125,"clicked"
2613,1126,"2024-04-20","Confirmation",5,173,"converted"
2614,901,"2024-01-09","Pricing Page",2,45,"clicked"
2615,549,"2024-02-23","Confirmation",5,163,"converted"
2616,144,"2024-06-18","Plan Selection",3,175,"clicked"
2617,916,"2024-06-03","Pricing Page",2,45,"dropped"
2618,2240,"2024-03-24","Home",1,10,"viewed"
2619,2608,"2024-01-04","Pricing Page",2,42,"clicked"
2620,2205,"2024-06-08","Pricing Page",2,50,"dropped"
2621,2044,"2024-02-19","Pricing Page",2,54,"dropped"
2622,813,"2024-06-11","Plan Selection",3,156,"viewed"
2623,2465,"2024-02-23","Home",1,48,"viewed"
2624,87,"2024-03-09","Payment",4,180,"viewed"
2625,2385,"2024-03-06","Pricing Page",2,32,"dropped"
2626,1171,"2024-04-11","Plan Selection",3,99,"clicked"
2627,1489,"2024-03-09","Pricing Page",2,54,"viewed"
2628,757,"2024-03-18","Pricing Page",2,57,"dropped"
2629,706,"2024-01-17","Payment",4,96,"viewed"
2630,1386,"2024-03-22","Payment",4,202,"dropped"
2631,842,"2024-05-06","Plan Selection",3,37,"viewed"
2632,1109,"2024-04-14","Payment",4,30,"dropped"
2633,2207,"2024-01-11","Home",1,49,"viewed"
2634,884,"2024-01-25","Payment",4,123,"clicked"
2635,1587,"2024-02-25","Confirmation",5,182,"converted"
2636,1344,"2024-04-26","Confirmation",5,108,"converted"
2637,2389,"2024-04-02","Home",1,60,"viewed"
2638,602,"2024-04-23","Plan Selection",3,179,"clicked"
2639,1206,"2024-02-14","Home",1,84,"viewed"
2640,2724,"2024-01-22","Payment",4,13,"clicked"
2641,845,"2024-01-01","Home",1,183,"viewed"
2642,1456,"2024-06-24","Pricing Page",2,39,"dropped"
2643,110,"2024-01-17","Pricing Page",2,42,"dropped"
2644,2841,"2024-04-24","Pricing Page",2,58,"dropped"
2645,1592,"2024-01-15","Payment",4,182,"viewed"
2646,1794,"2024-03-28","Plan Selection",3,137,"clicked"
2647,2336,"2024-06-07","Home",1,138,"dropped"
2648,823,"2024-02-15","Pricing Page",2,43,"viewed"
2649,270,"2024-05-25","Payment",4,76,"clicked"
2650,391,"2024-03-07","Pricing Page",2,35,"clicked"
2651,3,"2024-03-29","Pricing Page",2,59,"dropped"
2652,1575,"2024-04-16","Pricing Page",2,41,"dropped"
2653,2512,"2024-06-08","Confirmation",5,172,"converted"
2654,1189,"2024-04-07","Plan Selection",3,194,"dropped"
2655,2105,"2024-02-10","Home",1,88,"viewed"
2656,1321,"2024-03-19","Payment",4,186,"viewed"
2657,2578,"2024-04-17","Pricing Page",2,43,"clicked"
2658,504,"2024-04-19","Plan Selection",3,168,"clicked"
2659,1885,"2024-06-18","Payment",4,43,"clicked"
2660,2363,"2024-04-11","Pricing Page",2,53,"dropped"
2661,2328,"2024-01-16","Home",1,50,"viewed"
2662,249,"2024-02-06","Payment",4,44,"viewed"
2663,1529,"2024-05-11","Home",1,81,"clicked"
2664,798,"2024-06-16","Payment",4,79,"clicked"
2665,852,"2024-04-22","Pricing Page",2,51,"dropped"
2666,2497,"2024-06-05","Payment",4,109,"dropped"
2667,2037,"2024-02-22","Pricing Page",2,37,"viewed"
2668,329,"2024-04-24","Payment",4,64,"viewed"
2669,1512,"2024-06-16","Home",1,166,"clicked"
2670,1687,"2024-01-12","Plan Selection",3,205,"viewed"
2671,2946,"2024-06-22","Payment",4,94,"clicked"
2672,1146,"2024-02-27","Pricing Page",2,38,"dropped"
2673,2062,"2024-01-18","Pricing Page",2,54,"viewed"
2674,1881,"2024-05-05","Plan Selection",3,168,"dropped"
2675,2595,"2024-04-14","Pricing Page",2,59,"clicked"
2676,969,"2024-04-07","Payment",4,21,"dropped"
2677,602,"2024-05-21","Pricing Page",2,42,"viewed"
2678,136,"2024-04-01","Pricing Page",2,53,"dropped"
2679,2809,"2024-05-28","Pricing Page",2,66,"viewed"
2680,2712,"2024-04-26","Plan Selection",3,139,"viewed"
2681,1358,"2024-02-11","Payment",4,62,"viewed"
2682,2811,"2024-06-02","Pricing Page",2,55,"clicked"
2683,2251,"2024-04-22","Payment",4,97,"viewed"
2684,2260,"2024-06-15","Pricing Page",2,67,"viewed"
2685,1567,"2024-06-14","Home",1,68,"clicked"
2686,1052,"2024-03-15","Home",1,177,"dropped"
2687,558,"2024-04-02","Confirmation",5,100,"converted"
2688,807,"2024-06-27","Home",1,150,"dropped"
2689,1445,"2024-01-10","Payment",4,195,"dropped"
2690,361,"2024-01-12","Confirmation",5,124,"converted"
2691,4,"2024-02-22","Pricing Page",2,42,"clicked"
2692,727,"2024-01-22","Payment",4,207,"clicked"
2693,2169,"2024-04-18","Payment",4,80,"clicked"
2694,817,"2024-04-12","Home",1,82,"viewed"
2695,2327,"2024-04-11","Pricing Page",2,59,"dropped"
2696,2328,"2024-02-24","Home",1,14,"clicked"
2697,2102,"2024-06-01","Home",1,14,"viewed"
2698,2578,"2024-06-18","Home",1,164,"clicked"
2699,561,"2024-03-19","Plan Selection",3,164,"dropped"
2700,2253,"2024-05-09","Pricing Page",2,51,"dropped"
2701,571,"2024-01-04","Plan Selection",3,125,"clicked"
2702,2505,"2024-02-11","Plan Selection",3,120,"viewed"
2703,1239,"2024-04-22","Payment",4,109,"viewed"
2704,2540,"2024-04-24","Plan Selection",3,42,"viewed"
2705,1139,"2024-06-26","Payment",4,188,"dropped"
2706,296,"2024-01-06","Payment",4,43,"clicked"
2707,2672,"2024-04-22","Pricing Page",2,45,"dropped"
2708,1393,"2024-01-31","Pricing Page",2,50,"dropped"
2709,1512,"2024-02-03","Pricing Page",2,45,"dropped"
2710,1093,"2024-04-27","Home",1,185,"viewed"
2711,2369,"2024-02-23","Home",1,141,"viewed"
2712,2530,"2024-02-28","Home",1,113,"clicked"
2713,2697,"2024-04-22","Pricing Page",2,45,"viewed"
2714,2686,"2024-05-08","Payment",4,55,"clicked"
2715,2758,"2024-01-07","Pricing Page",2,59,"clicked"
2716,1126,"2024-06-08","Pricing Page",2,60,"viewed"
2717,464,"2024-01-27","Pricing Page",2,57,"clicked"
2718,2363,"2024-06-01","Payment",4,164,"clicked"
2719,195,"2024-03-30","Pricing Page",2,65,"clicked"
2720,75,"2024-06-03","Home",1,88,"clicked"
2721,2309,"2024-05-03","Home",1,97,"viewed"
2722,658,"2024-03-08","Pricing Page",2,57,"dropped"
2723,825,"2024-03-02","Payment",4,76,"dropped"
2724,778,"2024-01-26","Confirmation",5,61,"converted"
2725,1444,"2024-04-23","Plan Selection",3,133,"viewed"
2726,255,"2024-03-24","Home",1,184,"dropped"
2727,1313,"2024-04-10","Pricing Page",2,56,"clicked"
2728,2110,"2024-03-10","Payment",4,201,"clicked"
2729,2200,"2024-05-06","Pricing Page",2,50,"dropped"
2730,2027,"2024-05-27","Home",1,171,"viewed"
2731,2893,"2024-02-04","Home",1,165,"viewed"
2732,2997,"2024-06-29","Confirmation",5,208,"converted"
2733,2928,"2024-06-11","Plan Selection",3,27,"viewed"
2734,1649,"2024-03-25","Plan Selection",3,204,"viewed"
2735,828,"2024-06-05","Plan Selection",3,192,"dropped"
2736,1764,"2024-05-13","Confirmation",5,102,"converted"
2737,1520,"2024-01-26","Home",1,115,"dropped"
2738,2249,"2024-04-09","Pricing Page",2,61,"dropped"
2739,746,"2024-04-28","Plan Selection",3,148,"viewed"
2740,866,"2024-05-28","Pricing Page",2,59,"viewed"
2741,1229,"2024-02-23","Pricing Page",2,40,"dropped"
2742,329,"2024-03-20","Payment",4,22,"viewed"
2743,611,"2024-06-27","Pricing Page",2,56,"dropped"
2744,2215,"2024-03-04","Plan Selection",3,130,"clicked"
2745,942,"2024-02-23","Plan Selection",3,167,"clicked"
2746,945,"2024-04-12","Confirmation",5,160,"converted"
2747,280,"2024-02-07","Payment",4,36,"clicked"
2748,1876,"2024-06-14","Plan Selection",3,164,"viewed"
2749,1366,"2024-01-02","Plan Selection",3,89,"viewed"
2750,1322,"2024-03-17","Payment",4,154,"dropped"
2751,2804,"2024-01-02","Pricing Page",2,35,"dropped"
2752,1224,"2024-03-25","Home",1,29,"dropped"
2753,2046,"2024-05-29","Home",1,190,"clicked"
2754,2304,"2024-06-20","Pricing Page",2,49,"dropped"
2755,1979,"2024-04-21","Home",1,153,"dropped"
2756,64,"2024-03-14","Confirmation",5,130,"converted"
2757,362,"2024-05-24","Plan Selection",3,150,"viewed"
2758,579,"2024-06-26","Pricing Page",2,60,"clicked"
2759,490,"2024-05-22","Pricing Page",2,66,"dropped"
2760,1949,"2024-03-08","Confirmation",5,110,"converted"
2761,2222,"2024-02-04","Payment",4,35,"clicked"
2762,2194,"2024-03-10","Payment",4,106,"dropped"
2763,2198,"2024-06-21","Plan Selection",3,203,"dropped"
2764,2466,"2024-05-01","Confirmation",5,108,"converted"
2765,2252,"2024-02-20","Home",1,181,"viewed"
2766,2377,"2024-03-02","Pricing Page",2,48,"dropped"
2767,2716,"2024-01-09","Plan Selection",3,107,"viewed"
2768,2561,"2024-05-02","Payment",4,22,"viewed"
2769,348,"2024-06-29","Plan Selection",3,46,"dropped"
2770,1556,"2024-04-09","Pricing Page",2,48,"dropped"
2771,2284,"2024-02-26","Pricing Page",2,43,"clicked"
2772,2037,"2024-02-02","Payment",4,175,"clicked"
2773,278,"2024-06-14","Pricing Page",2,61,"viewed"
2774,1875,"2024-01-26","Payment",4,152,"dropped"
2775,806,"2024-01-19","Plan Selection",3,43,"viewed"
2776,756,"2024-01-02","Pricing Page",2,43,"dropped"
2777,1113,"2024-05-30","Home",1,149,"clicked"
2778,2399,"2024-06-04","Confirmation",5,198,"converted"
2779,12,"2024-02-03","Confirmation",5,21,"converted"
2780,1543,"2024-03-13","Pricing Page",2,32,"dropped"
2781,2589,"2024-02-16","Plan Selection",3,159,"viewed"
2782,2676,"2024-04-14","Pricing Page",2,47,"viewed"
2783,2682,"2024-04-10","Home",1,177,"viewed"
2784,2712,"2024-06-06","Plan Selection",3,124,"viewed"
2785,78,"2024-02-21","Pricing Page",2,57,"clicked"
2786,1835,"2024-04-29","Pricing Page",2,49,"dropped"
2787,1626,"2024-01-14","Payment",4,109,"clicked"
2788,2299,"2024-01-15","Home",1,53,"viewed"
2789,1211,"2024-04-16","Payment",4,179,"dropped"
2790,2522,"2024-06-24","Pricing Page",2,60,"clicked"
2791,1421,"2024-01-25","Pricing Page",2,57,"viewed"
2792,1037,"2024-02-16","Pricing Page",2,42,"dropped"
2793,2106,"2024-02-29","Plan Selection",3,156,"dropped"
2794,2931,"2024-05-20","Confirmation",5,96,"converted"
2795,927,"2024-02-14","Pricing Page",2,52,"viewed"
2796,2353,"2024-04-05","Pricing Page",2,61,"dropped"
2797,1221,"2024-04-10","Plan Selection",3,34,"viewed"
2798,1001,"2024-06-02","Pricing Page",2,56,"dropped"
2799,872,"2024-01-28","Payment",4,199,"dropped"
2800,1853,"2024-05-27","Pricing Page",2,58,"clicked"
2801,1300,"2024-01-18","Home",1,131,"clicked"
2802,1919,"2024-05-11","Plan Selection",3,76,"clicked"
2803,2521,"2024-03-30","Confirmation",5,68,"converted"
2804,1801,"2024-01-22","Payment",4,138,"viewed"
2805,278,"2024-01-10","Confirmation",5,168,"converted"
2806,2941,"2024-04-06","Plan Selection",3,204,"viewed"
2807,2116,"2024-03-04","Plan Selection",3,42,"viewed"
2808,2776,"2024-06-25","Home",1,136,"viewed"
2809,786,"2024-05-26","Pricing Page",2,63,"dropped"
2810,461,"2024-01-22","Home",1,72,"dropped"
2811,2717,"2024-01-04","Pricing Page",2,54,"viewed"
2812,322,"2024-05-29","Payment",4,120,"clicked"
2813,301,"2024-03-21","Confirmation",5,58,"converted"
2814,1385,"2024-04-16","Plan Selection",3,202,"dropped"
2815,183,"2024-05-12","Pricing Page",2,43,"dropped"
2816,1860,"2024-05-29","Pricing Page",2,62,"dropped"
2817,882,"2024-03-14","Home",1,112,"dropped"
2818,124,"2024-06-05","Home",1,83,"clicked"
2819,576,"2024-02-03","Pricing Page",2,35,"viewed"
2820,2619,"2024-05-07","Confirmation",5,98,"converted"
2821,1434,"2024-01-11","Payment",4,42,"dropped"
2822,1765,"2024-02-22","Plan Selection",3,124,"viewed"
2823,905,"2024-01-17","Plan Selection",3,110,"viewed"
2824,2158,"2024-01-11","Home",1,117,"dropped"
2825,1912,"2024-03-20","Pricing Page",2,41,"clicked"
2826,820,"2024-02-04","Home",1,26,"dropped"
2827,2535,"2024-01-31","Pricing Page",2,31,"dropped"
2828,1886,"2024-01-11","Pricing Page",2,54,"viewed"
2829,2107,"2024-01-09","Home",1,119,"clicked"
2830,2997,"2024-01-02","Home",1,40,"viewed"
2831,2438,"2024-01-19","Home",1,27,"dropped"
2832,2285,"2024-02-04","Plan Selection",3,163,"viewed"
2833,2610,"2024-06-01","Plan Selection",3,119,"viewed"
2834,2510,"2024-03-29","Confirmation",5,60,"converted"
2835,1298,"2024-03-13","Plan Selection",3,77,"clicked"
2836,2349,"2024-02-13","Payment",4,114,"dropped"
2837,2261,"2024-04-14","Plan Selection",3,88,"dropped"
2838,688,"2024-06-12","Payment",4,104,"viewed"
2839,2367,"2024-03-17","Payment",4,112,"clicked"
2840,2658,"2024-04-14","Pricing Page",2,50,"dropped"
2841,2913,"2024-03-30","Plan Selection",3,83,"dropped"
2842,1518,"2024-01-30","Pricing Page",2,31,"dropped"
2843,496,"2024-01-12","Payment",4,202,"clicked"
2844,2145,"2024-04-20","Confirmation",5,155,"converted"
2845,2722,"2024-03-04","Home",1,24,"clicked"
2846,593,"2024-01-26","Home",1,42,"clicked"
2847,2406,"2024-04-25","Payment",4,206,"clicked"
2848,2855,"2024-01-03","Pricing Page",2,32,"viewed"
2849,1666,"2024-03-28","Payment",4,62,"dropped"
2850,1978,"2024-01-05","Home",1,153,"dropped"
2851,1136,"2024-04-14","Payment",4,204,"viewed"
2852,812,"2024-03-21","Pricing Page",2,58,"dropped"
2853,617,"2024-02-15","Plan Selection",3,110,"clicked"
2854,750,"2024-04-17","Pricing Page",2,48,"dropped"
2855,1747,"2024-04-01","Payment",4,76,"clicked"
2856,2430,"2024-06-23","Pricing Page",2,38,"viewed"
2857,2582,"2024-03-01","Home",1,108,"dropped"
2858,958,"2024-01-22","Plan Selection",3,173,"dropped"
2859,1375,"2024-05-14","Pricing Page",2,53,"dropped"
2860,893,"2024-05-17","Confirmation",5,66,"converted"
2861,1990,"2024-03-26","Pricing Page",2,52,"dropped"
2862,268,"2024-04-01","Pricing Page",2,62,"dropped"
2863,1954,"2024-04-23","Home",1,204,"clicked"
2864,2685,"2024-03-10","Pricing Page",2,30,"dropped"
2865,2464,"2024-06-27","Pricing Page",2,49,"dropped"
2866,1890,"2024-03-24","Pricing Page",2,57,"dropped"
2867,1270,"2024-06-06","Home",1,178,"viewed"
2868,409,"2024-06-09","Home",1,94,"dropped"
2869,208,"2024-01-26","Plan Selection",3,33,"dropped"
2870,2743,"2024-03-15","Pricing Page",2,49,"viewed"
2871,1380,"2024-04-08","Pricing Page",2,39,"dropped"
2872,564,"2024-01-23","Home",1,194,"clicked"
2873,1228,"2024-05-13","Pricing Page",2,42,"dropped"
2874,2853,"2024-06-18","Payment",4,79,"dropped"
2875,400,"2024-06-23","Pricing Page",2,44,"clicked"
2876,1472,"2024-06-23","Pricing Page",2,63,"dropped"
2877,626,"2024-04-20","Pricing Page",2,48,"dropped"
2878,1165,"2024-03-23","Home",1,41,"clicked"
2879,2800,"2024-02-09","Pricing Page",2,55,"dropped"
2880,138,"2024-02-21","Pricing Page",2,46,"viewed"
2881,2208,"2024-01-12","Home",1,82,"clicked"
2882,1006,"2024-02-09","Home",1,174,"viewed"
2883,2041,"2024-06-13","Plan Selection",3,165,"clicked"
2884,1776,"2024-05-25","Pricing Page",2,63,"dropped"
2885,2553,"2024-05-28","Plan Selection",3,56,"clicked"
2886,167,"2024-04-23","Confirmation",5,199,"converted"
2887,2513,"2024-03-03","Pricing Page",2,32,"clicked"
2888,1389,"2024-01-16","Home",1,198,"clicked"
2889,371,"2024-06-02","Payment",4,171,"clicked"
2890,2158,"2024-02-26","Pricing Page",2,31,"dropped"
2891,2914,"2024-05-24","Home",1,17,"viewed"
2892,1597,"2024-06-06","Payment",4,50,"viewed"
2893,136,"2024-01-06","Home",1,204,"viewed"
2894,614,"2024-04-09","Home",1,15,"viewed"
2895,1782,"2024-05-17","Home",1,178,"dropped"
2896,452,"2024-03-03","Pricing Page",2,40,"viewed"
2897,1403,"2024-04-24","Payment",4,194,"clicked"
2898,2429,"2024-01-19","Home",1,32,"clicked"
2899,605,"2024-01-16","Payment",4,180,"viewed"
2900,1285,"2024-05-15","Pricing Page",2,40,"viewed"
2901,2273,"2024-05-23","Plan Selection",3,14,"dropped"
2902,820,"2024-01-30","Home",1,119,"viewed"
2903,2724,"2024-03-15","Pricing Page",2,49,"dropped"
2904,2530,"2024-02-05","Pricing Page",2,50,"dropped"
2905,684,"2024-06-24","Home",1,198,"dropped"
2906,553,"2024-02-26","Home",1,29,"clicked"
2907,172,"2024-06-07","Pricing Page",2,49,"dropped"
2908,1957,"2024-01-29","Payment",4,138,"viewed"
2909,2512,"2024-06-16","Home",1,163,"clicked"
2910,787,"2024-05-19","Home",1,23,"dropped"
2911,932,"2024-02-14","Pricing Page",2,52,"viewed"
2912,824,"2024-04-24","Pricing Page",2,63,"dropped"
2913,833,"2024-06-13","Plan Selection",3,167,"viewed"
2914,2394,"2024-03-30","Home",1,187,"dropped"
2915,1237,"2024-03-16","Payment",4,205,"clicked"
2916,2585,"2024-02-11","Plan Selection",3,25,"viewed"
2917,1162,"2024-05-18","Plan Selection",3,25,"clicked"
2918,1779,"2024-06-05","Plan Selection",3,41,"dropped"
2919,539,"2024-04-01","Home",1,106,"clicked"
2920,1764,"2024-05-09","Payment",4,206,"clicked"
2921,676,"2024-05-28","Pricing Page",2,57,"dropped"
2922,300,"2024-03-23","Confirmation",5,124,"converted"
2923,2710,"2024-05-23","Pricing Page",2,64,"clicked"
2924,2605,"2024-02-07","Pricing Page",2,47,"clicked"
2925,583,"2024-02-07","Pricing Page",2,47,"clicked"
2926,1554,"2024-04-18","Pricing Page",2,52,"dropped"
2927,1831,"2024-01-06","Pricing Page",2,44,"clicked"
2928,234,"2024-06-04","Home",1,150,"clicked"
2929,1969,"2024-02-09","Home",1,11,"viewed"
2930,397,"2024-05-19","Pricing Page",2,67,"dropped"
2931,1670,"2024-02-23","Payment",4,43,"clicked"
2932,1601,"2024-03-21","Plan Selection",3,163,"viewed"
2933,1869,"2024-01-29","Confirmation",5,24,"converted"
2934,1904,"2024-06-22","Confirmation",5,125,"converted"
2935,628,"2024-02-27","Confirmation",5,179,"converted"
2936,1079,"2024-02-15","Home",1,45,"clicked"
2937,281,"2024-03-30","Home",1,93,"clicked"
2938,1448,"2024-05-20","Pricing Page",2,61,"clicked"
2939,2648,"2024-03-27","Payment",4,60,"dropped"
2940,1594,"2024-03-27","Payment",4,129,"clicked"
2941,48,"2024-03-12","Confirmation",5,103,"converted"
2942,1637,"2024-02-28","Confirmation",5,198,"converted"
2943,2297,"2024-06-29","Plan Selection",3,110,"clicked"
2944,1786,"2024-05-08","Payment",4,151,"dropped"
2945,69,"2024-03-18","Home",1,31,"clicked"
2946,476,"2024-06-13","Home",1,120,"viewed"
2947,1165,"2024-01-20","Pricing Page",2,47,"clicked"
2948,2676,"2024-02-23","Payment",4,27,"dropped"
2949,47,"2024-06-13","Plan Selection",3,172,"clicked"
2950,673,"2024-04-04","Confirmation",5,46,"converted"
2951,161,"2024-05-11","Pricing Page",2,41,"dropped"
2952,2442,"2024-03-06","Pricing Page",2,51,"clicked"
2953,770,"2024-06-02","Pricing Page",2,63,"clicked"
2954,1375,"2024-06-10","Home",1,152,"clicked"
2955,1616,"2024-05-04","Payment",4,12,"viewed"
2956,115,"2024-03-03","Plan Selection",3,23,"clicked"
2957,603,"2024-04-11","Home",1,63,"viewed"
2958,39,"2024-05-21","Payment",4,202,"dropped"
2959,885,"2024-05-18","Confirmation",5,81,"converted"
2960,2999,"2024-06-16","Plan Selection",3,82,"viewed"
2961,1680,"2024-01-03","Pricing Page",2,55,"dropped"
2962,357,"2024-02-03","Plan Selection",3,70,"viewed"
2963,110,"2024-05-28","Confirmation",5,106,"converted"
2964,1344,"2024-05-23","Plan Selection",3,148,"viewed"
2965,2998,"2024-01-28","Payment",4,87,"viewed"
2966,2889,"2024-06-19","Payment",4,58,"viewed"
2967,483,"2024-03-26","Payment",4,196,"dropped"
2968,1375,"2024-01-26","Pricing Page",2,36,"dropped"
2969,2189,"2024-03-19","Confirmation",5,121,"converted"
2970,2659,"2024-05-15","Home",1,55,"viewed"
2971,1825,"2024-03-24","Pricing Page",2,39,"clicked"
2972,1500,"2024-03-01","Home",1,192,"dropped"
2973,979,"2024-04-17","Confirmation",5,32,"converted"
2974,1917,"2024-06-03","Pricing Page",2,42,"clicked"
2975,302,"2024-03-09","Plan Selection",3,180,"clicked"
2976,2459,"2024-04-30","Confirmation",5,89,"converted"
2977,1053,"2024-04-11","Payment",4,14,"viewed"
2978,1227,"2024-03-05","Plan Selection",3,159,"dropped"
2979,2873,"2024-05-01","Pricing Page",2,49,"dropped"
2980,2928,"2024-04-24","Pricing Page",2,44,"dropped"
2981,2024,"2024-06-22","Payment",4,193,"clicked"
2982,2508,"2024-02-10","Plan Selection",3,96,"clicked"
2983,480,"2024-06-16","Home",1,10,"clicked"
2984,2062,"2024-05-28","Home",1,158,"clicked"
2985,2220,"2024-06-14","Pricing Page",2,40,"dropped"
2986,303,"2024-05-09","Pricing Page",2,45,"dropped"
2987,516,"2024-05-10","Home",1,58,"viewed"
2988,420,"2024-05-20","Pricing Page",2,38,"clicked"
2989,1578,"2024-03-24","Payment",4,70,"clicked"
2990,1812,"2024-01-20","Payment",4,84,"viewed"
2991,126,"2024-02-27","Pricing Page",2,40,"clicked"
2992,2848,"2024-04-06","Payment",4,100,"viewed"
2993,2504,"2024-04-28","Payment",4,188,"dropped"
2994,122,"2024-05-20","Payment",4,94,"viewed"
2995,74,"2024-04-09","Plan Selection",3,159,"viewed"
2996,857,"2024-02-25","Plan Selection",3,104,"clicked"
2997,747,"2024-02-13","Pricing Page",2,46,"clicked"
2998,1275,"2024-06-05","Home",1,146,"clicked"
2999,655,"2024-02-29","Confirmation",5,194,"converted"
3000,1980,"2024-04-07","Plan Selection",3,200,"viewed"
3001,850,"2024-04-05","Payment",4,85,"clicked"
3002,1251,"2024-04-10","Plan Selection",3,200,"dropped"
3003,418,"2024-01-18","Home",1,208,"viewed"
3004,2961,"2024-04-10","Payment",4,102,"viewed"
3005,2282,"2024-02-26","Pricing Page",2,45,"clicked"
3006,2339,"2024-06-15","Pricing Page",2,54,"viewed"
3007,511,"2024-06-22","Pricing Page",2,54,"clicked"
3008,1566,"2024-01-25","Home",1,36,"clicked"
3009,894,"2024-03-26","Pricing Page",2,66,"dropped"
3010,1999,"2024-03-19","Home",1,118,"dropped"
3011,1290,"2024-04-02","Pricing Page",2,62,"dropped"
3012,2628,"2024-04-16","Pricing Page",2,60,"viewed"
3013,853,"2024-05-01","Plan Selection",3,110,"viewed"
3014,1455,"2024-03-18","Plan Selection",3,50,"viewed"
3015,2835,"2024-06-29","Home",1,156,"dropped"
3016,2950,"2024-02-07","Home",1,162,"clicked"
3017,1833,"2024-02-27","Payment",4,179,"viewed"
3018,580,"2024-01-24","Home",1,197,"clicked"
3019,2019,"2024-06-06","Pricing Page",2,39,"dropped"
3020,1280,"2024-01-29","Plan Selection",3,23,"viewed"
3021,2501,"2024-05-15","Pricing Page",2,66,"dropped"
3022,1854,"2024-05-21","Home",1,187,"clicked"
3023,2424,"2024-01-30","Pricing Page",2,42,"viewed"
3024,1619,"2024-05-28","Pricing Page",2,64,"dropped"
3025,1934,"2024-01-05","Home",1,184,"viewed"
3026,1065,"2024-03-11","Confirmation",5,65,"converted"
3027,2138,"2024-05-12","Plan Selection",3,100,"viewed"
3028,27,"2024-01-05","Home",1,82,"clicked"
3029,2182,"2024-06-19","Plan Selection",3,176,"clicked"
3030,894,"2024-05-27","Home",1,105,"viewed"
3031,2165,"2024-01-21","Pricing Page",2,51,"dropped"
3032,1808,"2024-06-22","Confirmation",5,20,"converted"
3033,940,"2024-03-14","Home",1,45,"viewed"
3034,2210,"2024-05-10","Pricing Page",2,62,"viewed"
3035,48,"2024-03-13","Confirmation",5,127,"converted"
3036,204,"2024-04-13","Plan Selection",3,128,"viewed"
3037,285,"2024-04-09","Pricing Page",2,59,"dropped"
3038,1551,"2024-02-05","Pricing Page",2,47,"clicked"
3039,1270,"2024-02-06","Payment",4,23,"dropped"
3040,1419,"2024-06-22","Pricing Page",2,38,"viewed"
3041,2274,"2024-06-11","Pricing Page",2,48,"dropped"
3042,2100,"2024-01-07","Home",1,79,"clicked"
3043,804,"2024-06-21","Confirmation",5,193,"converted"
3044,2150,"2024-05-31","Home",1,135,"dropped"
3045,1127,"2024-05-11","Plan Selection",3,75,"dropped"
3046,2185,"2024-02-08","Payment",4,152,"viewed"
3047,1844,"2024-02-10","Pricing Page",2,51,"clicked"
3048,1044,"2024-04-30","Pricing Page",2,49,"dropped"
3049,1838,"2024-04-14","Home",1,103,"dropped"
3050,2119,"2024-06-05","Pricing Page",2,51,"clicked"
3051,2322,"2024-06-28","Plan Selection",3,62,"clicked"
3052,2989,"2024-06-14","Plan Selection",3,45,"dropped"
3053,421,"2024-02-23","Home",1,98,"dropped"
3054,2178,"2024-04-18","Payment",4,62,"viewed"
3055,1853,"2024-03-21","Pricing Page",2,53,"dropped"
3056,1694,"2024-04-14","Home",1,59,"viewed"
3057,1406,"2024-03-16","Plan Selection",3,45,"viewed"
3058,1909,"2024-05-02","Pricing Page",2,48,"dropped"
3059,1602,"2024-05-10","Home",1,182,"clicked"
3060,2559,"2024-03-14","Pricing Page",2,33,"dropped"
3061,1098,"2024-03-17","Home",1,159,"viewed"
3062,1353,"2024-01-07","Payment",4,14,"viewed"
3063,298,"2024-04-17","Plan Selection",3,136,"dropped"
3064,1903,"2024-06-03","Pricing Page",2,45,"dropped"
3065,342,"2024-01-09","Confirmation",5,74,"converted"
3066,2791,"2024-05-04","Plan Selection",3,38,"viewed"
3067,1729,"2024-03-26","Plan Selection",3,171,"dropped"
3068,77,"2024-06-05","Pricing Page",2,55,"dropped"
3069,1646,"2024-06-19","Home",1,106,"dropped"
3070,1978,"2024-04-24","Home",1,26,"viewed"
3071,2601,"2024-06-05","Payment",4,14,"viewed"
3072,1914,"2024-03-07","Confirmation",5,106,"converted"
3073,2006,"2024-06-10","Pricing Page",2,55,"clicked"
3074,952,"2024-05-10","Plan Selection",3,28,"clicked"
3075,888,"2024-06-17","Payment",4,28,"dropped"
3076,1001,"2024-02-24","Plan Selection",3,145,"viewed"
3077,343,"2024-01-16","Home",1,44,"viewed"
3078,1541,"2024-05-15","Pricing Page",2,61,"dropped"
3079,2653,"2024-05-07","Payment",4,60,"viewed"
3080,1468,"2024-03-30","Home",1,118,"viewed"
3081,2575,"2024-02-05","Pricing Page",2,44,"dropped"
3082,2026,"2024-05-02","Pricing Page",2,59,"dropped"
3083,942,"2024-01-21","Plan Selection",3,165,"dropped"
3084,2215,"2024-04-27","Home",1,56,"dropped"
3085,1690,"2024-04-29","Plan Selection",3,24,"clicked"
3086,1328,"2024-04-21","Payment",4,194,"clicked"
3087,2805,"2024-04-28","Pricing Page",2,50,"clicked"
3088,417,"2024-04-27","Payment",4,48,"clicked"
3089,2375,"2024-04-07","Pricing Page",2,67,"viewed"
3090,2796,"2024-05-10","Payment",4,184,"viewed"
3091,213,"2024-04-08","Plan Selection",3,186,"viewed"
3092,2699,"2024-05-18","Home",1,88,"clicked"
3093,1566,"2024-06-28","Pricing Page",2,67,"clicked"
3094,168,"2024-06-02","Home",1,170,"viewed"
3095,1952,"2024-05-27","Home",1,41,"clicked"
3096,2017,"2024-01-14","Pricing Page",2,45,"clicked"
3097,1166,"2024-01-29","Plan Selection",3,136,"clicked"
3098,1877,"2024-02-08","Home",1,62,"viewed"
3099,213,"2024-01-08","Confirmation",5,176,"converted"
3100,550,"2024-03-17","Plan Selection",3,124,"dropped"
3101,78,"2024-05-04","Pricing Page",2,60,"dropped"
3102,2367,"2024-01-27","Pricing Page",2,41,"viewed"
3103,358,"2024-01-04","Payment",4,139,"dropped"
3104,460,"2024-05-07","Home",1,53,"viewed"
3105,2459,"2024-03-15","Plan Selection",3,161,"viewed"
3106,1966,"2024-02-28","Plan Selection",3,63,"clicked"
3107,421,"2024-04-07","Pricing Page",2,60,"viewed"
3108,1868,"2024-01-31","Confirmation",5,81,"converted"
3109,2626,"2024-02-24","Payment",4,102,"viewed"
3110,319,"2024-03-19","Payment",4,197,"dropped"
3111,2766,"2024-01-31","Home",1,182,"dropped"
3112,2539,"2024-06-25","Pricing Page",2,60,"clicked"
3113,703,"2024-01-19","Payment",4,167,"clicked"
3114,2978,"2024-04-09","Payment",4,61,"viewed"
3115,2766,"2024-05-23","Pricing Page",2,56,"dropped"
3116,1964,"2024-05-18","Payment",4,202,"clicked"
3117,1192,"2024-02-09","Confirmation",5,175,"converted"
3118,1368,"2024-05-23","Plan Selection",3,129,"dropped"
3119,708,"2024-04-11","Home",1,166,"viewed"
3120,2521,"2024-02-21","Confirmation",5,150,"converted"
3121,2336,"2024-05-21","Plan Selection",3,120,"dropped"
3122,1267,"2024-01-12","Home",1,29,"clicked"
3123,903,"2024-04-08","Payment",4,105,"viewed"
3124,597,"2024-02-08","Pricing Page",2,50,"dropped"
3125,566,"2024-05-22","Pricing Page",2,53,"dropped"
3126,2129,"2024-02-04","Payment",4,129,"clicked"
3127,1895,"2024-05-07","Plan Selection",3,205,"dropped"
3128,728,"2024-01-20","Payment",4,161,"clicked"
3129,1229,"2024-01-08","Confirmation",5,152,"converted"
3130,2022,"2024-02-10","Home",1,181,"viewed"
3131,775,"2024-03-12","Home",1,162,"dropped"
3132,2843,"2024-06-29","Home",1,157,"clicked"
3133,213,"2024-04-15","Plan Selection",3,153,"clicked"
3134,1092,"2024-02-26","Pricing Page",2,42,"clicked"
3135,1038,"2024-04-09","Plan Selection",3,184,"dropped"
3136,1817,"2024-02-23","Plan Selection",3,103,"clicked"
3137,532,"2024-06-19","Home",1,15,"viewed"
3138,58,"2024-02-13","Home",1,205,"clicked"
3139,1193,"2024-04-17","Payment",4,21,"viewed"
3140,2173,"2024-05-04","Pricing Page",2,45,"dropped"
3141,2061,"2024-06-22","Payment",4,177,"viewed"
3142,910,"2024-04-22","Pricing Page",2,42,"dropped"
3143,369,"2024-02-21","Home",1,82,"viewed"
3144,1132,"2024-05-25","Confirmation",5,19,"converted"
3145,1695,"2024-05-02","Plan Selection",3,101,"dropped"
3146,1773,"2024-03-09","Home",1,91,"viewed"
3147,1106,"2024-05-04","Pricing Page",2,55,"viewed"
3148,554,"2024-06-18","Home",1,168,"viewed"
3149,2061,"2024-04-17","Confirmation",5,151,"converted"
3150,2545,"2024-01-22","Home",1,185,"dropped"
3151,1702,"2024-01-22","Confirmation",5,38,"converted"
3152,7,"2024-04-16","Confirmation",5,196,"converted"
3153,2512,"2024-03-12","Pricing Page",2,32,"dropped"
3154,2528,"2024-02-02","Pricing Page",2,37,"dropped"
3155,1381,"2024-04-08","Pricing Page",2,41,"dropped"
3156,532,"2024-03-09","Pricing Page",2,51,"clicked"
3157,1141,"2024-03-06","Plan Selection",3,72,"clicked"
3158,1949,"2024-05-05","Plan Selection",3,123,"dropped"
3159,1589,"2024-06-13","Confirmation",5,11,"converted"
3160,586,"2024-06-22","Pricing Page",2,42,"dropped"
3161,2936,"2024-04-29","Pricing Page",2,62,"dropped"
3162,2591,"2024-01-19","Confirmation",5,73,"converted"
3163,2410,"2024-01-13","Confirmation",5,101,"converted"
3164,1476,"2024-01-16","Confirmation",5,110,"converted"
3165,1946,"2024-05-14","Payment",4,122,"clicked"
3166,133,"2024-04-15","Payment",4,30,"dropped"
3167,2086,"2024-06-07","Pricing Page",2,63,"dropped"
3168,1245,"2024-06-08","Home",1,38,"dropped"
3169,2298,"2024-01-21","Pricing Page",2,31,"dropped"
3170,2044,"2024-02-29","Plan Selection",3,17,"clicked"
3171,2304,"2024-05-08","Pricing Page",2,40,"clicked"
3172,170,"2024-02-26","Pricing Page",2,30,"viewed"
3173,2164,"2024-05-10","Pricing Page",2,40,"dropped"
3174,608,"2024-05-12","Home",1,11,"viewed"
3175,1820,"2024-02-15","Pricing Page",2,43,"viewed"
3176,1174,"2024-01-19","Pricing Page",2,40,"clicked"
3177,1503,"2024-03-12","Pricing Page",2,36,"clicked"
3178,1502,"2024-04-21","Plan Selection",3,22,"clicked"
3179,1859,"2024-03-16","Pricing Page",2,62,"dropped"
3180,221,"2024-05-29","Confirmation",5,23,"converted"
3181,1864,"2024-06-11","Plan Selection",3,85,"dropped"
3182,353,"2024-03-20","Payment",4,181,"viewed"
3183,974,"2024-02-21","Pricing Page",2,43,"viewed"
3184,2743,"2024-01-04","Pricing Page",2,50,"dropped"
3185,2033,"2024-03-07","Payment",4,182,"viewed"
3186,227,"2024-04-15","Plan Selection",3,146,"clicked"
3187,2098,"2024-03-22","Home",1,92,"viewed"
3188,2382,"2024-01-28","Pricing Page",2,41,"viewed"
3189,541,"2024-02-20","Payment",4,99,"viewed"
3190,2947,"2024-06-14","Plan Selection",3,96,"clicked"
3191,2935,"2024-01-23","Plan Selection",3,25,"clicked"
3192,946,"2024-04-27","Pricing Page",2,54,"viewed"
3193,2727,"2024-05-21","Home",1,112,"dropped"
3194,2289,"2024-04-24","Payment",4,95,"clicked"
3195,1298,"2024-04-06","Pricing Page",2,46,"dropped"
3196,976,"2024-06-19","Payment",4,188,"dropped"
3197,1385,"2024-04-22","Payment",4,168,"viewed"
3198,1439,"2024-01-15","Confirmation",5,122,"converted"
3199,2808,"2024-06-27","Home",1,150,"dropped"
3200,1449,"2024-01-11","Payment",4,14,"clicked"
3201,2680,"2024-05-05","Payment",4,171,"viewed"
3202,439,"2024-04-16","Pricing Page",2,59,"dropped"
3203,1655,"2024-02-27","Confirmation",5,144,"converted"
3204,1793,"2024-06-23","Home",1,66,"clicked"
3205,2156,"2024-04-27","Home",1,109,"dropped"
3206,1974,"2024-04-17","Confirmation",5,53,"converted"
3207,233,"2024-05-14","Pricing Page",2,42,"dropped"
3208,263,"2024-04-04","Pricing Page",2,43,"viewed"
3209,2950,"2024-02-02","Confirmation",5,38,"converted"
3210,2757,"2024-01-29","Home",1,154,"clicked"
3211,906,"2024-01-05","Pricing Page",2,31,"clicked"
3212,2483,"2024-03-02","Pricing Page",2,32,"clicked"
3213,861,"2024-03-01","Payment",4,18,"viewed"
3214,2384,"2024-04-22","Plan Selection",3,153,"clicked"
3215,298,"2024-01-26","Pricing Page",2,48,"viewed"
3216,825,"2024-06-14","Payment",4,13,"viewed"
3217,169,"2024-05-28","Confirmation",5,44,"converted"
3218,255,"2024-06-13","Pricing Page",2,58,"dropped"
3219,1926,"2024-04-20","Home",1,176,"viewed"
3220,972,"2024-02-28","Plan Selection",3,69,"clicked"
3221,2312,"2024-02-15","Confirmation",5,199,"converted"
3222,2741,"2024-05-11","Confirmation",5,73,"converted"
3223,2688,"2024-04-04","Confirmation",5,13,"converted"
3224,1001,"2024-04-22","Home",1,134,"viewed"
3225,674,"2024-05-01","Plan Selection",3,86,"viewed"
3226,588,"2024-03-09","Pricing Page",2,40,"viewed"
3227,1527,"2024-05-21","Pricing Page",2,56,"viewed"
3228,2471,"2024-02-23","Home",1,47,"viewed"
3229,2797,"2024-06-22","Home",1,34,"viewed"
3230,2176,"2024-05-18","Plan Selection",3,209,"viewed"
3231,31,"2024-01-10","Pricing Page",2,30,"dropped"
3232,2708,"2024-03-01","Confirmation",5,173,"converted"
3233,602,"2024-04-08","Home",1,11,"viewed"
3234,734,"2024-02-17","Plan Selection",3,25,"viewed"
3235,318,"2024-04-05","Pricing Page",2,38,"dropped"
3236,2106,"2024-01-09","Home",1,105,"dropped"
3237,1965,"2024-02-10","Home",1,22,"viewed"
3238,511,"2024-02-13","Plan Selection",3,149,"clicked"
3239,414,"2024-03-03","Pricing Page",2,47,"viewed"
3240,55,"2024-02-10","Home",1,137,"dropped"
3241,340,"2024-04-09","Pricing Page",2,49,"clicked"
3242,1871,"2024-05-29","Pricing Page",2,62,"dropped"
3243,476,"2024-05-28","Plan Selection",3,141,"clicked"
3244,385,"2024-03-09","Plan Selection",3,96,"viewed"
3245,2295,"2024-06-28","Plan Selection",3,73,"viewed"
3246,311,"2024-05-04","Home",1,116,"clicked"
3247,2925,"2024-06-16","Plan Selection",3,167,"viewed"
3248,1827,"2024-04-29","Pricing Page",2,50,"clicked"
3249,584,"2024-06-08","Payment",4,112,"dropped"
3250,2238,"2024-04-11","Plan Selection",3,50,"clicked"
3251,2446,"2024-02-09","Plan Selection",3,125,"viewed"
3252,2958,"2024-01-19","Plan Selection",3,93,"clicked"
3253,59,"2024-05-13","Plan Selection",3,188,"clicked"
3254,936,"2024-05-19","Confirmation",5,55,"converted"
3255,1276,"2024-03-20","Confirmation",5,62,"converted"
3256,1707,"2024-01-11","Plan Selection",3,146,"viewed"
3257,1461,"2024-02-26","Home",1,123,"clicked"
3258,2914,"2024-02-15","Pricing Page",2,58,"viewed"
3259,2819,"2024-03-15","Pricing Page",2,65,"viewed"
3260,1758,"2024-03-02","Confirmation",5,159,"converted"
3261,2587,"2024-01-14","Payment",4,157,"clicked"
3262,935,"2024-04-26","Pricing Page",2,53,"clicked"
3263,217,"2024-02-02","Plan Selection",3,190,"clicked"
3264,1473,"2024-01-25","Pricing Page",2,49,"clicked"
3265,979,"2024-04-26","Pricing Page",2,46,"clicked"
3266,1985,"2024-02-05","Confirmation",5,77,"converted"
3267,2215,"2024-05-02","Home",1,176,"viewed"
3268,2055,"2024-04-03","Plan Selection",3,37,"dropped"
3269,2807,"2024-03-25","Plan Selection",3,66,"viewed"
3270,577,"2024-04-06","Home",1,177,"viewed"
3271,299,"2024-05-12","Pricing Page",2,56,"dropped"
3272,817,"2024-02-19","Plan Selection",3,197,"dropped"
3273,1092,"2024-05-08","Pricing Page",2,43,"dropped"
3274,947,"2024-05-31","Pricing Page",2,57,"dropped"
3275,2647,"2024-05-07","Confirmation",5,74,"converted"
3276,2826,"2024-05-14","Confirmation",5,58,"converted"
3277,1595,"2024-06-16","Home",1,97,"dropped"
3278,2954,"2024-05-14","Payment",4,124,"clicked"
3279,578,"2024-02-09","Plan Selection",3,186,"viewed"
3280,2337,"2024-02-13","Payment",4,137,"clicked"
3281,2731,"2024-06-04","Plan Selection",3,63,"viewed"
3282,912,"2024-04-29","Pricing Page",2,65,"dropped"
3283,2226,"2024-02-04","Payment",4,24,"dropped"
3284,1942,"2024-05-10","Plan Selection",3,30,"clicked"
3285,1307,"2024-04-07","Pricing Page",2,45,"dropped"
3286,249,"2024-06-11","Pricing Page",2,54,"dropped"
3287,1054,"2024-05-16","Payment",4,80,"clicked"
3288,2585,"2024-04-11","Pricing Page",2,49,"dropped"
3289,1161,"2024-06-29","Payment",4,44,"clicked"
3290,957,"2024-03-29","Pricing Page",2,67,"dropped"
3291,805,"2024-01-03","Pricing Page",2,36,"dropped"
3292,403,"2024-04-16","Plan Selection",3,201,"dropped"
3293,2632,"2024-06-18","Home",1,100,"dropped"
3294,605,"2024-05-01","Payment",4,147,"dropped"
3295,87,"2024-03-29","Pricing Page",2,48,"clicked"
3296,1577,"2024-03-23","Plan Selection",3,34,"clicked"
3297,628,"2024-03-31","Confirmation",5,192,"converted"
3298,2719,"2024-05-24","Pricing Page",2,66,"viewed"
3299,1736,"2024-02-17","Plan Selection",3,36,"viewed"
3300,526,"2024-01-24","Home",1,52,"viewed"
3301,2716,"2024-03-12","Pricing Page",2,34,"viewed"
3302,1328,"2024-02-17","Confirmation",5,31,"converted"
3303,1793,"2024-05-01","Plan Selection",3,161,"dropped"
3304,1049,"2024-03-09","Payment",4,15,"viewed"
3305,291,"2024-04-15","Plan Selection",3,75,"viewed"
3306,89,"2024-05-13","Plan Selection",3,165,"dropped"
3307,339,"2024-02-24","Home",1,190,"dropped"
3308,1393,"2024-02-09","Plan Selection",3,171,"viewed"
3309,1214,"2024-01-23","Pricing Page",2,50,"dropped"
3310,1758,"2024-04-13","Home",1,177,"viewed"
3311,2300,"2024-02-17","Home",1,69,"clicked"
3312,897,"2024-02-02","Confirmation",5,97,"converted"
3313,635,"2024-05-13","Home",1,31,"clicked"
3314,1233,"2024-01-03","Payment",4,27,"viewed"
3315,1697,"2024-06-17","Confirmation",5,208,"converted"
3316,264,"2024-03-25","Home",1,191,"clicked"
3317,122,"2024-01-27","Plan Selection",3,130,"dropped"
3318,409,"2024-01-21","Home",1,107,"viewed"
3319,666,"2024-02-24","Payment",4,62,"viewed"
3320,770,"2024-06-04","Plan Selection",3,22,"viewed"
3321,1396,"2024-01-25","Pricing Page",2,58,"viewed"
3322,2215,"2024-06-20","Plan Selection",3,172,"clicked"
3323,2579,"2024-06-16","Home",1,91,"viewed"
3324,1230,"2024-02-19","Home",1,177,"viewed"
3325,1271,"2024-05-17","Plan Selection",3,82,"dropped"
3326,268,"2024-05-13","Pricing Page",2,63,"dropped"
3327,2368,"2024-05-09","Pricing Page",2,65,"viewed"
3328,608,"2024-01-04","Pricing Page",2,41,"clicked"
3329,2795,"2024-03-18","Pricing Page",2,50,"viewed"
3330,2369,"2024-06-21","Pricing Page",2,40,"dropped"
3331,811,"2024-03-16","Pricing Page",2,40,"clicked"
3332,2492,"2024-02-25","Home",1,60,"dropped"
3333,261,"2024-06-16","Pricing Page",2,38,"dropped"
3334,384,"2024-04-04","Pricing Page",2,54,"dropped"
3335,1749,"2024-05-23","Pricing Page",2,58,"clicked"
3336,2007,"2024-01-24","Plan Selection",3,179,"clicked"
3337,2808,"2024-05-23","Home",1,84,"clicked"
3338,2909,"2024-04-17","Home",1,112,"clicked"
3339,1191,"2024-05-29","Confirmation",5,42,"converted"
3340,110,"2024-05-05","Pricing Page",2,58,"dropped"
3341,1965,"2024-02-17","Pricing Page",2,57,"clicked"
3342,2817,"2024-01-17","Plan Selection",3,204,"viewed"
3343,1850,"2024-03-06","Confirmation",5,161,"converted"
3344,2666,"2024-01-30","Home",1,60,"viewed"
3345,867,"2024-01-04","Pricing Page",2,33,"viewed"
3346,750,"2024-03-25","Plan Selection",3,118,"viewed"
3347,338,"2024-05-09","Pricing Page",2,40,"clicked"
3348,716,"2024-01-17","Payment",4,86,"viewed"
3349,1430,"2024-02-07","Plan Selection",3,93,"clicked"
3350,179,"2024-04-02","Pricing Page",2,48,"dropped"
3351,2485,"2024-03-19","Plan Selection",3,40,"viewed"
3352,64,"2024-01-03","Home",1,13,"dropped"
3353,595,"2024-06-01","Plan Selection",3,110,"viewed"
3354,38,"2024-06-20","Plan Selection",3,145,"clicked"
3355,1130,"2024-01-07","Home",1,28,"clicked"
3356,1421,"2024-02-26","Home",1,174,"viewed"
3357,2328,"2024-06-18","Pricing Page",2,66,"clicked"
3358,1504,"2024-04-01","Home",1,139,"dropped"
3359,2158,"2024-02-06","Payment",4,135,"clicked"
3360,299,"2024-05-08","Pricing Page",2,42,"viewed"
3361,659,"2024-02-27","Confirmation",5,150,"converted"
3362,2141,"2024-03-24","Home",1,111,"viewed"
3363,1291,"2024-02-03","Plan Selection",3,124,"viewed"
3364,813,"2024-03-05","Confirmation",5,167,"converted"
3365,45,"2024-05-09","Plan Selection",3,123,"dropped"
3366,989,"2024-01-06","Home",1,145,"viewed"
3367,1860,"2024-02-25","Plan Selection",3,103,"clicked"
3368,272,"2024-04-11","Plan Selection",3,200,"dropped"
3369,81,"2024-04-19","Confirmation",5,199,"converted"
3370,2660,"2024-04-15","Pricing Page",2,54,"viewed"
3371,2849,"2024-01-03","Pricing Page",2,30,"dropped"
3372,2876,"2024-04-20","Home",1,28,"viewed"
3373,695,"2024-03-23","Plan Selection",3,110,"viewed"
3374,1519,"2024-01-22","Home",1,16,"viewed"
3375,1655,"2024-06-24","Home",1,11,"clicked"
3376,1270,"2024-04-27","Confirmation",5,200,"converted"
3377,2441,"2024-02-08","Plan Selection",3,115,"viewed"
3378,176,"2024-01-21","Pricing Page",2,47,"clicked"
3379,2357,"2024-05-30","Payment",4,123,"clicked"
3380,743,"2024-01-13","Plan Selection",3,175,"clicked"
3381,378,"2024-04-29","Confirmation",5,143,"converted"
3382,1611,"2024-05-04","Payment",4,28,"viewed"
3383,1629,"2024-05-29","Pricing Page",2,67,"dropped"
3384,1076,"2024-03-13","Confirmation",5,88,"converted"
3385,613,"2024-06-02","Plan Selection",3,126,"dropped"
3386,1293,"2024-01-09","Confirmation",5,129,"converted"
3387,439,"2024-06-18","Pricing Page",2,49,"dropped"
3388,196,"2024-04-14","Plan Selection",3,154,"clicked"
3389,1611,"2024-01-12","Plan Selection",3,68,"clicked"
3390,2994,"2024-06-05","Pricing Page",2,40,"dropped"
3391,1689,"2024-05-15","Home",1,12,"viewed"
3392,1635,"2024-06-24","Pricing Page",2,44,"dropped"
3393,188,"2024-02-26","Pricing Page",2,59,"clicked"
3394,2400,"2024-05-16","Pricing Page",2,55,"clicked"
3395,1404,"2024-05-23","Plan Selection",3,94,"clicked"
3396,2541,"2024-06-24","Pricing Page",2,56,"dropped"
3397,586,"2024-02-29","Home",1,76,"clicked"
3398,986,"2024-02-15","Pricing Page",2,46,"viewed"
3399,385,"2024-05-21","Plan Selection",3,65,"viewed"
3400,617,"2024-04-20","Pricing Page",2,46,"dropped"
3401,90,"2024-04-20","Confirmation",5,204,"converted"
3402,2946,"2024-06-28","Home",1,22,"clicked"
3403,957,"2024-05-04","Pricing Page",2,47,"dropped"
3404,2580,"2024-05-26","Pricing Page",2,66,"dropped"
3405,2287,"2024-06-01","Confirmation",5,30,"converted"
3406,2226,"2024-03-12","Payment",4,129,"viewed"
3407,2421,"2024-06-06","Confirmation",5,26,"converted"
3408,1785,"2024-05-11","Payment",4,17,"viewed"
3409,526,"2024-06-12","Confirmation",5,63,"converted"
3410,1032,"2024-06-15","Plan Selection",3,29,"viewed"
3411,1829,"2024-05-06","Plan Selection",3,68,"clicked"
3412,667,"2024-06-03","Plan Selection",3,98,"clicked"
3413,2291,"2024-04-11","Plan Selection",3,181,"viewed"
3414,902,"2024-02-01","Confirmation",5,73,"converted"
3415,2071,"2024-03-30","Pricing Page",2,53,"dropped"
3416,1966,"2024-06-16","Plan Selection",3,114,"viewed"
3417,1890,"2024-02-11","Pricing Page",2,47,"dropped"
3418,2628,"2024-01-04","Pricing Page",2,37,"viewed"
3419,2002,"2024-05-02","Pricing Page",2,65,"dropped"
3420,1406,"2024-06-29","Plan Selection",3,186,"viewed"
3421,2480,"2024-01-09","Payment",4,131,"viewed"
3422,360,"2024-02-12","Payment",4,84,"clicked"
3423,2962,"2024-05-01","Pricing Page",2,66,"clicked"
3424,536,"2024-01-11","Payment",4,133,"viewed"
3425,539,"2024-03-27","Payment",4,185,"viewed"
3426,1030,"2024-02-29","Plan Selection",3,36,"viewed"
3427,1741,"2024-04-02","Payment",4,116,"dropped"
3428,1624,"2024-01-04","Pricing Page",2,40,"dropped"
3429,769,"2024-04-03","Payment",4,115,"dropped"
3430,1108,"2024-02-19","Pricing Page",2,45,"viewed"
3431,1053,"2024-03-15","Home",1,175,"dropped"
3432,2888,"2024-04-09","Payment",4,141,"viewed"
3433,1602,"2024-04-12","Pricing Page",2,51,"clicked"
3434,2106,"2024-04-28","Home",1,181,"viewed"
3435,1103,"2024-03-27","Pricing Page",2,67,"dropped"
3436,1511,"2024-02-12","Plan Selection",3,129,"viewed"
3437,614,"2024-01-06","Plan Selection",3,122,"dropped"
3438,1190,"2024-03-01","Pricing Page",2,43,"clicked"
3439,935,"2024-03-09","Confirmation",5,151,"converted"
3440,1892,"2024-01-06","Pricing Page",2,34,"dropped"
3441,2451,"2024-06-12","Home",1,135,"viewed"
3442,2493,"2024-02-28","Home",1,134,"viewed"
3443,2892,"2024-04-03","Plan Selection",3,194,"clicked"
3444,2650,"2024-05-29","Pricing Page",2,64,"viewed"
3445,751,"2024-02-28","Payment",4,77,"dropped"
3446,1493,"2024-02-03","Pricing Page",2,46,"clicked"
3447,2703,"2024-06-23","Home",1,151,"dropped"
3448,2300,"2024-02-24","Home",1,24,"viewed"
3449,2196,"2024-02-21","Pricing Page",2,38,"viewed"
3450,155,"2024-06-10","Pricing Page",2,65,"dropped"
3451,458,"2024-01-08","Payment",4,134,"viewed"
3452,1246,"2024-04-02","Pricing Page",2,38,"dropped"
3453,1615,"2024-03-05","Home",1,158,"dropped"
3454,2766,"2024-06-15","Payment",4,87,"clicked"
3455,286,"2024-01-22","Pricing Page",2,36,"dropped"
3456,568,"2024-03-18","Plan Selection",3,121,"dropped"
3457,2191,"2024-03-15","Payment",4,28,"viewed"
3458,297,"2024-06-05","Home",1,117,"viewed"
3459,1275,"2024-02-24","Pricing Page",2,38,"clicked"
3460,2054,"2024-02-24","Pricing Page",2,39,"dropped"
3461,800,"2024-04-20","Pricing Page",2,49,"dropped"
3462,2528,"2024-04-21","Plan Selection",3,185,"viewed"
3463,331,"2024-02-25","Pricing Page",2,34,"dropped"
3464,2409,"2024-06-09","Home",1,106,"clicked"
3465,554,"2024-06-19","Home",1,205,"clicked"
3466,152,"2024-01-13","Home",1,151,"viewed"
3467,2513,"2024-02-08","Plan Selection",3,28,"viewed"
3468,2663,"2024-06-18","Home",1,62,"clicked"
3469,1649,"2024-06-20","Home",1,128,"viewed"
3470,2227,"2024-04-18","Payment",4,14,"viewed"
3471,27,"2024-04-19","Confirmation",5,33,"converted"
3472,1884,"2024-05-22","Home",1,201,"clicked"
3473,220,"2024-04-18","Payment",4,30,"dropped"
3474,1565,"2024-01-21","Confirmation",5,140,"converted"
3475,784,"2024-03-05","Confirmation",5,182,"converted"
3476,1073,"2024-02-06","Confirmation",5,19,"converted"
3477,1370,"2024-01-25","Pricing Page",2,33,"clicked"
3478,2548,"2024-03-02","Home",1,161,"clicked"
3479,1053,"2024-05-20","Payment",4,181,"viewed"
3480,849,"2024-01-19","Plan Selection",3,207,"viewed"
3481,2428,"2024-02-03","Plan Selection",3,204,"clicked"
3482,2469,"2024-01-13","Payment",4,35,"dropped"
3483,2491,"2024-01-04","Plan Selection",3,16,"clicked"
3484,1248,"2024-01-31","Plan Selection",3,114,"viewed"
3485,1236,"2024-05-01","Home",1,120,"clicked"
3486,1471,"2024-01-30","Pricing Page",2,35,"viewed"
3487,223,"2024-04-17","Payment",4,197,"clicked"
3488,1500,"2024-01-20","Home",1,189,"clicked"
3489,178,"2024-02-14","Home",1,116,"clicked"
3490,2643,"2024-06-15","Confirmation",5,209,"converted"
3491,402,"2024-05-02","Confirmation",5,189,"converted"
3492,1562,"2024-06-14","Home",1,81,"viewed"
3493,1755,"2024-05-11","Payment",4,46,"clicked"
3494,2821,"2024-05-26","Pricing Page",2,58,"clicked"
3495,1675,"2024-04-25","Plan Selection",3,154,"dropped"
3496,2884,"2024-05-11","Payment",4,132,"viewed"
3497,362,"2024-02-10","Payment",4,33,"clicked"
3498,578,"2024-01-07","Plan Selection",3,197,"viewed"
3499,1341,"2024-05-03","Home",1,65,"dropped"
3500,476,"2024-02-05","Plan Selection",3,197,"dropped"
3501,51,"2024-04-16","Confirmation",5,155,"converted"
3502,2844,"2024-04-09","Confirmation",5,186,"converted"
3503,2080,"2024-05-28","Home",1,132,"dropped"
3504,702,"2024-01-24","Confirmation",5,81,"converted"
3505,2841,"2024-04-28","Pricing Page",2,44,"clicked"
3506,1339,"2024-05-16","Pricing Page",2,63,"viewed"
3507,727,"2024-03-04","Home",1,17,"dropped"
3508,1775,"2024-04-06","Confirmation",5,185,"converted"
3509,2069,"2024-05-28","Home",1,157,"clicked"
3510,1838,"2024-03-07","Home",1,193,"clicked"
3511,216,"2024-05-01","Home",1,137,"viewed"
3512,240,"2024-01-02","Payment",4,194,"clicked"
3513,1470,"2024-05-05","Confirmation",5,191,"converted"
3514,1635,"2024-01-01","Pricing Page",2,56,"dropped"
3515,1435,"2024-05-14","Pricing Page",2,41,"clicked"
3516,2299,"2024-03-02","Pricing Page",2,30,"viewed"
3517,402,"2024-01-31","Pricing Page",2,51,"dropped"
3518,89,"2024-03-21","Home",1,82,"clicked"
3519,2727,"2024-03-03","Confirmation",5,195,"converted"
3520,1986,"2024-04-05","Plan Selection",3,142,"clicked"
3521,2582,"2024-02-04","Pricing Page",2,39,"clicked"
3522,1182,"2024-04-10","Plan Selection",3,61,"clicked"
3523,2629,"2024-05-23","Pricing Page",2,48,"clicked"
3524,1196,"2024-06-17","Pricing Page",2,54,"dropped"
3525,2464,"2024-02-14","Payment",4,25,"dropped"
3526,858,"2024-01-22","Payment",4,63,"dropped"
3527,68,"2024-04-22","Home",1,66,"clicked"
3528,2497,"2024-01-28","Pricing Page",2,54,"dropped"
3529,2746,"2024-05-21","Home",1,101,"viewed"
3530,2029,"2024-06-21","Payment",4,165,"viewed"
3531,607,"2024-06-10","Payment",4,124,"clicked"
3532,2623,"2024-03-15","Pricing Page",2,67,"clicked"
3533,187,"2024-03-30","Pricing Page",2,65,"clicked"
3534,745,"2024-05-27","Pricing Page",2,44,"dropped"
3535,2673,"2024-01-22","Confirmation",5,61,"converted"
3536,1562,"2024-05-29","Plan Selection",3,94,"clicked"
3537,1605,"2024-04-17","Pricing Page",2,40,"dropped"
3538,777,"2024-03-10","Home",1,130,"clicked"
3539,2872,"2024-01-24","Payment",4,105,"dropped"
3540,2809,"2024-03-23","Pricing Page",2,38,"clicked"
3541,97,"2024-02-29","Plan Selection",3,159,"dropped"
3542,685,"2024-06-04","Plan Selection",3,111,"viewed"
3543,2631,"2024-03-03","Home",1,102,"dropped"
3544,1949,"2024-02-11","Home",1,61,"viewed"
3545,2519,"2024-01-06","Plan Selection",3,28,"clicked"
3546,1382,"2024-04-29","Confirmation",5,136,"converted"
3547,1196,"2024-01-17","Pricing Page",2,30,"dropped"
3548,2190,"2024-04-11","Plan Selection",3,82,"viewed"
3549,2652,"2024-03-19","Plan Selection",3,65,"viewed"
3550,1005,"2024-02-02","Confirmation",5,187,"converted"
3551,2359,"2024-02-18","Confirmation",5,30,"converted"
3552,1730,"2024-04-13","Home",1,188,"dropped"
3553,2419,"2024-05-14","Pricing Page",2,45,"dropped"
3554,2282,"2024-06-16","Pricing Page",2,66,"clicked"
3555,2807,"2024-03-10","Home",1,98,"viewed"
3556,2687,"2024-06-20","Home",1,97,"dropped"
3557,2198,"2024-04-25","Home",1,26,"clicked"
3558,2411,"2024-05-22","Plan Selection",3,67,"viewed"
3559,1217,"2024-03-24","Home",1,33,"clicked"
3560,70,"2024-02-23","Pricing Page",2,33,"dropped"
3561,1467,"2024-03-04","Pricing Page",2,40,"viewed"
3562,604,"2024-03-28","Payment",4,142,"viewed"
3563,612,"2024-04-01","Confirmation",5,25,"converted"
3564,1877,"2024-06-11","Plan Selection",3,87,"dropped"
3565,752,"2024-01-02","Pricing Page",2,41,"dropped"
3566,1363,"2024-06-09","Home",1,145,"dropped"
3567,2709,"2024-06-21","Home",1,91,"viewed"
3568,398,"2024-01-10","Payment",4,47,"clicked"
3569,141,"2024-02-19","Pricing Page",2,38,"viewed"
3570,2864,"2024-03-29","Plan Selection",3,93,"clicked"
3571,1688,"2024-05-10","Confirmation",5,99,"converted"
3572,1387,"2024-06-25","Pricing Page",2,52,"viewed"
3573,717,"2024-03-13","Pricing Page",2,35,"dropped"
3574,2689,"2024-02-08","Pricing Page",2,37,"dropped"
3575,2656,"2024-01-08","Plan Selection",3,125,"clicked"
3576,1966,"2024-03-20","Pricing Page",2,63,"dropped"
3577,529,"2024-02-14","Plan Selection",3,165,"viewed"
3578,1804,"2024-04-26","Pricing Page",2,40,"dropped"
3579,2455,"2024-03-22","Payment",4,135,"viewed"
3580,2548,"2024-01-02","Pricing Page",2,43,"viewed"
3581,1474,"2024-01-28","Pricing Page",2,58,"viewed"
3582,1161,"2024-03-17","Confirmation",5,105,"converted"
3583,1618,"2024-02-17","Plan Selection",3,156,"clicked"
3584,1707,"2024-02-02","Home",1,99,"viewed"
3585,2614,"2024-03-18","Plan Selection",3,77,"dropped"
3586,1655,"2024-03-17","Pricing Page",2,67,"dropped"
3587,1956,"2024-05-10","Plan Selection",3,29,"clicked"
3588,1173,"2024-03-02","Plan Selection",3,137,"clicked"
3589,62,"2024-03-03","Plan Selection",3,68,"clicked"
3590,1350,"2024-06-03","Confirmation",5,209,"converted"
3591,788,"2024-02-27","Payment",4,209,"viewed"
3592,323,"2024-05-02","Home",1,74,"clicked"
3593,2935,"2024-05-11","Plan Selection",3,76,"clicked"
3594,2419,"2024-03-03","Pricing Page",2,45,"clicked"
3595,1185,"2024-02-12","Confirmation",5,66,"converted"
3596,1257,"2024-02-14","Confirmation",5,33,"converted"
3597,2043,"2024-01-09","Home",1,179,"viewed"
3598,2032,"2024-03-23","Pricing Page",2,62,"dropped"
3599,944,"2024-04-05","Plan Selection",3,178,"dropped"
3600,887,"2024-06-26","Home",1,42,"viewed"
3601,740,"2024-06-28","Pricing Page",2,42,"dropped"
3602,2485,"2024-06-26","Pricing Page",2,43,"clicked"
3603,1910,"2024-02-19","Pricing Page",2,42,"viewed"
3604,1508,"2024-02-16","Payment",4,41,"clicked"
3605,2058,"2024-01-24","Plan Selection",3,134,"clicked"
3606,1824,"2024-01-29","Confirmation",5,76,"converted"
3607,2353,"2024-06-15","Pricing Page",2,52,"clicked"
3608,370,"2024-03-22","Confirmation",5,23,"converted"
3609,2076,"2024-02-15","Home",1,44,"clicked"
3610,65,"2024-02-03","Payment",4,151,"viewed"
3611,2492,"2024-02-02","Pricing Page",2,43,"dropped"
3612,2655,"2024-02-22","Payment",4,29,"dropped"
3613,798,"2024-06-28","Home",1,176,"viewed"
3614,2708,"2024-03-26","Plan Selection",3,178,"dropped"
3615,2175,"2024-06-07","Pricing Page",2,50,"dropped"
3616,2318,"2024-05-01","Home",1,57,"dropped"
3617,1303,"2024-01-16","Home",1,78,"clicked"
3618,2338,"2024-05-26","Plan Selection",3,31,"clicked"
3619,2362,"2024-04-30","Confirmation",5,186,"converted"
3620,1417,"2024-05-10","Home",1,158,"dropped"
3621,1931,"2024-05-05","Plan Selection",3,132,"clicked"
3622,1145,"2024-04-14","Payment",4,203,"viewed"
3623,489,"2024-06-26","Pricing Page",2,40,"dropped"
3624,2151,"2024-01-02","Confirmation",5,101,"converted"
3625,1809,"2024-04-25","Pricing Page",2,66,"clicked"
3626,1817,"2024-06-16","Payment",4,73,"dropped"
3627,2148,"2024-02-01","Payment",4,36,"clicked"
3628,2746,"2024-02-04","Pricing Page",2,43,"clicked"
3629,30,"2024-01-04","Home",1,57,"dropped"
3630,927,"2024-04-07","Payment",4,42,"clicked"
3631,827,"2024-05-09","Payment",4,141,"dropped"
3632,140,"2024-02-09","Confirmation",5,36,"converted"
3633,2347,"2024-04-03","Pricing Page",2,57,"dropped"
3634,2757,"2024-06-03","Pricing Page",2,66,"dropped"
3635,452,"2024-02-01","Pricing Page",2,48,"clicked"
3636,2587,"2024-01-20","Confirmation",5,106,"converted"
3637,1593,"2024-02-06","Pricing Page",2,44,"dropped"
3638,1493,"2024-06-13","Home",1,105,"clicked"
3639,2794,"2024-05-31","Pricing Page",2,51,"dropped"
3640,2232,"2024-05-04","Pricing Page",2,38,"dropped"
3641,271,"2024-01-31","Plan Selection",3,78,"dropped"
3642,5,"2024-06-28","Confirmation",5,159,"converted"
3643,2717,"2024-02-21","Plan Selection",3,153,"clicked"
3644,45,"2024-05-20","Payment",4,188,"viewed"
3645,2975,"2024-01-28","Payment",4,107,"dropped"
3646,2541,"2024-01-10","Payment",4,100,"dropped"
3647,293,"2024-02-09","Payment",4,75,"dropped"
3648,685,"2024-03-16","Pricing Page",2,61,"clicked"
3649,2429,"2024-02-02","Pricing Page",2,55,"viewed"
3650,1510,"2024-01-16","Confirmation",5,74,"converted"
3651,2591,"2024-03-04","Home",1,169,"clicked"
3652,2920,"2024-03-22","Pricing Page",2,45,"dropped"
3653,2229,"2024-05-27","Payment",4,174,"clicked"
3654,772,"2024-04-28","Pricing Page",2,53,"dropped"
3655,2294,"2024-04-27","Confirmation",5,180,"converted"
3656,1117,"2024-02-25","Pricing Page",2,36,"clicked"
3657,224,"2024-01-30","Plan Selection",3,103,"clicked"
3658,1277,"2024-03-18","Payment",4,25,"viewed"
3659,1887,"2024-05-29","Pricing Page",2,59,"viewed"
3660,1049,"2024-01-06","Home",1,104,"dropped"
3661,2030,"2024-02-29","Plan Selection",3,17,"clicked"
3662,2203,"2024-04-12","Plan Selection",3,101,"clicked"
3663,1727,"2024-05-08","Payment",4,208,"clicked"
3664,1298,"2024-05-10","Pricing Page",2,48,"clicked"
3665,526,"2024-03-02","Home",1,183,"viewed"
3666,1241,"2024-04-29","Home",1,63,"dropped"
3667,557,"2024-03-01","Home",1,118,"clicked"
3668,1050,"2024-04-11","Payment",4,21,"dropped"
3669,55,"2024-06-26","Payment",4,69,"viewed"
3670,2518,"2024-03-05","Pricing Page",2,37,"clicked"
3671,1013,"2024-03-23","Pricing Page",2,66,"viewed"
3672,2600,"2024-04-02","Confirmation",5,60,"converted"
3673,1146,"2024-01-29","Plan Selection",3,157,"viewed"
3674,1844,"2024-05-20","Home",1,174,"dropped"
3675,2027,"2024-02-22","Pricing Page",2,37,"viewed"
3676,68,"2024-02-17","Pricing Page",2,41,"dropped"
3677,578,"2024-01-25","Home",1,16,"viewed"
3678,1275,"2024-03-15","Payment",4,140,"viewed"
3679,2132,"2024-05-15","Plan Selection",3,183,"clicked"
3680,2143,"2024-02-02","Payment",4,64,"dropped"
3681,1573,"2024-03-16","Plan Selection",3,75,"dropped"
3682,1515,"2024-02-11","Plan Selection",3,96,"clicked"
3683,529,"2024-06-29","Pricing Page",2,46,"dropped"
3684,777,"2024-02-14","Pricing Page",2,44,"dropped"
3685,2381,"2024-06-01","Payment",4,126,"clicked"
3686,1557,"2024-02-12","Plan Selection",3,79,"viewed"
3687,1460,"2024-05-09","Home",1,103,"viewed"
3688,1254,"2024-02-06","Payment",4,32,"clicked"
3689,1008,"2024-05-02","Pricing Page",2,62,"dropped"
3690,1959,"2024-02-02","Confirmation",5,53,"converted"
3691,661,"2024-03-23","Plan Selection",3,150,"viewed"
3692,709,"2024-02-02","Home",1,79,"dropped"
3693,2982,"2024-03-04","Payment",4,161,"clicked"
3694,866,"2024-06-12","Plan Selection",3,115,"viewed"
3695,2584,"2024-02-14","Plan Selection",3,99,"clicked"
3696,794,"2024-03-06","Home",1,13,"dropped"
3697,263,"2024-03-04","Pricing Page",2,42,"clicked"
3698,1822,"2024-03-01","Payment",4,67,"viewed"
3699,1215,"2024-03-25","Home",1,49,"viewed"
3700,1644,"2024-06-03","Plan Selection",3,127,"dropped"
3701,1447,"2024-02-17","Payment",4,118,"dropped"
3702,2792,"2024-02-27","Payment",4,24,"viewed"
3703,1622,"2024-06-01","Plan Selection",3,102,"clicked"
3704,638,"2024-03-31","Payment",4,174,"clicked"
3705,481,"2024-02-09","Plan Selection",3,98,"clicked"
3706,1167,"2024-06-15","Pricing Page",2,49,"dropped"
3707,2414,"2024-02-18","Confirmation",5,185,"converted"
3708,1722,"2024-02-13","Pricing Page",2,48,"clicked"
3709,1856,"2024-01-02","Home",1,190,"viewed"
3710,93,"2024-02-27","Pricing Page",2,44,"viewed"
3711,669,"2024-02-28","Confirmation",5,155,"converted"
3712,2496,"2024-06-24","Pricing Page",2,64,"dropped"
3713,2467,"2024-02-15","Payment",4,40,"clicked"
3714,1979,"2024-01-05","Home",1,146,"viewed"
3715,2322,"2024-06-25","Plan Selection",3,168,"clicked"
3716,890,"2024-03-27","Plan Selection",3,24,"viewed"
3717,215,"2024-05-21","Plan Selection",3,46,"viewed"
3718,1188,"2024-04-21","Confirmation",5,126,"converted"
3719,787,"2024-04-11","Home",1,84,"viewed"
3720,60,"2024-04-21","Home",1,72,"clicked"
3721,1094,"2024-03-20","Home",1,60,"viewed"
3722,2472,"2024-03-08","Pricing Page",2,53,"viewed"
3723,2416,"2024-04-01","Home",1,29,"dropped"
3724,864,"2024-01-17","Plan Selection",3,142,"clicked"
3725,2415,"2024-03-03","Pricing Page",2,46,"clicked"
3726,168,"2024-01-15","Pricing Page",2,59,"dropped"
3727,2096,"2024-01-23","Plan Selection",3,71,"viewed"
3728,2208,"2024-06-08","Home",1,76,"dropped"
3729,1139,"2024-05-01","Pricing Page",2,41,"clicked"
3730,2728,"2024-01-03","Pricing Page",2,50,"clicked"
3731,2923,"2024-04-26","Pricing Page",2,55,"viewed"
3732,89,"2024-02-25","Pricing Page",2,37,"viewed"
3733,2612,"2024-04-17","Pricing Page",2,67,"viewed"
3734,1852,"2024-02-27","Payment",4,166,"viewed"
3735,2947,"2024-06-14","Plan Selection",3,83,"viewed"
3736,2370,"2024-01-03","Plan Selection",3,90,"viewed"
3737,1527,"2024-05-09","Home",1,39,"clicked"
3738,1059,"2024-01-16","Pricing Page",2,48,"viewed"
3739,33,"2024-01-24","Plan Selection",3,153,"viewed"
3740,1267,"2024-06-24","Plan Selection",3,205,"dropped"
3741,2691,"2024-06-26","Pricing Page",2,42,"dropped"
3742,806,"2024-06-09","Plan Selection",3,105,"clicked"
3743,394,"2024-01-21","Home",1,117,"dropped"
3744,559,"2024-03-22","Plan Selection",3,40,"viewed"
3745,2601,"2024-03-01","Home",1,87,"viewed"
3746,1032,"2024-04-21","Home",1,84,"viewed"
3747,1721,"2024-04-27","Plan Selection",3,146,"viewed"
3748,511,"2024-02-27","Home",1,91,"viewed"
3749,2704,"2024-01-06","Pricing Page",2,34,"clicked"
3750,2109,"2024-02-07","Confirmation",5,25,"converted"
3751,1666,"2024-04-09","Home",1,161,"clicked"
3752,1289,"2024-04-05","Pricing Page",2,42,"clicked"
3753,1112,"2024-04-06","Plan Selection",3,54,"clicked"
3754,1155,"2024-05-05","Pricing Page",2,53,"dropped"
3755,944,"2024-06-08","Pricing Page",2,56,"clicked"
3756,1953,"2024-01-31","Confirmation",5,201,"converted"
3757,313,"2024-04-27","Confirmation",5,161,"converted"
3758,2888,"2024-04-07","Payment",4,92,"viewed"
3759,66,"2024-01-28","Plan Selection",3,205,"viewed"
3760,782,"2024-05-21","Home",1,75,"dropped"
3761,548,"2024-02-08","Plan Selection",3,198,"dropped"
3762,2941,"2024-03-16","Home",1,104,"viewed"
3763,656,"2024-02-26","Confirmation",5,124,"converted"
3764,496,"2024-01-19","Home",1,170,"viewed"
3765,859,"2024-04-21","Pricing Page",2,46,"clicked"
3766,354,"2024-02-02","Plan Selection",3,51,"clicked"
3767,1038,"2024-04-08","Plan Selection",3,169,"viewed"
3768,828,"2024-04-14","Home",1,115,"clicked"
3769,2390,"2024-04-11","Pricing Page",2,48,"dropped"
3770,2493,"2024-03-14","Plan Selection",3,101,"viewed"
3771,2992,"2024-06-24","Payment",4,80,"dropped"
3772,2893,"2024-02-07","Home",1,39,"clicked"
3773,2648,"2024-04-22","Pricing Page",2,50,"clicked"
3774,991,"2024-03-31","Plan Selection",3,30,"viewed"
3775,1302,"2024-02-28","Pricing Page",2,48,"dropped"
3776,1617,"2024-03-28","Payment",4,131,"viewed"
3777,610,"2024-02-05","Pricing Page",2,38,"dropped"
3778,2493,"2024-01-23","Home",1,62,"viewed"
3779,2686,"2024-04-30","Plan Selection",3,48,"dropped"
3780,1915,"2024-01-12","Pricing Page",2,55,"dropped"
3781,2520,"2024-06-19","Home",1,22,"viewed"
3782,2329,"2024-03-31","Home",1,76,"dropped"
3783,2581,"2024-05-21","Pricing Page",2,47,"clicked"
3784,322,"2024-05-04","Home",1,116,"clicked"
3785,2663,"2024-04-09","Home",1,168,"viewed"
3786,424,"2024-04-16","Plan Selection",3,185,"viewed"
3787,999,"2024-02-22","Pricing Page",2,40,"dropped"
3788,2687,"2024-02-28","Confirmation",5,157,"converted"
3789,2566,"2024-01-12","Payment",4,132,"viewed"
3790,192,"2024-06-25","Plan Selection",3,114,"clicked"
3791,442,"2024-01-20","Home",1,36,"clicked"
3792,1556,"2024-03-21","Plan Selection",3,20,"dropped"
3793,34,"2024-03-04","Payment",4,123,"viewed"
3794,1907,"2024-02-01","Confirmation",5,65,"converted"
3795,1554,"2024-05-15","Home",1,159,"dropped"
3796,1351,"2024-05-31","Payment",4,131,"clicked"
3797,197,"2024-04-17","Payment",4,16,"viewed"
3798,982,"2024-06-25","Confirmation",5,131,"converted"
3799,914,"2024-05-07","Plan Selection",3,199,"viewed"
3800,2026,"2024-04-30","Pricing Page",2,52,"dropped"
3801,2912,"2024-03-17","Pricing Page",2,60,"dropped"
3802,1228,"2024-04-28","Home",1,56,"dropped"
3803,1567,"2024-03-28","Payment",4,159,"dropped"
3804,2700,"2024-05-26","Pricing Page",2,48,"clicked"
3805,1204,"2024-06-17","Pricing Page",2,51,"viewed"
3806,177,"2024-04-29","Home",1,139,"viewed"
3807,969,"2024-01-11","Pricing Page",2,43,"dropped"
3808,2138,"2024-06-21","Plan Selection",3,75,"viewed"
3809,1995,"2024-01-24","Plan Selection",3,197,"viewed"
3810,1837,"2024-01-02","Home",1,202,"dropped"
3811,593,"2024-03-02","Home",1,112,"dropped"
3812,1967,"2024-04-12","Payment",4,127,"clicked"
3813,120,"2024-01-23","Pricing Page",2,32,"viewed"
3814,2022,"2024-03-12","Confirmation",5,134,"converted"
3815,684,"2024-02-18","Plan Selection",3,113,"viewed"
3816,1343,"2024-03-19","Payment",4,172,"clicked"
3817,1487,"2024-05-10","Home",1,101,"viewed"
3818,594,"2024-02-14","Plan Selection",3,101,"clicked"
3819,1448,"2024-02-24","Home",1,76,"clicked"
3820,1842,"2024-04-01","Plan Selection",3,184,"clicked"
3821,167,"2024-02-19","Home",1,44,"clicked"
3822,2390,"2024-02-05","Plan Selection",3,86,"dropped"
3823,1525,"2024-01-27","Pricing Page",2,48,"dropped"
3824,304,"2024-03-06","Plan Selection",3,102,"viewed"
3825,1571,"2024-02-19","Payment",4,31,"dropped"
3826,1934,"2024-04-25","Pricing Page",2,49,"dropped"
3827,1600,"2024-02-16","Plan Selection",3,134,"dropped"
3828,1693,"2024-04-11","Home",1,173,"viewed"
3829,1560,"2024-02-08","Plan Selection",3,194,"dropped"
3830,1791,"2024-05-18","Home",1,188,"clicked"
3831,212,"2024-02-25","Pricing Page",2,48,"dropped"
3832,551,"2024-02-20","Payment",4,86,"clicked"
3833,2160,"2024-03-28","Pricing Page",2,62,"dropped"
3834,138,"2024-03-03","Plan Selection",3,188,"viewed"
3835,2658,"2024-02-22","Payment",4,18,"viewed"
3836,590,"2024-03-11","Pricing Page",2,49,"dropped"
3837,1930,"2024-06-07","Pricing Page",2,58,"viewed"
3838,2579,"2024-03-08","Pricing Page",2,39,"clicked"
3839,1975,"2024-01-23","Plan Selection",3,186,"clicked"
3840,1995,"2024-06-18","Plan Selection",3,127,"viewed"
3841,2332,"2024-01-29","Pricing Page",2,55,"viewed"
3842,2497,"2024-04-04","Home",1,201,"clicked"
3843,1661,"2024-02-25","Payment",4,102,"viewed"
3844,2990,"2024-06-21","Payment",4,21,"viewed"
3845,1492,"2024-05-03","Confirmation",5,126,"converted"
3846,393,"2024-06-13","Home",1,12,"viewed"
3847,311,"2024-04-23","Payment",4,68,"viewed"
3848,2587,"2024-03-26","Payment",4,92,"viewed"
3849,1687,"2024-04-06","Confirmation",5,77,"converted"
3850,2160,"2024-04-16","Payment",4,38,"clicked"
3851,1269,"2024-01-01","Payment",4,157,"clicked"
3852,2995,"2024-04-29","Pricing Page",2,56,"dropped"
3853,1592,"2024-03-21","Plan Selection",3,176,"clicked"
3854,2522,"2024-03-12","Pricing Page",2,33,"dropped"
3855,1876,"2024-04-08","Payment",4,121,"clicked"
3856,2145,"2024-05-14","Plan Selection",3,126,"dropped"
3857,1153,"2024-02-14","Home",1,127,"viewed"
3858,33,"2024-05-22","Confirmation",5,37,"converted"
3859,2984,"2024-04-10","Payment",4,74,"dropped"
3860,384,"2024-06-26","Plan Selection",3,146,"viewed"
3861,406,"2024-01-31","Pricing Page",2,48,"viewed"
3862,1368,"2024-05-01","Confirmation",5,202,"converted"
3863,2484,"2024-02-15","Payment",4,21,"dropped"
3864,2511,"2024-02-02","Pricing Page",2,42,"viewed"
3865,205,"2024-05-19","Plan Selection",3,203,"viewed"
3866,1181,"2024-03-12","Payment",4,163,"clicked"
3867,85,"2024-05-14","Plan Selection",3,195,"viewed"
3868,2831,"2024-03-27","Plan Selection",3,94,"clicked"
3869,2130,"2024-03-06","Plan Selection",3,74,"clicked"
3870,2684,"2024-05-16","Home",1,38,"clicked"
3871,2831,"2024-02-23","Plan Selection",3,70,"viewed"
3872,425,"2024-06-07","Confirmation",5,35,"converted"
3873,2341,"2024-04-04","Pricing Page",2,61,"dropped"
3874,1012,"2024-02-16","Pricing Page",2,49,"dropped"
3875,2688,"2024-03-10","Pricing Page",2,59,"dropped"
3876,1627,"2024-05-22","Pricing Page",2,42,"viewed"
3877,2851,"2024-01-17","Plan Selection",3,172,"dropped"
3878,1856,"2024-03-23","Pricing Page",2,60,"dropped"
3879,736,"2024-05-10","Payment",4,38,"dropped"
3880,692,"2024-05-17","Home",1,53,"viewed"
3881,897,"2024-01-23","Payment",4,59,"dropped"
3882,1633,"2024-04-10","Home",1,11,"viewed"
3883,460,"2024-06-04","Payment",4,140,"viewed"
3884,1924,"2024-01-09","Pricing Page",2,42,"dropped"
3885,1224,"2024-04-28","Home",1,58,"dropped"
3886,2121,"2024-02-19","Pricing Page",2,43,"clicked"
3887,1082,"2024-01-27","Plan Selection",3,179,"clicked"
3888,2338,"2024-01-19","Home",1,120,"dropped"
3889,1724,"2024-01-25","Confirmation",5,73,"converted"
3890,2301,"2024-06-07","Home",1,157,"clicked"
3891,482,"2024-03-09","Pricing Page",2,56,"dropped"
3892,1868,"2024-02-29","Payment",4,179,"viewed"
3893,534,"2024-01-10","Payment",4,118,"clicked"
3894,2471,"2024-04-26","Payment",4,183,"dropped"
3895,1870,"2024-06-27","Home",1,71,"clicked"
3896,41,"2024-06-12","Pricing Page",2,57,"viewed"
3897,1412,"2024-05-02","Confirmation",5,176,"converted"
3898,765,"2024-05-19","Home",1,32,"clicked"
3899,712,"2024-02-13","Pricing Page",2,50,"viewed"
3900,1919,"2024-03-14","Home",1,66,"dropped"
3901,2199,"2024-02-27","Pricing Page",2,58,"clicked"
3902,1084,"2024-06-05","Pricing Page",2,55,"dropped"
3903,1825,"2024-02-05","Home",1,51,"clicked"
3904,467,"2024-01-21","Home",1,37,"clicked"
3905,1869,"2024-06-10","Plan Selection",3,62,"clicked"
3906,9,"2024-03-01","Plan Selection",3,83,"viewed"
3907,2909,"2024-03-13","Home",1,72,"dropped"
3908,927,"2024-05-24","Home",1,188,"clicked"
3909,2476,"2024-02-09","Plan Selection",3,103,"clicked"
3910,2837,"2024-02-26","Payment",4,157,"clicked"
3911,428,"2024-02-24","Home",1,118,"clicked"
3912,1826,"2024-05-06","Plan Selection",3,52,"dropped"
3913,2170,"2024-03-13","Payment",4,13,"clicked"
3914,2169,"2024-06-20","Plan Selection",3,207,"dropped"
3915,698,"2024-03-21","Plan Selection",3,75,"dropped"
3916,521,"2024-05-20","Pricing Page",2,53,"dropped"
3917,1803,"2024-05-12","Payment",4,35,"dropped"
3918,2526,"2024-01-14","Payment",4,205,"clicked"
3919,2806,"2024-04-10","Confirmation",5,38,"converted"
3920,2501,"2024-05-13","Home",1,159,"dropped"
3921,1706,"2024-03-05","Home",1,62,"dropped"
3922,2352,"2024-04-14","Plan Selection",3,200,"dropped"
3923,2770,"2024-01-27","Confirmation",5,78,"converted"
3924,2542,"2024-02-07","Pricing Page",2,55,"viewed"
3925,1154,"2024-04-09","Plan Selection",3,84,"dropped"
3926,392,"2024-03-31","Home",1,28,"dropped"
3927,708,"2024-06-06","Plan Selection",3,137,"dropped"
3928,704,"2024-03-29","Payment",4,49,"viewed"
3929,1203,"2024-04-19","Payment",4,68,"viewed"
3930,249,"2024-03-20","Confirmation",5,102,"converted"
3931,1331,"2024-05-29","Payment",4,122,"clicked"
3932,827,"2024-02-05","Home",1,45,"clicked"
3933,1794,"2024-05-08","Payment",4,149,"dropped"
3934,2559,"2024-05-06","Confirmation",5,116,"converted"
3935,2651,"2024-05-29","Pricing Page",2,64,"viewed"
3936,598,"2024-01-19","Confirmation",5,60,"converted"
3937,1570,"2024-06-05","Payment",4,32,"clicked"
3938,1203,"2024-06-22","Plan Selection",3,29,"viewed"
3939,665,"2024-06-29","Pricing Page",2,57,"dropped"
3940,1470,"2024-04-13","Pricing Page",2,45,"dropped"
3941,1686,"2024-04-23","Pricing Page",2,47,"dropped"
3942,2074,"2024-03-21","Home",1,83,"clicked"
3943,2933,"2024-04-26","Pricing Page",2,51,"dropped"
3944,2169,"2024-03-09","Plan Selection",3,97,"dropped"
3945,2640,"2024-02-22","Payment",4,35,"dropped"
3946,2584,"2024-04-10","Pricing Page",2,48,"dropped"
3947,1870,"2024-05-08","Plan Selection",3,74,"clicked"
3948,2062,"2024-06-02","Home",1,70,"dropped"
3949,387,"2024-04-22","Payment",4,163,"viewed"
3950,67,"2024-01-21","Pricing Page",2,33,"dropped"
3951,1537,"2024-01-03","Plan Selection",3,138,"clicked"
3952,164,"2024-03-28","Pricing Page",2,64,"dropped"
3953,328,"2024-06-15","Pricing Page",2,55,"dropped"
3954,1603,"2024-04-05","Home",1,128,"viewed"
3955,1587,"2024-01-11","Plan Selection",3,83,"viewed"
3956,1222,"2024-06-18","Pricing Page",2,51,"viewed"
3957,339,"2024-06-09","Home",1,182,"viewed"
3958,1192,"2024-06-28","Payment",4,191,"dropped"
3959,925,"2024-06-15","Plan Selection",3,142,"clicked"
3960,812,"2024-04-18","Home",1,36,"dropped"
3961,420,"2024-03-08","Pricing Page",2,34,"dropped"
3962,1091,"2024-05-13","Plan Selection",3,175,"clicked"
3963,55,"2024-02-05","Confirmation",5,14,"converted"
3964,1034,"2024-04-28","Pricing Page",2,46,"clicked"
3965,1250,"2024-01-24","Pricing Page",2,46,"clicked"
3966,1718,"2024-06-12","Payment",4,64,"viewed"
3967,166,"2024-03-04","Plan Selection",3,193,"viewed"
3968,736,"2024-05-30","Pricing Page",2,55,"clicked"
3969,966,"2024-05-23","Home",1,139,"dropped"
3970,436,"2024-01-14","Confirmation",5,102,"converted"
3971,1473,"2024-01-14","Confirmation",5,62,"converted"
3972,1858,"2024-02-26","Plan Selection",3,118,"viewed"
3973,1435,"2024-04-05","Pricing Page",2,52,"clicked"
3974,1887,"2024-05-02","Pricing Page",2,51,"clicked"
3975,1729,"2024-04-03","Payment",4,144,"viewed"
3976,330,"2024-01-14","Home",1,19,"dropped"
3977,511,"2024-04-30","Payment",4,34,"dropped"
3978,1019,"2024-02-19","Pricing Page",2,56,"dropped"
3979,741,"2024-01-20","Payment",4,132,"viewed"
3980,2066,"2024-02-29","Plan Selection",3,183,"viewed"
3981,1522,"2024-05-01","Payment",4,50,"clicked"
3982,2381,"2024-04-05","Pricing Page",2,58,"clicked"
3983,514,"2024-06-17","Home",1,188,"dropped"
3984,1883,"2024-06-21","Payment",4,110,"viewed"
3985,2860,"2024-01-17","Plan Selection",3,158,"viewed"
3986,735,"2024-04-08","Confirmation",5,64,"converted"
3987,1270,"2024-02-23","Pricing Page",2,35,"dropped"
3988,2538,"2024-03-11","Pricing Page",2,55,"dropped"
3989,2203,"2024-03-30","Pricing Page",2,63,"dropped"
3990,1669,"2024-04-06","Confirmation",5,79,"converted"
3991,2332,"2024-06-01","Payment",4,175,"clicked"
3992,507,"2024-02-15","Payment",4,16,"viewed"
3993,1127,"2024-02-04","Payment",4,121,"clicked"
3994,2649,"2024-03-27","Payment",4,73,"clicked"
3995,2090,"2024-03-30","Pricing Page",2,50,"viewed"
3996,1918,"2024-02-14","Pricing Page",2,54,"dropped"
3997,1535,"2024-06-22","Pricing Page",2,52,"dropped"
3998,1032,"2024-01-12","Pricing Page",2,35,"dropped"
3999,2811,"2024-03-11","Home",1,124,"clicked"
4000,939,"2024-03-04","Payment",4,209,"clicked"
4001,2386,"2024-02-25","Home",1,165,"clicked"
4002,26,"2024-04-25","Home",1,200,"dropped"
4003,951,"2024-06-08","Pricing Page",2,57,"viewed"
4004,1163,"2024-03-02","Plan Selection",3,131,"clicked"
4005,1529,"2024-01-27","Pricing Page",2,48,"clicked"
4006,1643,"2024-02-21","Payment",4,12,"viewed"
4007,2070,"2024-02-08","Confirmation",5,78,"converted"
4008,2150,"2024-04-11","Plan Selection",3,125,"viewed"
4009,2738,"2024-05-20","Home",1,92,"viewed"
4010,2402,"2024-02-03","Plan Selection",3,18,"viewed"
4011,462,"2024-05-24","Plan Selection",3,66,"viewed"
4012,609,"2024-04-15","Pricing Page",2,59,"clicked"
4013,1903,"2024-06-07","Pricing Page",2,61,"dropped"
4014,496,"2024-02-24","Home",1,32,"clicked"
4015,1419,"2024-05-02","Confirmation",5,161,"converted"
4016,2722,"2024-02-19","Plan Selection",3,81,"viewed"
4017,1017,"2024-01-09","Pricing Page",2,59,"dropped"
4018,633,"2024-03-06","Home",1,166,"clicked"
4019,1719,"2024-05-09","Payment",4,43,"clicked"
4020,2293,"2024-01-11","Confirmation",5,172,"converted"
4021,233,"2024-06-20","Pricing Page",2,56,"clicked"
4022,1366,"2024-02-18","Confirmation",5,30,"converted"
4023,1714,"2024-04-08","Home",1,95,"dropped"
4024,538,"2024-04-22","Plan Selection",3,11,"clicked"
4025,1633,"2024-05-21","Pricing Page",2,38,"dropped"
4026,859,"2024-04-24","Pricing Page",2,54,"viewed"
4027,138,"2024-03-10","Payment",4,171,"viewed"
4028,2684,"2024-03-27","Plan Selection",3,37,"clicked"
4029,949,"2024-06-19","Payment",4,206,"viewed"
4030,606,"2024-01-22","Confirmation",5,123,"converted"
4031,2638,"2024-05-06","Payment",4,37,"dropped"
4032,1099,"2024-03-06","Plan Selection",3,103,"dropped"
4033,1807,"2024-03-15","Pricing Page",2,67,"dropped"
4034,423,"2024-01-07","Payment",4,144,"dropped"
4035,1263,"2024-06-01","Confirmation",5,66,"converted"
4036,1544,"2024-05-12","Home",1,78,"clicked"
4037,2752,"2024-03-17","Pricing Page",2,53,"dropped"
4038,2266,"2024-03-16","Payment",4,187,"viewed"
4039,176,"2024-03-24","Home",1,71,"dropped"
4040,2022,"2024-01-03","Home",1,40,"viewed"
4041,2276,"2024-06-05","Home",1,147,"clicked"
4042,750,"2024-03-24","Plan Selection",3,99,"clicked"
4043,859,"2024-06-04","Pricing Page",2,55,"clicked"
4044,956,"2024-05-16","Payment",4,181,"viewed"
4045,1383,"2024-06-09","Home",1,126,"viewed"
4046,270,"2024-01-27","Pricing Page",2,56,"dropped"
4047,2247,"2024-03-27","Home",1,61,"viewed"
4048,1750,"2024-02-25","Payment",4,199,"clicked"
4049,872,"2024-01-31","Confirmation",5,87,"converted"
4050,2974,"2024-05-24","Home",1,147,"clicked"
4051,2710,"2024-03-01","Confirmation",5,169,"converted"
4052,313,"2024-01-24","Pricing Page",2,39,"clicked"
4053,2365,"2024-02-24","Home",1,178,"viewed"
4054,804,"2024-01-12","Plan Selection",3,83,"clicked"
4055,1327,"2024-02-20","Home",1,120,"clicked"
4056,2918,"2024-02-21","Plan Selection",3,140,"viewed"
4057,2541,"2024-06-21","Pricing Page",2,44,"dropped"
4058,2299,"2024-03-06","Plan Selection",3,101,"viewed"
4059,1202,"2024-05-14","Plan Selection",3,73,"dropped"
4060,1127,"2024-05-02","Pricing Page",2,46,"clicked"
4061,982,"2024-05-11","Plan Selection",3,18,"clicked"
4062,843,"2024-04-11","Confirmation",5,30,"converted"
4063,1958,"2024-06-20","Payment",4,25,"dropped"
4064,2740,"2024-03-28","Plan Selection",3,188,"clicked"
4065,1816,"2024-04-29","Pricing Page",2,50,"dropped"
4066,2057,"2024-05-05","Pricing Page",2,38,"viewed"
4067,653,"2024-04-02","Confirmation",5,208,"converted"
4068,755,"2024-02-20","Plan Selection",3,73,"viewed"
4069,1597,"2024-04-13","Pricing Page",2,55,"dropped"
4070,2058,"2024-02-04","Confirmation",5,201,"converted"
4071,198,"2024-03-23","Home",1,22,"dropped"
4072,157,"2024-01-22","Pricing Page",2,55,"viewed"
4073,2665,"2024-05-23","Pricing Page",2,43,"viewed"
4074,446,"2024-06-19","Pricing Page",2,51,"dropped"
4075,877,"2024-06-03","Pricing Page",2,51,"viewed"
4076,1994,"2024-02-29","Plan Selection",3,72,"clicked"
4077,2788,"2024-06-17","Payment",4,108,"viewed"
4078,2945,"2024-02-12","Pricing Page",2,43,"clicked"
4079,382,"2024-02-02","Plan Selection",3,17,"viewed"
4080,358,"2024-04-28","Confirmation",5,132,"converted"
4081,979,"2024-05-22","Confirmation",5,93,"converted"
4082,670,"2024-06-04","Plan Selection",3,131,"dropped"
4083,2503,"2024-05-19","Pricing Page",2,52,"dropped"
4084,356,"2024-04-29","Confirmation",5,168,"converted"
4085,302,"2024-01-23","Pricing Page",2,35,"viewed"
4086,226,"2024-04-24","Confirmation",5,158,"converted"
4087,2813,"2024-03-23","Pricing Page",2,67,"dropped"
4088,1071,"2024-03-17","Home",1,190,"clicked"
4089,1102,"2024-04-16","Payment",4,108,"viewed"
4090,3000,"2024-02-27","Plan Selection",3,201,"dropped"
4091,1090,"2024-05-01","Pricing Page",2,49,"dropped"
4092,2890,"2024-05-19","Confirmation",5,120,"converted"
4093,2527,"2024-04-09","Pricing Page",2,53,"clicked"
4094,1718,"2024-03-16","Pricing Page",2,54,"clicked"
4095,1889,"2024-02-03","Home",1,147,"clicked"
4096,1045,"2024-06-11","Pricing Page",2,53,"dropped"
4097,2500,"2024-02-29","Home",1,150,"dropped"
4098,1198,"2024-05-05","Pricing Page",2,44,"dropped"
4099,264,"2024-03-09","Plan Selection",3,10,"dropped"
4100,1855,"2024-05-09","Payment",4,113,"clicked"
4101,1164,"2024-05-20","Plan Selection",3,51,"viewed"
4102,2919,"2024-01-20","Plan Selection",3,165,"dropped"
4103,2350,"2024-06-02","Confirmation",5,194,"converted"
4104,2795,"2024-06-10","Plan Selection",3,131,"dropped"
4105,1539,"2024-03-07","Pricing Page",2,40,"viewed"
4106,165,"2024-06-01","Home",1,146,"clicked"
4107,1083,"2024-06-23","Payment",4,163,"viewed"
4108,2737,"2024-04-24","Pricing Page",2,44,"viewed"
4109,2142,"2024-06-16","Pricing Page",2,56,"clicked"
4110,1386,"2024-02-27","Home",1,14,"clicked"
4111,1736,"2024-02-25","Payment",4,19,"viewed"
4112,385,"2024-01-15","Home",1,180,"dropped"
4113,1496,"2024-06-04","Payment",4,84,"clicked"
4114,1122,"2024-03-08","Payment",4,131,"viewed"
4115,599,"2024-04-15","Pricing Page",2,62,"dropped"
4116,1615,"2024-01-14","Payment",4,114,"clicked"
4117,921,"2024-03-14","Home",1,79,"clicked"
4118,2813,"2024-03-31","Plan Selection",3,196,"clicked"
4119,588,"2024-02-03","Pricing Page",2,34,"clicked"
4120,2679,"2024-03-28","Payment",4,69,"dropped"
4121,905,"2024-05-22","Home",1,179,"dropped"
4122,2931,"2024-04-13","Confirmation",5,205,"converted"
4123,215,"2024-03-17","Confirmation",5,54,"converted"
4124,1259,"2024-03-18","Confirmation",5,41,"converted"
4125,363,"2024-01-24","Pricing Page",2,32,"clicked"
4126,586,"2024-04-05","Home",1,149,"clicked"
4127,1613,"2024-05-07","Confirmation",5,101,"converted"
4128,1662,"2024-03-11","Pricing Page",2,37,"dropped"
4129,750,"2024-01-09","Pricing Page",2,39,"dropped"
4130,2153,"2024-02-01","Plan Selection",3,20,"dropped"
4131,1379,"2024-06-16","Pricing Page",2,51,"dropped"
4132,1572,"2024-06-05","Payment",4,47,"viewed"
4133,2274,"2024-05-24","Plan Selection",3,47,"viewed"
4134,1149,"2024-04-08","Plan Selection",3,67,"viewed"
4135,1553,"2024-04-11","Pricing Page",2,55,"dropped"
4136,258,"2024-06-16","Pricing Page",2,38,"dropped"
4137,369,"2024-03-31","Home",1,40,"clicked"
4138,1170,"2024-06-01","Home",1,144,"clicked"
4139,721,"2024-03-20","Pricing Page",2,41,"dropped"
4140,986,"2024-02-10","Home",1,21,"viewed"
4141,106,"2024-04-28","Home",1,175,"viewed"
4142,2484,"2024-01-29","Pricing Page",2,59,"dropped"
4143,1755,"2024-04-14","Home",1,185,"dropped"
4144,1424,"2024-02-26","Home",1,155,"dropped"
4145,49,"2024-03-06","Payment",4,155,"clicked"
4146,1658,"2024-05-10","Confirmation",5,130,"converted"
4147,455,"2024-06-20","Pricing Page",2,56,"dropped"
4148,1271,"2024-02-29","Pricing Page",2,56,"dropped"
4149,2100,"2024-05-07","Pricing Page",2,66,"dropped"
4150,1710,"2024-03-15","Pricing Page",2,53,"dropped"
4151,736,"2024-04-07","Confirmation",5,32,"converted"
4152,2200,"2024-02-29","Pricing Page",2,35,"clicked"
4153,2096,"2024-04-05","Plan Selection",3,42,"dropped"
4154,844,"2024-06-20","Confirmation",5,141,"converted"
4155,1778,"2024-06-27","Home",1,168,"clicked"
4156,464,"2024-02-16","Payment",4,76,"dropped"
4157,2970,"2024-03-05","Payment",4,19,"viewed"
4158,2014,"2024-01-13","Pricing Page",2,42,"dropped"
4159,878,"2024-01-25","Payment",4,140,"viewed"
4160,424,"2024-02-14","Payment",4,78,"clicked"
4161,754,"2024-03-29","Plan Selection",3,17,"dropped"
4162,750,"2024-01-07","Pricing Page",2,30,"viewed"
4163,691,"2024-04-11","Home",1,188,"dropped"
4164,2761,"2024-02-13","Pricing Page",2,45,"dropped"
4165,1000,"2024-01-30","Payment",4,137,"viewed"
4166,1994,"2024-02-01","Payment",4,175,"clicked"
4167,429,"2024-01-26","Pricing Page",2,59,"dropped"
4168,816,"2024-02-13","Pricing Page",2,35,"viewed"
4169,1388,"2024-06-10","Home",1,145,"dropped"
4170,2675,"2024-06-11","Payment",4,92,"clicked"
4171,2240,"2024-06-19","Pricing Page",2,53,"dropped"
4172,598,"2024-04-11","Pricing Page",2,48,"dropped"
4173,1588,"2024-02-25","Confirmation",5,166,"converted"
4174,270,"2024-01-19","Pricing Page",2,57,"viewed"
4175,2151,"2024-06-08","Pricing Page",2,57,"dropped"
4176,1206,"2024-04-18","Payment",4,42,"clicked"
4177,1993,"2024-01-06","Home",1,162,"clicked"
4178,668,"2024-02-06","Pricing Page",2,34,"clicked"
4179,2491,"2024-02-06","Plan Selection",3,202,"clicked"
4180,1542,"2024-05-11","Home",1,56,"viewed"
4181,2751,"2024-05-27","Pricing Page",2,42,"clicked"
4182,2147,"2024-01-11","Home",1,124,"clicked"
4183,974,"2024-03-13","Home",1,194,"clicked"
4184,2756,"2024-06-26","Home",1,174,"viewed"
4185,2436,"2024-01-17","Home",1,166,"viewed"
4186,119,"2024-04-12","Payment",4,190,"clicked"
4187,180,"2024-02-12","Home",1,72,"clicked"
4188,2279,"2024-02-03","Plan Selection",3,141,"clicked"
4189,2572,"2024-02-03","Pricing Page",2,36,"dropped"
4190,1531,"2024-03-22","Plan Selection",3,56,"dropped"
4191,1163,"2024-06-09","Pricing Page",2,58,"dropped"
4192,2209,"2024-01-07","Confirmation",5,155,"converted"
4193,2203,"2024-03-29","Pricing Page",2,61,"dropped"
4194,1702,"2024-02-19","Plan Selection",3,123,"viewed"
4195,859,"2024-01-07","Pricing Page",2,46,"clicked"
4196,221,"2024-01-25","Pricing Page",2,56,"dropped"
4197,2207,"2024-03-18","Confirmation",5,95,"converted"
4198,924,"2024-02-16","Pricing Page",2,30,"viewed"
4199,2782,"2024-04-29","Plan Selection",3,121,"clicked"
4200,2031,"2024-04-13","Payment",4,105,"viewed"
4201,2787,"2024-01-05","Pricing Page",2,48,"dropped"
4202,1599,"2024-03-18","Plan Selection",3,104,"viewed"
4203,195,"2024-02-13","Confirmation",5,65,"converted"
4204,1202,"2024-01-30","Plan Selection",3,127,"dropped"
4205,2145,"2024-02-21","Pricing Page",2,46,"viewed"
4206,536,"2024-06-24","Pricing Page",2,55,"dropped"
4207,1928,"2024-06-21","Payment",4,73,"dropped"
4208,1258,"2024-06-07","Home",1,207,"clicked"
4209,2641,"2024-05-05","Payment",4,27,"viewed"
4210,1192,"2024-02-04","Payment",4,61,"viewed"
4211,497,"2024-06-05","Payment",4,120,"clicked"
4212,2067,"2024-04-25","Home",1,150,"dropped"
4213,1825,"2024-04-20","Pricing Page",2,47,"viewed"
4214,2325,"2024-01-03","Payment",4,147,"dropped"
4215,2861,"2024-01-29","Confirmation",5,36,"converted"
4216,2686,"2024-01-15","Payment",4,88,"viewed"
4217,2178,"2024-02-21","Pricing Page",2,41,"dropped"
4218,2803,"2024-06-29","Home",1,203,"dropped"
4219,1055,"2024-01-02","Confirmation",5,197,"converted"
4220,2124,"2024-05-11","Plan Selection",3,81,"clicked"
4221,656,"2024-02-28","Confirmation",5,171,"converted"
4222,488,"2024-03-12","Plan Selection",3,71,"dropped"
4223,814,"2024-02-13","Pricing Page",2,35,"viewed"
4224,1552,"2024-01-24","Home",1,23,"dropped"
4225,263,"2024-02-18","Home",1,121,"clicked"
4226,656,"2024-03-05","Home",1,117,"clicked"
4227,2932,"2024-06-18","Payment",4,197,"clicked"
4228,1075,"2024-03-29","Pricing Page",2,50,"dropped"
4229,2258,"2024-05-13","Pricing Page",2,65,"dropped"
4230,2944,"2024-06-02","Pricing Page",2,66,"viewed"
4231,1475,"2024-06-02","Payment",4,55,"viewed"
4232,2202,"2024-01-04","Confirmation",5,82,"converted"
4233,477,"2024-05-08","Home",1,62,"dropped"
4234,1776,"2024-05-12","Confirmation",5,51,"converted"
4235,1222,"2024-03-14","Payment",4,175,"viewed"
4236,143,"2024-01-22","Pricing Page",2,58,"dropped"
4237,2894,"2024-05-12","Payment",4,145,"dropped"
4238,799,"2024-01-28","Confirmation",5,81,"converted"
4239,2708,"2024-03-20","Pricing Page",2,40,"viewed"
4240,1408,"2024-04-06","Pricing Page",2,57,"dropped"
4241,2446,"2024-03-12","Plan Selection",3,95,"clicked"
4242,1781,"2024-02-13","Pricing Page",2,41,"clicked"
4243,667,"2024-01-15","Payment",4,85,"viewed"
4244,1477,"2024-02-21","Confirmation",5,183,"converted"
4245,1516,"2024-06-16","Home",1,157,"clicked"
4246,1989,"2024-02-04","Confirmation",5,67,"converted"
4247,1565,"2024-05-14","Home",1,115,"dropped"
4248,946,"2024-01-07","Pricing Page",2,33,"viewed"
4249,2896,"2024-02-11","Pricing Page",2,45,"viewed"
4250,2991,"2024-02-12","Home",1,50,"clicked"
4251,2142,"2024-02-02","Payment",4,56,"viewed"
4252,2312,"2024-02-01","Plan Selection",3,67,"viewed"
4253,2606,"2024-01-20","Confirmation",5,73,"converted"
4254,2384,"2024-01-05","Payment",4,145,"dropped"
4255,1795,"2024-04-21","Pricing Page",2,55,"dropped"
4256,1230,"2024-06-23","Plan Selection",3,29,"viewed"
4257,415,"2024-04-24","Payment",4,187,"dropped"
4258,350,"2024-01-22","Pricing Page",2,56,"clicked"
4259,1526,"2024-04-30","Payment",4,14,"viewed"
4260,1339,"2024-01-22","Pricing Page",2,59,"dropped"
4261,1160,"2024-05-15","Plan Selection",3,153,"viewed"
4262,2534,"2024-05-29","Plan Selection",3,118,"viewed"
4263,2680,"2024-05-15","Home",1,32,"clicked"
4264,1030,"2024-05-08","Plan Selection",3,109,"viewed"
4265,93,"2024-03-21","Home",1,63,"viewed"
4266,398,"2024-05-06","Home",1,85,"clicked"
4267,2532,"2024-03-20","Plan Selection",3,202,"viewed"
4268,999,"2024-01-25","Plan Selection",3,202,"viewed"
4269,109,"2024-05-30","Home",1,157,"clicked"
4270,1504,"2024-06-08","Confirmation",5,182,"converted"
4271,1858,"2024-03-31","Plan Selection",3,159,"viewed"
4272,2110,"2024-01-27","Plan Selection",3,148,"clicked"
4273,2497,"2024-03-15","Plan Selection",3,137,"clicked"
4274,1043,"2024-03-10","Confirmation",5,59,"converted"
4275,1819,"2024-02-21","Plan Selection",3,34,"viewed"
4276,2339,"2024-03-15","Plan Selection",3,74,"clicked"
4277,1311,"2024-05-14","Pricing Page",2,61,"clicked"
4278,2750,"2024-04-27","Plan Selection",3,123,"clicked"
4279,2664,"2024-03-29","Payment",4,96,"viewed"
4280,2483,"2024-04-29","Payment",4,41,"clicked"
4281,2970,"2024-01-14","Pricing Page",2,54,"viewed"
4282,2721,"2024-06-14","Payment",4,106,"viewed"
4283,2791,"2024-01-05","Pricing Page",2,48,"dropped"
4284,2365,"2024-04-05","Pricing Page",2,61,"dropped"
4285,1313,"2024-05-04","Home",1,114,"clicked"
4286,2242,"2024-06-20","Pricing Page",2,57,"clicked"
4287,2558,"2024-06-25","Pricing Page",2,59,"clicked"
4288,2888,"2024-06-17","Payment",4,18,"viewed"
4289,1397,"2024-04-12","Pricing Page",2,53,"dropped"
4290,2246,"2024-06-22","Plan Selection",3,184,"viewed"
4291,2969,"2024-05-21","Confirmation",5,69,"converted"
4292,2142,"2024-05-01","Pricing Page",2,39,"clicked"
4293,493,"2024-05-26","Plan Selection",3,72,"viewed"
4294,2137,"2024-05-18","Plan Selection",3,47,"viewed"
4295,2021,"2024-05-29","Home",1,19,"viewed"
4296,1463,"2024-04-29","Payment",4,45,"clicked"
4297,1281,"2024-06-22","Plan Selection",3,152,"dropped"
4298,2670,"2024-03-19","Pricing Page",2,43,"dropped"
4299,1844,"2024-05-19","Home",1,157,"viewed"
4300,255,"2024-03-21","Confirmation",5,111,"converted"
4301,1879,"2024-04-21","Home",1,31,"viewed"
4302,1567,"2024-05-07","Confirmation",5,142,"converted"
4303,1321,"2024-02-09","Payment",4,48,"viewed"
4304,2101,"2024-04-06","Plan Selection",3,58,"clicked"
4305,2526,"2024-04-30","Payment",4,204,"clicked"
4306,1650,"2024-02-17","Plan Selection",3,122,"viewed"
4307,1044,"2024-02-26","Plan Selection",3,148,"viewed"
4308,975,"2024-06-26","Confirmation",5,162,"converted"
4309,2929,"2024-04-18","Home",1,118,"clicked"
4310,2727,"2024-01-05","Pricing Page",2,56,"dropped"
4311,932,"2024-01-01","Home",1,87,"viewed"
4312,921,"2024-03-23","Pricing Page",2,51,"dropped"
4313,576,"2024-04-28","Plan Selection",3,127,"viewed"
4314,757,"2024-06-03","Pricing Page",2,66,"dropped"
4315,623,"2024-03-17","Pricing Page",2,41,"dropped"
4316,2092,"2024-05-30","Home",1,181,"dropped"
4317,2324,"2024-04-30","Home",1,21,"dropped"
4318,181,"2024-04-12","Plan Selection",3,109,"clicked"
4319,1180,"2024-02-12","Confirmation",5,55,"converted"
4320,576,"2024-02-18","Payment",4,23,"dropped"
4321,2503,"2024-01-28","Pricing Page",2,54,"dropped"
4322,2627,"2024-04-20","Pricing Page",2,46,"dropped"
4323,2003,"2024-01-09","Pricing Page",2,32,"clicked"
4324,2800,"2024-05-20","Home",1,22,"dropped"
4325,728,"2024-06-21","Home",1,69,"clicked"
4326,200,"2024-01-29","Plan Selection",3,108,"viewed"
4327,2803,"2024-04-22","Pricing Page",2,59,"dropped"
4328,2402,"2024-02-15","Payment",4,114,"dropped"
4329,2043,"2024-02-15","Pricing Page",2,40,"dropped"
4330,1557,"2024-02-13","Plan Selection",3,106,"clicked"
4331,19,"2024-04-11","Payment",4,51,"viewed"
4332,2822,"2024-04-11","Confirmation",5,58,"converted"
4333,777,"2024-04-12","Home",1,120,"viewed"
4334,1169,"2024-01-23","Pricing Page",2,55,"viewed"
4335,2372,"2024-03-08","Pricing Page",2,40,"dropped"
4336,1029,"2024-06-07","Pricing Page",2,40,"dropped"
4337,1495,"2024-03-24","Payment",4,154,"dropped"
4338,1693,"2024-03-09","Pricing Page",2,57,"viewed"
4339,2932,"2024-01-10","Pricing Page",2,43,"dropped"
4340,1098,"2024-05-20","Payment",4,117,"clicked"
4341,658,"2024-06-29","Pricing Page",2,58,"dropped"
4342,352,"2024-02-19","Home",1,61,"dropped"
4343,1161,"2024-02-14","Home",1,119,"clicked"
4344,766,"2024-04-06","Confirmation",5,191,"converted"
4345,2527,"2024-03-28","Confirmation",5,203,"converted"
4346,599,"2024-01-16","Payment",4,199,"dropped"
4347,554,"2024-02-25","Confirmation",5,12,"converted"
4348,291,"2024-03-22","Confirmation",5,94,"converted"
4349,773,"2024-01-03","Pricing Page",2,44,"clicked"
4350,227,"2024-06-04","Home",1,161,"clicked"
4351,1997,"2024-04-12","Payment",4,96,"viewed"
4352,504,"2024-05-17","Pricing Page",2,42,"viewed"
4353,114,"2024-03-30","Pricing Page",2,48,"clicked"
4354,515,"2024-06-16","Home",1,169,"viewed"
4355,2476,"2024-02-05","Pricing Page",2,56,"viewed"
4356,869,"2024-03-24","Pricing Page",2,60,"dropped"
4357,1071,"2024-02-05","Confirmation",5,206,"converted"
4358,527,"2024-06-16","Home",1,152,"clicked"
4359,530,"2024-01-18","Confirmation",5,109,"converted"
4360,1872,"2024-04-22","Pricing Page",2,46,"clicked"
4361,1782,"2024-06-16","Payment",4,91,"clicked"
4362,1160,"2024-03-08","Plan Selection",3,87,"viewed"
4363,2971,"2024-03-24","Pricing Page",2,46,"dropped"
4364,1140,"2024-04-09","Plan Selection",3,80,"viewed"
4365,2208,"2024-05-25","Payment",4,149,"dropped"
4366,2995,"2024-06-18","Plan Selection",3,133,"dropped"
4367,872,"2024-03-07","Confirmation",5,158,"converted"
4368,2433,"2024-05-28","Plan Selection",3,193,"clicked"
4369,177,"2024-04-19","Payment",4,95,"clicked"
4370,2073,"2024-04-30","Pricing Page",2,48,"viewed"
4371,1675,"2024-01-06","Pricing Page",2,40,"dropped"
4372,1237,"2024-02-02","Plan Selection",3,158,"viewed"
4373,1438,"2024-02-01","Pricing Page",2,48,"viewed"
4374,1072,"2024-02-13","Home",1,203,"clicked"
4375,602,"2024-05-14","Home",1,70,"dropped"
4376,312,"2024-06-13","Pricing Page",2,51,"dropped"
4377,858,"2024-06-03","Pricing Page",2,53,"dropped"
4378,599,"2024-06-19","Home",1,150,"dropped"
4379,2731,"2024-06-18","Confirmation",5,205,"converted"
4380,9,"2024-01-17","Pricing Page",2,57,"dropped"
4381,1816,"2024-02-08","Pricing Page",2,49,"clicked"
4382,348,"2024-03-07","Pricing Page",2,41,"dropped"
4383,2562,"2024-01-15","Payment",4,190,"dropped"
4384,1456,"2024-02-25","Home",1,101,"dropped"
4385,2948,"2024-05-05","Plan Selection",3,119,"dropped"
4386,358,"2024-01-26","Pricing Page",2,39,"clicked"
4387,76,"2024-02-26","Pricing Page",2,45,"dropped"
4388,406,"2024-02-15","Payment",4,111,"viewed"
4389,1058,"2024-06-01","Home",1,48,"clicked"
4390,222,"2024-05-21","Plan Selection",3,23,"clicked"
4391,879,"2024-04-12","Confirmation",5,13,"converted"
4392,758,"2024-02-09","Pricing Page",2,58,"viewed"
4393,865,"2024-06-19","Payment",4,85,"clicked"
4394,2079,"2024-03-08","Payment",4,161,"clicked"
4395,94,"2024-05-20","Payment",4,131,"viewed"
4396,1698,"2024-05-23","Pricing Page",2,38,"dropped"
4397,2942,"2024-02-24","Plan Selection",3,191,"viewed"
4398,1512,"2024-06-27","Pricing Page",2,42,"dropped"
4399,128,"2024-05-08","Pricing Page",2,67,"clicked"
4400,1279,"2024-01-17","Home",1,138,"viewed"
4401,1040,"2024-05-19","Payment",4,163,"clicked"
4402,1980,"2024-01-22","Plan Selection",3,156,"viewed"
4403,2526,"2024-05-22","Pricing Page",2,57,"dropped"
4404,1397,"2024-01-11","Confirmation",5,79,"converted"
4405,45,"2024-01-07","Home",1,123,"clicked"
4406,1325,"2024-06-16","Pricing Page",2,58,"dropped"
4407,2136,"2024-06-11","Pricing Page",2,41,"dropped"
4408,2515,"2024-06-12","Home",1,75,"viewed"
4409,352,"2024-05-10","Pricing Page",2,41,"viewed"
4410,21,"2024-03-12","Confirmation",5,119,"converted"
4411,2695,"2024-06-02","Plan Selection",3,56,"clicked"
4412,2285,"2024-03-01","Pricing Page",2,57,"dropped"
4413,506,"2024-05-09","Home",1,52,"viewed"
4414,1792,"2024-03-21","Pricing Page",2,63,"viewed"
4415,2592,"2024-05-06","Confirmation",5,84,"converted"
4416,576,"2024-05-31","Plan Selection",3,116,"viewed"
4417,1796,"2024-03-26","Plan Selection",3,99,"clicked"
4418,721,"2024-04-27","Plan Selection",3,152,"viewed"
4419,2146,"2024-04-29","Home",1,172,"clicked"
4420,1540,"2024-05-23","Pricing Page",2,60,"dropped"
4421,475,"2024-03-02","Pricing Page",2,34,"dropped"
4422,1944,"2024-02-04","Home",1,113,"clicked"
4423,163,"2024-05-08","Pricing Page",2,63,"dropped"
4424,1739,"2024-05-31","Pricing Page",2,58,"dropped"
4425,1075,"2024-04-10","Plan Selection",3,181,"dropped"
4426,941,"2024-01-07","Pricing Page",2,31,"clicked"
4427,1020,"2024-02-12","Home",1,23,"viewed"
4428,391,"2024-01-10","Confirmation",5,60,"converted"
4429,1837,"2024-02-25","Plan Selection",3,110,"clicked"
4430,2416,"2024-04-25","Payment",4,204,"clicked"
4431,2319,"2024-02-14","Confirmation",5,171,"converted"
4432,906,"2024-01-17","Plan Selection",3,115,"viewed"
4433,608,"2024-01-26","Home",1,18,"viewed"
4434,1603,"2024-06-07","Payment",4,57,"viewed"
4435,1781,"2024-03-11","Home",1,138,"viewed"
4436,2138,"2024-03-09","Payment",4,138,"viewed"
4437,2333,"2024-01-12","Confirmation",5,168,"converted"
4438,2911,"2024-03-26","Pricing Page",2,62,"clicked"
4439,1016,"2024-03-15","Home",1,13,"viewed"
4440,1915,"2024-03-08","Confirmation",5,139,"converted"
4441,1100,"2024-06-11","Pricing Page",2,44,"viewed"
4442,760,"2024-02-25","Payment",4,191,"dropped"
4443,1524,"2024-05-24","Pricing Page",2,67,"dropped"
4444,898,"2024-01-30","Confirmation",5,33,"converted"
4445,2463,"2024-05-16","Pricing Page",2,45,"dropped"
4446,2711,"2024-04-06","Confirmation",5,43,"converted"
4447,2944,"2024-03-13","Home",1,28,"clicked"
4448,519,"2024-06-28","Pricing Page",2,45,"viewed"
4449,2361,"2024-02-08","Plan Selection",3,193,"clicked"
4450,1617,"2024-02-27","Confirmation",5,181,"converted"
4451,1186,"2024-03-15","Payment",4,29,"viewed"
4452,436,"2024-01-12","Confirmation",5,58,"converted"
4453,1675,"2024-01-11","Plan Selection",3,193,"viewed"
4454,2675,"2024-02-19","Plan Selection",3,133,"dropped"
4455,741,"2024-02-02","Home",1,51,"clicked"
4456,1027,"2024-06-17","Plan Selection",3,84,"viewed"
4457,2081,"2024-04-14","Payment",4,82,"clicked"
4458,1905,"2024-01-27","Payment",4,140,"viewed"
4459,263,"2024-01-02","Payment",4,195,"clicked"
4460,1658,"2024-06-22","Home",1,171,"viewed"
4461,2012,"2024-03-31","Pricing Page",2,67,"dropped"
4462,2842,"2024-04-21","Pricing Page",2,50,"dropped"
4463,357,"2024-05-23","Plan Selection",3,147,"clicked"
4464,2690,"2024-05-08","Payment",4,42,"dropped"
4465,1988,"2024-04-23","Home",1,179,"viewed"
4466,1318,"2024-05-26","Payment",4,53,"viewed"
4467,2558,"2024-04-11","Pricing Page",2,53,"viewed"
4468,2585,"2024-04-28","Plan Selection",3,95,"dropped"
4469,852,"2024-01-14","Plan Selection",3,92,"clicked"
4470,584,"2024-04-02","Confirmation",5,70,"converted"
4471,1852,"2024-02-01","Home",1,130,"viewed"
4472,2644,"2024-04-17","Pricing Page",2,62,"dropped"
4473,2876,"2024-04-13","Confirmation",5,38,"converted"
4474,2434,"2024-04-22","Plan Selection",3,114,"clicked"
4475,1090,"2024-01-10","Home",1,155,"dropped"
4476,1159,"2024-04-15","Payment",4,27,"dropped"
4477,1096,"2024-03-22","Home",1,103,"viewed"
4478,2436,"2024-04-06","Pricing Page",2,52,"clicked"
4479,1811,"2024-04-12","Home",1,93,"dropped"
4480,2559,"2024-02-05","Pricing Page",2,47,"clicked"
4481,295,"2024-05-24","Plan Selection",3,40,"viewed"
4482,1945,"2024-03-09","Confirmation",5,141,"converted"
4483,1240,"2024-01-17","Pricing Page",2,52,"dropped"
4484,1698,"2024-02-29","Confirmation",5,161,"converted"
4485,2852,"2024-03-26","Plan Selection",3,38,"dropped"
4486,1298,"2024-04-27","Confirmation",5,166,"converted"
4487,232,"2024-01-07","Confirmation",5,143,"converted"
4488,1417,"2024-03-05","Pricing Page",2,52,"clicked"
4489,27,"2024-01-17","Pricing Page",2,57,"dropped"
4490,1024,"2024-01-14","Pricing Page",2,45,"clicked"
4491,889,"2024-05-17","Confirmation",5,59,"converted"
4492,1556,"2024-06-03","Plan Selection",3,11,"viewed"
4493,1393,"2024-04-23","Payment",4,179,"dropped"
4494,1410,"2024-03-02","Pricing Page",2,42,"dropped"
4495,6,"2024-02-14","Pricing Page",2,40,"dropped"
4496,1094,"2024-04-15","Payment",4,79,"clicked"
4497,986,"2024-05-28","Home",1,43,"clicked"
4498,2397,"2024-04-20","Plan Selection",3,105,"clicked"
4499,1673,"2024-04-17","Pricing Page",2,59,"clicked"
4500,351,"2024-04-25","Payment",4,70,"viewed"
4501,2864,"2024-06-04","Pricing Page",2,55,"clicked"
4502,1809,"2024-06-25","Home",1,103,"dropped"
4503,152,"2024-06-27","Payment",4,187,"dropped"
4504,116,"2024-05-19","Payment",4,80,"clicked"
4505,2236,"2024-01-09","Confirmation",5,180,"converted"
4506,794,"2024-05-18","Home",1,186,"clicked"
4507,2676,"2024-04-06","Confirmation",5,85,"converted"
4508,2698,"2024-03-06","Home",1,110,"dropped"
4509,914,"2024-01-06","Pricing Page",2,34,"dropped"
4510,1930,"2024-01-28","Payment",4,144,"viewed"
4511,1391,"2024-04-22","Payment",4,166,"viewed"
4512,715,"2024-01-08","Pricing Page",2,39,"dropped"
4513,1477,"2024-02-08","Plan Selection",3,62,"clicked"
4514,321,"2024-05-23","Plan Selection",3,189,"clicked"
4515,2614,"2024-05-28","Pricing Page",2,66,"dropped"
4516,2846,"2024-04-25","Pricing Page",2,62,"viewed"
4517,1662,"2024-05-22","Pricing Page",2,38,"dropped"
4518,434,"2024-01-03","Plan Selection",3,40,"viewed"
4519,2433,"2024-03-29","Home",1,129,"viewed"
4520,2818,"2024-06-04","Pricing Page",2,61,"dropped"
4521,207,"2024-06-12","Pricing Page",2,62,"dropped"
4522,1638,"2024-01-22","Confirmation",5,89,"converted"
4523,427,"2024-04-03","Home",1,48,"clicked"
4524,4,"2024-03-24","Pricing Page",2,41,"clicked"
4525,549,"2024-05-21","Pricing Page",2,53,"dropped"
4526,1501,"2024-02-23","Confirmation",5,10,"converted"
4527,211,"2024-03-04","Plan Selection",3,137,"clicked"
4528,2767,"2024-06-14","Payment",4,67,"dropped"
4529,565,"2024-06-14","Home",1,71,"clicked"
4530,1832,"2024-04-06","Payment",4,122,"clicked"
4531,2552,"2024-03-01","Home",1,126,"clicked"
4532,286,"2024-05-18","Plan Selection",3,98,"clicked"
4533,1618,"2024-06-25","Pricing Page",2,47,"clicked"
4534,219,"2024-06-24","Plan Selection",3,54,"dropped"
4535,1434,"2024-05-07","Home",1,78,"clicked"
4536,506,"2024-04-04","Home",1,209,"viewed"
4537,755,"2024-02-26","Payment",4,17,"viewed"
4538,2682,"2024-01-13","Plan Selection",3,29,"clicked"
4539,800,"2024-05-23","Home",1,103,"viewed"
4540,2184,"2024-01-30","Plan Selection",3,138,"clicked"
4541,2369,"2024-06-14","Pricing Page",2,46,"clicked"
4542,2654,"2024-02-07","Pricing Page",2,38,"dropped"
4543,1533,"2024-05-13","Home",1,129,"clicked"
4544,2120,"2024-01-06","Home",1,35,"clicked"
4545,450,"2024-02-11","Plan Selection",3,158,"viewed"
4546,296,"2024-03-30","Home",1,85,"clicked"
4547,2125,"2024-03-20","Home",1,16,"viewed"
4548,1922,"2024-03-06","Confirmation",5,81,"converted"
4549,392,"2024-04-13","Pricing Page",2,57,"viewed"
4550,1433,"2024-05-07","Home",1,72,"clicked"
4551,1784,"2024-01-10","Pricing Page",2,38,"viewed"
4552,2771,"2024-05-15","Confirmation",5,141,"converted"
4553,1044,"2024-05-18","Payment",4,123,"clicked"
4554,2879,"2024-02-05","Home",1,193,"clicked"
4555,2049,"2024-04-09","Plan Selection",3,189,"clicked"
4556,309,"2024-03-19","Payment",4,15,"clicked"
4557,1753,"2024-02-28","Payment",4,81,"dropped"
4558,2595,"2024-05-18","Pricing Page",2,62,"dropped"
4559,2453,"2024-05-08","Home",1,82,"clicked"
4560,1373,"2024-05-18","Pricing Page",2,66,"dropped"
4561,932,"2024-02-13","Pricing Page",2,50,"clicked"
4562,1844,"2024-03-30","Plan Selection",3,132,"dropped"
4563,630,"2024-03-17","Pricing Page",2,40,"dropped"
4564,296,"2024-02-16","Confirmation",5,39,"converted"
4565,2394,"2024-04-07","Pricing Page",2,65,"clicked"
4566,2008,"2024-02-21","Pricing Page",2,35,"clicked"
4567,340,"2024-03-04","Pricing Page",2,30,"viewed"
4568,279,"2024-06-27","Plan Selection",3,66,"clicked"
4569,1433,"2024-06-28","Plan Selection",3,152,"viewed"
4570,1687,"2024-06-28","Pricing Page",2,50,"dropped"
4571,472,"2024-06-16","Home",1,207,"clicked"
4572,1392,"2024-06-04","Confirmation",5,205,"converted"
4573,438,"2024-05-24","Plan Selection",3,94,"clicked"
4574,2568,"2024-01-01","Pricing Page",2,36,"clicked"
4575,2416,"2024-06-26","Pricing Page",2,52,"dropped"
4576,1736,"2024-06-03","Plan Selection",3,34,"viewed"
4577,1793,"2024-01-03","Pricing Page",2,39,"clicked"
4578,2018,"2024-02-08","Home",1,123,"viewed"
4579,2663,"2024-02-21","Payment",4,188,"dropped"
4580,1242,"2024-03-16","Payment",4,193,"dropped"
4581,2102,"2024-02-11","Home",1,122,"viewed"
4582,1863,"2024-01-22","Payment",4,70,"clicked"
4583,1944,"2024-02-25","Plan Selection",3,24,"clicked"
4584,1778,"2024-02-20","Plan Selection",3,54,"clicked"
4585,2166,"2024-05-20","Plan Selection",3,61,"dropped"
4586,2583,"2024-06-16","Home",1,109,"clicked"
4587,360,"2024-04-24","Payment",4,24,"viewed"
4588,2013,"2024-03-17","Home",1,64,"dropped"
4589,1026,"2024-04-21","Home",1,90,"viewed"
4590,455,"2024-01-26","Pricing Page",2,53,"dropped"
4591,1451,"2024-06-17","Pricing Page",2,45,"dropped"
4592,638,"2024-02-24","Payment",4,90,"clicked"
4593,2868,"2024-03-28","Plan Selection",3,59,"viewed"
4594,1112,"2024-06-27","Payment",4,33,"dropped"
4595,1023,"2024-02-22","Pricing Page",2,38,"dropped"
4596,1563,"2024-03-14","Pricing Page",2,33,"dropped"
4597,1869,"2024-04-04","Payment",4,50,"viewed"
4598,340,"2024-03-01","Pricing Page",2,49,"dropped"
4599,1819,"2024-01-14","Plan Selection",3,109,"viewed"
4600,2293,"2024-02-18","Home",1,107,"clicked"
4601,2531,"2024-03-19","Plan Selection",3,184,"clicked"
4602,1932,"2024-06-05","Pricing Page",2,49,"clicked"
4603,1932,"2024-06-17","Plan Selection",3,165,"viewed"
4604,1305,"2024-06-13","Pricing Page",2,53,"clicked"
4605,1980,"2024-05-19","Payment",4,13,"clicked"
4606,1215,"2024-04-09","Plan Selection",3,19,"viewed"
4607,2874,"2024-06-16","Payment",4,15,"viewed"
4608,636,"2024-03-27","Payment",4,83,"clicked"
4609,2081,"2024-05-22","Payment",4,194,"dropped"
4610,1373,"2024-01-28","Pricing Page",2,43,"dropped"
4611,862,"2024-01-09","Pricing Page",2,50,"dropped"
4612,1301,"2024-02-22","Home",1,194,"dropped"
4613,2571,"2024-06-14","Confirmation",5,56,"converted"
4614,553,"2024-02-09","Plan Selection",3,25,"viewed"
4615,1399,"2024-01-21","Home",1,112,"dropped"
4616,2207,"2024-04-02","Pricing Page",2,44,"dropped"
4617,2043,"2024-02-04","Confirmation",5,203,"converted"
4618,377,"2024-05-09","Pricing Page",2,65,"viewed"
4619,2389,"2024-02-18","Confirmation",5,202,"converted"
4620,2857,"2024-06-07","Plan Selection",3,196,"dropped"
4621,2546,"2024-06-03","Payment",4,29,"clicked"
4622,460,"2024-06-11","Home",1,104,"clicked"
4623,2532,"2024-03-25","Payment",4,129,"clicked"
4624,550,"2024-01-24","Home",1,25,"dropped"
4625,847,"2024-01-20","Plan Selection",3,27,"clicked"
4626,2191,"2024-03-23","Home",1,16,"viewed"
4627,1536,"2024-05-24","Pricing Page",2,62,"clicked"
4628,1582,"2024-02-12","Plan Selection",3,52,"clicked"
4629,2883,"2024-06-01","Pricing Page",2,42,"clicked"
4630,110,"2024-01-21","Pricing Page",2,57,"dropped"
4631,1770,"2024-01-24","Payment",4,200,"dropped"
4632,2954,"2024-03-16","Home",1,79,"clicked"
4633,2663,"2024-02-20","Payment",4,172,"viewed"
4634,2682,"2024-06-07","Plan Selection",3,173,"dropped"
4635,2054,"2024-03-02","Plan Selection",3,46,"viewed"
4636,1252,"2024-01-20","Pricing Page",2,32,"clicked"
4637,2632,"2024-03-28","Payment",4,113,"dropped"
4638,1291,"2024-04-12","Plan Selection",3,202,"dropped"
4639,686,"2024-03-26","Plan Selection",3,196,"viewed"
4640,1433,"2024-03-17","Plan Selection",3,39,"viewed"
4641,2843,"2024-05-08","Plan Selection",3,80,"viewed"
4642,942,"2024-04-09","Payment",4,79,"clicked"
4643,2116,"2024-03-26","Pricing Page",2,63,"dropped"
4644,2642,"2024-06-19","Home",1,125,"viewed"
4645,1341,"2024-02-29","Pricing Page",2,45,"clicked"
4646,361,"2024-03-08","Plan Selection",3,96,"viewed"
4647,2490,"2024-02-19","Confirmation",5,130,"converted"
4648,1094,"2024-01-02","Confirmation",5,154,"converted"
4649,2297,"2024-04-29","Confirmation",5,10,"converted"
4650,87,"2024-01-25","Plan Selection",3,114,"viewed"
4651,2135,"2024-06-28","Payment",4,37,"dropped"
4652,2007,"2024-05-06","Pricing Page",2,47,"dropped"
4653,1289,"2024-06-20","Pricing Page",2,51,"viewed"
4654,2835,"2024-01-28","Confirmation",5,49,"converted"
4655,600,"2024-03-13","Pricing Page",2,55,"viewed"
4656,705,"2024-02-29","Confirmation",5,164,"converted"
4657,2989,"2024-04-30","Pricing Page",2,60,"clicked"
4658,993,"2024-03-30","Pricing Page",2,66,"dropped"
4659,2243,"2024-05-18","Plan Selection",3,124,"dropped"
4660,2913,"2024-03-21","Pricing Page",2,44,"dropped"
4661,1261,"2024-03-18","Confirmation",5,40,"converted"
4662,286,"2024-01-04","Payment",4,12,"viewed"
4663,187,"2024-03-22","Home",1,205,"viewed"
4664,1665,"2024-05-02","Payment",4,127,"viewed"
4665,155,"2024-06-24","Plan Selection",3,125,"viewed"
4666,816,"2024-06-21","Confirmation",5,186,"converted"
4667,1717,"2024-02-08","Pricing Page",2,31,"dropped"
4668,2860,"2024-01-21","Plan Selection",3,52,"viewed"
4669,2938,"2024-01-24","Plan Selection",3,37,"clicked"
4670,1274,"2024-03-17","Payment",4,201,"dropped"
4671,1075,"2024-01-10","Home",1,172,"clicked"
4672,2786,"2024-02-10","Pricing Page",2,31,"dropped"
4673,2028,"2024-06-13","Plan Selection",3,169,"clicked"
4674,68,"2024-04-29","Pricing Page",2,43,"dropped"
4675,2501,"2024-02-26","Home",1,70,"clicked"
4676,2983,"2024-05-29","Home",1,66,"viewed"
4677,2818,"2024-05-28","Pricing Page",2,38,"dropped"
4678,1876,"2024-05-15","Payment",4,26,"viewed"
4679,2572,"2024-05-28","Plan Selection",3,52,"clicked"
4680,1894,"2024-05-24","Home",1,20,"viewed"
4681,2359,"2024-06-24","Pricing Page",2,53,"dropped"
4682,1143,"2024-02-27","Pricing Page",2,38,"dropped"
4683,1602,"2024-03-20","Plan Selection",3,132,"clicked"
4684,2222,"2024-05-16","Plan Selection",3,98,"viewed"
4685,2026,"2024-04-13","Payment",4,92,"clicked"
4686,2136,"2024-05-22","Payment",4,148,"dropped"
4687,16,"2024-06-26","Confirmation",5,108,"converted"
4688,2381,"2024-03-30","Home",1,12,"viewed"
4689,2262,"2024-03-30","Pricing Page",2,56,"dropped"
4690,2947,"2024-05-31","Pricing Page",2,58,"clicked"
4691,1619,"2024-04-06","Home",1,143,"dropped"
4692,2560,"2024-05-16","Pricing Page",2,61,"dropped"
4693,499,"2024-06-14","Home",1,135,"viewed"
4694,1984,"2024-04-15","Confirmation",5,189,"converted"
4695,2128,"2024-06-02","Home",1,208,"viewed"
4696,737,"2024-02-22","Payment",4,160,"clicked"
4697,2016,"2024-04-18","Confirmation",5,37,"converted"
4698,2171,"2024-02-07","Payment",4,140,"viewed"
4699,1531,"2024-03-26","Payment",4,168,"clicked"
4700,2466,"2024-05-22","Pricing Page",2,67,"dropped"
4701,904,"2024-02-03","Home",1,116,"viewed"
4702,1473,"2024-04-18","Plan Selection",3,170,"clicked"
4703,2543,"2024-06-09","Confirmation",5,166,"converted"
4704,723,"2024-06-04","Plan Selection",3,78,"viewed"
4705,2187,"2024-05-23","Payment",4,113,"dropped"
4706,2005,"2024-04-20","Home",1,93,"viewed"
4707,1171,"2024-01-31","Plan Selection",3,186,"clicked"
4708,716,"2024-01-12","Plan Selection",3,163,"dropped"
4709,104,"2024-06-24","Payment",4,172,"viewed"
4710,2203,"2024-01-31","Plan Selection",3,138,"clicked"
4711,2026,"2024-03-16","Home",1,24,"dropped"
4712,1744,"2024-03-18","Pricing Page",2,60,"dropped"
4713,696,"2024-05-03","Payment",4,124,"viewed"
4714,2294,"2024-05-11","Pricing Page",2,54,"clicked"
4715,357,"2024-02-26","Home",1,22,"viewed"
4716,1121,"2024-05-12","Plan Selection",3,109,"viewed"
4717,2609,"2024-05-12","Home",1,11,"viewed"
4718,1818,"2024-02-15","Pricing Page",2,42,"clicked"
4719,1562,"2024-03-05","Pricing Page",2,59,"dropped"
4720,1847,"2024-01-23","Payment",4,121,"clicked"
4721,1311,"2024-06-15","Pricing Page",2,58,"clicked"
4722,2982,"2024-01-21","Plan Selection",3,135,"clicked"
4723,2614,"2024-02-25","Confirmation",5,136,"converted"
4724,1303,"2024-02-19","Home",1,115,"clicked"
4725,1532,"2024-02-24","Confirmation",5,200,"converted"
4726,2578,"2024-03-19","Plan Selection",3,131,"clicked"
4727,2002,"2024-03-20","Pricing Page",2,59,"viewed"
4728,1017,"2024-01-06","Home",1,125,"clicked"
4729,2210,"2024-02-05","Payment",4,70,"dropped"
4730,27,"2024-03-29","Pricing Page",2,57,"viewed"
4731,2503,"2024-02-26","Home",1,72,"clicked"
4732,372,"2024-03-10","Plan Selection",3,130,"clicked"
4733,2938,"2024-05-29","Home",1,102,"viewed"
4734,1195,"2024-05-09","Pricing Page",2,61,"clicked"
4735,816,"2024-02-06","Home",1,83,"clicked"
4736,607,"2024-02-10","Plan Selection",3,192,"dropped"
4737,889,"2024-03-24","Pricing Page",2,59,"dropped"
4738,2090,"2024-03-04","Plan Selection",3,66,"clicked"
4739,601,"2024-05-19","Pricing Page",2,67,"dropped"
4740,2501,"2024-05-04","Confirmation",5,137,"converted"
4741,1115,"2024-06-19","Plan Selection",3,38,"viewed"
4742,798,"2024-04-02","Payment",4,57,"viewed"
4743,2862,"2024-06-23","Confirmation",5,201,"converted"
4744,2609,"2024-03-27","Payment",4,99,"viewed"
4745,702,"2024-03-17","Pricing Page",2,61,"clicked"
4746,2471,"2024-02-13","Plan Selection",3,186,"clicked"
4747,1819,"2024-02-20","Plan Selection",3,28,"viewed"
4748,593,"2024-06-12","Confirmation",5,199,"converted"
4749,2793,"2024-05-28","Pricing Page",2,38,"dropped"
4750,617,"2024-02-15","Plan Selection",3,93,"dropped"
4751,2100,"2024-06-16","Plan Selection",3,186,"viewed"
4752,1312,"2024-05-12","Pricing Page",2,55,"viewed"
4753,1689,"2024-02-09","Pricing Page",2,41,"clicked"
4754,495,"2024-06-02","Payment",4,52,"viewed"
4755,1053,"2024-03-07","Payment",4,163,"clicked"
4756,821,"2024-05-29","Pricing Page",2,38,"dropped"
4757,120,"2024-04-06","Plan Selection",3,33,"viewed"
4758,1346,"2024-03-06","Pricing Page",2,36,"clicked"
4759,1836,"2024-01-23","Payment",4,131,"viewed"
4760,1262,"2024-01-29","Plan Selection",3,32,"dropped"
4761,2288,"2024-05-15","Pricing Page",2,39,"viewed"
4762,1180,"2024-02-10","Confirmation",5,207,"converted"
4763,460,"2024-05-24","Plan Selection",3,61,"viewed"
4764,2226,"2024-04-18","Payment",4,11,"viewed"
4765,2185,"2024-03-12","Payment",4,163,"clicked"
4766,188,"2024-06-10","Pricing Page",2,57,"dropped"
4767,231,"2024-02-05","Payment",4,32,"clicked"
4768,1213,"2024-06-25","Plan Selection",3,84,"viewed"
4769,892,"2024-05-31","Pricing Page",2,67,"viewed"
4770,8,"2024-01-10","Pricing Page",2,34,"viewed"
4771,1131,"2024-06-27","Payment",4,21,"viewed"
4772,570,"2024-03-01","Home",1,107,"dropped"
4773,728,"2024-05-23","Pricing Page",2,61,"dropped"
4774,2286,"2024-01-26","Pricing Page",2,50,"dropped"
4775,1932,"2024-05-26","Home",1,37,"clicked"
4776,1071,"2024-05-10","Plan Selection",3,110,"viewed"
4777,289,"2024-05-09","Pricing Page",2,46,"clicked"
4778,393,"2024-06-02","Payment",4,150,"viewed"
4779,2002,"2024-03-27","Pricing Page",2,51,"dropped"
4780,634,"2024-05-11","Confirmation",5,167,"converted"
4781,2868,"2024-03-16","Pricing Page",2,64,"clicked"
4782,2668,"2024-03-01","Home",1,12,"dropped"
4783,658,"2024-06-19","Home",1,102,"dropped"
4784,786,"2024-06-15","Payment",4,84,"clicked"
4785,2192,"2024-04-09","Plan Selection",3,27,"viewed"
4786,2082,"2024-01-18","Pricing Page",2,53,"clicked"
4787,2532,"2024-02-27","Home",1,71,"clicked"
4788,2957,"2024-05-21","Confirmation",5,98,"converted"
4789,1027,"2024-03-09","Payment",4,55,"clicked"
4790,2677,"2024-06-14","Confirmation",5,167,"converted"
4791,643,"2024-05-08","Confirmation",5,85,"converted"
4792,567,"2024-05-26","Pricing Page",2,66,"dropped"
4793,62,"2024-06-22","Plan Selection",3,154,"clicked"
4794,433,"2024-03-01","Pricing Page",2,34,"dropped"
4795,2673,"2024-02-14","Plan Selection",3,19,"clicked"
4796,2014,"2024-05-01","Pricing Page",2,58,"dropped"
4797,2251,"2024-05-04","Home",1,195,"dropped"
4798,1099,"2024-05-15","Plan Selection",3,195,"viewed"
4799,2665,"2024-02-13","Plan Selection",3,199,"dropped"
4800,2526,"2024-05-24","Pricing Page",2,66,"dropped"
4801,2211,"2024-05-14","Plan Selection",3,75,"dropped"
4802,1601,"2024-03-05","Home",1,177,"viewed"
4803,1981,"2024-03-13","Home",1,194,"clicked"
4804,2860,"2024-01-24","Payment",4,120,"clicked"
4805,1130,"2024-04-28","Home",1,172,"viewed"
4806,1705,"2024-01-06","Pricing Page",2,35,"clicked"
4807,1311,"2024-03-07","Plan Selection",3,119,"dropped"
4808,284,"2024-01-06","Payment",4,56,"clicked"
4809,455,"2024-01-09","Payment",4,169,"viewed"
4810,2076,"2024-04-20","Confirmation",5,24,"converted"
4811,1231,"2024-05-31","Confirmation",5,71,"converted"
4812,1930,"2024-02-23","Plan Selection",3,171,"clicked"
4813,2050,"2024-01-28","Plan Selection",3,37,"clicked"
4814,547,"2024-03-05","Pricing Page",2,34,"dropped"
4815,2194,"2024-04-07","Pricing Page",2,63,"clicked"
4816,755,"2024-06-27","Home",1,182,"viewed"
4817,1568,"2024-01-27","Home",1,95,"viewed"
4818,2250,"2024-06-18","Pricing Page",2,46,"dropped"
4819,663,"2024-03-20","Plan Selection",3,75,"dropped"
4820,886,"2024-02-25","Plan Selection",3,79,"viewed"
4821,2593,"2024-06-25","Pricing Page",2,51,"dropped"
4822,2478,"2024-05-28","Plan Selection",3,142,"clicked"
4823,554,"2024-04-22","Plan Selection",3,191,"viewed"
4824,1942,"2024-04-21","Home",1,172,"viewed"
4825,2674,"2024-03-24","Plan Selection",3,162,"viewed"
4826,1017,"2024-06-15","Plan Selection",3,36,"viewed"
4827,650,"2024-02-27","Confirmation",5,154,"converted"
4828,2443,"2024-06-11","Home",1,123,"viewed"
4829,2057,"2024-03-12","Confirmation",5,92,"converted"
4830,933,"2024-02-26","Plan Selection",3,48,"dropped"
4831,2602,"2024-01-13","Payment",4,107,"dropped"
4832,2087,"2024-05-20","Payment",4,145,"viewed"
4833,2754,"2024-04-21","Pricing Page",2,61,"viewed"
4834,226,"2024-05-14","Plan Selection",3,66,"viewed"
4835,1902,"2024-03-28","Plan Selection",3,30,"viewed"
4836,1855,"2024-01-25","Payment",4,148,"viewed"
4837,2736,"2024-04-12","Home",1,175,"viewed"
4838,1779,"2024-04-04","Payment",4,118,"clicked"
4839,2014,"2024-04-13","Payment",4,118,"dropped"
4840,505,"2024-03-06","Pricing Page",2,42,"dropped"
4841,2091,"2024-06-14","Pricing Page",2,57,"clicked"
4842,18,"2024-04-30","Pricing Page",2,55,"viewed"
4843,473,"2024-05-31","Plan Selection",3,15,"dropped"
4844,2893,"2024-05-24","Home",1,20,"dropped"
4845,2575,"2024-02-20","Payment",4,60,"viewed"
4846,961,"2024-01-28","Payment",4,117,"clicked"
4847,2516,"2024-02-28","Home",1,112,"clicked"
4848,2520,"2024-03-08","Pricing Page",2,47,"viewed"
4849,2881,"2024-06-21","Confirmation",5,120,"converted"
4850,365,"2024-06-20","Pricing Page",2,67,"viewed"
4851,1286,"2024-03-29","Home",1,80,"clicked"
4852,876,"2024-04-27","Pricing Page",2,65,"dropped"
4853,1334,"2024-06-15","Pricing Page",2,53,"clicked"
4854,1716,"2024-03-10","Pricing Page",2,57,"viewed"
4855,2065,"2024-05-25","Confirmation",5,78,"converted"
4856,2569,"2024-02-16","Plan Selection",3,171,"viewed"
4857,15,"2024-03-07","Payment",4,22,"viewed"
4858,2682,"2024-01-04","Pricing Page",2,59,"clicked"
4859,1153,"2024-06-18","Plan Selection",3,166,"clicked"
4860,1364,"2024-02-04","Plan Selection",3,92,"clicked"
4861,421,"2024-06-06","Confirmation",5,22,"converted"
4862,1491,"2024-02-24","Home",1,53,"dropped"
4863,1244,"2024-01-06","Confirmation",5,104,"converted"
4864,1890,"2024-05-11","Payment",4,115,"clicked"
4865,1533,"2024-02-23","Confirmation",5,177,"converted"
4866,1092,"2024-02-24","Pricing Page",2,34,"clicked"
4867,2669,"2024-01-13","Plan Selection",3,46,"viewed"
4868,2415,"2024-03-16","Plan Selection",3,29,"clicked"
4869,176,"2024-06-09","Pricing Page",2,56,"dropped"
4870,2605,"2024-02-23","Confirmation",5,116,"converted"
4871,31,"2024-03-22","Pricing Page",2,60,"dropped"
4872,942,"2024-02-09","Home",1,35,"dropped"
4873,1267,"2024-04-23","Confirmation",5,113,"converted"
4874,2862,"2024-02-07","Home",1,70,"viewed"
4875,2621,"2024-03-31","Payment",4,182,"viewed"
4876,2675,"2024-03-08","Home",1,169,"clicked"
4877,2459,"2024-05-19","Pricing Page",2,57,"dropped"
4878,815,"2024-02-13","Pricing Page",2,35,"viewed"
4879,1572,"2024-01-29","Pricing Page",2,47,"dropped"
4880,2052,"2024-04-11","Payment",4,14,"viewed"
4881,1337,"2024-04-03","Pricing Page",2,57,"dropped"
4882,2601,"2024-04-23","Plan Selection",3,180,"viewed"
4883,1502,"2024-05-01","Payment",4,59,"viewed"
4884,2019,"2024-02-26","Plan Selection",3,173,"clicked"
4885,2175,"2024-02-27","Pricing Page",2,31,"dropped"
4886,1222,"2024-05-01","Home",1,150,"dropped"
4887,872,"2024-02-08","Home",1,77,"dropped"
4888,1370,"2024-01-01","Plan Selection",3,62,"clicked"
4889,2724,"2024-04-05","Confirmation",5,198,"converted"
4890,2999,"2024-02-01","Payment",4,166,"clicked"
4891,948,"2024-04-15","Confirmation",5,23,"converted"
4892,1350,"2024-01-09","Confirmation",5,66,"converted"
4893,2281,"2024-06-21","Pricing Page",2,54,"dropped"
4894,1738,"2024-02-03","Home",1,95,"clicked"
4895,1229,"2024-03-19","Confirmation",5,98,"converted"
4896,1082,"2024-03-27","Pricing Page",2,40,"dropped"
4897,2961,"2024-04-22","Home",1,182,"viewed"
4898,2345,"2024-02-22","Home",1,132,"viewed"
4899,91,"2024-05-30","Home",1,177,"viewed"
4900,1273,"2024-01-29","Plan Selection",3,41,"dropped"
4901,1733,"2024-02-16","Plan Selection",3,198,"dropped"
4902,1888,"2024-06-06","Pricing Page",2,58,"dropped"
4903,1378,"2024-06-22","Pricing Page",2,45,"dropped"
4904,761,"2024-02-15","Pricing Page",2,51,"dropped"
4905,934,"2024-02-21","Pricing Page",2,47,"dropped"
4906,656,"2024-06-19","Home",1,97,"dropped"
4907,2563,"2024-01-31","Pricing Page",2,57,"clicked"
4908,2393,"2024-06-06","Confirmation",5,38,"converted"
4909,2578,"2024-06-06","Payment",4,64,"dropped"
4910,1115,"2024-05-14","Plan Selection",3,153,"viewed"
4911,2952,"2024-03-19","Pricing Page",2,63,"dropped"
4912,238,"2024-05-30","Confirmation",5,32,"converted"
4913,2367,"2024-04-20","Plan Selection",3,138,"dropped"
4914,2105,"2024-01-24","Plan Selection",3,76,"dropped"
4915,545,"2024-05-24","Pricing Page",2,62,"clicked"
4916,260,"2024-03-01","Pricing Page",2,32,"dropped"
4917,976,"2024-02-25","Plan Selection",3,171,"clicked"
4918,1908,"2024-06-19","Payment",4,46,"clicked"
4919,16,"2024-03-30","Pricing Page",2,60,"dropped"
4920,247,"2024-06-27","Plan Selection",3,103,"clicked"
4921,31,"2024-02-06","Confirmation",5,71,"converted"
4922,1795,"2024-01-12","Plan Selection",3,85,"clicked"
4923,1977,"2024-02-09","Home",1,182,"viewed"
4924,1247,"2024-01-15","Home",1,111,"dropped"
4925,2755,"2024-02-29","Confirmation",5,94,"converted"
4926,1412,"2024-01-16","Home",1,171,"dropped"
4927,1870,"2024-01-16","Plan Selection",3,109,"viewed"
4928,2055,"2024-06-15","Plan Selection",3,200,"dropped"
4929,2573,"2024-06-03","Plan Selection",3,197,"clicked"
4930,458,"2024-06-26","Pricing Page",2,46,"dropped"
4931,2328,"2024-03-28","Home",1,208,"viewed"
4932,1471,"2024-03-08","Pricing Page",2,55,"dropped"
4933,1746,"2024-06-02","Plan Selection",3,207,"clicked"
4934,206,"2024-01-24","Pricing Page",2,53,"clicked"
4935,2514,"2024-02-18","Payment",4,65,"viewed"
4936,2746,"2024-05-10","Payment",4,48,"clicked"
4937,393,"2024-04-24","Payment",4,193,"clicked"
4938,2301,"2024-06-15","Pricing Page",2,61,"viewed"
4939,1219,"2024-02-05","Payment",4,48,"viewed"
4940,2708,"2024-03-17","Pricing Page",2,61,"clicked"
4941,864,"2024-02-12","Pricing Page",2,55,"dropped"
4942,278,"2024-03-26","Home",1,205,"viewed"
4943,1111,"2024-06-05","Pricing Page",2,53,"clicked"
4944,2168,"2024-01-14","Pricing Page",2,55,"clicked"
4945,1732,"2024-06-29","Pricing Page",2,46,"clicked"
4946,1637,"2024-05-02","Payment",4,150,"clicked"
4947,707,"2024-03-08","Home",1,149,"dropped"
4948,2780,"2024-04-21","Pricing Page",2,58,"dropped"
4949,1294,"2024-04-30","Home",1,50,"viewed"
4950,2484,"2024-03-27","Confirmation",5,39,"converted"
4951,2926,"2024-03-20","Pricing Page",2,39,"dropped"
4952,511,"2024-03-20","Plan Selection",3,39,"viewed"
4953,2531,"2024-02-14","Plan Selection",3,156,"clicked"
4954,2151,"2024-05-31","Home",1,136,"dropped"
4955,1428,"2024-01-29","Pricing Page",2,39,"clicked"
4956,1611,"2024-02-05","Pricing Page",2,39,"dropped"
4957,2925,"2024-05-14","Payment",4,158,"clicked"
4958,1247,"2024-01-17","Pricing Page",2,53,"dropped"
4959,2662,"2024-05-08","Confirmation",5,75,"converted"
4960,2897,"2024-06-01","Pricing Page",2,39,"dropped"
4961,1071,"2024-06-08","Pricing Page",2,38,"dropped"
4962,1994,"2024-06-05","Pricing Page",2,41,"dropped"
4963,1156,"2024-02-21","Pricing Page",2,46,"viewed"
4964,1748,"2024-03-13","Pricing Page",2,31,"clicked"
4965,1322,"2024-04-25","Confirmation",5,106,"converted"
4966,2291,"2024-03-08","Plan Selection",3,166,"dropped"
4967,1512,"2024-01-02","Plan Selection",3,135,"clicked"
4968,2493,"2024-04-05","Home",1,37,"clicked"
4969,2718,"2024-05-12","Confirmation",5,123,"converted"
4970,2925,"2024-02-01","Confirmation",5,39,"converted"
4971,2847,"2024-02-23","Plan Selection",3,63,"clicked"
4972,1352,"2024-06-11","Home",1,11,"viewed"
4973,244,"2024-04-08","Pricing Page",2,58,"dropped"
4974,1189,"2024-05-04","Pricing Page",2,42,"dropped"
4975,2216,"2024-04-13","Plan Selection",3,117,"viewed"
4976,91,"2024-06-24","Payment",4,177,"viewed"
4977,552,"2024-01-19","Confirmation",5,114,"converted"
4978,2143,"2024-01-01","Payment",4,77,"dropped"
4979,1069,"2024-04-11","Payment",4,18,"viewed"
4980,2286,"2024-06-07","Home",1,169,"viewed"
4981,876,"2024-02-15","Pricing Page",2,32,"dropped"
4982,1657,"2024-04-29","Plan Selection",3,53,"dropped"
4983,744,"2024-05-05","Payment",4,124,"viewed"
4984,1798,"2024-01-02","Pricing Page",2,35,"dropped"
4985,2001,"2024-04-14","Confirmation",5,158,"converted"
4986,48,"2024-06-04","Pricing Page",2,57,"dropped"
4987,1411,"2024-06-14","Home",1,20,"viewed"
4988,2203,"2024-03-02","Pricing Page",2,43,"viewed"
4989,1477,"2024-01-29","Pricing Page",2,31,"dropped"
4990,2319,"2024-05-04","Home",1,118,"clicked"
4991,476,"2024-05-09","Home",1,90,"viewed"
4992,549,"2024-06-08","Payment",4,139,"viewed"
4993,1142,"2024-06-13","Pricing Page",2,45,"dropped"
4994,1682,"2024-04-22","Pricing Page",2,44,"clicked"
4995,1224,"2024-04-21","Payment",4,105,"viewed"
4996,1638,"2024-03-02","Home",1,60,"dropped"
4997,2172,"2024-03-01","Pricing Page",2,44,"viewed"
4998,199,"2024-04-24","Confirmation",5,192,"converted"
4999,2060,"2024-05-04","Pricing Page",2,63,"dropped"
5000,366,"2024-02-04","Plan Selection",3,77,"viewed"
5001,2101,"2024-05-02","Pricing Page",2,48,"viewed"
5002,1092,"2024-02-04","Payment",4,159,"dropped"
5003,1573,"2024-01-29","Pricing Page",2,47,"dropped"
5004,1736,"2024-01-19","Payment",4,132,"viewed"
5005,2150,"2024-03-22","Home",1,33,"clicked"
5006,540,"2024-06-26","Pricing Page",2,64,"dropped"
5007,767,"2024-01-19","Payment",4,105,"dropped"
5008,302,"2024-02-03","Plan Selection",3,122,"viewed"
5009,33,"2024-02-12","Home",1,19,"viewed"
5010,2226,"2024-03-10","Plan Selection",3,62,"clicked"
5011,1635,"2024-06-16","Confirmation",5,48,"converted"
5012,2951,"2024-03-02","Payment",4,146,"dropped"
5013,2705,"2024-06-19","Confirmation",5,42,"converted"
5014,2476,"2024-04-25","Plan Selection",3,133,"viewed"
5015,112,"2024-02-15","Home",1,197,"clicked"
5016,1673,"2024-06-23","Home",1,185,"viewed"
5017,2,"2024-02-09","Home",1,180,"viewed"
5018,539,"2024-01-11","Payment",4,125,"viewed"
5019,1408,"2024-03-17","Plan Selection",3,67,"clicked"
5020,1987,"2024-03-12","Confirmation",5,161,"converted"
5021,2478,"2024-06-03","Payment",4,87,"clicked"
5022,2004,"2024-04-26","Pricing Page",2,41,"viewed"
5023,667,"2024-03-11","Pricing Page",2,35,"dropped"
5024,837,"2024-06-06","Plan Selection",3,199,"dropped"
5025,493,"2024-02-09","Plan Selection",3,75,"viewed"
5026,706,"2024-04-27","Plan Selection",3,153,"viewed"
5027,2404,"2024-01-07","Payment",4,156,"clicked"
5028,1910,"2024-01-15","Pricing Page",2,35,"clicked"
5029,2816,"2024-02-03","Home",1,200,"clicked"
5030,1415,"2024-06-22","Pricing Page",2,38,"viewed"
5031,1530,"2024-05-30","Plan Selection",3,137,"clicked"
5032,1903,"2024-02-13","Pricing Page",2,54,"dropped"
5033,1546,"2024-06-26","Pricing Page",2,62,"dropped"
5034,2376,"2024-05-25","Plan Selection",3,179,"clicked"
5035,2456,"2024-02-20","Confirmation",5,184,"converted"
5036,1622,"2024-01-15","Payment",4,146,"dropped"
5037,667,"2024-06-21","Home",1,126,"viewed"
5038,1437,"2024-03-24","Payment",4,205,"clicked"
5039,1332,"2024-03-11","Plan Selection",3,195,"viewed"
5040,414,"2024-03-01","Pricing Page",2,38,"clicked"
5041,1717,"2024-05-22","Pricing Page",2,61,"dropped"
5042,1580,"2024-01-24","Home",1,207,"viewed"
5043,1716,"2024-05-13","Confirmation",5,146,"converted"
5044,1445,"2024-03-04","Pricing Page",2,46,"viewed"
5045,918,"2024-01-28","Payment",4,163,"clicked"
5046,679,"2024-02-08","Pricing Page",2,37,"dropped"
5047,439,"2024-01-30","Pricing Page",2,43,"dropped"
5048,2406,"2024-06-19","Pricing Page",2,59,"clicked"
5049,544,"2024-06-12","Confirmation",5,37,"converted"
5050,2311,"2024-03-21","Confirmation",5,60,"converted"
5051,1508,"2024-05-17","Pricing Page",2,42,"viewed"
5052,566,"2024-01-26","Home",1,75,"dropped"
5053,2739,"2024-01-06","Pricing Page",2,57,"clicked"
5054,1184,"2024-04-30","Home",1,149,"dropped"
5055,884,"2024-02-13","Pricing Page",2,54,"dropped"
5056,908,"2024-01-13","Pricing Page",2,58,"clicked"
5057,2160,"2024-01-06","Confirmation",5,183,"converted"
5058,1119,"2024-02-15","Home",1,209,"clicked"
5059,2111,"2024-06-11","Pricing Page",2,42,"clicked"
5060,2706,"2024-03-29","Payment",4,45,"viewed"
5061,122,"2024-01-10","Home",1,128,"clicked"
5062,2322,"2024-03-02","Pricing Page",2,54,"dropped"
5063,2176,"2024-03-30","Pricing Page",2,39,"dropped"
5064,1244,"2024-01-26","Pricing Page",2,56,"viewed"
5065,981,"2024-04-30","Pricing Page",2,60,"clicked"
5066,575,"2024-06-11","Confirmation",5,193,"converted"
5067,2431,"2024-02-24","Home",1,115,"clicked"
5068,954,"2024-03-21","Pricing Page",2,39,"dropped"
5069,2819,"2024-03-21","Pricing Page",2,57,"dropped"
5070,1207,"2024-05-24","Payment",4,105,"dropped"
5071,2818,"2024-03-25","Plan Selection",3,58,"viewed"
5072,1034,"2024-06-08","Pricing Page",2,45,"dropped"
5073,2872,"2024-03-03","Payment",4,67,"viewed"
5074,1051,"2024-02-10","Home",1,133,"viewed"
5075,2283,"2024-01-07","Confirmation",5,77,"converted"
5076,93,"2024-01-25","Plan Selection",3,118,"viewed"
5077,174,"2024-03-27","Pricing Page",2,58,"clicked"
5078,1967,"2024-01-10","Pricing Page",2,41,"viewed"
5079,1854,"2024-02-14","Pricing Page",2,33,"clicked"
5080,798,"2024-05-13","Confirmation",5,49,"converted"
5081,1060,"2024-01-31","Payment",4,87,"clicked"
5082,2501,"2024-03-08","Pricing Page",2,50,"dropped"
5083,1996,"2024-02-23","Pricing Page",2,44,"dropped"
5084,1670,"2024-05-20","Pricing Page",2,60,"dropped"
5085,819,"2024-01-09","Pricing Page",2,59,"clicked"
5086,1103,"2024-05-31","Home",1,180,"dropped"
5087,2072,"2024-02-24","Pricing Page",2,39,"dropped"
5088,1007,"2024-06-12","Pricing Page",2,61,"dropped"
5089,2837,"2024-03-01","Payment",4,45,"clicked"
5090,1029,"2024-04-16","Confirmation",5,180,"converted"
5091,1449,"2024-06-04","Payment",4,148,"viewed"
5092,1228,"2024-03-05","Plan Selection",3,140,"viewed"
5093,683,"2024-02-10","Pricing Page",2,46,"dropped"
5094,567,"2024-06-05","Payment",4,43,"clicked"
5095,1221,"2024-02-22","Pricing Page",2,37,"clicked"
5096,964,"2024-05-15","Payment",4,132,"viewed"
5097,2664,"2024-02-07","Pricing Page",2,36,"dropped"
5098,1666,"2024-04-22","Pricing Page",2,50,"clicked"
5099,9,"2024-01-17","Pricing Page",2,58,"clicked"
5100,792,"2024-01-09","Pricing Page",2,33,"dropped"
5101,1435,"2024-06-16","Home",1,37,"dropped"
5102,1035,"2024-02-18","Pricing Page",2,50,"clicked"
5103,1362,"2024-05-21","Plan Selection",3,81,"dropped"
5104,2178,"2024-01-29","Plan Selection",3,114,"viewed"
5105,1561,"2024-01-28","Home",1,108,"viewed"
5106,19,"2024-03-02","Plan Selection",3,91,"viewed"
5107,2112,"2024-04-11","Plan Selection",3,163,"viewed"
5108,1752,"2024-04-15","Home",1,25,"viewed"
5109,571,"2024-02-24","Confirmation",5,159,"converted"
5110,2816,"2024-03-23","Pricing Page",2,67,"dropped"
5111,2520,"2024-03-31","Confirmation",5,87,"converted"
5112,12,"2024-06-04","Pricing Page",2,62,"dropped"
5113,2355,"2024-02-03","Plan Selection",3,65,"viewed"
5114,1986,"2024-02-07","Home",1,140,"dropped"
5115,1576,"2024-03-01","Home",1,112,"dropped"
5116,2048,"2024-05-03","Pricing Page",2,62,"viewed"
5117,577,"2024-02-04","Pricing Page",2,39,"clicked"
5118,1037,"2024-03-03","Plan Selection",3,94,"dropped"
5119,2726,"2024-03-20","Pricing Page",2,67,"dropped"
5120,2827,"2024-06-22","Confirmation",5,192,"converted"
5121,2079,"2024-05-11","Plan Selection",3,132,"clicked"
5122,162,"2024-01-25","Plan Selection",3,55,"clicked"
5123,262,"2024-05-20","Plan Selection",3,152,"viewed"
5124,1615,"2024-03-29","Payment",4,148,"viewed"
5125,2244,"2024-06-01","Confirmation",5,83,"converted"
5126,2697,"2024-03-11","Pricing Page",2,32,"clicked"
5127,819,"2024-02-11","Pricing Page",2,30,"dropped"
5128,2978,"2024-06-22","Payment",4,56,"viewed"
5129,2438,"2024-06-21","Pricing Page",2,61,"viewed"
5130,1402,"2024-03-18","Payment",4,97,"viewed"
5131,1417,"2024-03-29","Home",1,140,"dropped"
5132,2975,"2024-03-11","Confirmation",5,147,"converted"
5133,1601,"2024-04-18","Pricing Page",2,43,"clicked"
5134,70,"2024-06-26","Payment",4,44,"clicked"
5135,1459,"2024-02-11","Plan Selection",3,149,"clicked"
5136,691,"2024-05-16","Home",1,42,"clicked"
5137,876,"2024-05-23","Home",1,16,"viewed"
5138,1611,"2024-06-11","Confirmation",5,158,"converted"
5139,170,"2024-01-09","Home",1,52,"viewed"
5140,1935,"2024-04-27","Pricing Page",2,57,"dropped"
5141,752,"2024-04-10","Home",1,102,"dropped"
5142,2272,"2024-01-19","Pricing Page",2,56,"clicked"
5143,31,"2024-06-01","Home",1,78,"dropped"
5144,2871,"2024-02-04","Home",1,187,"dropped"
5145,257,"2024-06-26","Plan Selection",3,75,"viewed"
5146,1140,"2024-06-08","Pricing Page",2,58,"clicked"
5147,1021,"2024-04-25","Home",1,201,"clicked"
5148,1195,"2024-02-12","Confirmation",5,38,"converted"
5149,2417,"2024-04-19","Plan Selection",3,45,"dropped"
5150,2744,"2024-02-25","Payment",4,19,"viewed"
5151,411,"2024-01-22","Home",1,112,"dropped"
5152,2147,"2024-03-17","Confirmation",5,124,"converted"
5153,2872,"2024-01-13","Pricing Page",2,34,"dropped"
5154,1100,"2024-05-12","Plan Selection",3,123,"dropped"
5155,523,"2024-03-04","Pricing Page",2,31,"clicked"
5156,2996,"2024-01-16","Pricing Page",2,56,"dropped"
5157,942,"2024-06-23","Payment",4,103,"viewed"
5158,652,"2024-06-14","Confirmation",5,182,"converted"
5159,1678,"2024-02-06","Pricing Page",2,31,"dropped"
5160,2791,"2024-01-04","Pricing Page",2,45,"clicked"
5161,2650,"2024-02-29","Home",1,14,"dropped"
5162,1401,"2024-01-03","Plan Selection",3,65,"clicked"
5163,480,"2024-04-19","Plan Selection",3,187,"viewed"
5164,1190,"2024-04-09","Plan Selection",3,40,"dropped"
5165,2757,"2024-03-08","Home",1,87,"viewed"
5166,125,"2024-02-21","Pricing Page",2,48,"dropped"
5167,332,"2024-06-26","Plan Selection",3,195,"viewed"
5168,2436,"2024-02-24","Home",1,98,"dropped"
5169,2038,"2024-03-12","Confirmation",5,102,"converted"
5170,1580,"2024-02-14","Plan Selection",3,111,"viewed"
5171,1417,"2024-04-11","Pricing Page",2,44,"dropped"
5172,995,"2024-04-26","Pricing Page",2,44,"dropped"
5173,536,"2024-05-26","Plan Selection",3,30,"viewed"
5174,1901,"2024-02-07","Home",1,22,"viewed"
5175,883,"2024-05-22","Home",1,180,"dropped"
5176,279,"2024-01-15","Home",1,74,"clicked"
5177,1162,"2024-01-23","Pricing Page",2,59,"clicked"
5178,1484,"2024-01-02","Plan Selection",3,170,"clicked"
5179,506,"2024-06-11","Confirmation",5,46,"converted"
5180,2952,"2024-03-09","Confirmation",5,113,"converted"
5181,2426,"2024-03-28","Confirmation",5,113,"converted"
5182,1837,"2024-04-01","Plan Selection",3,193,"clicked"
5183,2692,"2024-06-10","Payment",4,56,"viewed"
5184,1019,"2024-02-20","Pricing Page",2,30,"viewed"
5185,2219,"2024-05-30","Confirmation",5,51,"converted"
5186,674,"2024-03-30","Payment",4,107,"dropped"
5187,2491,"2024-06-25","Pricing Page",2,67,"clicked"
5188,246,"2024-06-25","Plan Selection",3,51,"dropped"
5189,557,"2024-03-21","Plan Selection",3,198,"viewed"
5190,2729,"2024-02-25","Payment",4,30,"dropped"
5191,487,"2024-04-06","Home",1,64,"viewed"
5192,1163,"2024-03-15","Confirmation",5,69,"converted"
5193,2316,"2024-06-22","Pricing Page",2,54,"dropped"
5194,2770,"2024-04-29","Plan Selection",3,148,"viewed"
5195,554,"2024-03-07","Pricing Page",2,39,"clicked"
5196,1879,"2024-06-28","Home",1,103,"dropped"
5197,2889,"2024-04-17","Home",1,126,"viewed"
5198,2241,"2024-04-25","Confirmation",5,174,"converted"
5199,810,"2024-06-08","Plan Selection",3,86,"dropped"
5200,928,"2024-02-19","Pricing Page",2,41,"clicked"
5201,1920,"2024-04-08","Payment",4,75,"clicked"
5202,1063,"2024-06-24","Payment",4,207,"viewed"
5203,235,"2024-04-11","Plan Selection",3,54,"clicked"
5204,585,"2024-06-03","Plan Selection",3,176,"dropped"
5205,459,"2024-03-08","Pricing Page",2,57,"dropped"
5206,237,"2024-02-23","Pricing Page",2,38,"viewed"
5207,2869,"2024-03-27","Plan Selection",3,35,"dropped"
5208,328,"2024-02-16","Confirmation",5,200,"converted"
5209,2828,"2024-06-02","Pricing Page",2,53,"dropped"
5210,978,"2024-03-29","Pricing Page",2,65,"dropped"
5211,2507,"2024-06-01","Plan Selection",3,204,"viewed"
5212,2791,"2024-03-02","Confirmation",5,115,"converted"
5213,2749,"2024-06-28","Pricing Page",2,41,"viewed"
5214,350,"2024-06-15","Pricing Page",2,51,"dropped"
5215,508,"2024-03-03","Pricing Page",2,31,"clicked"
5216,113,"2024-02-16","Home",1,27,"viewed"
5217,1159,"2024-01-25","Plan Selection",3,59,"viewed"
5218,1291,"2024-02-15","Confirmation",5,18,"converted"
5219,1002,"2024-04-08","Payment",4,204,"viewed"
5220,1674,"2024-05-07","Payment",4,42,"clicked"
5221,2309,"2024-01-17","Home",1,95,"viewed"
5222,1078,"2024-04-19","Confirmation",5,200,"converted"
5223,2683,"2024-04-21","Pricing Page",2,42,"dropped"
5224,1071,"2024-01-18","Pricing Page",2,52,"clicked"
5225,560,"2024-03-29","Confirmation",5,209,"converted"
5226,944,"2024-04-13","Confirmation",5,188,"converted"
5227,2096,"2024-05-27","Confirmation",5,91,"converted"
5228,400,"2024-03-20","Payment",4,151,"dropped"
5229,1298,"2024-05-30","Payment",4,180,"viewed"
5230,2059,"2024-03-28","Pricing Page",2,49,"viewed"
5231,573,"2024-02-28","Home",1,59,"dropped"
5232,2518,"2024-06-01","Plan Selection",3,201,"viewed"
5233,1777,"2024-06-08","Plan Selection",3,118,"viewed"
5234,1167,"2024-04-06","Pricing Page",2,63,"clicked"
5235,1818,"2024-04-02","Payment",4,48,"viewed"
5236,150,"2024-01-13","Pricing Page",2,54,"clicked"
5237,447,"2024-01-29","Pricing Page",2,37,"dropped"
5238,1425,"2024-04-23","Plan Selection",3,135,"dropped"
5239,875,"2024-03-04","Confirmation",5,90,"converted"
5240,1005,"2024-03-25","Pricing Page",2,45,"dropped"
5241,2065,"2024-04-12","Payment",4,30,"dropped"
5242,2471,"2024-03-21","Payment",4,86,"viewed"
5243,785,"2024-02-17","Plan Selection",3,188,"viewed"
5244,1677,"2024-02-16","Plan Selection",3,53,"clicked"
5245,2553,"2024-03-04","Pricing Page",2,59,"dropped"
5246,901,"2024-05-19","Confirmation",5,105,"converted"
5247,1551,"2024-01-27","Home",1,110,"viewed"
5248,695,"2024-02-26","Payment",4,90,"clicked"
5249,2476,"2024-06-13","Home",1,125,"viewed"
5250,2296,"2024-05-12","Pricing Page",2,56,"viewed"
5251,2851,"2024-06-09","Plan Selection",3,67,"viewed"
5252,1505,"2024-03-28","Confirmation",5,41,"converted"
5253,90,"2024-05-01","Pricing Page",2,46,"clicked"
5254,1141,"2024-06-22","Plan Selection",3,96,"dropped"
5255,1579,"2024-01-26","Home",1,49,"viewed"
5256,1398,"2024-03-30","Home",1,197,"clicked"
5257,1018,"2024-03-14","Home",1,173,"dropped"
5258,2789,"2024-03-16","Pricing Page",2,43,"dropped"
5259,2200,"2024-03-31","Pricing Page",2,66,"viewed"
5260,2010,"2024-04-23","Home",1,163,"clicked"
5261,2849,"2024-03-12","Home",1,98,"viewed"
5262,2614,"2024-05-31","Plan Selection",3,68,"viewed"
5263,108,"2024-05-30","Home",1,166,"viewed"
5264,984,"2024-03-20","Pricing Page",2,60,"dropped"
5265,92,"2024-01-02","Confirmation",5,162,"converted"
5266,2838,"2024-03-19","Pricing Page",2,49,"viewed"
5267,1567,"2024-05-23","Pricing Page",2,55,"clicked"
5268,687,"2024-05-12","Confirmation",5,140,"converted"
5269,1084,"2024-06-01","Home",1,40,"clicked"
5270,998,"2024-04-15","Confirmation",5,185,"converted"
5271,1844,"2024-03-20","Pricing Page",2,49,"viewed"
5272,1116,"2024-01-27","Plan Selection",3,128,"dropped"
5273,2950,"2024-03-23","Pricing Page",2,47,"dropped"
5274,2663,"2024-05-13","Home",1,184,"clicked"
5275,2736,"2024-04-26","Pricing Page",2,54,"dropped"
5276,962,"2024-01-10","Pricing Page",2,39,"clicked"
5277,1155,"2024-06-19","Plan Selection",3,188,"viewed"
5278,1593,"2024-01-23","Home",1,174,"viewed"
5279,1413,"2024-03-12","Plan Selection",3,126,"clicked"
5280,1650,"2024-06-24","Home",1,22,"viewed"
5281,1531,"2024-02-29","Home",1,125,"clicked"
5282,2932,"2024-02-17","Pricing Page",2,34,"clicked"
5283,1544,"2024-05-22","Pricing Page",2,57,"dropped"
5284,896,"2024-03-02","Payment",4,203,"clicked"
5285,952,"2024-02-16","Pricing Page",2,56,"clicked"
5286,1496,"2024-02-06","Plan Selection",3,201,"dropped"
5287,1129,"2024-01-24","Plan Selection",3,60,"viewed"
5288,1856,"2024-01-13","Pricing Page",2,35,"clicked"
5289,2680,"2024-06-29","Pricing Page",2,55,"viewed"
5290,336,"2024-04-25","Payment",4,92,"clicked"
5291,111,"2024-05-28","Home",1,120,"viewed"
5292,180,"2024-01-14","Home",1,148,"viewed"
5293,1442,"2024-05-01","Confirmation",5,115,"converted"
5294,2718,"2024-06-21","Home",1,85,"viewed"
5295,1822,"2024-05-23","Home",1,68,"dropped"
5296,1437,"2024-02-01","Pricing Page",2,50,"dropped"
5297,1800,"2024-04-16","Home",1,205,"clicked"
5298,852,"2024-01-16","Plan Selection",3,142,"clicked"
5299,2278,"2024-01-28","Pricing Page",2,58,"dropped"
5300,2638,"2024-03-02","Home",1,65,"dropped"
5301,769,"2024-04-22","Pricing Page",2,64,"dropped"
5302,708,"2024-01-08","Pricing Page",2,41,"dropped"
5303,1990,"2024-02-15","Pricing Page",2,47,"dropped"
5304,2791,"2024-02-11","Pricing Page",2,34,"clicked"
5305,2308,"2024-06-14","Pricing Page",2,54,"dropped"
5306,1269,"2024-01-10","Confirmation",5,168,"converted"
5307,10,"2024-04-24","Home",1,184,"viewed"
5308,2618,"2024-05-01","Payment",4,136,"viewed"
5309,33,"2024-01-20","Plan Selection",3,49,"clicked"
5310,2501,"2024-05-08","Home",1,24,"dropped"
5311,2940,"2024-02-03","Confirmation",5,75,"converted"
5312,2114,"2024-04-08","Plan Selection",3,96,"clicked"
5313,840,"2024-03-23","Pricing Page",2,62,"clicked"
5314,1294,"2024-05-29","Payment",4,151,"dropped"
5315,2911,"2024-05-24","Home",1,12,"viewed"
5316,215,"2024-06-10","Pricing Page",2,53,"viewed"
5317,2409,"2024-03-13","Plan Selection",3,172,"dropped"
5318,2414,"2024-02-20","Confirmation",5,19,"converted"
5319,926,"2024-03-13","Home",1,46,"viewed"
5320,2553,"2024-02-09","Plan Selection",3,11,"clicked"
5321,660,"2024-05-15","Home",1,53,"viewed"
5322,1240,"2024-04-22","Payment",4,109,"viewed"
5323,2631,"2024-05-17","Home",1,122,"clicked"
5324,2677,"2024-04-02","Payment",4,172,"clicked"
5325,2476,"2024-05-19","Pricing Page",2,55,"clicked"
5326,427,"2024-03-09","Pricing Page",2,34,"dropped"
5327,851,"2024-03-12","Home",1,97,"viewed"
5328,2229,"2024-02-21","Home",1,22,"viewed"
5329,1961,"2024-06-23","Payment",4,82,"clicked"
5330,578,"2024-02-05","Pricing Page",2,44,"dropped"
5331,1119,"2024-03-08","Payment",4,133,"viewed"
5332,1021,"2024-02-04","Confirmation",5,17,"converted"
5333,1302,"2024-01-10","Confirmation",5,134,"converted"
5334,740,"2024-03-07","Home",1,76,"clicked"
5335,80,"2024-06-15","Plan Selection",3,173,"clicked"
5336,887,"2024-05-29","Pricing Page",2,59,"viewed"
5337,742,"2024-04-17","Pricing Page",2,47,"viewed"
5338,2584,"2024-03-13","Pricing Page",2,57,"dropped"
5339,212,"2024-02-12","Confirmation",5,30,"converted"
5340,1862,"2024-05-25","Home",1,73,"dropped"
5341,2553,"2024-05-19","Pricing Page",2,43,"viewed"
5342,1147,"2024-06-24","Plan Selection",3,123,"viewed"
5343,67,"2024-06-08","Pricing Page",2,39,"dropped"
5344,2712,"2024-06-11","Payment",4,49,"viewed"
5345,1926,"2024-02-19","Pricing Page",2,40,"clicked"
5346,258,"2024-01-29","Plan Selection",3,51,"clicked"
5347,1494,"2024-02-09","Plan Selection",3,80,"viewed"
5348,2100,"2024-04-27","Home",1,155,"dropped"
5349,68,"2024-03-11","Payment",4,50,"clicked"
5350,1181,"2024-05-18","Plan Selection",3,188,"clicked"
5351,372,"2024-06-18","Pricing Page",2,59,"clicked"
5352,246,"2024-03-28","Home",1,84,"clicked"
5353,2347,"2024-05-18","Pricing Page",2,42,"dropped"
5354,2807,"2024-06-02","Pricing Page",2,55,"clicked"
5355,1760,"2024-06-15","Payment",4,92,"clicked"
5356,1644,"2024-01-13","Plan Selection",3,76,"clicked"
5357,1992,"2024-05-10","Plan Selection",3,203,"viewed"
5358,2467,"2024-02-20","Confirmation",5,178,"converted"
5359,1216,"2024-03-30","Pricing Page",2,62,"dropped"
5360,359,"2024-04-27","Confirmation",5,111,"converted"
5361,2591,"2024-05-23","Pricing Page",2,54,"dropped"
5362,37,"2024-03-29","Pricing Page",2,55,"clicked"
5363,2642,"2024-02-06","Pricing Page",2,38,"dropped"
5364,1734,"2024-01-06","Pricing Page",2,59,"clicked"
5365,508,"2024-06-29","Pricing Page",2,51,"clicked"
5366,963,"2024-03-17","Home",1,114,"dropped"
5367,211,"2024-06-25","Plan Selection",3,77,"viewed"
5368,2108,"2024-02-20","Pricing Page",2,48,"dropped"
5369,777,"2024-04-22","Pricing Page",2,62,"dropped"
5370,2613,"2024-01-31","Pricing Page",2,47,"dropped"
5371,2206,"2024-05-19","Plan Selection",3,193,"viewed"
5372,1514,"2024-04-12","Pricing Page",2,66,"clicked"
5373,1963,"2024-02-05","Home",1,104,"clicked"
5374,571,"2024-06-28","Pricing Page",2,65,"dropped"
5375,2144,"2024-01-14","Pricing Page",2,56,"viewed"
5376,1275,"2024-04-27","Confirmation",5,196,"converted"
5377,2179,"2024-05-31","Home",1,115,"viewed"
5378,1538,"2024-05-07","Confirmation",5,168,"converted"
5379,54,"2024-05-09","Plan Selection",3,96,"viewed"
5380,2264,"2024-06-20","Pricing Page",2,52,"dropped"
5381,2301,"2024-05-05","Home",1,165,"clicked"
5382,1689,"2024-05-01","Plan Selection",3,83,"viewed"
5383,2705,"2024-01-20","Payment",4,174,"viewed"
5384,2082,"2024-04-13","Payment",4,38,"clicked"
5385,1804,"2024-05-22","Home",1,63,"viewed"
5386,3,"2024-01-23","Plan Selection",3,150,"viewed"
5387,629,"2024-01-11","Plan Selection",3,43,"viewed"
5388,1944,"2024-05-15","Payment",4,163,"clicked"
5389,2477,"2024-06-03","Payment",4,80,"clicked"
5390,216,"2024-01-15","Home",1,135,"viewed"
5391,813,"2024-03-23","Pricing Page",2,38,"clicked"
5392,2998,"2024-02-03","Confirmation",5,25,"converted"
5393,1856,"2024-06-03","Pricing Page",2,52,"dropped"
5394,2019,"2024-05-02","Pricing Page",2,60,"clicked"
5395,775,"2024-02-02","Home",1,20,"viewed"
5396,1207,"2024-02-19","Home",1,11,"clicked"
5397,2059,"2024-05-25","Confirmation",5,92,"converted"
5398,471,"2024-04-10","Pricing Page",2,62,"dropped"
5399,1991,"2024-04-25","Home",1,24,"viewed"
5400,2031,"2024-01-09","Home",1,174,"clicked"
5401,780,"2024-04-29","Plan Selection",3,131,"clicked"
5402,1807,"2024-04-10","Confirmation",5,51,"converted"
5403,307,"2024-06-10","Home",1,40,"clicked"
5404,2467,"2024-03-03","Pricing Page",2,37,"clicked"
5405,2229,"2024-02-07","Payment",4,100,"viewed"
5406,2218,"2024-02-12","Confirmation",5,29,"converted"
5407,1839,"2024-05-18","Confirmation",5,143,"converted"
5408,1058,"2024-05-18","Payment",4,110,"dropped"
5409,2129,"2024-05-27","Confirmation",5,63,"converted"
5410,1546,"2024-05-19","Pricing Page",2,44,"dropped"
5411,1248,"2024-03-16","Payment",4,197,"dropped"
5412,213,"2024-05-28","Confirmation",5,16,"converted"
5413,1387,"2024-02-08","Plan Selection",3,166,"viewed"
5414,2708,"2024-06-23","Home",1,154,"dropped"
5415,70,"2024-03-13","Confirmation",5,109,"converted"
5416,2004,"2024-06-02","Pricing Page",2,55,"dropped"
5417,1260,"2024-03-13","Payment",4,122,"clicked"
5418,324,"2024-06-04","Confirmation",5,57,"converted"
5419,913,"2024-05-26","Home",1,47,"clicked"
5420,978,"2024-06-10","Pricing Page",2,60,"dropped"
5421,1421,"2024-02-25","Home",1,147,"dropped"
5422,865,"2024-02-11","Pricing Page",2,51,"viewed"
5423,2357,"2024-04-08","Pricing Page",2,43,"viewed"
5424,2412,"2024-03-10","Plan Selection",3,95,"clicked"
5425,1993,"2024-04-09","Payment",4,42,"clicked"
5426,429,"2024-01-25","Pricing Page",2,54,"dropped"
5427,697,"2024-01-29","Home",1,13,"viewed"
5428,2609,"2024-06-29","Pricing Page",2,64,"dropped"
5429,2632,"2024-03-24","Plan Selection",3,19,"dropped"
5430,2091,"2024-06-27","Payment",4,46,"clicked"
5431,1927,"2024-06-11","Plan Selection",3,21,"viewed"
5432,129,"2024-02-21","Pricing Page",2,48,"dropped"
5433,395,"2024-01-13","Confirmation",5,126,"converted"
5434,97,"2024-03-16","Confirmation",5,141,"converted"
5435,1041,"2024-05-17","Payment",4,118,"clicked"
5436,1462,"2024-01-30","Pricing Page",2,38,"dropped"
5437,335,"2024-03-06","Pricing Page",2,38,"dropped"
5438,1037,"2024-04-16","Confirmation",5,166,"converted"
5439,538,"2024-04-09","Pricing Page",2,50,"dropped"
5440,52,"2024-05-10","Plan Selection",3,129,"clicked"
5441,2468,"2024-01-27","Pricing Page",2,57,"clicked"
5442,2484,"2024-01-04","Plan Selection",3,204,"dropped"
5443,1052,"2024-04-16","Confirmation",5,145,"converted"
5444,2154,"2024-04-11","Plan Selection",3,122,"viewed"
5445,1947,"2024-04-26","Pricing Page",2,49,"dropped"
5446,2175,"2024-01-15","Pricing Page",2,55,"clicked"
5447,940,"2024-06-04","Pricing Page",2,45,"dropped"
5448,2168,"2024-03-05","Plan Selection",3,209,"dropped"
5449,2311,"2024-03-11","Plan Selection",3,18,"clicked"
5450,934,"2024-05-05","Plan Selection",3,118,"dropped"
5451,146,"2024-05-31","Home",1,159,"clicked"
5452,2013,"2024-04-19","Home",1,56,"dropped"
5453,2849,"2024-03-06","Confirmation",5,153,"converted"
5454,2137,"2024-03-14","Confirmation",5,52,"converted"
5455,1239,"2024-03-17","Payment",4,29,"viewed"
5456,83,"2024-04-09","Plan Selection",3,137,"dropped"
5457,633,"2024-03-09","Pricing Page",2,34,"viewed"
5458,1083,"2024-06-16","Plan Selection",3,203,"dropped"
5459,254,"2024-05-29","Confirmation",5,193,"converted"
5460,2878,"2024-01-07","Pricing Page",2,42,"dropped"
5461,889,"2024-02-02","Home",1,121,"viewed"
5462,2748,"2024-03-18","Pricing Page",2,60,"dropped"
5463,235,"2024-01-04","Payment",4,72,"viewed"
5464,2185,"2024-06-01","Home",1,133,"dropped"
5465,471,"2024-05-20","Pricing Page",2,60,"dropped"
5466,1335,"2024-04-16","Plan Selection",3,63,"clicked"
5467,2332,"2024-03-02","Pricing Page",2,54,"viewed"
5468,936,"2024-05-09","Plan Selection",3,24,"clicked"
5469,2729,"2024-02-19","Plan Selection",3,87,"dropped"
5470,2593,"2024-02-25","Confirmation",5,171,"converted"
5471,614,"2024-04-17","Pricing Page",2,39,"dropped"
5472,1445,"2024-01-08","Payment",4,136,"viewed"
5473,2077,"2024-05-07","Pricing Page",2,41,"dropped"
5474,2086,"2024-06-05","Pricing Page",2,57,"dropped"
5475,934,"2024-02-10","Home",1,50,"clicked"
5476,2509,"2024-05-09","Home",1,54,"viewed"
5477,2341,"2024-02-12","Payment",4,93,"viewed"
5478,2385,"2024-01-28","Pricing Page",2,41,"viewed"
5479,2223,"2024-03-11","Plan Selection",3,96,"dropped"
5480,2184,"2024-04-22","Confirmation",5,170,"converted"
5481,632,"2024-04-26","Plan Selection",3,11,"clicked"
5482,914,"2024-05-12","Payment",4,109,"clicked"
5483,2753,"2024-05-13","Confirmation",5,103,"converted"
5484,1618,"2024-02-21","Payment",4,52,"viewed"
5485,1470,"2024-04-13","Pricing Page",2,43,"clicked"
5486,720,"2024-06-18","Confirmation",5,209,"converted"
5487,319,"2024-04-07","Pricing Page",2,44,"viewed"
5488,951,"2024-04-18","Home",1,103,"dropped"
5489,1465,"2024-06-12","Home",1,127,"viewed"
5490,89,"2024-06-06","Pricing Page",2,59,"clicked"
5491,2189,"2024-02-28","Pricing Page",2,35,"clicked"
5492,2358,"2024-06-12","Home",1,39,"dropped"
5493,1957,"2024-04-19","Home",1,108,"clicked"
5494,2767,"2024-05-19","Home",1,40,"clicked"
5495,2743,"2024-01-28","Home",1,132,"dropped"
5496,722,"2024-01-29","Home",1,191,"clicked"
5497,2468,"2024-02-03","Pricing Page",2,51,"dropped"
5498,2073,"2024-06-25","Payment",4,27,"dropped"
5499,2648,"2024-02-29","Confirmation",5,197,"converted"
5500,2218,"2024-06-08","Home",1,77,"dropped"
5501,1392,"2024-01-06","Payment",4,163,"clicked"
5502,825,"2024-05-30","Pricing Page",2,41,"clicked"
5503,2665,"2024-03-28","Payment",4,80,"clicked"
5504,1004,"2024-02-12","Home",1,47,"clicked"
5505,1364,"2024-01-11","Confirmation",5,111,"converted"
5506,2158,"2024-01-14","Pricing Page",2,57,"viewed"
5507,1922,"2024-04-14","Confirmation",5,21,"converted"
5508,1278,"2024-06-21","Pricing Page",2,53,"dropped"
5509,1054,"2024-02-07","Confirmation",5,65,"converted"
5510,1353,"2024-03-17","Payment",4,107,"dropped"
5511,1360,"2024-05-10","Pricing Page",2,38,"dropped"
5512,2055,"2024-03-13","Confirmation",5,113,"converted"
5513,2283,"2024-02-15","Confirmation",5,23,"converted"
5514,1365,"2024-01-13","Confirmation",5,144,"converted"
5515,1286,"2024-01-24","Pricing Page",2,43,"dropped"
5516,236,"2024-01-30","Plan Selection",3,97,"clicked"
5517,2466,"2024-05-30","Plan Selection",3,193,"clicked"
5518,31,"2024-03-11","Confirmation",5,93,"converted"
5519,976,"2024-03-09","Confirmation",5,109,"converted"
5520,2110,"2024-01-05","Home",1,207,"viewed"
5521,1670,"2024-01-13","Plan Selection",3,45,"viewed"
5522,2321,"2024-02-20","Home",1,127,"viewed"
5523,1891,"2024-01-21","Plan Selection",3,28,"clicked"
5524,2016,"2024-02-04","Confirmation",5,44,"converted"
5525,48,"2024-04-11","Payment",4,22,"dropped"
5526,542,"2024-05-02","Payment",4,55,"clicked"
5527,672,"2024-03-08","Home",1,185,"viewed"
5528,783,"2024-06-25","Home",1,106,"dropped"
5529,1242,"2024-04-09","Plan Selection",3,197,"dropped"
5530,2477,"2024-05-15","Pricing Page",2,39,"dropped"
5531,2845,"2024-04-02","Plan Selection",3,204,"viewed"
5532,2624,"2024-01-19","Payment",4,25,"viewed"
5533,1636,"2024-03-24","Plan Selection",3,207,"viewed"
5534,1779,"2024-02-11","Pricing Page",2,36,"viewed"
5535,2302,"2024-02-08","Payment",4,33,"clicked"
5536,1122,"2024-05-30","Home",1,139,"dropped"
5537,2631,"2024-06-09","Payment",4,89,"clicked"
5538,1561,"2024-06-25","Pricing Page",2,58,"dropped"
5539,2937,"2024-05-06","Plan Selection",3,143,"viewed"
5540,1191,"2024-06-19","Plan Selection",3,175,"clicked"
5541,804,"2024-05-03","Plan Selection",3,17,"clicked"
5542,1542,"2024-04-18","Pricing Page",2,50,"clicked"
5543,2568,"2024-05-22","Pricing Page",2,51,"dropped"
5544,2190,"2024-06-25","Plan Selection",3,116,"clicked"
5545,1104,"2024-01-11","Home",1,153,"dropped"
5546,443,"2024-04-10","Pricing Page",2,38,"dropped"
5547,969,"2024-03-11","Confirmation",5,153,"converted"
5548,1974,"2024-01-25","Plan Selection",3,32,"clicked"
5549,2746,"2024-02-10","Pricing Page",2,36,"viewed"
5550,2791,"2024-06-15","Payment",4,60,"viewed"
5551,1670,"2024-02-04","Pricing Page",2,55,"clicked"
5552,1918,"2024-06-05","Pricing Page",2,49,"clicked"
5553,1762,"2024-05-04","Plan Selection",3,70,"clicked"
5554,1705,"2024-03-05","Home",1,66,"dropped"
5555,570,"2024-02-28","Home",1,73,"clicked"
5556,205,"2024-01-24","Pricing Page",2,56,"viewed"
5557,1065,"2024-05-23","Confirmation",5,43,"converted"
5558,288,"2024-06-27","Plan Selection",3,49,"dropped"
5559,2768,"2024-02-24","Payment",4,169,"viewed"
5560,1280,"2024-06-01","Confirmation",5,34,"converted"
5561,2473,"2024-05-16","Pricing Page",2,44,"dropped"
5562,503,"2024-03-06","Pricing Page",2,44,"clicked"
5563,2209,"2024-03-10","Payment",4,100,"dropped"
5564,378,"2024-03-02","Pricing Page",2,46,"viewed"
5565,1708,"2024-02-23","Payment",4,15,"viewed"
5566,2490,"2024-05-25","Plan Selection",3,48,"clicked"
5567,1425,"2024-01-26","Pricing Page",2,58,"viewed"
5568,2758,"2024-05-10","Payment",4,29,"viewed"
5569,1166,"2024-01-24","Pricing Page",2,31,"viewed"
5570,2353,"2024-04-11","Pricing Page",2,54,"dropped"
5571,847,"2024-02-17","Pricing Page",2,47,"clicked"
5572,1514,"2024-02-04","Pricing Page",2,48,"clicked"
5573,2254,"2024-04-22","Payment",4,81,"clicked"
5574,725,"2024-03-16","Pricing Page",2,54,"clicked"
5575,1684,"2024-06-10","Payment",4,50,"viewed"
5576,2553,"2024-02-02","Pricing Page",2,33,"clicked"
5577,2637,"2024-03-19","Plan Selection",3,76,"dropped"
5578,1266,"2024-06-04","Home",1,120,"viewed"
5579,2264,"2024-05-11","Pricing Page",2,58,"dropped"
5580,659,"2024-03-05","Home",1,120,"clicked"
5581,732,"2024-01-16","Plan Selection",3,44,"viewed"
5582,1528,"2024-01-24","Home",1,62,"viewed"
5583,2326,"2024-01-26","Pricing Page",2,44,"dropped"
5584,2618,"2024-04-13","Pricing Page",2,53,"clicked"
5585,1238,"2024-05-08","Pricing Page",2,50,"dropped"
5586,834,"2024-01-18","Plan Selection",3,202,"viewed"
5587,1122,"2024-02-27","Pricing Page",2,40,"clicked"
5588,2887,"2024-04-16","Home",1,108,"clicked"
5589,329,"2024-04-16","Plan Selection",3,82,"viewed"
5590,1717,"2024-01-12","Plan Selection",3,176,"clicked"
5591,748,"2024-02-05","Pricing Page",2,48,"dropped"
5592,2114,"2024-04-20","Confirmation",5,190,"converted"
5593,2025,"2024-04-29","Pricing Page",2,51,"dropped"
5594,1747,"2024-05-16","Home",1,172,"dropped"
5595,2006,"2024-02-20","Pricing Page",2,32,"dropped"
5596,1114,"2024-06-03","Home",1,57,"viewed"
5597,2574,"2024-01-27","Home",1,69,"dropped"
5598,990,"2024-04-03","Plan Selection",3,103,"clicked"
5599,608,"2024-03-22","Plan Selection",3,181,"clicked"
5600,806,"2024-02-12","Pricing Page",2,34,"clicked"
5601,1913,"2024-03-03","Payment",4,209,"clicked"
5602,2612,"2024-04-24","Plan Selection",3,189,"viewed"
5603,1002,"2024-02-16","Pricing Page",2,47,"dropped"
5604,45,"2024-04-17","Confirmation",5,180,"converted"
5605,1420,"2024-05-27","Plan Selection",3,172,"dropped"
5606,397,"2024-02-27","Home",1,205,"clicked"
5607,2208,"2024-05-02","Home",1,183,"viewed"
5608,1132,"2024-03-31","Pricing Page",2,47,"dropped"
5609,878,"2024-01-26","Payment",4,149,"dropped"
5610,54,"2024-01-04","Home",1,44,"viewed"
5611,175,"2024-01-28","Plan Selection",3,94,"clicked"
5612,2149,"2024-03-11","Payment",4,163,"clicked"
5613,292,"2024-01-09","Confirmation",5,125,"converted"
5614,146,"2024-04-03","Pricing Page",2,56,"clicked"
5615,2713,"2024-02-21","Plan Selection",3,149,"clicked"
5616,2193,"2024-04-10","Plan Selection",3,66,"viewed"
5617,1022,"2024-05-23","Confirmation",5,71,"converted"
5618,2181,"2024-05-08","Pricing Page",2,60,"clicked"
5619,341,"2024-04-04","Pricing Page",2,62,"dropped"
5620,2912,"2024-06-27","Home",1,26,"clicked"
5621,2286,"2024-04-18","Plan Selection",3,158,"clicked"
5622,2147,"2024-05-27","Confirmation",5,37,"converted"
5623,2858,"2024-03-03","Payment",4,62,"viewed"
5624,2564,"2024-01-17","Confirmation",5,48,"converted"
5625,843,"2024-05-29","Pricing Page",2,67,"dropped"
5626,1360,"2024-01-01","Plan Selection",3,65,"clicked"
5627,689,"2024-06-13","Payment",4,129,"clicked"
5628,588,"2024-05-21","Pricing Page",2,46,"dropped"
5629,974,"2024-02-27","Plan Selection",3,38,"viewed"
5630,2626,"2024-05-23","Pricing Page",2,46,"dropped"
5631,749,"2024-06-27","Home",1,12,"clicked"
5632,1089,"2024-03-08","Payment",4,154,"clicked"
5633,1075,"2024-06-08","Pricing Page",2,66,"clicked"
5634,842,"2024-06-13","Plan Selection",3,175,"viewed"
5635,1499,"2024-04-02","Home",1,160,"clicked"
5636,1997,"2024-04-14","Confirmation",5,152,"converted"
5637,2690,"2024-03-03","Home",1,35,"clicked"
5638,1089,"2024-01-30","Payment",4,39,"clicked"
5639,967,"2024-06-21","Payment",4,36,"clicked"
5640,2785,"2024-06-02","Pricing Page",2,59,"dropped"
5641,3,"2024-02-26","Plan Selection",3,183,"viewed"
5642,1916,"2024-02-15","Pricing Page",2,58,"clicked"
5643,2348,"2024-05-12","Pricing Page",2,49,"dropped"
5644,2718,"2024-03-27","Plan Selection",3,183,"clicked"
5645,580,"2024-06-10","Payment",4,147,"viewed"
5646,33,"2024-04-21","Home",1,76,"clicked"
5647,2455,"2024-03-13","Plan Selection",3,112,"viewed"
5648,495,"2024-01-01","Plan Selection",3,116,"dropped"
5649,375,"2024-02-04","Plan Selection",3,70,"viewed"
5650,68,"2024-05-16","Plan Selection",3,67,"clicked"
5651,1896,"2024-02-17","Pricing Page",2,40,"clicked"
5652,887,"2024-01-13","Pricing Page",2,31,"viewed"
5653,1561,"2024-05-21","Pricing Page",2,50,"viewed"
5654,1763,"2024-01-12","Plan Selection",3,122,"dropped"
5655,369,"2024-01-24","Pricing Page",2,59,"dropped"
5656,1854,"2024-05-13","Payment",4,10,"clicked"
5657,1069,"2024-03-07","Payment",4,153,"clicked"
5658,870,"2024-04-16","Home",1,127,"viewed"
5659,2669,"2024-02-16","Plan Selection",3,60,"clicked"
5660,1661,"2024-03-09","Pricing Page",2,59,"dropped"
5661,1200,"2024-02-02","Plan Selection",3,200,"viewed"
5662,1399,"2024-03-02","Pricing Page",2,43,"dropped"
5663,1041,"2024-05-12","Plan Selection",3,185,"clicked"
5664,398,"2024-06-29","Plan Selection",3,10,"dropped"
5665,287,"2024-05-26","Payment",4,91,"viewed"
5666,1444,"2024-02-02","Pricing Page",2,52,"dropped"
5667,2135,"2024-03-08","Payment",4,115,"clicked"
5668,1912,"2024-06-04","Pricing Page",2,46,"dropped"
5669,2643,"2024-03-03","Home",1,87,"viewed"
5670,686,"2024-01-20","Payment",4,10,"clicked"
5671,39,"2024-06-03","Pricing Page",2,56,"dropped"
5672,857,"2024-01-22","Payment",4,86,"viewed"
5673,417,"2024-05-11","Pricing Page",2,64,"clicked"
5674,1489,"2024-06-24","Pricing Page",2,64,"dropped"
5675,2728,"2024-04-23","Pricing Page",2,41,"dropped"
5676,1877,"2024-06-18","Payment",4,64,"viewed"
5677,2119,"2024-05-28","Confirmation",5,94,"converted"
5678,534,"2024-04-23","Plan Selection",3,31,"viewed"
5679,1219,"2024-05-23","Payment",4,83,"clicked"
5680,2573,"2024-04-02","Confirmation",5,81,"converted"
5681,2577,"2024-02-09","Plan Selection",3,197,"dropped"
5682,2578,"2024-06-10","Confirmation",5,155,"converted"
5683,2987,"2024-05-24","Confirmation",5,124,"converted"
5684,2672,"2024-05-12","Confirmation",5,161,"converted"
5685,2429,"2024-05-20","Pricing Page",2,67,"dropped"
5686,1621,"2024-02-09","Pricing Page",2,52,"dropped"
5687,165,"2024-04-02","Pricing Page",2,51,"dropped"
5688,2589,"2024-02-05","Pricing Page",2,39,"clicked"
5689,1650,"2024-02-10","Pricing Page",2,49,"viewed"
5690,1141,"2024-02-24","Pricing Page",2,56,"dropped"
5691,58,"2024-01-19","Pricing Page",2,57,"dropped"
5692,2271,"2024-06-03","Home",1,106,"clicked"
5693,1501,"2024-02-29","Home",1,155,"dropped"
5694,2523,"2024-04-17","Pricing Page",2,50,"clicked"
5695,1995,"2024-06-24","Payment",4,72,"dropped"
5696,725,"2024-01-18","Payment",4,122,"clicked"
5697,2260,"2024-02-25","Pricing Page",2,42,"dropped"
5698,2981,"2024-02-13","Pricing Page",2,40,"dropped"
5699,1666,"2024-03-14","Pricing Page",2,48,"dropped"
5700,1085,"2024-04-27","Home",1,192,"dropped"
5701,1392,"2024-02-06","Plan Selection",3,96,"clicked"
5702,1268,"2024-01-15","Home",1,96,"viewed"
5703,1399,"2024-01-14","Confirmation",5,142,"converted"
5704,1137,"2024-06-13","Pricing Page",2,46,"dropped"
5705,501,"2024-02-11","Plan Selection",3,118,"viewed"
5706,610,"2024-05-10","Confirmation",5,175,"converted"
5707,395,"2024-02-03","Plan Selection",3,18,"viewed"
5708,430,"2024-05-16","Pricing Page",2,52,"dropped"
5709,988,"2024-04-15","Confirmation",5,188,"converted"
5710,2043,"2024-05-11","Plan Selection",3,152,"viewed"
5711,56,"2024-04-18","Confirmation",5,189,"converted"
5712,2032,"2024-05-04","Pricing Page",2,38,"clicked"
5713,2880,"2024-03-14","Home",1,121,"clicked"
5714,2929,"2024-06-09","Plan Selection",3,187,"viewed"
5715,2499,"2024-03-26","Payment",4,180,"viewed"
5716,2914,"2024-05-13","Payment",4,143,"dropped"
5717,145,"2024-02-08","Confirmation",5,190,"converted"
5718,2365,"2024-02-12","Payment",4,82,"clicked"
5719,2425,"2024-06-11","Home",1,142,"dropped"
5720,1506,"2024-02-08","Plan Selection",3,51,"clicked"
5721,2918,"2024-06-13","Plan Selection",3,89,"dropped"
5722,1046,"2024-03-17","Home",1,13,"viewed"
5723,1665,"2024-01-02","Pricing Page",2,56,"dropped"
5724,1507,"2024-05-31","Plan Selection",3,193,"clicked"
5725,2565,"2024-05-08","Confirmation",5,179,"converted"
5726,717,"2024-04-29","Plan Selection",3,188,"viewed"
5727,2968,"2024-05-15","Payment",4,141,"viewed"
5728,2308,"2024-06-29","Plan Selection",3,97,"dropped"
5729,917,"2024-01-29","Payment",4,187,"viewed"
5730,1427,"2024-06-10","Home",1,106,"clicked"
5731,508,"2024-06-07","Payment",4,144,"viewed"
5732,2897,"2024-03-19","Pricing Page",2,39,"dropped"
5733,2379,"2024-05-29","Payment",4,54,"viewed"
5734,2457,"2024-03-13","Plan Selection",3,121,"dropped"
5735,2931,"2024-03-30","Plan Selection",3,55,"clicked"
5736,2592,"2024-05-23","Pricing Page",2,51,"dropped"
5737,1700,"2024-02-18","Plan Selection",3,93,"dropped"
5738,1669,"2024-02-22","Payment",4,24,"viewed"
5739,2164,"2024-04-26","Home",1,86,"viewed"
5740,1369,"2024-01-22","Pricing Page",2,53,"dropped"
5741,2540,"2024-04-02","Home",1,117,"viewed"
5742,1781,"2024-01-09","Pricing Page",2,33,"dropped"
5743,1774,"2024-03-15","Pricing Page",2,43,"dropped"
5744,2569,"2024-01-06","Plan Selection",3,173,"clicked"
5745,738,"2024-02-08","Pricing Page",2,59,"viewed"
5746,2065,"2024-04-30","Pricing Page",2,48,"viewed"
5747,1465,"2024-05-12","Pricing Page",2,62,"dropped"
5748,96,"2024-04-29","Home",1,12,"clicked"
5749,840,"2024-01-03","Pricing Page",2,31,"clicked"
5750,2764,"2024-05-16","Home",1,171,"viewed"
5751,1663,"2024-05-21","Pricing Page",2,65,"clicked"
5752,1081,"2024-03-01","Plan Selection",3,208,"dropped"
5753,2391,"2024-04-04","Pricing Page",2,54,"dropped"
5754,2769,"2024-02-15","Pricing Page",2,52,"dropped"
5755,2147,"2024-01-05","Confirmation",5,162,"converted"
5756,2712,"2024-02-13","Pricing Page",2,51,"dropped"
5757,799,"2024-01-19","Plan Selection",3,50,"viewed"
5758,2802,"2024-06-20","Confirmation",5,169,"converted"
5759,636,"2024-04-30","Plan Selection",3,93,"dropped"
5760,2954,"2024-05-20","Confirmation",5,80,"converted"
5761,2855,"2024-05-06","Plan Selection",3,29,"clicked"
5762,1713,"2024-01-25","Confirmation",5,96,"converted"
5763,792,"2024-01-04","Pricing Page",2,43,"dropped"
5764,355,"2024-05-13","Pricing Page",2,49,"dropped"
5765,2901,"2024-05-13","Payment",4,148,"dropped"
5766,1529,"2024-02-05","Pricing Page",2,51,"dropped"
5767,2236,"2024-02-05","Payment",4,42,"clicked"
5768,832,"2024-05-12","Payment",4,193,"dropped"
5769,2652,"2024-01-07","Plan Selection",3,108,"viewed"
5770,221,"2024-04-24","Confirmation",5,180,"converted"
5771,1226,"2024-03-28","Pricing Page",2,54,"dropped"
5772,1041,"2024-01-21","Plan Selection",3,56,"viewed"
5773,1181,"2024-01-22","Pricing Page",2,49,"dropped"
5774,1017,"2024-04-03","Plan Selection",3,69,"viewed"
5775,2904,"2024-04-05","Payment",4,19,"dropped"
5776,408,"2024-04-03","Home",1,73,"dropped"
5777,1076,"2024-04-20","Confirmation",5,209,"converted"
5778,306,"2024-04-02","Pricing Page",2,60,"viewed"
5779,1326,"2024-03-15","Payment",4,101,"dropped"
5780,2970,"2024-05-12","Plan Selection",3,55,"dropped"
5781,2191,"2024-03-14","Payment",4,198,"dropped"
5782,847,"2024-05-14","Payment",4,38,"dropped"
5783,2956,"2024-05-03","Pricing Page",2,44,"clicked"
5784,2109,"2024-04-05","Plan Selection",3,30,"viewed"
5785,528,"2024-02-04","Pricing Page",2,45,"clicked"
5786,1265,"2024-06-11","Pricing Page",2,49,"dropped"
5787,2953,"2024-02-17","Pricing Page",2,30,"dropped"
5788,200,"2024-02-15","Home",1,117,"clicked"
5789,2873,"2024-02-14","Pricing Page",2,30,"dropped"
5790,442,"2024-04-21","Plan Selection",3,70,"viewed"
5791,746,"2024-03-03","Confirmation",5,189,"converted"
5792,1557,"2024-06-12","Confirmation",5,37,"converted"
5793,2321,"2024-03-23","Confirmation",5,95,"converted"
5794,792,"2024-01-07","Pricing Page",2,54,"viewed"
5795,264,"2024-05-11","Pricing Page",2,58,"dropped"
5796,1582,"2024-05-03","Payment",4,24,"viewed"
5797,677,"2024-03-24","Plan Selection",3,173,"dropped"
5798,1214,"2024-04-01","Pricing Page",2,38,"dropped"
5799,2594,"2024-05-18","Pricing Page",2,64,"clicked"
5800,61,"2024-06-09","Pricing Page",2,43,"viewed"
5801,2386,"2024-03-02","Pricing Page",2,47,"viewed"
5802,2995,"2024-01-26","Payment",4,44,"viewed"
5803,2970,"2024-06-01","Pricing Page",2,60,"viewed"
5804,1540,"2024-05-10","Home",1,37,"clicked"
5805,497,"2024-02-20","Confirmation",5,136,"converted"
5806,1431,"2024-03-29","Home",1,138,"dropped"
5807,2264,"2024-03-07","Plan Selection",3,160,"dropped"
5808,2957,"2024-05-21","Confirmation",5,99,"converted"
5809,1062,"2024-03-18","Home",1,43,"clicked"
5810,1045,"2024-01-05","Home",1,82,"clicked"
5811,1834,"2024-03-20","Pricing Page",2,53,"dropped"
5812,2169,"2024-02-17","Home",1,202,"clicked"
5813,2699,"2024-03-18","Pricing Page",2,64,"dropped"
5814,441,"2024-02-12","Payment",4,209,"viewed"
5815,2564,"2024-06-23","Pricing Page",2,48,"viewed"
5816,2505,"2024-02-16","Payment",4,39,"clicked"
5817,1551,"2024-03-14","Pricing Page",2,35,"clicked"
5818,1727,"2024-04-23","Pricing Page",2,42,"dropped"
5819,1498,"2024-05-06","Confirmation",5,184,"converted"
5820,1173,"2024-02-29","Pricing Page",2,42,"clicked"
5821,2459,"2024-02-18","Payment",4,126,"clicked"
5822,1906,"2024-03-04","Payment",4,40,"clicked"
5823,2388,"2024-02-10","Payment",4,202,"viewed"
5824,802,"2024-03-21","Pricing Page",2,61,"clicked"
5825,2737,"2024-04-18","Pricing Page",2,53,"clicked"
5826,1971,"2024-05-13","Plan Selection",3,83,"viewed"
5827,1110,"2024-05-18","Plan Selection",3,61,"dropped"
5828,99,"2024-05-02","Pricing Page",2,51,"dropped"
5829,1644,"2024-04-16","Pricing Page",2,61,"viewed"
5830,893,"2024-05-11","Payment",4,106,"dropped"
5831,1969,"2024-04-21","Home",1,156,"clicked"
5832,978,"2024-05-10","Plan Selection",3,196,"viewed"
5833,719,"2024-05-20","Home",1,103,"viewed"
5834,2580,"2024-05-15","Home",1,113,"dropped"
5835,267,"2024-01-12","Home",1,16,"dropped"
5836,174,"2024-02-05","Payment",4,99,"viewed"
5837,2213,"2024-02-13","Confirmation",5,51,"converted"
5838,235,"2024-05-19","Plan Selection",3,167,"dropped"
5839,173,"2024-01-06","Confirmation",5,178,"converted"
5840,743,"2024-05-08","Payment",4,196,"dropped"
5841,1059,"2024-01-13","Pricing Page",2,37,"dropped"
5842,436,"2024-04-16","Pricing Page",2,59,"dropped"
5843,1871,"2024-04-23","Pricing Page",2,50,"dropped"
5844,1511,"2024-03-21","Plan Selection",3,55,"viewed"
5845,858,"2024-03-22","Pricing Page",2,57,"dropped"
5846,1099,"2024-04-24","Home",1,100,"dropped"
5847,2560,"2024-01-27","Home",1,82,"clicked"
5848,1784,"2024-06-23","Home",1,62,"dropped"
5849,917,"2024-06-07","Pricing Page",2,56,"clicked"
5850,248,"2024-01-06","Confirmation",5,102,"converted"
5851,1709,"2024-03-25","Plan Selection",3,149,"viewed"
5852,235,"2024-03-29","Home",1,117,"dropped"
5853,2362,"2024-05-06","Home",1,130,"clicked"
5854,352,"2024-05-30","Payment",4,128,"clicked"
5855,2274,"2024-02-18","Home",1,113,"clicked"
5856,1365,"2024-01-12","Confirmation",5,137,"converted"
5857,829,"2024-03-27","Plan Selection",3,73,"viewed"
5858,2344,"2024-01-12","Confirmation",5,144,"converted"
5859,1342,"2024-02-09","Payment",4,21,"dropped"
5860,468,"2024-04-15","Pricing Page",2,51,"viewed"
5861,1070,"2024-06-21","Plan Selection",3,139,"dropped"
5862,2112,"2024-01-24","Plan Selection",3,79,"dropped"
5863,1334,"2024-06-16","Pricing Page",2,59,"clicked"
5864,1298,"2024-06-29","Plan Selection",3,104,"clicked"
5865,2882,"2024-06-26","Home",1,37,"viewed"
5866,2489,"2024-02-06","Plan Selection",3,197,"dropped"
5867,58,"2024-04-17","Confirmation",5,177,"converted"
5868,1208,"2024-04-01","Pricing Page",2,40,"dropped"
5869,168,"2024-06-10","Pricing Page",2,62,"dropped"
5870,1370,"2024-05-14","Pricing Page",2,51,"dropped"
5871,2415,"2024-03-02","Pricing Page",2,41,"dropped"
5872,93,"2024-01-12","Pricing Page",2,59,"dropped"
5873,2683,"2024-06-26","Pricing Page",2,44,"dropped"
5874,696,"2024-01-07","Pricing Page",2,38,"viewed"
5875,2325,"2024-01-24","Pricing Page",2,36,"dropped"
5876,2092,"2024-02-24","Pricing Page",2,35,"clicked"
5877,2447,"2024-01-10","Payment",4,200,"clicked"
5878,1735,"2024-01-06","Pricing Page",2,31,"viewed"
5879,1649,"2024-06-18","Home",1,90,"viewed"
5880,494,"2024-02-06","Plan Selection",3,10,"clicked"
5881,749,"2024-06-10","Plan Selection",3,179,"dropped"
5882,185,"2024-06-20","Plan Selection",3,195,"viewed"
5883,385,"2024-05-05","Home",1,68,"dropped"
5884,948,"2024-06-05","Pricing Page",2,46,"dropped"
5885,2235,"2024-05-16","Plan Selection",3,90,"clicked"
5886,2696,"2024-02-10","Pricing Page",2,44,"dropped"
5887,387,"2024-02-24","Home",1,140,"viewed"
5888,2150,"2024-05-20","Payment",4,81,"clicked"
5889,2318,"2024-01-29","Pricing Page",2,56,"viewed"
5890,531,"2024-01-02","Pricing Page",2,44,"viewed"
5891,276,"2024-05-13","Pricing Page",2,63,"dropped"
5892,1423,"2024-03-06","Pricing Page",2,53,"viewed"
5893,2635,"2024-05-30","Plan Selection",3,36,"dropped"
5894,1,"2024-05-18","Payment",4,177,"viewed"
5895,172,"2024-01-26","Plan Selection",3,58,"viewed"
5896,946,"2024-05-16","Payment",4,178,"viewed"
5897,624,"2024-05-24","Pricing Page",2,52,"dropped"
5898,2501,"2024-03-15","Plan Selection",3,122,"dropped"
5899,2833,"2024-03-03","Confirmation",5,98,"converted"
5900,1558,"2024-02-19","Payment",4,51,"viewed"
5901,1403,"2024-03-28","Home",1,145,"clicked"
5902,1389,"2024-03-17","Plan Selection",3,72,"clicked"
5903,488,"2024-04-09","Pricing Page",2,58,"clicked"
5904,106,"2024-02-28","Plan Selection",3,131,"clicked"
5905,1757,"2024-03-28","Plan Selection",3,192,"clicked"
5906,2783,"2024-01-08","Pricing Page",2,59,"clicked"
5907,1684,"2024-05-02","Plan Selection",3,96,"dropped"
5908,479,"2024-04-04","Home",1,26,"dropped"
5909,2515,"2024-01-26","Home",1,121,"dropped"
5910,936,"2024-06-24","Confirmation",5,134,"converted"
5911,1182,"2024-01-19","Pricing Page",2,40,"viewed"
5912,2793,"2024-02-14","Pricing Page",2,43,"viewed"
5913,784,"2024-04-09","Confirmation",5,32,"converted"
5914,2148,"2024-02-13","Home",1,109,"clicked"
5915,1012,"2024-04-16","Confirmation",5,177,"converted"
5916,1272,"2024-04-20","Payment",4,24,"dropped"
5917,2674,"2024-03-11","Pricing Page",2,36,"dropped"
5918,1390,"2024-04-29","Confirmation",5,131,"converted"
5919,821,"2024-04-09","Confirmation",5,11,"converted"
5920,745,"2024-02-08","Pricing Page",2,59,"viewed"
5921,2319,"2024-01-06","Payment",4,20,"viewed"
5922,2214,"2024-03-04","Plan Selection",3,142,"viewed"
5923,1198,"2024-06-23","Plan Selection",3,62,"clicked"
5924,774,"2024-01-12","Plan Selection",3,123,"dropped"
5925,706,"2024-04-20","Pricing Page",2,64,"dropped"
5926,1246,"2024-05-29","Payment",4,193,"viewed"
5927,52,"2024-02-10","Home",1,143,"dropped"
5928,2012,"2024-06-20","Payment",4,173,"viewed"
5929,2944,"2024-02-14","Pricing Page",2,51,"clicked"
5930,357,"2024-04-29","Confirmation",5,157,"converted"
5931,2600,"2024-01-21","Confirmation",5,107,"converted"
5932,1622,"2024-02-13","Plan Selection",3,48,"dropped"
5933,1379,"2024-05-02","Home",1,16,"dropped"
5934,1458,"2024-01-15","Confirmation",5,111,"converted"
5935,2028,"2024-06-05","Pricing Page",2,64,"dropped"
5936,2596,"2024-05-30","Plan Selection",3,64,"viewed"
5937,2209,"2024-04-08","Plan Selection",3,205,"clicked"
5938,2028,"2024-03-15","Home",1,196,"clicked"
5939,31,"2024-03-07","Payment",4,188,"dropped"
5940,1900,"2024-06-26","Home",1,35,"clicked"
5941,1828,"2024-02-14","Pricing Page",2,39,"dropped"
5942,1767,"2024-01-08","Pricing Page",2,31,"viewed"
5943,1105,"2024-01-28","Plan Selection",3,170,"dropped"
5944,2576,"2024-01-25","Home",1,33,"clicked"
5945,2948,"2024-01-21","Plan Selection",3,165,"dropped"
5946,2288,"2024-05-16","Pricing Page",2,42,"dropped"
5947,2845,"2024-06-14","Payment",4,183,"dropped"
5948,929,"2024-06-29","Home",1,63,"dropped"
5949,428,"2024-01-27","Pricing Page",2,30,"dropped"
5950,482,"2024-01-12","Payment",4,208,"clicked"
5951,959,"2024-02-09","Home",1,201,"clicked"
5952,859,"2024-01-24","Payment",4,133,"viewed"
5953,1618,"2024-04-29","Plan Selection",3,101,"dropped"
5954,2361,"2024-02-12","Payment",4,77,"clicked"
5955,933,"2024-05-17","Payment",4,23,"viewed"
5956,1432,"2024-02-01","Pricing Page",2,49,"dropped"
5957,186,"2024-02-19","Home",1,36,"dropped"
5958,209,"2024-01-12","Home",1,84,"clicked"
5959,1404,"2024-05-23","Plan Selection",3,87,"clicked"
5960,864,"2024-04-12","Confirmation",5,30,"converted"
5961,1926,"2024-06-11","Plan Selection",3,28,"viewed"
5962,2185,"2024-02-12","Confirmation",5,53,"converted"
5963,403,"2024-01-04","Plan Selection",3,96,"dropped"
5964,60,"2024-06-13","Pricing Page",2,59,"dropped"
5965,1802,"2024-04-06","Payment",4,165,"clicked"
5966,2962,"2024-01-26","Payment",4,69,"dropped"
5967,1063,"2024-01-05","Home",1,60,"dropped"
5968,1667,"2024-04-16","Pricing Page",2,57,"dropped"
5969,718,"2024-06-05","Plan Selection",3,91,"dropped"
5970,23,"2024-02-23","Pricing Page",2,42,"clicked"
5971,29,"2024-01-21","Plan Selection",3,86,"clicked"
5972,767,"2024-03-19","Pricing Page",2,58,"dropped"
5973,1100,"2024-06-21","Plan Selection",3,115,"viewed"
5974,1276,"2024-02-27","Pricing Page",2,50,"dropped"
5975,2624,"2024-02-13","Plan Selection",3,37,"viewed"
5976,1485,"2024-04-05","Home",1,40,"clicked"
5977,449,"2024-05-22","Pricing Page",2,38,"clicked"
5978,1277,"2024-01-05","Payment",4,46,"clicked"
5979,833,"2024-02-22","Plan Selection",3,48,"dropped"
5980,103,"2024-05-26","Confirmation",5,56,"converted"
5981,1106,"2024-01-27","Plan Selection",3,152,"viewed"
5982,574,"2024-06-22","Pricing Page",2,46,"clicked"
5983,1658,"2024-05-13","Home",1,201,"viewed"
5984,1530,"2024-04-04","Home",1,180,"dropped"
5985,1478,"2024-03-19","Plan Selection",3,33,"clicked"
5986,1073,"2024-01-30","Payment",4,42,"viewed"
5987,1945,"2024-03-05","Payment",4,45,"clicked"
5988,330,"2024-04-12","Plan Selection",3,172,"clicked"
5989,1130,"2024-02-04","Payment",4,117,"dropped"
5990,1397,"2024-05-03","Home",1,22,"dropped"
5991,148,"2024-03-31","Pricing Page",2,47,"dropped"
5992,680,"2024-06-03","Plan Selection",3,80,"dropped"
5993,121,"2024-01-26","Plan Selection",3,111,"viewed"
5994,1077,"2024-03-25","Pricing Page",2,64,"clicked"
5995,2058,"2024-03-16","Home",1,192,"clicked"
5996,1841,"2024-04-28","Pricing Page",2,42,"dropped"
5997,652,"2024-03-24","Plan Selection",3,192,"clicked"
5998,401,"2024-06-20","Pricing Page",2,64,"dropped"
5999,538,"2024-05-25","Pricing Page",2,38,"dropped"
6000,2859,"2024-06-25","Home",1,37,"viewed"
6001,2430,"2024-01-22","Home",1,105,"viewed"
6002,81,"2024-03-23","Home",1,132,"clicked"
6003,1625,"2024-02-20","Payment",4,15,"viewed"
6004,42,"2024-04-20","Home",1,58,"dropped"
6005,288,"2024-06-27","Plan Selection",3,58,"clicked"
6006,2179,"2024-05-17","Plan Selection",3,175,"clicked"
6007,2693,"2024-04-29","Plan Selection",3,12,"clicked"
6008,1031,"2024-06-09","Pricing Page",2,48,"dropped"
6009,2428,"2024-02-27","Home",1,178,"viewed"
6010,438,"2024-04-05","Home",1,85,"clicked"
6011,1381,"2024-03-03","Pricing Page",2,49,"dropped"
6012,1058,"2024-06-24","Payment",4,28,"dropped"
6013,2936,"2024-05-14","Payment",4,138,"viewed"
6014,1567,"2024-06-19","Home",1,189,"dropped"
6015,1621,"2024-04-12","Pricing Page",2,47,"viewed"
6016,2526,"2024-03-03","Home",1,194,"dropped"
6017,1319,"2024-01-14","Home",1,11,"viewed"
6018,1533,"2024-05-30","Plan Selection",3,139,"clicked"
6019,2474,"2024-01-12","Payment",4,205,"clicked"
6020,159,"2024-01-13","Home",1,161,"dropped"
6021,2299,"2024-02-07","Payment",4,20,"dropped"
6022,414,"2024-04-02","Home",1,47,"clicked"
6023,2907,"2024-02-28","Plan Selection",3,133,"viewed"
6024,2426,"2024-02-14","Payment",4,65,"viewed"
6025,110,"2024-02-17","Pricing Page",2,37,"clicked"
6026,1742,"2024-06-09","Plan Selection",3,162,"viewed"
6027,1570,"2024-02-29","Home",1,88,"viewed"
6028,1352,"2024-01-15","Home",1,13,"viewed"
6029,1796,"2024-02-06","Pricing Page",2,44,"viewed"
6030,999,"2024-03-12","Confirmation",5,158,"converted"
6031,2232,"2024-03-31","Pricing Page",2,61,"dropped"
6032,1933,"2024-04-18","Home",1,124,"viewed"
6033,1326,"2024-02-26","Pricing Page",2,39,"viewed"
6034,2763,"2024-02-25","Payment",4,193,"clicked"
6035,2127,"2024-04-30","Home",1,206,"clicked"
6036,2128,"2024-04-09","Plan Selection",3,103,"clicked"
6037,2661,"2024-01-12","Plan Selection",3,35,"viewed"
6038,2436,"2024-01-27","Pricing Page",2,30,"dropped"
6039,2697,"2024-06-18","Confirmation",5,32,"converted"
6040,1822,"2024-05-06","Plan Selection",3,67,"clicked"
6041,514,"2024-04-25","Plan Selection",3,92,"dropped"
6042,361,"2024-03-10","Plan Selection",3,146,"viewed"
6043,1373,"2024-02-04","Plan Selection",3,65,"viewed"
6044,1799,"2024-06-18","Confirmation",5,131,"converted"
6045,1194,"2024-01-29","Plan Selection",3,118,"viewed"
6046,2733,"2024-05-29","Pricing Page",2,54,"dropped"
6047,2962,"2024-03-05","Payment",4,10,"clicked"
6048,2629,"2024-04-27","Plan Selection",3,32,"viewed"
6049,954,"2024-03-12","Home",1,196,"clicked"
6050,428,"2024-06-20","Pricing Page",2,60,"clicked"
6051,2037,"2024-01-08","Home",1,148,"viewed"
6052,2405,"2024-01-15","Confirmation",5,157,"converted"
6053,2104,"2024-02-23","Pricing Page",2,58,"clicked"
6054,584,"2024-01-31","Pricing Page",2,51,"viewed"
6055,1163,"2024-02-04","Payment",4,83,"clicked"
6056,867,"2024-01-02","Home",1,176,"viewed"
6057,2252,"2024-05-25","Payment",4,92,"viewed"
6058,1902,"2024-06-01","Pricing Page",2,40,"dropped"
6059,2384,"2024-05-18","Pricing Page",2,64,"dropped"
6060,2561,"2024-06-24","Pricing Page",2,54,"viewed"
6061,1910,"2024-04-21","Home",1,21,"viewed"
6062,1545,"2024-03-06","Pricing Page",2,37,"clicked"
6063,2035,"2024-06-14","Plan Selection",3,203,"dropped"
6064,396,"2024-01-08","Payment",4,187,"dropped"
6065,1586,"2024-04-05","Home",1,138,"dropped"
6066,1475,"2024-02-07","Plan Selection",3,37,"dropped"
6067,2268,"2024-05-03","Home",1,132,"viewed"
6068,1549,"2024-04-12","Pricing Page",2,61,"viewed"
6069,1474,"2024-04-14","Pricing Page",2,47,"dropped"
6070,2911,"2024-05-04","Plan Selection",3,114,"dropped"
6071,2257,"2024-04-13","Plan Selection",3,62,"clicked"
6072,2543,"2024-04-29","Payment",4,160,"clicked"
6073,1271,"2024-04-01","Pricing Page",2,60,"dropped"
6074,2401,"2024-06-23","Pricing Page",2,43,"clicked"
6075,1608,"2024-06-03","Plan Selection",3,161,"viewed"
6076,2005,"2024-06-26","Confirmation",5,117,"converted"
6077,4,"2024-03-12","Confirmation",5,136,"converted"
6078,810,"2024-03-23","Pricing Page",2,67,"dropped"
6079,1610,"2024-02-05","Pricing Page",2,37,"dropped"
6080,2549,"2024-06-12","Confirmation",5,25,"converted"
6081,1581,"2024-03-12","Pricing Page",2,54,"viewed"
6082,465,"2024-06-28","Pricing Page",2,52,"viewed"
6083,748,"2024-03-18","Pricing Page",2,57,"dropped"
6084,2306,"2024-03-10","Plan Selection",3,204,"viewed"
6085,2931,"2024-06-21","Payment",4,61,"viewed"
6086,952,"2024-01-25","Payment",4,50,"viewed"
6087,1858,"2024-04-11","Confirmation",5,23,"converted"
6088,1459,"2024-02-11","Plan Selection",3,157,"viewed"
6089,2802,"2024-05-21","Home",1,54,"viewed"
6090,656,"2024-05-16","Home",1,84,"clicked"
6091,834,"2024-06-21","Confirmation",5,158,"converted"
6092,2887,"2024-04-14","Home",1,72,"clicked"
6093,2048,"2024-06-01","Home",1,76,"dropped"
6094,2035,"2024-06-28","Confirmation",5,131,"converted"
6095,893,"2024-04-29","Pricing Page",2,40,"dropped"
6096,1067,"2024-03-20","Home",1,86,"clicked"
6097,905,"2024-01-07","Pricing Page",2,39,"clicked"
6098,1407,"2024-02-26","Home",1,180,"viewed"
6099,1266,"2024-05-09","Pricing Page",2,52,"dropped"
6100,1244,"2024-06-26","Plan Selection",3,88,"viewed"
6101,1835,"2024-02-03","Home",1,190,"dropped"
6102,1391,"2024-04-21","Plan Selection",3,130,"viewed"
6103,2753,"2024-05-15","Home",1,162,"viewed"
6104,2061,"2024-01-10","Pricing Page",2,56,"clicked"
6105,373,"2024-03-08","Pricing Page",2,40,"dropped"
6106,1211,"2024-01-25","Pricing Page",2,57,"dropped"
6107,2768,"2024-02-12","Pricing Page",2,40,"clicked"
6108,2068,"2024-05-22","Payment",4,206,"clicked"
6109,1687,"2024-06-13","Payment",4,116,"dropped"
6110,2751,"2024-02-20","Plan Selection",3,84,"viewed"
6111,1646,"2024-06-20","Home",1,125,"viewed"
6112,1291,"2024-02-16","Confirmation",5,49,"converted"
6113,2992,"2024-03-13","Home",1,175,"dropped"
6114,461,"2024-03-10","Pricing Page",2,34,"dropped"
6115,271,"2024-04-10","Plan Selection",3,184,"viewed"
6116,1695,"2024-02-27","Confirmation",5,108,"converted"
6117,2367,"2024-03-26","Confirmation",5,123,"converted"
6118,2523,"2024-04-01","Home",1,108,"clicked"
6119,2515,"2024-05-24","Pricing Page",2,38,"clicked"
6120,2974,"2024-01-26","Payment",4,66,"dropped"
6121,353,"2024-01-01","Plan Selection",3,80,"viewed"
6122,2040,"2024-01-28","Payment",4,45,"viewed"
6123,2976,"2024-06-01","Pricing Page",2,58,"clicked"
6124,1673,"2024-04-19","Pricing Page",2,67,"viewed"
6125,1182,"2024-03-03","Plan Selection",3,154,"viewed"
6126,1770,"2024-01-18","Plan Selection",3,65,"clicked"
6127,1310,"2024-03-16","Payment",4,138,"viewed"
6128,1385,"2024-05-01","Confirmation",5,183,"converted"
6129,1242,"2024-03-24","Home",1,203,"viewed"
6130,736,"2024-03-01","Confirmation",5,147,"converted"
6131,1847,"2024-01-04","Pricing Page",2,36,"dropped"
6132,1933,"2024-03-26","Pricing Page",2,59,"dropped"
6133,1638,"2024-05-05","Payment",4,26,"viewed"
6134,1027,"2024-06-21","Payment",4,185,"dropped"
6135,328,"2024-01-18","Home",1,114,"dropped"
6136,37,"2024-05-09","Plan Selection",3,121,"dropped"
6137,461,"2024-02-19","Confirmation",5,146,"converted"
6138,2171,"2024-04-11","Plan Selection",3,115,"viewed"
6139,2746,"2024-03-28","Plan Selection",3,180,"clicked"
6140,2666,"2024-04-13","Home",1,63,"viewed"
6141,2877,"2024-04-06","Payment",4,83,"clicked"
6142,669,"2024-05-09","Confirmation",5,86,"converted"
6143,566,"2024-05-24","Pricing Page",2,61,"clicked"
6144,2322,"2024-06-27","Plan Selection",3,23,"clicked"
6145,1178,"2024-03-14","Payment",4,27,"viewed"
6146,60,"2024-04-05","Plan Selection",3,69,"viewed"
6147,2834,"2024-03-16","Pricing Page",2,67,"dropped"
6148,654,"2024-03-06","Home",1,149,"dropped"
6149,2903,"2024-05-25","Home",1,42,"clicked"
6150,2672,"2024-01-05","Pricing Page",2,34,"clicked"
6151,1838,"2024-05-29","Pricing Page",2,38,"dropped"
6152,201,"2024-04-26","Home",1,48,"viewed"
6153,2560,"2024-04-20","Pricing Page",2,55,"dropped"
6154,1194,"2024-05-10","Pricing Page",2,64,"dropped"
6155,1312,"2024-04-04","Pricing Page",2,64,"dropped"
6156,764,"2024-04-03","Payment",4,113,"dropped"
6157,552,"2024-03-27","Payment",4,165,"clicked"
6158,1318,"2024-01-25","Pricing Page",2,41,"viewed"
6159,2816,"2024-02-15","Pricing Page",2,44,"dropped"
6160,1981,"2024-02-16","Pricing Page",2,53,"dropped"
6161,2553,"2024-01-20","Confirmation",5,119,"converted"
6162,2476,"2024-03-27","Confirmation",5,46,"converted"
6163,438,"2024-02-01","Pricing Page",2,51,"dropped"
6164,2245,"2024-02-11","Confirmation",5,168,"converted"
6165,816,"2024-06-27","Home",1,127,"viewed"
6166,969,"2024-05-17","Payment",4,189,"viewed"
6167,568,"2024-01-04","Plan Selection",3,122,"dropped"
6168,1630,"2024-06-25","Pricing Page",2,47,"clicked"
6169,500,"2024-03-07","Pricing Page",2,49,"dropped"
6170,2347,"2024-03-30","Home",1,35,"clicked"
6171,2966,"2024-01-22","Plan Selection",3,168,"dropped"
6172,2831,"2024-04-05","Payment",4,106,"viewed"
6173,1291,"2024-02-10","Payment",4,95,"viewed"
6174,377,"2024-04-15","Plan Selection",3,199,"dropped"
6175,2359,"2024-04-09","Pricing Page",2,47,"dropped"
6176,2769,"2024-04-01","Payment",4,58,"viewed"
6177,284,"2024-04-14","Plan Selection",3,63,"clicked"
6178,2818,"2024-01-09","Pricing Page",2,57,"dropped"
6179,645,"2024-06-07","Payment",4,14,"viewed"
6180,1667,"2024-01-01","Pricing Page",2,52,"clicked"
6181,202,"2024-03-06","Plan Selection",3,190,"viewed"
6182,2845,"2024-04-08","Payment",4,157,"dropped"
6183,311,"2024-02-29","Pricing Page",2,51,"clicked"
6184,1174,"2024-03-23","Home",1,38,"clicked"
6185,1710,"2024-04-28","Plan Selection",3,183,"viewed"
6186,1828,"2024-01-22","Payment",4,93,"viewed"
6187,2630,"2024-06-13","Confirmation",5,168,"converted"
6188,751,"2024-06-07","Plan Selection",3,120,"viewed"
6189,1729,"2024-03-03","Confirmation",5,188,"converted"
6190,1561,"2024-06-14","Home",1,84,"viewed"
6191,2477,"2024-05-17","Pricing Page",2,49,"viewed"
6192,807,"2024-05-08","Payment",4,118,"clicked"
6193,2786,"2024-01-20","Payment",4,108,"dropped"
6194,1000,"2024-02-03","Confirmation",5,16,"converted"
6195,1217,"2024-06-18","Pricing Page",2,52,"dropped"
6196,2911,"2024-04-14","Confirmation",5,46,"converted"
6197,2912,"2024-02-24","Plan Selection",3,13,"clicked"
6198,1925,"2024-02-04","Home",1,128,"viewed"
6199,1647,"2024-01-27","Home",1,11,"viewed"
6200,2453,"2024-05-21","Pricing Page",2,67,"dropped"
6201,1172,"2024-04-13","Plan Selection",3,153,"clicked"
6202,1414,"2024-05-21","Plan Selection",3,41,"clicked"
6203,2799,"2024-05-28","Pricing Page",2,40,"dropped"
6204,1075,"2024-02-07","Confirmation",5,55,"converted"
6205,666,"2024-03-18","Pricing Page",2,40,"dropped"
6206,2956,"2024-05-17","Payment",4,198,"dropped"
6207,90,"2024-04-25","Home",1,131,"viewed"
6208,2460,"2024-06-13","Home",1,160,"clicked"
6209,284,"2024-01-11","Home",1,193,"clicked"
6210,2795,"2024-01-08","Pricing Page",2,59,"clicked"
6211,611,"2024-01-25","Home",1,190,"clicked"
6212,2838,"2024-05-13","Payment",4,14,"clicked"
6213,2352,"2024-02-07","Plan Selection",3,177,"dropped"
6214,230,"2024-01-05","Confirmation",5,92,"converted"
6215,1124,"2024-04-24","Home",1,61,"dropped"
6216,699,"2024-04-11","Home",1,175,"viewed"
6217,2025,"2024-06-08","Pricing Page",2,45,"dropped"
6218,2319,"2024-04-10","Pricing Page",2,56,"clicked"
6219,2115,"2024-03-12","Payment",4,26,"viewed"
6220,93,"2024-04-16","Payment",4,97,"viewed"
6221,145,"2024-02-10","Confirmation",5,47,"converted"
6222,61,"2024-04-07","Plan Selection",3,129,"dropped"
6223,1489,"2024-02-25","Home",1,70,"clicked"
6224,67,"2024-06-20","Plan Selection",3,121,"viewed"
6225,177,"2024-01-10","Home",1,72,"clicked"
6226,1248,"2024-02-18","Home",1,150,"dropped"
6227,2751,"2024-06-24","Home",1,127,"viewed"
6228,1267,"2024-02-06","Payment",4,29,"clicked"
6229,63,"2024-02-27","Plan Selection",3,147,"viewed"
6230,609,"2024-03-23","Plan Selection",3,200,"viewed"
6231,2926,"2024-04-14","Confirmation",5,33,"converted"
6232,2026,"2024-01-05","Home",1,86,"viewed"
6233,246,"2024-03-25","Home",1,28,"dropped"
6234,1600,"2024-02-02","Pricing Page",2,58,"viewed"
6235,1985,"2024-04-14","Confirmation",5,168,"converted"
6236,768,"2024-06-11","Plan Selection",3,183,"dropped"
6237,1198,"2024-03-12","Payment",4,161,"clicked"
6238,2312,"2024-04-24","Payment",4,72,"dropped"
6239,725,"2024-01-19","Payment",4,135,"viewed"
6240,142,"2024-06-07","Pricing Page",2,53,"viewed"
6241,190,"2024-04-07","Pricing Page",2,64,"viewed"
6242,2547,"2024-04-10","Pricing Page",2,51,"dropped"
6243,1789,"2024-02-07","Pricing Page",2,50,"clicked"
6244,2853,"2024-06-24","Confirmation",5,12,"converted"
6245,328,"2024-04-02","Pricing Page",2,56,"dropped"
6246,777,"2024-01-03","Pricing Page",2,43,"dropped"
6247,616,"2024-01-21","Confirmation",5,92,"converted"
6248,619,"2024-05-24","Pricing Page",2,51,"dropped"
6249,858,"2024-01-11","Pricing Page",2,58,"clicked"
6250,1973,"2024-05-19","Confirmation",5,33,"converted"
6251,2793,"2024-02-24","Plan Selection",3,137,"dropped"
6252,1369,"2024-01-11","Confirmation",5,85,"converted"
6253,460,"2024-04-25","Payment",4,159,"clicked"
6254,1367,"2024-04-29","Confirmation",5,145,"converted"
6255,1759,"2024-06-12","Payment",4,24,"dropped"
6256,843,"2024-01-19","Plan Selection",3,16,"dropped"
6257,2128,"2024-01-12","Home",1,151,"dropped"
6258,2738,"2024-04-07","Confirmation",5,45,"converted"
6259,62,"2024-04-11","Payment",4,26,"dropped"
6260,1622,"2024-02-10","Plan Selection",3,180,"viewed"
6261,630,"2024-05-22","Pricing Page",2,41,"clicked"
6262,498,"2024-05-10","Home",1,76,"clicked"
6263,2435,"2024-06-25","Pricing Page",2,46,"dropped"
6264,2121,"2024-02-04","Payment",4,127,"clicked"
6265,1325,"2024-06-09","Home",1,182,"viewed"
6266,1210,"2024-01-05","Confirmation",5,100,"converted"
6267,1632,"2024-03-07","Home",1,186,"viewed"
6268,1434,"2024-06-14","Home",1,196,"clicked"
6269,1618,"2024-06-09","Payment",4,104,"viewed"
6270,2933,"2024-02-15","Pricing Page",2,55,"dropped"
6271,2343,"2024-01-22","Pricing Page",2,55,"clicked"
6272,691,"2024-03-26","Plan Selection",3,186,"clicked"
6273,1716,"2024-04-04","Confirmation",5,203,"converted"
6274,307,"2024-04-21","Payment",4,13,"viewed"
6275,2418,"2024-05-08","Home",1,126,"clicked"
6276,1901,"2024-05-14","Payment",4,168,"clicked"
6277,1215,"2024-03-05","Plan Selection",3,151,"viewed"
6278,810,"2024-05-08","Payment",4,135,"viewed"
6279,1454,"2024-05-25","Plan Selection",3,99,"clicked"
6280,704,"2024-04-23","Pricing Page",2,47,"dropped"
6281,831,"2024-04-28","Pricing Page",2,46,"dropped"
6282,640,"2024-01-10","Plan Selection",3,207,"dropped"
6283,759,"2024-01-25","Confirmation",5,58,"converted"
6284,1225,"2024-02-28","Pricing Page",2,58,"clicked"
6285,2777,"2024-06-27","Home",1,166,"clicked"
6286,145,"2024-05-24","Payment",4,181,"viewed"
6287,284,"2024-02-19","Home",1,129,"viewed"
6288,2580,"2024-01-21","Confirmation",5,119,"converted"
6289,2441,"2024-03-17","Plan Selection",3,22,"clicked"
6290,1307,"2024-02-06","Plan Selection",3,186,"clicked"
6291,2749,"2024-04-27","Pricing Page",2,52,"viewed"
6292,1384,"2024-03-04","Pricing Page",2,53,"viewed"
6293,1960,"2024-06-06","Pricing Page",2,49,"clicked"
6294,998,"2024-04-15","Confirmation",5,180,"converted"
6295,1493,"2024-06-17","Home",1,17,"viewed"
6296,931,"2024-03-31","Plan Selection",3,75,"viewed"
6297,2077,"2024-04-29","Pricing Page",2,42,"dropped"
6298,1878,"2024-01-20","Plan Selection",3,17,"dropped"
6299,2172,"2024-01-22","Pricing Page",2,51,"dropped"
6300,1526,"2024-04-09","Pricing Page",2,53,"viewed"
6301,2848,"2024-01-07","Pricing Page",2,46,"viewed"
6302,831,"2024-01-03","Pricing Page",2,34,"dropped"
6303,1978,"2024-02-12","Pricing Page",2,39,"viewed"
6304,74,"2024-01-23","Plan Selection",3,84,"dropped"
6305,2819,"2024-01-12","Plan Selection",3,79,"dropped"
6306,2956,"2024-02-26","Plan Selection",3,24,"clicked"
6307,1670,"2024-01-22","Confirmation",5,69,"converted"
6308,2053,"2024-04-06","Plan Selection",3,110,"viewed"
6309,2063,"2024-04-05","Plan Selection",3,59,"clicked"
6310,2954,"2024-02-21","Pricing Page",2,45,"dropped"
6311,282,"2024-01-18","Pricing Page",2,52,"dropped"
6312,926,"2024-02-08","Home",1,20,"viewed"
6313,326,"2024-06-26","Plan Selection",3,198,"viewed"
6314,270,"2024-03-31","Pricing Page",2,56,"dropped"
6315,311,"2024-03-05","Pricing Page",2,39,"dropped"
6316,143,"2024-04-21","Confirmation",5,173,"converted"
6317,886,"2024-01-04","Pricing Page",2,59,"dropped"
6318,2169,"2024-04-16","Payment",4,40,"clicked"
6319,1805,"2024-05-19","Home",1,196,"clicked"
6320,2324,"2024-02-29","Pricing Page",2,49,"dropped"
6321,558,"2024-02-18","Payment",4,24,"dropped"
6322,2847,"2024-04-27","Pricing Page",2,38,"viewed"
6323,1489,"2024-05-16","Pricing Page",2,41,"clicked"
6324,986,"2024-03-21","Pricing Page",2,64,"clicked"
6325,2592,"2024-02-06","Pricing Page",2,44,"dropped"
6326,1417,"2024-05-24","Plan Selection",3,101,"clicked"
6327,1444,"2024-05-06","Home",1,31,"clicked"
6328,2337,"2024-04-24","Payment",4,57,"viewed"
6329,2517,"2024-01-12","Payment",4,165,"clicked"
6330,511,"2024-03-05","Pricing Page",2,37,"clicked"
6331,917,"2024-02-27","Plan Selection",3,96,"dropped"
6332,1179,"2024-04-08","Plan Selection",3,33,"viewed"
6333,823,"2024-04-18","Home",1,24,"viewed"
6334,2835,"2024-02-11","Pricing Page",2,56,"clicked"
6335,2774,"2024-01-11","Plan Selection",3,88,"clicked"
6336,2924,"2024-04-14","Confirmation",5,28,"converted"
6337,1724,"2024-04-16","Pricing Page",2,48,"dropped"
6338,1200,"2024-05-10","Pricing Page",2,65,"dropped"
6339,2866,"2024-05-15","Payment",4,36,"dropped"
6340,2213,"2024-04-20","Payment",4,87,"clicked"
6341,2564,"2024-01-12","Payment",4,121,"clicked"
6342,22,"2024-03-18","Home",1,80,"clicked"
6343,2623,"2024-02-07","Pricing Page",2,43,"viewed"
6344,1317,"2024-03-03","Pricing Page",2,30,"viewed"
6345,222,"2024-06-13","Pricing Page",2,63,"dropped"
6346,786,"2024-02-05","Home",1,83,"clicked"
6347,565,"2024-01-31","Pricing Page",2,57,"viewed"
6348,295,"2024-01-30","Plan Selection",3,26,"viewed"
6349,238,"2024-05-25","Payment",4,105,"dropped"
6350,2631,"2024-02-05","Pricing Page",2,34,"viewed"
6351,901,"2024-02-11","Pricing Page",2,46,"dropped"
6352,1383,"2024-02-11","Payment",4,41,"clicked"
6353,2671,"2024-01-07","Plan Selection",3,100,"viewed"
6354,714,"2024-01-07","Pricing Page",2,35,"clicked"
6355,746,"2024-04-10","Home",1,115,"clicked"
6356,2907,"2024-02-27","Plan Selection",3,101,"dropped"
6357,2539,"2024-03-31","Confirmation",5,62,"converted"
6358,1387,"2024-04-04","Pricing Page",2,54,"dropped"
6359,1721,"2024-05-15","Home",1,193,"clicked"
6360,2047,"2024-06-20","Plan Selection",3,142,"dropped"
6361,145,"2024-04-21","Confirmation",5,184,"converted"
6362,1581,"2024-01-04","Plan Selection",3,103,"viewed"
6363,2302,"2024-02-29","Pricing Page",2,53,"viewed"
6364,2082,"2024-01-12","Pricing Page",2,59,"dropped"
6365,448,"2024-01-16","Confirmation",5,128,"converted"
6366,153,"2024-03-27","Pricing Page",2,62,"dropped"
6367,289,"2024-04-11","Plan Selection",3,196,"dropped"
6368,1937,"2024-06-23","Payment",4,111,"viewed"
6369,2806,"2024-01-01","Pricing Page",2,32,"viewed"
6370,1833,"2024-05-12","Payment",4,192,"dropped"
6371,2330,"2024-04-13","Plan Selection",3,199,"dropped"
6372,2465,"2024-05-08","Home",1,80,"clicked"
6373,734,"2024-06-01","Pricing Page",2,65,"dropped"
6374,2791,"2024-02-11","Pricing Page",2,34,"clicked"
6375,2037,"2024-04-05","Plan Selection",3,83,"dropped"
6376,723,"2024-01-01","Pricing Page",2,41,"dropped"
6377,1523,"2024-01-22","Home",1,19,"viewed"
6378,2462,"2024-01-23","Home",1,95,"viewed"
6379,29,"2024-01-14","Pricing Page",2,43,"dropped"
6380,2549,"2024-04-06","Home",1,204,"clicked"
6381,1961,"2024-05-11","Plan Selection",3,51,"dropped"
6382,1214,"2024-01-01","Payment",4,19,"viewed"
6383,2639,"2024-06-26","Pricing Page",2,50,"dropped"
6384,514,"2024-06-28","Pricing Page",2,46,"dropped"
6385,1460,"2024-02-10","Plan Selection",3,145,"clicked"
6386,2416,"2024-06-16","Pricing Page",2,46,"clicked"
6387,925,"2024-01-04","Home",1,177,"viewed"
6388,2125,"2024-04-20","Confirmation",5,167,"converted"
6389,485,"2024-03-22","Payment",4,105,"dropped"
6390,19,"2024-05-19","Payment",4,176,"viewed"
6391,2675,"2024-03-17","Pricing Page",2,66,"dropped"
6392,1038,"2024-03-13","Confirmation",5,134,"converted"
6393,675,"2024-02-15","Plan Selection",3,46,"dropped"
6394,465,"2024-03-05","Pricing Page",2,45,"clicked"
6395,2092,"2024-04-05","Plan Selection",3,45,"dropped"
6396,1774,"2024-02-21","Plan Selection",3,82,"viewed"
6397,1079,"2024-01-24","Plan Selection",3,93,"clicked"
6398,2241,"2024-04-07","Pricing Page",2,57,"viewed"
6399,1342,"2024-04-19","Plan Selection",3,121,"viewed"
6400,458,"2024-03-25","Confirmation",5,13,"converted"
6401,1321,"2024-01-27","Pricing Page",2,47,"clicked"
6402,1514,"2024-04-17","Pricing Page",2,54,"dropped"
6403,159,"2024-02-14","Home",1,132,"viewed"
6404,1186,"2024-03-20","Home",1,159,"viewed"
6405,672,"2024-01-08","Plan Selection",3,120,"dropped"
6406,302,"2024-01-10","Confirmation",5,128,"converted"
6407,342,"2024-05-23","Plan Selection",3,161,"viewed"
6408,741,"2024-04-04","Payment",4,171,"clicked"
6409,1860,"2024-06-07","Plan Selection",3,201,"dropped"
6410,1000,"2024-06-19","Plan Selection",3,151,"clicked"
6411,24,"2024-05-17","Payment",4,120,"clicked"
6412,1923,"2024-05-29","Pricing Page",2,56,"dropped"
6413,698,"2024-06-14","Payment",4,140,"viewed"
6414,420,"2024-06-01","Payment",4,98,"viewed"
6415,2356,"2024-03-24","Confirmation",5,89,"converted"
6416,328,"2024-03-05","Pricing Page",2,37,"viewed"
6417,1340,"2024-05-10","Pricing Page",2,43,"dropped"
6418,2922,"2024-04-10","Payment",4,136,"clicked"
6419,2943,"2024-02-02","Confirmation",5,58,"converted"
6420,1045,"2024-01-02","Home",1,10,"dropped"
6421,4,"2024-06-29","Confirmation",5,187,"converted"
6422,1529,"2024-06-09","Confirmation",5,186,"converted"
6423,2076,"2024-05-26","Confirmation",5,84,"converted"
6424,2959,"2024-05-27","Home",1,31,"dropped"
6425,2282,"2024-01-27","Pricing Page",2,56,"viewed"
6426,601,"2024-01-21","Confirmation",5,108,"converted"
6427,1706,"2024-03-06","Home",1,93,"viewed"
6428,1966,"2024-06-18","Plan Selection",3,154,"clicked"
6429,888,"2024-01-01","Home",1,140,"viewed"
6430,1081,"2024-02-08","Confirmation",5,53,"converted"
6431,545,"2024-02-15","Payment",4,179,"dropped"
6432,2453,"2024-06-06","Confirmation",5,193,"converted"
6433,2614,"2024-04-18","Pricing Page",2,42,"dropped"
6434,1467,"2024-05-02","Confirmation",5,118,"converted"
6435,2927,"2024-02-14","Pricing Page",2,53,"dropped"
6436,2425,"2024-06-17","Pricing Page",2,49,"dropped"
6437,2755,"2024-06-20","Confirmation",5,23,"converted"
6438,1158,"2024-05-12","Pricing Page",2,46,"viewed"
6439,2854,"2024-06-04","Pricing Page",2,58,"dropped"
6440,528,"2024-05-15","Pricing Page",2,63,"dropped"
6441,951,"2024-06-06","Pricing Page",2,51,"viewed"
6442,1906,"2024-02-04","Home",1,140,"dropped"
6443,2155,"2024-02-02","Payment",4,57,"viewed"
6444,2624,"2024-04-22","Pricing Page",2,53,"dropped"
6445,1402,"2024-05-07","Home",1,103,"viewed"
6446,1590,"2024-05-05","Payment",4,64,"viewed"
6447,2964,"2024-04-28","Pricing Page",2,54,"clicked"
6448,1316,"2024-05-16","Pricing Page",2,67,"dropped"
6449,1872,"2024-04-19","Home",1,191,"dropped"
6450,2407,"2024-05-06","Home",1,69,"dropped"
6451,1033,"2024-06-26","Confirmation",5,101,"converted"
6452,1924,"2024-05-31","Pricing Page",2,61,"dropped"
6453,421,"2024-03-18","Plan Selection",3,68,"clicked"
6454,2180,"2024-05-01","Home",1,174,"viewed"
6455,1776,"2024-01-23","Payment",4,185,"viewed"
6456,1736,"2024-03-06","Home",1,72,"clicked"
6457,2001,"2024-03-08","Payment",4,45,"clicked"
6458,179,"2024-03-02","Plan Selection",3,121,"dropped"
6459,1576,"2024-06-13","Confirmation",5,33,"converted"
6460,2042,"2024-01-10","Pricing Page",2,56,"viewed"
6461,1385,"2024-05-30","Payment",4,71,"clicked"
6462,1279,"2024-02-27","Pricing Page",2,47,"dropped"
6463,1401,"2024-02-02","Plan Selection",3,206,"clicked"
6464,217,"2024-01-27","Plan Selection",3,35,"dropped"
6465,246,"2024-01-25","Pricing Page",2,51,"dropped"
6466,447,"2024-06-28","Plan Selection",3,118,"dropped"
6467,1201,"2024-03-10","Payment",4,100,"dropped"
6468,514,"2024-04-06","Home",1,52,"clicked"
6469,763,"2024-04-06","Confirmation",5,190,"converted"
6470,2451,"2024-03-08","Pricing Page",2,58,"clicked"
6471,2943,"2024-02-02","Confirmation",5,51,"converted"
6472,601,"2024-03-08","Pricing Page",2,35,"dropped"
6473,703,"2024-05-04","Payment",4,145,"dropped"
6474,2017,"2024-06-18","Plan Selection",3,114,"viewed"
6475,1541,"2024-05-09","Home",1,24,"dropped"
6476,2778,"2024-06-19","Confirmation",5,179,"converted"
6477,1297,"2024-04-21","Payment",4,35,"clicked"
6478,2680,"2024-05-05","Payment",4,193,"dropped"
6479,493,"2024-02-19","Payment",4,111,"viewed"
6480,736,"2024-03-06","Home",1,61,"dropped"
6481,1918,"2024-06-20","Payment",4,69,"dropped"
6482,416,"2024-05-01","Confirmation",5,149,"converted"
6483,1989,"2024-02-09","Home",1,185,"dropped"
6484,2207,"2024-03-22","Home",1,196,"clicked"
6485,1889,"2024-05-05","Plan Selection",3,166,"dropped"
6486,1835,"2024-03-28","Plan Selection",3,109,"viewed"
6487,199,"2024-02-05","Payment",4,80,"clicked"
6488,2764,"2024-03-16","Pricing Page",2,49,"viewed"
6489,1705,"2024-01-01","Pricing Page",2,47,"viewed"
6490,373,"2024-05-04","Home",1,66,"dropped"
6491,450,"2024-01-28","Pricing Page",2,33,"clicked"
6492,2543,"2024-02-27","Home",1,66,"clicked"
6493,1439,"2024-04-19","Plan Selection",3,28,"viewed"
6494,886,"2024-03-01","Payment",4,199,"clicked"
6495,2944,"2024-05-27","Home",1,41,"clicked"
6496,2072,"2024-01-28","Plan Selection",3,11,"viewed"
6497,2360,"2024-01-09","Payment",4,50,"clicked"
6498,1312,"2024-06-22","Pricing Page",2,54,"dropped"
6499,2644,"2024-03-27","Payment",4,79,"clicked"
6500,953,"2024-01-31","Confirmation",5,194,"converted"
6501,2859,"2024-06-29","Home",1,149,"dropped"
6502,897,"2024-02-16","Pricing Page",2,33,"clicked"
6503,543,"2024-03-06","Pricing Page",2,36,"dropped"
6504,535,"2024-05-18","Pricing Page",2,42,"clicked"
6505,2426,"2024-04-01","Home",1,198,"clicked"
6506,1131,"2024-04-11","Plan Selection",3,151,"clicked"
6507,1071,"2024-02-24","Pricing Page",2,37,"viewed"
6508,2576,"2024-04-08","Home",1,34,"dropped"
6509,1191,"2024-04-05","Pricing Page",2,57,"viewed"
6510,1597,"2024-06-26","Pricing Page",2,54,"clicked"
6511,1037,"2024-03-06","Payment",4,155,"clicked"
6512,1725,"2024-05-28","Pricing Page",2,50,"viewed"
6513,2120,"2024-04-08","Plan Selection",3,78,"viewed"
6514,1958,"2024-03-22","Pricing Page",2,42,"viewed"
6515,2827,"2024-01-11","Pricing Page",2,35,"clicked"
6516,255,"2024-05-30","Confirmation",5,207,"converted"
6517,726,"2024-02-15","Plan Selection",3,198,"dropped"
6518,1892,"2024-06-07","Pricing Page",2,63,"clicked"
6519,462,"2024-04-10","Pricing Page",2,66,"clicked"
6520,2343,"2024-05-15","Pricing Page",2,62,"clicked"
6521,1717,"2024-03-25","Plan Selection",3,139,"clicked"
6522,446,"2024-03-28","Confirmation",5,99,"converted"
6523,875,"2024-01-22","Plan Selection",3,51,"viewed"
6524,2671,"2024-05-14","Home",1,209,"viewed"
6525,822,"2024-05-26","Pricing Page",2,58,"clicked"
6526,2206,"2024-03-13","Payment",4,171,"viewed"
6527,2229,"2024-05-27","Payment",4,161,"clicked"
6528,216,"2024-04-09","Plan Selection",3,24,"viewed"
6529,1156,"2024-05-18","Plan Selection",3,27,"clicked"
6530,2379,"2024-05-11","Pricing Page",2,41,"clicked"
6531,2003,"2024-06-16","Plan Selection",3,85,"viewed"
6532,2442,"2024-01-19","Home",1,21,"dropped"
6533,466,"2024-04-15","Pricing Page",2,51,"viewed"
6534,822,"2024-04-18","Home",1,27,"viewed"
6535,680,"2024-03-21","Plan Selection",3,77,"dropped"
6536,1384,"2024-01-04","Plan Selection",3,105,"clicked"
6537,2859,"2024-06-17","Payment",4,41,"clicked"
6538,1944,"2024-06-23","Payment",4,110,"viewed"
6539,2714,"2024-06-06","Plan Selection",3,130,"dropped"
6540,1936,"2024-06-20","Payment",4,54,"viewed"
6541,2010,"2024-03-03","Payment",4,131,"viewed"
6542,1247,"2024-04-06","Pricing Page",2,53,"dropped"
6543,2906,"2024-06-18","Payment",4,18,"viewed"
6544,1151,"2024-02-08","Confirmation",5,189,"converted"
6545,2296,"2024-01-25","Pricing Page",2,45,"clicked"
6546,1835,"2024-05-17","Confirmation",5,113,"converted"
6547,2154,"2024-01-06","Home",1,195,"viewed"
6548,1101,"2024-06-19","Plan Selection",3,53,"clicked"
6549,2093,"2024-05-01","Pricing Page",2,48,"viewed"
6550,2443,"2024-01-24","Pricing Page",2,49,"clicked"
6551,534,"2024-01-03","Plan Selection",3,132,"clicked"
6552,1658,"2024-02-28","Confirmation",5,183,"converted"
6553,1301,"2024-04-12","Plan Selection",3,190,"viewed"
6554,317,"2024-04-25","Payment",4,94,"clicked"
6555,820,"2024-06-01","Pricing Page",2,52,"dropped"
6556,1153,"2024-03-20","Home",1,192,"clicked"
6557,1082,"2024-04-08","Plan Selection",3,129,"dropped"
6558,1383,"2024-01-28","Pricing Page",2,41,"viewed"
6559,593,"2024-03-04","Home",1,172,"clicked"
6560,717,"2024-04-16","Pricing Page",2,49,"dropped"
6561,467,"2024-06-25","Pricing Page",2,43,"clicked"
6562,1550,"2024-05-17","Pricing Page",2,66,"viewed"
6563,2868,"2024-06-15","Payment",4,196,"clicked"
6564,1261,"2024-05-19","Plan Selection",3,141,"clicked"
6565,1557,"2024-01-19","Confirmation",5,103,"converted"
6566,1434,"2024-06-27","Pricing Page",2,52,"viewed"
6567,146,"2024-04-13","Plan Selection",3,176,"dropped"
6568,1910,"2024-01-20","Plan Selection",3,167,"dropped"
6569,140,"2024-06-27","Payment",4,197,"clicked"
6570,2901,"2024-05-18","Confirmation",5,81,"converted"
6571,2964,"2024-06-06","Pricing Page",2,47,"dropped"
6572,1486,"2024-06-26","Pricing Page",2,41,"dropped"
6573,672,"2024-02-04","Pricing Page",2,56,"clicked"
6574,2845,"2024-02-04","Home",1,206,"clicked"
6575,2865,"2024-01-06","Pricing Page",2,41,"viewed"
6576,2398,"2024-01-09","Payment",4,11,"clicked"
6577,2173,"2024-06-25","Plan Selection",3,121,"viewed"
6578,2385,"2024-06-11","Home",1,171,"viewed"
6579,927,"2024-02-24","Plan Selection",3,12,"clicked"
6580,1558,"2024-04-29","Payment",4,164,"viewed"
6581,2220,"2024-06-05","Home",1,189,"dropped"
6582,807,"2024-05-19","Home",1,186,"clicked"
6583,2482,"2024-02-15","Payment",4,41,"clicked"
6584,2032,"2024-01-19","Pricing Page",2,31,"viewed"
6585,2991,"2024-03-31","Plan Selection",3,25,"viewed"
6586,2764,"2024-01-22","Payment",4,163,"clicked"
6587,1630,"2024-04-19","Pricing Page",2,44,"clicked"
6588,1659,"2024-02-15","Plan Selection",3,57,"clicked"
6589,657,"2024-06-18","Home",1,84,"viewed"
6590,1804,"2024-05-20","Home",1,26,"dropped"
6591,1807,"2024-03-31","Plan Selection",3,197,"viewed"
6592,1035,"2024-05-29","Home",1,19,"viewed"
6593,1421,"2024-04-17","Plan Selection",3,207,"clicked"
6594,1144,"2024-01-19","Pricing Page",2,46,"clicked"
6595,815,"2024-04-23","Pricing Page",2,60,"clicked"
6596,2411,"2024-04-12","Pricing Page",2,49,"clicked"
6597,170,"2024-03-08","Plan Selection",3,79,"viewed"
6598,832,"2024-03-11","Home",1,100,"viewed"
6599,148,"2024-04-19","Payment",4,121,"dropped"
6600,434,"2024-02-12","Payment",4,200,"clicked"
6601,33,"2024-03-01","Plan Selection",3,42,"viewed"
6602,138,"2024-04-02","Pricing Page",2,56,"clicked"
6603,2732,"2024-02-26","Payment",4,61,"viewed"
6604,157,"2024-06-24","Plan Selection",3,108,"clicked"
6605,2016,"2024-01-13","Pricing Page",2,42,"dropped"
6606,409,"2024-03-25","Confirmation",5,51,"converted"
6607,798,"2024-05-08","Payment",4,147,"dropped"
6608,1897,"2024-05-15","Payment",4,195,"dropped"
6609,2827,"2024-02-19","Plan Selection",3,182,"viewed"
6610,2873,"2024-04-29","Pricing Page",2,41,"dropped"
6611,601,"2024-01-15","Payment",4,162,"clicked"
6612,2162,"2024-03-13","Payment",4,14,"clicked"
6613,2573,"2024-04-05","Home",1,163,"viewed"
6614,2351,"2024-01-13","Confirmation",5,166,"converted"
6615,2774,"2024-02-18","Plan Selection",3,27,"viewed"
6616,551,"2024-06-03","Payment",4,17,"dropped"
6617,215,"2024-02-13","Confirmation",5,63,"converted"
6618,1048,"2024-06-18","Plan Selection",3,83,"viewed"
6619,1651,"2024-06-22","Home",1,179,"viewed"
6620,1509,"2024-01-16","Confirmation",5,72,"converted"
6621,2501,"2024-02-10","Plan Selection",3,89,"dropped"
6622,1506,"2024-01-18","Confirmation",5,131,"converted"
6623,269,"2024-04-24","Confirmation",5,120,"converted"
6624,268,"2024-05-23","Plan Selection",3,24,"clicked"
6625,773,"2024-03-13","Pricing Page",2,59,"dropped"
6626,878,"2024-05-05","Plan Selection",3,189,"viewed"
6627,2464,"2024-06-29","Plan Selection",3,124,"clicked"
6628,2730,"2024-04-13","Home",1,207,"clicked"
6629,1899,"2024-04-19","Home",1,167,"clicked"
6630,1643,"2024-06-28","Pricing Page",2,54,"clicked"
6631,1757,"2024-03-10","Home",1,135,"viewed"
6632,1532,"2024-04-03","Home",1,140,"dropped"
6633,2232,"2024-02-24","Pricing Page",2,43,"clicked"
6634,407,"2024-01-29","Pricing Page",2,43,"dropped"
6635,2849,"2024-04-15","Home",1,134,"viewed"
6636,1806,"2024-02-28","Payment",4,32,"dropped"
6637,648,"2024-05-15","Home",1,50,"viewed"
6638,360,"2024-03-06","Pricing Page",2,35,"clicked"
6639,245,"2024-06-01","Confirmation",5,67,"converted"
6640,1650,"2024-06-09","Payment",4,63,"viewed"
6641,278,"2024-04-05","Pricing Page",2,43,"viewed"
6642,146,"2024-03-23","Home",1,62,"viewed"
6643,2717,"2024-05-08","Payment",4,22,"viewed"
6644,2394,"2024-04-18","Plan Selection",3,43,"dropped"
6645,2338,"2024-05-12","Pricing Page",2,48,"viewed"
6646,1079,"2024-01-23","Plan Selection",3,83,"dropped"
6647,2598,"2024-05-15","Home",1,99,"viewed"
6648,2376,"2024-03-27","Home",1,134,"dropped"
6649,1495,"2024-02-19","Payment",4,124,"dropped"
6650,1146,"2024-02-15","Home",1,171,"viewed"
6651,275,"2024-03-03","Pricing Page",2,38,"dropped"
6652,642,"2024-01-07","Plan Selection",3,119,"dropped"
6653,315,"2024-01-14","Home",1,25,"dropped"
6654,2428,"2024-03-16","Plan Selection",3,26,"clicked"
6655,2521,"2024-06-19","Pricing Page",2,43,"dropped"
6656,2669,"2024-04-17","Pricing Page",2,58,"dropped"
6657,2065,"2024-05-23","Confirmation",5,43,"converted"
6658,319,"2024-01-06","Payment",4,15,"viewed"
6659,742,"2024-02-13","Pricing Page",2,47,"clicked"
6660,1882,"2024-05-13","Payment",4,176,"viewed"
6661,583,"2024-05-16","Home",1,144,"viewed"
6662,19,"2024-04-21","Home",1,100,"dropped"
6663,195,"2024-01-13","Home",1,121,"clicked"
6664,2964,"2024-06-19","Payment",4,188,"dropped"
6665,1425,"2024-05-03","Confirmation",5,192,"converted"
6666,1747,"2024-02-01","Home",1,36,"clicked"
6667,2845,"2024-06-17","Payment",4,65,"viewed"
6668,2628,"2024-04-10","Home",1,26,"viewed"
6669,1693,"2024-06-18","Confirmation",5,29,"converted"
6670,1627,"2024-03-17","Pricing Page",2,42,"dropped"
6671,234,"2024-03-26","Home",1,45,"clicked"
6672,400,"2024-01-13","Confirmation",5,104,"converted"
6673,1703,"2024-03-15","Pricing Page",2,55,"viewed"
6674,1733,"2024-02-18","Plan Selection",3,67,"clicked"
6675,192,"2024-04-11","Plan Selection",3,83,"dropped"
6676,2755,"2024-04-14","Home",1,208,"clicked"
6677,1790,"2024-03-21","Pricing Page",2,61,"clicked"
6678,2712,"2024-04-12","Home",1,193,"dropped"
6679,1064,"2024-01-20","Pricing Page",2,30,"clicked"
6680,481,"2024-06-10","Confirmation",5,62,"converted"
6681,1029,"2024-06-17","Plan Selection",3,70,"viewed"
6682,1287,"2024-01-25","Pricing Page",2,48,"viewed"
6683,590,"2024-04-15","Pricing Page",2,63,"dropped"
6684,2184,"2024-06-10","Pricing Page",2,58,"dropped"
6685,2018,"2024-05-17","Payment",4,124,"clicked"
6686,208,"2024-05-01","Home",1,163,"clicked"
6687,1536,"2024-03-26","Payment",4,149,"dropped"
6688,2931,"2024-06-01","Pricing Page",2,66,"clicked"
6689,1015,"2024-02-03","Confirmation",5,20,"converted"
6690,1500,"2024-03-02","Home",1,194,"dropped"
6691,1377,"2024-01-30","Pricing Page",2,49,"dropped"
6692,489,"2024-05-10","Home",1,98,"viewed"
6693,2634,"2024-06-06","Plan Selection",3,197,"clicked"
6694,105,"2024-03-24","Pricing Page",2,57,"dropped"
6695,2762,"2024-06-13","Payment",4,36,"clicked"
6696,1092,"2024-05-17","Plan Selection",3,70,"clicked"
6697,2571,"2024-02-11","Plan Selection",3,48,"dropped"
6698,1914,"2024-03-23","Pricing Page",2,51,"dropped"
6699,1641,"2024-02-03","Pricing Page",2,56,"clicked"
6700,1206,"2024-01-28","Plan Selection",3,64,"viewed"
6701,2536,"2024-01-05","Plan Selection",3,189,"viewed"
6702,2550,"2024-01-22","Home",1,191,"clicked"
6703,491,"2024-05-04","Confirmation",5,134,"converted"
6704,920,"2024-04-30","Pricing Page",2,38,"viewed"
6705,800,"2024-05-15","Confirmation",5,106,"converted"
6706,1698,"2024-03-11","Pricing Page",2,31,"clicked"
6707,942,"2024-01-19","Plan Selection",3,128,"dropped"
6708,898,"2024-06-03","Pricing Page",2,45,"dropped"
6709,473,"2024-02-12","Plan Selection",3,173,"viewed"
6710,1120,"2024-06-25","Payment",4,178,"viewed"
6711,692,"2024-02-23","Payment",4,30,"dropped"
6712,850,"2024-01-11","Pricing Page",2,32,"dropped"
6713,2518,"2024-01-30","Pricing Page",2,58,"viewed"
6714,2709,"2024-04-24","Pricing Page",2,50,"clicked"
6715,2784,"2024-05-17","Home",1,169,"viewed"
6716,946,"2024-05-15","Payment",4,168,"clicked"
6717,931,"2024-06-18","Payment",4,200,"clicked"
6718,2050,"2024-06-10","Pricing Page",2,47,"dropped"
6719,444,"2024-03-25","Confirmation",5,21,"converted"
6720,1818,"2024-06-04","Pricing Page",2,64,"viewed"
6721,2413,"2024-03-07","Pricing Page",2,31,"dropped"
6722,2768,"2024-04-07","Confirmation",5,20,"converted"
6723,1380,"2024-01-26","Pricing Page",2,35,"dropped"
6724,1573,"2024-04-08","Home",1,42,"clicked"
6725,474,"2024-05-25","Plan Selection",3,68,"viewed"
6726,945,"2024-01-12","Pricing Page",2,48,"dropped"
6727,812,"2024-02-18","Plan Selection",3,186,"viewed"
6728,944,"2024-02-05","Home",1,133,"viewed"
6729,2816,"2024-05-28","Pricing Page",2,66,"viewed"
6730,2216,"2024-06-17","Pricing Page",2,51,"viewed"
6731,561,"2024-02-07","Pricing Page",2,53,"clicked"
6732,2734,"2024-02-07","Pricing Page",2,57,"clicked"
6733,1474,"2024-04-03","Home",1,207,"viewed"
6734,353,"2024-05-13","Pricing Page",2,52,"dropped"
6735,2231,"2024-03-10","Plan Selection",3,60,"dropped"
6736,1102,"2024-01-30","Plan Selection",3,14,"dropped"
6737,2889,"2024-05-24","Home",1,30,"dropped"
6738,2220,"2024-01-14","Home",1,113,"dropped"
6739,495,"2024-03-12","Pricing Page",2,36,"clicked"
6740,1783,"2024-01-04","Pricing Page",2,46,"viewed"
6741,1207,"2024-04-12","Plan Selection",3,91,"dropped"
6742,1877,"2024-04-22","Pricing Page",2,47,"clicked"
6743,331,"2024-01-27","Pricing Page",2,45,"dropped"
6744,1230,"2024-06-08","Home",1,68,"viewed"
6745,1725,"2024-02-07","Pricing Page",2,57,"clicked"
6746,1652,"2024-05-19","Pricing Page",2,60,"dropped"
6747,218,"2024-02-04","Payment",4,29,"clicked"
6748,559,"2024-01-08","Plan Selection",3,25,"clicked"
6749,349,"2024-02-01","Plan Selection",3,15,"viewed"
6750,3000,"2024-01-27","Payment",4,60,"dropped"
6751,1536,"2024-03-12","Pricing Page",2,59,"clicked"
6752,2504,"2024-04-06","Home",1,43,"clicked"
6753,1126,"2024-05-16","Plan Selection",3,191,"viewed"
6754,1324,"2024-02-26","Pricing Page",2,36,"clicked"
6755,1382,"2024-01-04","Payment",4,126,"viewed"
6756,2496,"2024-01-03","Plan Selection",3,179,"clicked"
6757,2818,"2024-02-08","Pricing Page",2,46,"viewed"
6758,1041,"2024-05-16","Payment",4,96,"viewed"
6759,1222,"2024-02-08","Payment",4,130,"clicked"
6760,1452,"2024-01-09","Payment",4,169,"viewed"
6761,2230,"2024-05-30","Confirmation",5,42,"converted"
6762,80,"2024-04-25","Home",1,139,"viewed"
6763,1747,"2024-02-05","Pricing Page",2,46,"dropped"
6764,1381,"2024-02-16","Confirmation",5,161,"converted"
6765,239,"2024-01-22","Pricing Page",2,42,"viewed"
6766,1914,"2024-02-20","Pricing Page",2,45,"dropped"
6767,1535,"2024-06-12","Confirmation",5,47,"converted"
6768,31,"2024-03-28","Pricing Page",2,50,"dropped"
6769,2458,"2024-01-06","Plan Selection",3,95,"dropped"
6770,2392,"2024-06-19","Pricing Page",2,60,"clicked"
6771,1944,"2024-06-14","Plan Selection",3,83,"viewed"
6772,2251,"2024-06-01","Confirmation",5,60,"converted"
6773,1161,"2024-02-03","Payment",4,59,"viewed"
6774,214,"2024-03-25","Home",1,40,"clicked"
6775,2255,"2024-03-18","Confirmation",5,41,"converted"
6776,334,"2024-01-17","Home",1,73,"dropped"
6777,792,"2024-04-15","Home",1,192,"dropped"
6778,168,"2024-05-25","Payment",4,183,"viewed"
6779,655,"2024-05-24","Pricing Page",2,48,"clicked"
6780,694,"2024-02-07","Pricing Page",2,33,"clicked"
6781,373,"2024-01-29","Pricing Page",2,47,"clicked"
6782,2622,"2024-02-01","Pricing Page",2,52,"dropped"
6783,2276,"2024-05-21","Plan Selection",3,163,"viewed"
6784,1775,"2024-01-04","Pricing Page",2,46,"clicked"
6785,93,"2024-06-24","Payment",4,183,"dropped"
6786,2299,"2024-04-20","Payment",4,188,"dropped"
6787,1572,"2024-06-10","Confirmation",5,175,"converted"
6788,1290,"2024-04-30","Home",1,54,"viewed"
6789,585,"2024-01-11","Plan Selection",3,86,"viewed"
6790,2295,"2024-03-26","Home",1,197,"clicked"
6791,1731,"2024-03-22","Plan Selection",3,55,"clicked"
6792,772,"2024-04-04","Payment",4,144,"viewed"
6793,151,"2024-05-26","Confirmation",5,28,"converted"
6794,2233,"2024-03-21","Confirmation",5,135,"converted"
6795,507,"2024-06-22","Pricing Page",2,53,"clicked"
6796,2687,"2024-03-20","Plan Selection",3,62,"viewed"
6797,82,"2024-06-02","Home",1,53,"viewed"
6798,1481,"2024-04-15","Pricing Page",2,49,"clicked"
6799,274,"2024-04-01","Pricing Page",2,61,"dropped"
6800,1840,"2024-03-24","Pricing Page",2,65,"dropped"
6801,936,"2024-06-15","Plan Selection",3,116,"viewed"
6802,2657,"2024-03-01","Home",1,23,"clicked"
6803,952,"2024-05-01","Pricing Page",2,67,"clicked"
6804,2107,"2024-02-27","Pricing Page",2,41,"clicked"
6805,2249,"2024-06-26","Plan Selection",3,68,"clicked"
6806,2204,"2024-01-20","Pricing Page",2,40,"clicked"
6807,1194,"2024-06-20","Plan Selection",3,184,"viewed"
6808,185,"2024-01-18","Pricing Page",2,37,"dropped"
6809,170,"2024-02-02","Payment",4,31,"clicked"
6810,1155,"2024-06-12","Pricing Page",2,40,"dropped"
6811,2153,"2024-03-10","Payment",4,137,"viewed"
6812,1986,"2024-04-12","Payment",4,113,"dropped"
6813,2151,"2024-03-18","Confirmation",5,131,"converted"
6814,330,"2024-05-11","Pricing Page",2,47,"clicked"
6815,826,"2024-03-24","Pricing Page",2,38,"clicked"
6816,1165,"2024-06-04","Home",1,14,"viewed"
6817,2272,"2024-03-29","Home",1,84,"clicked"
6818,2094,"2024-03-13","Confirmation",5,73,"converted"
6819,2633,"2024-03-19","Plan Selection",3,91,"clicked"
6820,2534,"2024-06-26","Pricing Page",2,65,"dropped"
6821,1867,"2024-05-03","Plan Selection",3,152,"viewed"
6822,1144,"2024-02-05","Payment",4,124,"clicked"
6823,359,"2024-03-30","Home",1,30,"dropped"
6824,1389,"2024-06-03","Confirmation",5,180,"converted"
6825,1854,"2024-04-05","Payment",4,83,"clicked"
6826,776,"2024-06-06","Plan Selection",3,72,"viewed"
6827,194,"2024-06-16","Pricing Page",2,48,"dropped"
6828,280,"2024-02-06","Payment",4,28,"dropped"
6829,2634,"2024-05-06","Payment",4,56,"clicked"
6830,247,"2024-05-14","Pricing Page",2,43,"dropped"
6831,2026,"2024-01-09","Pricing Page",2,58,"dropped"
6832,2507,"2024-05-14","Pricing Page",2,63,"dropped"
6833,467,"2024-02-03","Pricing Page",2,50,"dropped"
6834,1312,"2024-06-09","Home",1,188,"dropped"
6835,2920,"2024-03-27","Pricing Page",2,65,"dropped"
6836,530,"2024-02-28","Home",1,92,"viewed"
6837,2890,"2024-02-23","Plan Selection",3,15,"clicked"
6838,2523,"2024-01-10","Payment",4,120,"clicked"
6839,2975,"2024-03-08","Payment",4,66,"viewed"
6840,204,"2024-06-27","Payment",4,148,"clicked"
6841,812,"2024-04-08","Confirmation",5,191,"converted"
6842,2417,"2024-02-26","Home",1,160,"clicked"
6843,1478,"2024-03-15","Plan Selection",3,152,"viewed"
6844,2455,"2024-05-09","Home",1,109,"dropped"
6845,68,"2024-05-25","Confirmation",5,69,"converted"
6846,2002,"2024-03-21","Pricing Page",2,60,"dropped"
6847,2872,"2024-05-05","Plan Selection",3,179,"clicked"
6848,2555,"2024-05-29","Plan Selection",3,82,"dropped"
6849,1289,"2024-06-01","Confirmation",5,20,"converted"
6850,1548,"2024-03-17","Plan Selection",3,122,"dropped"
6851,2781,"2024-02-17","Plan Selection",3,179,"viewed"
6852,2129,"2024-04-18","Payment",4,123,"dropped"
6853,1221,"2024-03-07","Plan Selection",3,200,"viewed"
6854,2416,"2024-02-11","Payment",4,197,"clicked"
6855,2343,"2024-03-03","Pricing Page",2,56,"dropped"
6856,2713,"2024-04-12","Home",1,189,"dropped"
6857,2844,"2024-03-05","Confirmation",5,129,"converted"
6858,542,"2024-01-22","Home",1,181,"dropped"
6859,802,"2024-05-30","Pricing Page",2,45,"dropped"
6860,1285,"2024-03-16","Payment",4,172,"viewed"
6861,1901,"2024-02-29","Payment",4,148,"dropped"
6862,526,"2024-01-24","Home",1,48,"viewed"
6863,1467,"2024-04-19","Plan Selection",3,208,"clicked"
6864,1251,"2024-02-14","Confirmation",5,41,"converted"
6865,2579,"2024-05-28","Plan Selection",3,36,"dropped"
6866,312,"2024-02-10","Payment",4,73,"dropped"
6867,111,"2024-04-16","Payment",4,99,"viewed"
6868,637,"2024-06-16","Confirmation",5,42,"converted"
6869,2572,"2024-05-23","Pricing Page",2,55,"clicked"
6870,648,"2024-05-01","Plan Selection",3,125,"viewed"
6871,2632,"2024-02-10","Pricing Page",2,52,"dropped"
6872,820,"2024-03-22","Pricing Page",2,61,"dropped"
6873,1703,"2024-01-21","Payment",4,205,"clicked"
6874,1658,"2024-06-06","Plan Selection",3,187,"clicked"
6875,145,"2024-02-08","Confirmation",5,195,"converted"
6876,2689,"2024-05-06","Payment",4,206,"clicked"
6877,1107,"2024-03-23","Home",1,98,"viewed"
6878,1064,"2024-04-11","Payment",4,14,"viewed"
6879,1011,"2024-01-09","Pricing Page",2,58,"dropped"
6880,2551,"2024-05-26","Plan Selection",3,26,"viewed"
6881,817,"2024-04-27","Pricing Page",2,43,"clicked"
6882,1773,"2024-01-14","Plan Selection",3,166,"dropped"
6883,708,"2024-05-29","Pricing Page",2,56,"viewed"
6884,1380,"2024-05-06","Home",1,93,"viewed"
6885,2137,"2024-02-02","Payment",4,54,"viewed"
6886,1780,"2024-03-15","Pricing Page",2,43,"dropped"
6887,2680,"2024-02-04","Pricing Page",2,52,"viewed"
6888,1274,"2024-02-29","Pricing Page",2,56,"dropped"
6889,15,"2024-01-03","Home",1,52,"viewed"
6890,2656,"2024-05-09","Confirmation",5,102,"converted"
6891,1632,"2024-03-01","Home",1,47,"viewed"
6892,1723,"2024-03-11","Pricing Page",2,56,"viewed"
6893,1826,"2024-03-24","Pricing Page",2,67,"dropped"
6894,815,"2024-01-10","Pricing Page",2,31,"viewed"
6895,976,"2024-06-22","Payment",4,44,"clicked"
6896,1954,"2024-06-22","Payment",4,62,"viewed"
6897,1172,"2024-03-21","Home",1,196,"clicked"
6898,2091,"2024-06-27","Payment",4,69,"viewed"
6899,2155,"2024-05-29","Confirmation",5,96,"converted"
6900,667,"2024-05-26","Pricing Page",2,50,"viewed"
6901,2050,"2024-03-23","Pricing Page",2,59,"viewed"
6902,1949,"2024-03-05","Payment",4,31,"dropped"
6903,2601,"2024-02-09","Pricing Page",2,53,"clicked"
6904,2748,"2024-02-09","Pricing Page",2,33,"clicked"
6905,440,"2024-02-13","Payment",4,39,"clicked"
6906,1898,"2024-06-14","Plan Selection",3,144,"clicked"
6907,1584,"2024-05-08","Confirmation",5,159,"converted"
6908,2452,"2024-05-31","Payment",4,39,"clicked"
6909,869,"2024-05-26","Home",1,92,"clicked"
6910,1635,"2024-01-11","Plan Selection",3,26,"clicked"
6911,166,"2024-06-10","Pricing Page",2,63,"dropped"
6912,2987,"2024-01-11","Pricing Page",2,41,"viewed"
6913,2175,"2024-05-06","Pricing Page",2,54,"clicked"
6914,113,"2024-06-27","Payment",4,31,"dropped"
6915,672,"2024-05-22","Pricing Page",2,66,"dropped"
6916,491,"2024-05-23","Pricing Page",2,66,"dropped"
6917,2463,"2024-01-21","Home",1,41,"clicked"
6918,2960,"2024-03-23","Pricing Page",2,45,"dropped"
6919,1422,"2024-04-27","Payment",4,50,"clicked"
6920,2902,"2024-02-23","Plan Selection",3,198,"dropped"
6921,778,"2024-02-14","Pricing Page",2,44,"dropped"
6922,424,"2024-03-01","Pricing Page",2,38,"clicked"
6923,1527,"2024-04-03","Home",1,144,"dropped"
6924,556,"2024-02-06","Pricing Page",2,49,"viewed"
6925,1446,"2024-05-16","Pricing Page",2,50,"dropped"
6926,2580,"2024-02-16","Plan Selection",3,161,"viewed"
6927,148,"2024-02-16","Home",1,188,"dropped"
6928,2057,"2024-02-07","Confirmation",5,64,"converted"
6929,1260,"2024-02-21","Home",1,208,"clicked"
6930,828,"2024-01-05","Pricing Page",2,44,"clicked"
6931,1882,"2024-06-15","Plan Selection",3,171,"viewed"
6932,282,"2024-05-16","Plan Selection",3,59,"viewed"
6933,2533,"2024-01-14","Payment",4,198,"dropped"
6934,642,"2024-03-22","Plan Selection",3,138,"clicked"
6935,433,"2024-03-28","Confirmation",5,96,"converted"
6936,721,"2024-06-12","Payment",4,51,"viewed"
6937,2647,"2024-02-24","Payment",4,100,"viewed"
6938,2468,"2024-02-07","Plan Selection",3,57,"clicked"
6939,1906,"2024-05-18","Confirmation",5,81,"converted"
6940,2998,"2024-06-15","Plan Selection",3,51,"clicked"
6941,1987,"2024-04-08","Payment",4,209,"viewed"
6942,142,"2024-05-27","Confirmation",5,52,"converted"
6943,809,"2024-05-08","Payment",4,122,"clicked"
6944,778,"2024-04-06","Confirmation",5,173,"converted"
6945,1334,"2024-05-18","Pricing Page",2,43,"dropped"
6946,2370,"2024-04-05","Pricing Page",2,59,"clicked"
6947,203,"2024-05-22","Payment",4,80,"clicked"
6948,1749,"2024-02-29","Confirmation",5,119,"converted"
6949,25,"2024-03-13","Confirmation",5,150,"converted"
6950,1728,"2024-05-18","Home",1,55,"viewed"
6951,1145,"2024-03-26","Pricing Page",2,58,"clicked"
6952,1861,"2024-06-13","Plan Selection",3,148,"clicked"
6953,2978,"2024-05-10","Plan Selection",3,196,"viewed"
6954,835,"2024-06-19","Payment",4,120,"dropped"
6955,94,"2024-05-14","Plan Selection",3,177,"clicked"
6956,803,"2024-02-18","Plan Selection",3,183,"viewed"
6957,234,"2024-02-02","Plan Selection",3,173,"dropped"
6958,2664,"2024-02-12","Plan Selection",3,185,"viewed"
6959,1745,"2024-03-09","Home",1,119,"clicked"
6960,2988,"2024-06-29","Home",1,17,"dropped"
6961,2192,"2024-01-27","Plan Selection",3,60,"viewed"
6962,1411,"2024-03-16","Plan Selection",3,25,"clicked"
6963,2329,"2024-05-01","Home",1,40,"viewed"
6964,2440,"2024-01-20","Home",1,39,"clicked"
6965,2586,"2024-06-16","Home",1,95,"dropped"
6966,2476,"2024-01-11","Payment",4,188,"dropped"
6967,1368,"2024-02-05","Plan Selection",3,112,"viewed"
6968,2980,"2024-06-01","Pricing Page",2,58,"clicked"
6969,320,"2024-04-30","Home",1,18,"dropped"
6970,2459,"2024-04-05","Home",1,78,"dropped"
6971,2141,"2024-01-23","Pricing Page",2,32,"viewed"
6972,449,"2024-01-25","Pricing Page",2,52,"dropped"
6973,958,"2024-02-10","Home",1,46,"clicked"
6974,1280,"2024-06-20","Pricing Page",2,52,"viewed"
6975,1031,"2024-06-06","Pricing Page",2,67,"dropped"
6976,312,"2024-03-24","Confirmation",5,132,"converted"
6977,188,"2024-03-27","Home",1,116,"dropped"
6978,2604,"2024-01-11","Plan Selection",3,54,"dropped"
6979,2222,"2024-03-23","Home",1,192,"clicked"
6980,728,"2024-01-05","Pricing Page",2,56,"dropped"
6981,1680,"2024-01-14","Plan Selection",3,57,"dropped"
6982,2633,"2024-01-06","Plan Selection",3,108,"viewed"
6983,354,"2024-05-30","Payment",4,106,"dropped"
6984,2036,"2024-02-27","Plan Selection",3,177,"clicked"
6985,14,"2024-04-03","Plan Selection",3,64,"viewed"
6986,1742,"2024-06-04","Plan Selection",3,52,"clicked"
6987,804,"2024-02-05","Home",1,80,"dropped"
6988,2736,"2024-06-25","Home",1,174,"viewed"
6989,2397,"2024-01-07","Payment",4,180,"viewed"
6990,2566,"2024-04-23","Plan Selection",3,206,"dropped"
6991,182,"2024-05-05","Pricing Page",2,48,"viewed"
6992,2004,"2024-03-28","Pricing Page",2,56,"clicked"
6993,831,"2024-06-15","Payment",4,14,"viewed"
6994,612,"2024-03-22","Plan Selection",3,191,"clicked"
6995,395,"2024-06-20","Pricing Page",2,64,"dropped"
6996,1106,"2024-04-22","Confirmation",5,33,"converted"
6997,1805,"2024-04-28","Pricing Page",2,49,"dropped"
6998,581,"2024-04-15","Pricing Page",2,64,"dropped"
6999,1266,"2024-06-07","Home",1,209,"viewed"
7000,55,"2024-02-21","Pricing Page",2,31,"dropped"
7001,854,"2024-01-31","Confirmation",5,100,"converted"
7002,887,"2024-01-21","Plan Selection",3,24,"clicked"
7003,1122,"2024-06-14","Pricing Page",2,51,"viewed"
7004,1173,"2024-01-19","Pricing Page",2,43,"dropped"
7005,1525,"2024-01-07","Plan Selection",3,40,"viewed"
7006,1879,"2024-05-02","Plan Selection",3,108,"viewed"
7007,707,"2024-03-04","Home",1,55,"viewed"
7008,379,"2024-05-15","Pricing Page",2,54,"clicked"
7009,52,"2024-06-04","Pricing Page",2,55,"dropped"
7010,1996,"2024-03-22","Pricing Page",2,64,"clicked"
7011,2197,"2024-04-24","Confirmation",5,202,"converted"
7012,2677,"2024-04-13","Home",1,60,"viewed"
7013,1966,"2024-02-10","Home",1,37,"dropped"
7014,1607,"2024-01-21","Confirmation",5,100,"converted"
7015,1171,"2024-04-17","Payment",4,44,"clicked"
7016,2866,"2024-02-22","Plan Selection",3,28,"viewed"
7017,495,"2024-05-16","Pricing Page",2,42,"viewed"
7018,251,"2024-05-05","Pricing Page",2,38,"dropped"
7019,2835,"2024-04-07","Payment",4,150,"viewed"
7020,1515,"2024-05-16","Pricing Page",2,39,"dropped"
7021,2758,"2024-03-09","Home",1,112,"dropped"
7022,1051,"2024-02-09","Home",1,113,"clicked"
7023,2700,"2024-01-05","Pricing Page",2,31,"dropped"
7024,2948,"2024-05-26","Home",1,17,"viewed"
7025,1380,"2024-04-10","Pricing Page",2,46,"dropped"
7026,864,"2024-05-19","Confirmation",5,125,"converted"
7027,2881,"2024-01-13","Pricing Page",2,32,"dropped"
7028,2403,"2024-06-28","Plan Selection",3,164,"dropped"
7029,2314,"2024-02-06","Plan Selection",3,183,"clicked"
7030,2112,"2024-05-12","Plan Selection",3,121,"dropped"
7031,2905,"2024-03-24","Pricing Page",2,55,"clicked"
7032,2257,"2024-05-02","Home",1,137,"viewed"
7033,148,"2024-06-05","Home",1,67,"viewed"
7034,1929,"2024-04-03","Plan Selection",3,146,"clicked"
7035,1128,"2024-03-17","Confirmation",5,137,"converted"
7036,730,"2024-02-25","Payment",4,25,"viewed"
7037,2255,"2024-05-18","Plan Selection",3,117,"viewed"
7038,1017,"2024-05-10","Plan Selection",3,175,"clicked"
7039,676,"2024-01-19","Payment",4,175,"viewed"
7040,2581,"2024-02-22","Payment",4,109,"viewed"
7041,2644,"2024-05-20","Pricing Page",2,64,"clicked"
7042,2279,"2024-05-16","Pricing Page",2,43,"dropped"
7043,2696,"2024-01-01","Pricing Page",2,48,"dropped"
7044,2080,"2024-01-25","Plan Selection",3,138,"clicked"
7045,2763,"2024-03-31","Payment",4,46,"viewed"
7046,23,"2024-06-11","Pricing Page",2,58,"dropped"
7047,123,"2024-01-25","Plan Selection",3,80,"dropped"
7048,1406,"2024-01-06","Payment",4,129,"viewed"
7049,283,"2024-01-26","Pricing Page",2,49,"viewed"
7050,14,"2024-01-11","Pricing Page",2,36,"dropped"
7051,1943,"2024-03-23","Pricing Page",2,45,"dropped"
7052,2606,"2024-03-04","Home",1,156,"dropped"
7053,2362,"2024-03-02","Pricing Page",2,50,"dropped"
7054,2330,"2024-05-24","Plan Selection",3,200,"viewed"
7055,2593,"2024-01-17","Payment",4,17,"viewed"
7056,2738,"2024-05-15","Confirmation",5,155,"converted"
7057,1976,"2024-01-20","Plan Selection",3,118,"viewed"
7058,1062,"2024-05-20","Payment",4,164,"clicked"
7059,2037,"2024-02-05","Confirmation",5,41,"converted"
7060,2798,"2024-02-05","Home",1,65,"viewed"
7061,1646,"2024-01-21","Confirmation",5,58,"converted"
7062,1392,"2024-04-17","Plan Selection",3,25,"viewed"
7063,485,"2024-05-19","Pricing Page",2,53,"dropped"
7064,2075,"2024-01-24","Plan Selection",3,115,"viewed"
7065,2408,"2024-03-10","Plan Selection",3,96,"viewed"
7066,2299,"2024-06-28","Plan Selection",3,72,"clicked"
7067,46,"2024-02-25","Pricing Page",2,44,"viewed"
7068,829,"2024-04-11","Confirmation",5,49,"converted"
7069,176,"2024-05-06","Pricing Page",2,53,"clicked"
7070,2345,"2024-06-08","Home",1,149,"clicked"
7071,885,"2024-04-26","Pricing Page",2,59,"clicked"
7072,417,"2024-05-05","Home",1,33,"clicked"
7073,160,"2024-05-28","Confirmation",5,54,"converted"
7074,941,"2024-06-10","Plan Selection",3,199,"dropped"
7075,2851,"2024-02-20","Plan Selection",3,177,"clicked"
7076,1364,"2024-03-29","Home",1,195,"clicked"
7077,752,"2024-01-06","Pricing Page",2,57,"dropped"
7078,216,"2024-02-19","Home",1,196,"dropped"
7079,706,"2024-04-10","Home",1,159,"clicked"
7080,456,"2024-02-28","Home",1,187,"viewed"
7081,2887,"2024-01-06","Pricing Page",2,38,"clicked"
7082,677,"2024-02-18","Plan Selection",3,117,"viewed"
7083,2481,"2024-01-13","Payment",4,22,"viewed"
7084,1798,"2024-05-10","Payment",4,192,"dropped"
7085,2466,"2024-05-20","Pricing Page",2,59,"dropped"
7086,1993,"2024-02-11","Home",1,33,"dropped"
7087,398,"2024-03-08","Pricing Page",2,36,"clicked"
7088,2966,"2024-05-13","Payment",4,88,"viewed"
7089,2412,"2024-04-24","Payment",4,179,"viewed"
7090,1222,"2024-01-13","Home",1,84,"clicked"
7091,1463,"2024-06-07","Confirmation",5,188,"converted"
7092,2293,"2024-01-25","Pricing Page",2,47,"clicked"
7093,1869,"2024-01-21","Plan Selection",3,30,"clicked"
7094,2935,"2024-04-03","Plan Selection",3,145,"clicked"
7095,641,"2024-05-10","Confirmation",5,144,"converted"
7096,1383,"2024-02-21","Home",1,88,"viewed"
7097,2699,"2024-01-10","Plan Selection",3,130,"clicked"
7098,2927,"2024-05-26","Home",1,49,"viewed"
7099,1308,"2024-03-07","Plan Selection",3,107,"viewed"
7100,2873,"2024-01-26","Payment",4,145,"viewed"
7101,1790,"2024-02-07","Pricing Page",2,49,"clicked"
7102,500,"2024-04-17","Pricing Page",2,53,"dropped"
7103,1745,"2024-02-09","Pricing Page",2,33,"clicked"
7104,89,"2024-05-13","Plan Selection",3,175,"clicked"
7105,115,"2024-02-20","Pricing Page",2,48,"dropped"
7106,984,"2024-06-15","Plan Selection",3,67,"viewed"
7107,604,"2024-01-31","Pricing Page",2,49,"clicked"
7108,2546,"2024-04-11","Pricing Page",2,57,"dropped"
7109,1676,"2024-02-17","Plan Selection",3,82,"viewed"
7110,1738,"2024-01-17","Payment",4,76,"clicked"
7111,1476,"2024-06-23","Pricing Page",2,64,"dropped"
7112,2691,"2024-04-13","Home",1,44,"clicked"
7113,361,"2024-04-21","Payment",4,166,"viewed"
7114,942,"2024-03-08","Confirmation",5,104,"converted"
7115,1821,"2024-04-21","Pricing Page",2,52,"clicked"
7116,2733,"2024-04-02","Payment",4,122,"clicked"
7117,257,"2024-03-07","Plan Selection",3,160,"dropped"
7118,35,"2024-06-11","Pricing Page",2,54,"dropped"
7119,817,"2024-02-09","Pricing Page",2,51,"clicked"
7120,1314,"2024-01-11","Confirmation",5,150,"converted"
7121,1777,"2024-06-02","Pricing Page",2,62,"clicked"
7122,2328,"2024-06-21","Pricing Page",2,47,"dropped"
7123,1187,"2024-02-01","Plan Selection",3,194,"clicked"
7124,2949,"2024-02-17","Pricing Page",2,30,"viewed"
7125,2211,"2024-05-30","Confirmation",5,68,"converted"
7126,1764,"2024-01-11","Plan Selection",3,112,"viewed"
7127,470,"2024-06-24","Pricing Page",2,67,"clicked"
7128,2867,"2024-03-19","Pricing Page",2,44,"dropped"
7129,362,"2024-01-27","Pricing Page",2,44,"dropped"
7130,1674,"2024-02-08","Pricing Page",2,38,"dropped"
7131,917,"2024-06-02","Pricing Page",2,42,"clicked"
7132,2774,"2024-04-22","Pricing Page",2,63,"dropped"
7133,892,"2024-01-01","Home",1,123,"clicked"
7134,2390,"2024-03-27","Home",1,134,"dropped"
7135,1560,"2024-03-07","Pricing Page",2,37,"clicked"
7136,1186,"2024-05-05","Pricing Page",2,48,"viewed"
7137,1521,"2024-05-22","Pricing Page",2,60,"dropped"
7138,1328,"2024-04-12","Plan Selection",3,185,"viewed"
7139,1642,"2024-02-11","Plan Selection",3,173,"clicked"
7140,1550,"2024-05-24","Pricing Page",2,61,"dropped"
7141,1938,"2024-03-20","Pricing Page",2,66,"viewed"
7142,224,"2024-03-17","Confirmation",5,38,"converted"
7143,189,"2024-06-10","Pricing Page",2,57,"dropped"
7144,1124,"2024-03-26","Pricing Page",2,61,"dropped"
7145,2741,"2024-05-21","Home",1,111,"dropped"
7146,1893,"2024-01-11","Pricing Page",2,55,"dropped"
7147,1554,"2024-04-10","Pricing Page",2,52,"clicked"
7148,1243,"2024-05-12","Pricing Page",2,62,"viewed"
7149,689,"2024-02-26","Payment",4,101,"viewed"
7150,2678,"2024-03-31","Payment",4,139,"viewed"
7151,2484,"2024-06-07","Confirmation",5,170,"converted"
7152,1075,"2024-03-10","Payment",4,24,"viewed"
7153,2795,"2024-01-31","Home",1,153,"clicked"
7154,360,"2024-02-12","Payment",4,86,"clicked"
7155,390,"2024-02-21","Home",1,72,"clicked"
7156,1068,"2024-03-14","Confirmation",5,127,"converted"
7157,144,"2024-03-28","Pricing Page",2,63,"dropped"
7158,184,"2024-05-09","Pricing Page",2,63,"dropped"
7159,2525,"2024-06-22","Pricing Page",2,52,"dropped"
7160,836,"2024-05-21","Home",1,14,"viewed"
7161,1271,"2024-03-16","Payment",4,185,"viewed"
7162,2573,"2024-04-18","Pricing Page",2,46,"dropped"
7163,2773,"2024-01-30","Home",1,162,"viewed"
7164,2969,"2024-06-26","Confirmation",5,163,"converted"
7165,45,"2024-05-18","Payment",4,141,"viewed"
7166,1795,"2024-02-14","Pricing Page",2,44,"dropped"
7167,2619,"2024-02-02","Pricing Page",2,54,"dropped"
7168,2760,"2024-05-20","Home",1,69,"dropped"
7169,1928,"2024-06-10","Plan Selection",3,11,"clicked"
7170,266,"2024-02-02","Plan Selection",3,127,"dropped"
7171,1643,"2024-04-10","Home",1,201,"clicked"
7172,568,"2024-05-08","Confirmation",5,173,"converted"
7173,319,"2024-01-16","Home",1,67,"dropped"
7174,2128,"2024-02-06","Payment",4,166,"clicked"
7175,137,"2024-03-12","Payment",4,201,"clicked"
7176,1941,"2024-02-28","Plan Selection",3,92,"dropped"
7177,2904,"2024-05-08","Plan Selection",3,38,"viewed"
7178,929,"2024-02-25","Plan Selection",3,23,"clicked"
7179,1661,"2024-01-21","Confirmation",5,43,"converted"
7180,437,"2024-02-09","Plan Selection",3,130,"dropped"
7181,1450,"2024-02-13","Payment",4,23,"dropped"
7182,374,"2024-03-17","Payment",4,105,"dropped"
7183,626,"2024-04-29","Plan Selection",3,97,"dropped"
7184,1149,"2024-03-30","Pricing Page",2,41,"clicked"
7185,2604,"2024-03-13","Pricing Page",2,53,"clicked"
7186,2986,"2024-06-29","Confirmation",5,208,"converted"
7187,2904,"2024-06-05","Pricing Page",2,54,"dropped"
7188,1431,"2024-01-23","Home",1,130,"clicked"
7189,907,"2024-02-14","Pricing Page",2,56,"clicked"
7190,2385,"2024-03-28","Home",1,161,"viewed"
7191,125,"2024-02-09","Confirmation",5,40,"converted"
7192,2660,"2024-06-24","Home",1,23,"viewed"
7193,1636,"2024-03-27","Payment",4,71,"clicked"
7194,1527,"2024-05-04","Confirmation",5,120,"converted"
7195,2982,"2024-02-25","Plan Selection",3,181,"viewed"
7196,1613,"2024-05-28","Pricing Page",2,67,"dropped"
7197,497,"2024-04-13","Pricing Page",2,40,"dropped"
7198,1466,"2024-03-12","Plan Selection",3,83,"clicked"
7199,1302,"2024-02-14","Confirmation",5,191,"converted"
7200,2262,"2024-01-09","Confirmation",5,144,"converted"
7201,1405,"2024-02-29","Pricing Page",2,37,"clicked"
7202,60,"2024-03-15","Home",1,169,"viewed"
7203,1210,"2024-01-26","Pricing Page",2,32,"viewed"
7204,33,"2024-04-05","Plan Selection",3,88,"dropped"
7205,2260,"2024-02-07","Payment",4,52,"viewed"
7206,503,"2024-04-10","Pricing Page",2,59,"clicked"
7207,2593,"2024-06-09","Payment",4,126,"clicked"
7208,248,"2024-02-26","Pricing Page",2,49,"dropped"
7209,1834,"2024-01-21","Payment",4,67,"clicked"
7210,1421,"2024-04-12","Pricing Page",2,47,"dropped"
7211,2065,"2024-03-28","Pricing Page",2,46,"dropped"
7212,144,"2024-01-19","Pricing Page",2,44,"dropped"
7213,1429,"2024-02-07","Plan Selection",3,90,"dropped"
7214,2338,"2024-02-25","Home",1,14,"clicked"
7215,2085,"2024-05-27","Confirmation",5,113,"converted"
7216,1837,"2024-04-01","Plan Selection",3,202,"viewed"
7217,2130,"2024-03-12","Payment",4,207,"clicked"
7218,733,"2024-06-11","Payment",4,19,"dropped"
7219,2615,"2024-03-03","Home",1,119,"clicked"
7220,894,"2024-02-28","Payment",4,142,"dropped"
7221,2119,"2024-01-21","Pricing Page",2,55,"viewed"
7222,237,"2024-04-22","Confirmation",5,117,"converted"
7223,109,"2024-04-13","Payment",4,21,"dropped"
7224,2854,"2024-05-03","Plan Selection",3,148,"viewed"
7225,50,"2024-04-23","Home",1,122,"clicked"
7226,3,"2024-03-12","Confirmation",5,147,"converted"
7227,1513,"2024-03-25","Payment",4,140,"viewed"
7228,631,"2024-04-09","Home",1,206,"clicked"
7229,2079,"2024-06-08","Pricing Page",2,67,"dropped"
7230,166,"2024-02-13","Home",1,114,"clicked"
7231,2192,"2024-02-19","Home",1,25,"viewed"
7232,2969,"2024-03-16","Home",1,68,"dropped"
7233,2577,"2024-06-02","Plan Selection",3,167,"viewed"
7234,993,"2024-05-31","Home",1,102,"viewed"
7235,682,"2024-06-24","Home",1,192,"dropped"
7236,1900,"2024-06-19","Payment",4,56,"viewed"
7237,2896,"2024-04-23","Pricing Page",2,46,"clicked"
7238,1678,"2024-05-19","Home",1,117,"dropped"
7239,918,"2024-06-25","Confirmation",5,187,"converted"
7240,1633,"2024-01-11","Plan Selection",3,43,"viewed"
7241,1982,"2024-05-25","Home",1,161,"viewed"
7242,368,"2024-04-14","Plan Selection",3,191,"viewed"
7243,2978,"2024-01-25","Plan Selection",3,33,"clicked"
7244,67,"2024-05-03","Pricing Page",2,59,"dropped"
7245,1980,"2024-04-17","Confirmation",5,41,"converted"
7246,2497,"2024-05-03","Confirmation",5,122,"converted"
7247,103,"2024-03-29","Pricing Page",2,46,"dropped"
7248,2239,"2024-05-23","Payment",4,68,"clicked"
7249,1269,"2024-03-01","Pricing Page",2,59,"clicked"
7250,1384,"2024-02-20","Home",1,62,"dropped"
7251,1246,"2024-03-05","Plan Selection",3,143,"viewed"
7252,1324,"2024-01-26","Pricing Page",2,43,"dropped"
7253,1789,"2024-03-10","Home",1,109,"dropped"
7254,2962,"2024-04-27","Pricing Page",2,52,"dropped"
7255,804,"2024-05-09","Payment",4,154,"clicked"
7256,909,"2024-04-24","Pricing Page",2,47,"viewed"
7257,1566,"2024-06-13","Confirmation",5,45,"converted"
7258,2822,"2024-02-01","Home",1,148,"clicked"
7259,1712,"2024-06-05","Plan Selection",3,110,"viewed"
7260,2279,"2024-05-31","Confirmation",5,14,"converted"
7261,1166,"2024-06-07","Pricing Page",2,52,"clicked"
7262,542,"2024-05-12","Home",1,100,"viewed"
7263,2884,"2024-02-09","Pricing Page",2,40,"dropped"
7264,2824,"2024-01-16","Plan Selection",3,170,"dropped"
7265,1466,"2024-06-12","Home",1,112,"clicked"
7266,1858,"2024-05-25","Home",1,81,"clicked"
7267,1606,"2024-05-09","Confirmation",5,150,"converted"
7268,1835,"2024-06-20","Confirmation",5,134,"converted"
7269,1331,"2024-03-03","Pricing Page",2,58,"clicked"
7270,2996,"2024-02-20","Pricing Page",2,34,"clicked"
7271,761,"2024-04-28","Plan Selection",3,126,"clicked"
7272,561,"2024-05-19","Pricing Page",2,44,"dropped"
7273,2754,"2024-02-18","Plan Selection",3,48,"dropped"
7274,553,"2024-03-25","Payment",4,115,"clicked"
7275,2307,"2024-01-07","Confirmation",5,71,"converted"
7276,2631,"2024-03-25","Plan Selection",3,33,"clicked"
7277,127,"2024-05-19","Payment",4,84,"viewed"
7278,229,"2024-03-25","Home",1,46,"clicked"
7279,605,"2024-03-06","Pricing Page",2,58,"dropped"
7280,2284,"2024-03-20","Confirmation",5,69,"converted"
7281,2146,"2024-05-03","Pricing Page",2,46,"clicked"
7282,1015,"2024-05-19","Payment",4,178,"viewed"
7283,201,"2024-02-02","Plan Selection",3,201,"viewed"
7284,1697,"2024-05-18","Home",1,78,"clicked"
7285,1903,"2024-02-01","Confirmation",5,66,"converted"
7286,1612,"2024-05-31","Plan Selection",3,76,"viewed"
7287,2244,"2024-06-11","Pricing Page",2,52,"clicked"
7288,991,"2024-03-06","Payment",4,15,"viewed"
7289,792,"2024-02-26","Payment",4,187,"dropped"
7290,85,"2024-05-12","Plan Selection",3,138,"clicked"
7291,1943,"2024-05-05","Plan Selection",3,108,"viewed"
7292,501,"2024-01-09","Payment",4,106,"dropped"
7293,2226,"2024-06-29","Payment",4,175,"viewed"
7294,2296,"2024-02-19","Home",1,122,"clicked"
7295,544,"2024-02-04","Pricing Page",2,42,"viewed"
7296,661,"2024-03-16","Pricing Page",2,65,"dropped"
7297,1845,"2024-02-16","Pricing Page",2,44,"dropped"
7298,1809,"2024-01-02","Pricing Page",2,32,"viewed"
7299,2441,"2024-04-18","Plan Selection",3,17,"clicked"
7300,761,"2024-06-03","Plan Selection",3,199,"dropped"
7301,1050,"2024-01-06","Home",1,102,"viewed"
7302,1542,"2024-04-23","Plan Selection",3,26,"viewed"
7303,2794,"2024-05-15","Confirmation",5,106,"converted"
7304,1751,"2024-03-25","Plan Selection",3,109,"viewed"
7305,653,"2024-06-05","Plan Selection",3,166,"viewed"
7306,346,"2024-06-10","Home",1,198,"clicked"
7307,2669,"2024-03-15","Pricing Page",2,60,"clicked"
7308,2412,"2024-01-29","Pricing Page",2,43,"dropped"
7309,997,"2024-02-11","Home",1,30,"dropped"
7310,2645,"2024-02-22","Payment",4,53,"viewed"
7311,1557,"2024-05-04","Confirmation",5,88,"converted"
7312,876,"2024-02-20","Plan Selection",3,154,"dropped"
7313,727,"2024-06-23","Home",1,124,"clicked"
7314,507,"2024-01-21","Home",1,10,"viewed"
7315,2921,"2024-03-28","Pricing Page",2,38,"clicked"
7316,307,"2024-04-19","Payment",4,175,"viewed"
7317,801,"2024-03-28","Plan Selection",3,138,"clicked"
7318,2567,"2024-02-07","Pricing Page",2,51,"dropped"
7319,2589,"2024-05-05","Confirmation",5,82,"converted"
7320,425,"2024-04-22","Plan Selection",3,116,"viewed"
7321,1633,"2024-05-31","Plan Selection",3,50,"clicked"
7322,1094,"2024-04-25","Home",1,114,"clicked"
7323,688,"2024-01-12","Plan Selection",3,208,"dropped"
7324,879,"2024-02-24","Plan Selection",3,53,"dropped"
7325,1153,"2024-02-24","Pricing Page",2,57,"clicked"
7326,2102,"2024-01-06","Home",1,43,"viewed"
7327,2797,"2024-04-18","Home",1,44,"clicked"
7328,2696,"2024-04-26","Plan Selection",3,139,"viewed"
7329,1555,"2024-04-03","Home",1,123,"viewed"
7330,485,"2024-03-29","Confirmation",5,69,"converted"
7331,1907,"2024-02-21","Plan Selection",3,144,"viewed"
7332,612,"2024-03-29","Payment",4,153,"dropped"
7333,638,"2024-06-01","Plan Selection",3,91,"clicked"
7334,307,"2024-05-10","Pricing Page",2,47,"clicked"
7335,793,"2024-03-16","Pricing Page",2,44,"dropped"
7336,1920,"2024-03-13","Home",1,42,"clicked"
7337,1507,"2024-05-09","Home",1,56,"viewed"
7338,42,"2024-02-13","Home",1,17,"viewed"
7339,1796,"2024-05-18","Home",1,169,"viewed"
7340,968,"2024-05-21","Confirmation",5,75,"converted"
7341,2492,"2024-02-01","Pricing Page",2,41,"clicked"
7342,1505,"2024-03-02","Home",1,190,"viewed"
7343,321,"2024-04-26","Confirmation",5,132,"converted"
7344,1021,"2024-06-04","Pricing Page",2,60,"viewed"
7345,1677,"2024-06-13","Payment",4,122,"dropped"
7346,1587,"2024-06-14","Confirmation",5,47,"converted"
7347,2946,"2024-03-03","Payment",4,180,"viewed"
7348,368,"2024-05-25","Plan Selection",3,173,"dropped"
7349,910,"2024-01-12","Pricing Page",2,55,"viewed"
7350,1402,"2024-03-01","Pricing Page",2,41,"dropped"
7351,1265,"2024-05-15","Pricing Page",2,42,"dropped"
7352,563,"2024-06-20","Home",1,17,"viewed"
7353,683,"2024-01-24","Confirmation",5,93,"converted"
7354,601,"2024-05-16","Home",1,116,"dropped"
7355,1114,"2024-02-19","Pricing Page",2,42,"dropped"
7356,2033,"2024-02-08","Home",1,105,"clicked"
7357,434,"2024-05-20","Pricing Page",2,67,"dropped"
7358,1113,"2024-03-29","Pricing Page",2,44,"dropped"
7359,2229,"2024-03-27","Home",1,72,"dropped"
7360,1981,"2024-06-19","Payment",4,175,"viewed"
7361,849,"2024-04-09","Confirmation",5,184,"converted"
7362,1919,"2024-04-16","Home",1,71,"clicked"
7363,1650,"2024-02-18","Plan Selection",3,133,"dropped"
7364,1102,"2024-05-06","Pricing Page",2,65,"dropped"
7365,402,"2024-04-07","Pricing Page",2,61,"dropped"
7366,854,"2024-01-04","Pricing Page",2,34,"dropped"
7367,2585,"2024-01-19","Confirmation",5,76,"converted"
7368,2668,"2024-03-20","Plan Selection",3,81,"dropped"
7369,2464,"2024-04-13","Pricing Page",2,44,"viewed"
7370,270,"2024-04-17","Plan Selection",3,161,"viewed"
7371,215,"2024-03-03","Plan Selection",3,121,"dropped"
7372,1441,"2024-05-08","Home",1,88,"viewed"
7373,305,"2024-04-07","Pricing Page",2,47,"dropped"
7374,489,"2024-04-09","Pricing Page",2,56,"dropped"
7375,1535,"2024-05-18","Pricing Page",2,43,"dropped"
7376,1990,"2024-02-02","Confirmation",5,16,"converted"
7377,1229,"2024-06-22","Plan Selection",3,187,"viewed"
7378,724,"2024-06-05","Plan Selection",3,94,"clicked"
7379,817,"2024-03-19","Pricing Page",2,51,"dropped"
7380,2315,"2024-02-01","Plan Selection",3,54,"clicked"
7381,2151,"2024-01-28","Plan Selection",3,116,"viewed"
7382,2293,"2024-02-07","Payment",4,21,"dropped"
7383,635,"2024-05-30","Plan Selection",3,27,"viewed"
7384,595,"2024-02-26","Confirmation",5,197,"converted"
7385,2260,"2024-06-22","Plan Selection",3,162,"dropped"
7386,2656,"2024-05-10","Confirmation",5,127,"converted"
7387,252,"2024-04-29","Home",1,59,"dropped"
7388,2279,"2024-03-30","Pricing Page",2,53,"dropped"
7389,1959,"2024-01-21","Plan Selection",3,151,"viewed"
7390,1229,"2024-06-17","Pricing Page",2,47,"dropped"
7391,1320,"2024-03-10","Plan Selection",3,184,"clicked"
7392,338,"2024-06-16","Pricing Page",2,57,"dropped"
7393,184,"2024-01-18","Pricing Page",2,35,"dropped"
7394,2340,"2024-05-04","Home",1,88,"viewed"
7395,923,"2024-03-21","Pricing Page",2,42,"viewed"
7396,2878,"2024-01-26","Payment",4,149,"dropped"
7397,2923,"2024-05-30","Pricing Page",2,58,"clicked"
7398,2316,"2024-04-07","Pricing Page",2,47,"dropped"
7399,2591,"2024-02-16","Plan Selection",3,153,"clicked"
7400,914,"2024-01-09","Pricing Page",2,45,"clicked"
7401,447,"2024-01-27","Pricing Page",2,59,"dropped"
7402,1929,"2024-05-30","Pricing Page",2,57,"clicked"
7403,129,"2024-03-13","Payment",4,46,"clicked"
7404,2597,"2024-03-27","Payment",4,118,"clicked"
7405,53,"2024-01-18","Pricing Page",2,57,"dropped"
7406,1216,"2024-03-03","Plan Selection",3,111,"dropped"
7407,1524,"2024-04-04","Home",1,194,"clicked"
7408,2470,"2024-01-29","Pricing Page",2,34,"viewed"
7409,1622,"2024-02-23","Payment",4,91,"clicked"
7410,99,"2024-05-27","Confirmation",5,97,"converted"
7411,784,"2024-06-28","Home",1,186,"viewed"
7412,2555,"2024-04-11","Pricing Page",2,53,"viewed"
7413,2223,"2024-01-25","Pricing Page",2,55,"viewed"
7414,2062,"2024-06-15","Plan Selection",3,186,"viewed"
7415,1485,"2024-06-28","Pricing Page",2,48,"dropped"
7416,2700,"2024-02-26","Payment",4,90,"clicked"
7417,2534,"2024-06-28","Pricing Page",2,41,"dropped"
7418,491,"2024-06-16","Home",1,183,"viewed"
7419,471,"2024-06-17","Home",1,31,"dropped"
7420,2058,"2024-03-17","Home",1,10,"viewed"
7421,693,"2024-04-21","Pricing Page",2,38,"dropped"
7422,233,"2024-02-21","Home",1,29,"viewed"
7423,939,"2024-05-24","Home",1,184,"dropped"
7424,1101,"2024-02-14","Home",1,192,"dropped"
7425,431,"2024-02-03","Plan Selection",3,201,"clicked"
7426,1473,"2024-04-25","Plan Selection",3,143,"dropped"
7427,2962,"2024-03-02","Payment",4,132,"viewed"
7428,1935,"2024-04-05","Plan Selection",3,208,"viewed"
7429,246,"2024-06-25","Plan Selection",3,48,"dropped"
7430,2699,"2024-02-08","Pricing Page",2,34,"clicked"
7431,2160,"2024-05-10","Pricing Page",2,39,"viewed"
7432,1315,"2024-03-20","Confirmation",5,33,"converted"
7433,2801,"2024-02-25","Payment",4,165,"viewed"
7434,2915,"2024-06-07","Pricing Page",2,60,"dropped"
7435,181,"2024-04-08","Plan Selection",3,15,"clicked"
7436,1970,"2024-04-25","Pricing Page",2,43,"dropped"
7437,2515,"2024-03-04","Pricing Page",2,32,"viewed"
7438,2028,"2024-01-01","Confirmation",5,192,"converted"
7439,1853,"2024-03-03","Payment",4,78,"dropped"
7440,1052,"2024-04-05","Plan Selection",3,90,"dropped"
7441,2739,"2024-06-09","Plan Selection",3,179,"dropped"
7442,368,"2024-02-08","Plan Selection",3,178,"dropped"
7443,282,"2024-01-18","Home",1,149,"viewed"
7444,1192,"2024-02-22","Pricing Page",2,43,"clicked"
7445,2736,"2024-02-06","Pricing Page",2,54,"dropped"
7446,1957,"2024-04-18","Home",1,100,"dropped"
7447,577,"2024-04-24","Plan Selection",3,208,"dropped"
7448,660,"2024-03-09","Pricing Page",2,59,"dropped"
7449,1024,"2024-06-16","Plan Selection",3,66,"clicked"
7450,139,"2024-03-29","Pricing Page",2,41,"clicked"
7451,2882,"2024-05-24","Home",1,50,"viewed"
7452,1915,"2024-02-14","Pricing Page",2,53,"dropped"
7453,2884,"2024-04-17","Home",1,134,"viewed"
7454,1357,"2024-05-01","Home",1,14,"dropped"
7455,1077,"2024-04-07","Plan Selection",3,110,"viewed"
7456,1926,"2024-02-28","Plan Selection",3,107,"clicked"
7457,1169,"2024-05-30","Confirmation",5,107,"converted"
7458,1314,"2024-05-12","Pricing Page",2,54,"clicked"
7459,1806,"2024-01-16","Plan Selection",3,169,"dropped"
7460,1097,"2024-03-09","Payment",4,170,"viewed"
7461,2606,"2024-03-09","Pricing Page",2,37,"dropped"
7462,589,"2024-05-30","Plan Selection",3,73,"viewed"
7463,1581,"2024-06-20","Home",1,209,"clicked"
7464,1225,"2024-04-18","Payment",4,26,"dropped"
7465,478,"2024-04-09","Pricing Page",2,60,"viewed"
7466,1107,"2024-01-12","Pricing Page",2,56,"viewed"
7467,819,"2024-01-01","Pricing Page",2,59,"dropped"
7468,2281,"2024-05-18","Plan Selection",3,92,"clicked"
7469,2861,"2024-03-23","Pricing Page",2,58,"dropped"
7470,2125,"2024-01-19","Pricing Page",2,49,"dropped"
7471,1818,"2024-05-02","Plan Selection",3,177,"clicked"
7472,2297,"2024-03-25","Home",1,158,"viewed"
7473,2866,"2024-06-05","Pricing Page",2,58,"viewed"
7474,2733,"2024-04-19","Pricing Page",2,58,"dropped"
7475,1683,"2024-02-12","Pricing Page",2,52,"dropped"
7476,2574,"2024-04-27","Plan Selection",3,103,"clicked"
7477,2967,"2024-01-21","Plan Selection",3,139,"clicked"
7478,903,"2024-01-29","Confirmation",5,196,"converted"
7479,56,"2024-02-23","Pricing Page",2,37,"dropped"
7480,1008,"2024-04-19","Home",1,55,"dropped"
7481,2756,"2024-02-11","Pricing Page",2,37,"dropped"
7482,2923,"2024-03-15","Home",1,89,"viewed"
7483,2570,"2024-03-23","Plan Selection",3,35,"clicked"
7484,1116,"2024-02-06","Confirmation",5,191,"converted"
7485,2501,"2024-03-20","Plan Selection",3,44,"viewed"
7486,1046,"2024-03-16","Home",1,10,"viewed"
7487,858,"2024-06-03","Pricing Page",2,51,"dropped"
7488,102,"2024-06-16","Plan Selection",3,175,"clicked"
7489,1129,"2024-01-31","Plan Selection",3,23,"dropped"
7490,2250,"2024-02-02","Plan Selection",3,150,"clicked"
7491,2136,"2024-06-06","Pricing Page",2,51,"dropped"
7492,1842,"2024-02-24","Plan Selection",3,93,"dropped"
7493,641,"2024-05-22","Pricing Page",2,42,"viewed"
7494,2515,"2024-04-20","Plan Selection",3,179,"viewed"
7495,1893,"2024-02-15","Pricing Page",2,30,"dropped"
7496,2999,"2024-06-25","Payment",4,100,"viewed"
7497,2423,"2024-01-26","Pricing Page",2,59,"dropped"
7498,471,"2024-05-14","Pricing Page",2,39,"dropped"
7499,2836,"2024-03-31","Plan Selection",3,164,"viewed"
7500,471,"2024-01-19","Home",1,196,"clicked"
7501,2460,"2024-04-05","Home",1,62,"viewed"
7502,863,"2024-06-28","Home",1,102,"dropped"
7503,2752,"2024-03-13","Pricing Page",2,31,"clicked"
7504,484,"2024-03-20","Plan Selection",3,49,"viewed"
7505,2580,"2024-04-22","Plan Selection",3,172,"clicked"
7506,2564,"2024-06-11","Confirmation",5,186,"converted"
7507,2010,"2024-05-07","Plan Selection",3,90,"clicked"
7508,969,"2024-01-18","Plan Selection",3,66,"viewed"
7509,1409,"2024-05-17","Pricing Page",2,58,"dropped"
7510,849,"2024-04-18","Home",1,205,"clicked"
7511,427,"2024-03-25","Confirmation",5,41,"converted"
7512,161,"2024-05-23","Payment",4,141,"viewed"
7513,971,"2024-01-08","Pricing Page",2,32,"clicked"
7514,2793,"2024-05-19","Home",1,12,"viewed"
7515,944,"2024-06-22","Payment",4,86,"clicked"
7516,1914,"2024-01-22","Plan Selection",3,12,"dropped"
7517,644,"2024-06-15","Confirmation",5,205,"converted"
7518,155,"2024-02-28","Pricing Page",2,39,"dropped"
7519,840,"2024-04-26","Pricing Page",2,38,"viewed"
7520,1224,"2024-03-08","Plan Selection",3,28,"clicked"
7521,1276,"2024-03-31","Pricing Page",2,57,"clicked"
7522,403,"2024-05-23","Plan Selection",3,91,"clicked"
7523,1862,"2024-06-29","Home",1,130,"viewed"
7524,1337,"2024-02-20","Home",1,104,"dropped"
7525,1312,"2024-05-02","Home",1,69,"clicked"
7526,1745,"2024-01-05","Pricing Page",2,52,"clicked"
7527,1030,"2024-04-06","Plan Selection",3,122,"viewed"
7528,2736,"2024-05-24","Pricing Page",2,64,"clicked"
7529,1223,"2024-02-10","Confirmation",5,162,"converted"
7530,466,"2024-03-29","Confirmation",5,96,"converted"
7531,679,"2024-05-30","Pricing Page",2,64,"dropped"
7532,1222,"2024-06-28","Payment",4,149,"clicked"
7533,1117,"2024-06-25","Payment",4,195,"clicked"
7534,2528,"2024-02-12","Plan Selection",3,116,"viewed"
7535,117,"2024-01-02","Confirmation",5,130,"converted"
7536,702,"2024-03-06","Home",1,104,"dropped"
7537,2119,"2024-03-23","Home",1,103,"viewed"
7538,2365,"2024-03-17","Payment",4,112,"clicked"
7539,2729,"2024-05-02","Plan Selection",3,71,"clicked"
7540,2259,"2024-01-29","Plan Selection",3,42,"dropped"
7541,1938,"2024-04-09","Payment",4,99,"viewed"
7542,1554,"2024-02-19","Payment",4,67,"viewed"
7543,2908,"2024-06-20","Payment",4,72,"dropped"
7544,1331,"2024-06-27","Plan Selection",3,13,"clicked"
7545,1498,"2024-04-11","Pricing Page",2,64,"dropped"
7546,2022,"2024-06-26","Payment",4,99,"viewed"
7547,2015,"2024-04-09","Payment",4,14,"viewed"
7548,1573,"2024-06-04","Payment",4,28,"clicked"
7549,2977,"2024-02-06","Home",1,115,"clicked"
7550,608,"2024-03-03","Home",1,111,"dropped"
7551,1571,"2024-06-28","Pricing Page",2,67,"clicked"
7552,2259,"2024-04-08","Pricing Page",2,56,"clicked"
7553,326,"2024-01-26","Pricing Page",2,44,"dropped"
7554,87,"2024-02-14","Home",1,202,"clicked"
7555,177,"2024-01-24","Pricing Page",2,58,"dropped"
7556,1902,"2024-02-24","Plan Selection",3,45,"dropped"
7557,1782,"2024-06-11","Plan Selection",3,180,"dropped"
7558,223,"2024-06-29","Payment",4,169,"viewed"
7559,625,"2024-06-08","Payment",4,51,"viewed"
7560,86,"2024-06-21","Plan Selection",3,117,"viewed"
7561,1811,"2024-01-17","Plan Selection",3,201,"viewed"
7562,1121,"2024-02-27","Pricing Page",2,42,"clicked"
7563,353,"2024-04-11","Pricing Page",2,54,"dropped"
7564,1426,"2024-01-18","Home",1,201,"viewed"
7565,1044,"2024-05-25","Confirmation",5,114,"converted"
7566,1929,"2024-04-27","Pricing Page",2,57,"dropped"
7567,2266,"2024-05-11","Pricing Page",2,58,"dropped"
7568,1787,"2024-06-25","Home",1,111,"clicked"
7569,2671,"2024-04-18","Pricing Page",2,64,"dropped"
7570,1403,"2024-01-11","Confirmation",5,58,"converted"
7571,1691,"2024-01-17","Payment",4,116,"clicked"
7572,910,"2024-03-09","Confirmation",5,154,"converted"
7573,2108,"2024-03-03","Plan Selection",3,18,"clicked"
7574,2136,"2024-03-23","Home",1,74,"dropped"
7575,136,"2024-04-21","Confirmation",5,188,"converted"
7576,1875,"2024-03-20","Pricing Page",2,48,"clicked"
7577,1652,"2024-04-19","Pricing Page",2,39,"dropped"
7578,649,"2024-06-09","Payment",4,74,"dropped"
7579,252,"2024-05-23","Plan Selection",3,42,"viewed"
7580,2930,"2024-05-25","Home",1,10,"viewed"
7581,2454,"2024-05-23","Plan Selection",3,54,"clicked"
7582,169,"2024-04-27","Home",1,94,"viewed"
7583,526,"2024-02-08","Plan Selection",3,18,"clicked"
7584,2581,"2024-04-02","Confirmation",5,78,"converted"
7585,2381,"2024-06-18","Pricing Page",2,58,"dropped"
7586,1974,"2024-04-28","Pricing Page",2,54,"viewed"
7587,1791,"2024-03-19","Pricing Page",2,54,"clicked"
7588,1332,"2024-03-08","Plan Selection",3,127,"clicked"
7589,2364,"2024-01-02","Plan Selection",3,88,"viewed"
7590,1000,"2024-06-23","Payment",4,47,"clicked"
7591,2635,"2024-06-16","Home",1,58,"dropped"
7592,839,"2024-05-23","Home",1,54,"viewed"
7593,356,"2024-02-27","Pricing Page",2,37,"clicked"
7594,2387,"2024-03-23","Confirmation",5,37,"converted"
7595,2950,"2024-03-31","Plan Selection",3,68,"viewed"
7596,197,"2024-06-22","Plan Selection",3,36,"viewed"
7597,2737,"2024-06-24","Home",1,151,"dropped"
7598,1989,"2024-06-02","Pricing Page",2,57,"clicked"
7599,92,"2024-03-01","Plan Selection",3,199,"viewed"
7600,36,"2024-01-26","Plan Selection",3,200,"viewed"
7601,2542,"2024-01-02","Plan Selection",3,110,"dropped"
7602,1492,"2024-03-27","Confirmation",5,29,"converted"
7603,2318,"2024-04-12","Plan Selection",3,179,"viewed"
7604,2965,"2024-05-29","Home",1,78,"dropped"
7605,140,"2024-04-16","Payment",4,69,"dropped"
7606,1080,"2024-04-26","Home",1,170,"clicked"
7607,1329,"2024-04-01","Home",1,96,"clicked"
7608,2073,"2024-04-29","Pricing Page",2,43,"dropped"
7609,1718,"2024-02-03","Pricing Page",2,44,"viewed"
7610,2154,"2024-01-13","Home",1,161,"dropped"
7611,2202,"2024-01-13","Home",1,111,"dropped"
7612,2945,"2024-04-20","Home",1,146,"dropped"
7613,1394,"2024-01-04","Plan Selection",3,91,"viewed"
7614,1640,"2024-06-07","Payment",4,20,"dropped"
7615,505,"2024-04-25","Plan Selection",3,124,"viewed"
7616,463,"2024-03-21","Payment",4,102,"dropped"
7617,2262,"2024-05-04","Home",1,172,"clicked"
7618,658,"2024-04-01","Payment",4,173,"clicked"
7619,59,"2024-04-20","Confirmation",5,40,"converted"
7620,2317,"2024-03-13","Plan Selection",3,63,"clicked"
7621,1493,"2024-05-07","Home",1,13,"dropped"
7622,106,"2024-01-22","Pricing Page",2,33,"dropped"
7623,278,"2024-02-06","Payment",4,17,"dropped"
7624,2728,"2024-04-06","Confirmation",5,26,"converted"
7625,1817,"2024-05-21","Home",1,22,"dropped"
7626,587,"2024-05-15","Home",1,105,"viewed"
7627,1067,"2024-06-12","Pricing Page",2,55,"dropped"
7628,2721,"2024-06-19","Confirmation",5,38,"converted"
7629,2193,"2024-02-10","Confirmation",5,11,"converted"
7630,651,"2024-01-13","Plan Selection",3,57,"dropped"
7631,2686,"2024-01-21","Payment",4,18,"clicked"
7632,2471,"2024-03-03","Pricing Page",2,36,"dropped"
7633,384,"2024-04-11","Pricing Page",2,51,"viewed"
7634,1608,"2024-05-14","Home",1,70,"dropped"
7635,268,"2024-06-01","Confirmation",5,61,"converted"
7636,1213,"2024-02-15","Home",1,111,"clicked"
7637,1140,"2024-05-16","Plan Selection",3,199,"viewed"
7638,590,"2024-04-11","Pricing Page",2,48,"dropped"
7639,1361,"2024-06-26","Plan Selection",3,169,"clicked"
7640,852,"2024-03-16","Pricing Page",2,64,"clicked"
7641,616,"2024-05-06","Payment",4,62,"viewed"
7642,2109,"2024-03-17","Confirmation",5,155,"converted"
7643,1913,"2024-01-02","Home",1,134,"viewed"
7644,2368,"2024-05-15","Pricing Page",2,56,"dropped"
7645,431,"2024-05-07","Home",1,87,"viewed"
7646,2955,"2024-01-07","Pricing Page",2,31,"clicked"
7647,2457,"2024-02-22","Home",1,40,"viewed"
7648,881,"2024-02-08","Home",1,71,"viewed"
7649,2865,"2024-06-01","Pricing Page",2,45,"dropped"
7650,414,"2024-01-29","Pricing Page",2,42,"viewed"
7651,1186,"2024-02-05","Payment",4,95,"viewed"
7652,902,"2024-03-05","Payment",4,75,"viewed"
7653,2984,"2024-06-27","Confirmation",5,176,"converted"
7654,847,"2024-06-14","Payment",4,184,"dropped"
7655,1136,"2024-02-22","Pricing Page",2,52,"viewed"
7656,1819,"2024-05-10","Payment",4,155,"clicked"
7657,1068,"2024-06-03","Pricing Page",2,52,"clicked"
7658,827,"2024-01-30","Confirmation",5,97,"converted"
7659,718,"2024-06-08","Plan Selection",3,160,"viewed"
7660,1283,"2024-06-15","Pricing Page",2,64,"dropped"
7661,1122,"2024-04-30","Pricing Page",2,38,"dropped"
7662,1317,"2024-05-05","Home",1,133,"viewed"
7663,1418,"2024-03-08","Pricing Page",2,32,"dropped"
7664,632,"2024-05-20","Pricing Page",2,67,"dropped"
7665,1334,"2024-01-02","Plan Selection",3,110,"clicked"
7666,1357,"2024-01-16","Home",1,39,"clicked"
7667,1,"2024-04-07","Plan Selection",3,172,"dropped"
7668,1756,"2024-06-14","Payment",4,75,"dropped"
7669,71,"2024-04-02","Pricing Page",2,64,"dropped"
7670,1092,"2024-05-23","Payment",4,11,"clicked"
7671,115,"2024-06-20","Plan Selection",3,75,"viewed"
7672,2071,"2024-02-14","Home",1,17,"viewed"
7673,1536,"2024-03-10","Pricing Page",2,53,"clicked"
7674,796,"2024-02-01","Home",1,168,"viewed"
7675,1591,"2024-02-25","Confirmation",5,158,"converted"
7676,2760,"2024-03-08","Home",1,83,"clicked"
7677,1982,"2024-04-26","Pricing Page",2,45,"dropped"
7678,2480,"2024-04-18","Plan Selection",3,168,"clicked"
7679,1850,"2024-06-10","Plan Selection",3,77,"viewed"
7680,1160,"2024-02-23","Pricing Page",2,50,"clicked"
7681,1336,"2024-05-09","Pricing Page",2,41,"clicked"
7682,1834,"2024-05-05","Plan Selection",3,25,"clicked"
7683,722,"2024-05-10","Payment",4,49,"clicked"
7684,762,"2024-01-30","Home",1,174,"viewed"
7685,539,"2024-01-20","Confirmation",5,138,"converted"
7686,696,"2024-02-12","Pricing Page",2,50,"viewed"
7687,1893,"2024-03-07","Confirmation",5,140,"converted"
7688,1236,"2024-01-18","Pricing Page",2,59,"dropped"
7689,1895,"2024-05-29","Pricing Page",2,58,"clicked"
7690,1147,"2024-06-06","Home",1,83,"clicked"
7691,590,"2024-02-06","Pricing Page",2,43,"dropped"
7692,2823,"2024-04-02","Payment",4,36,"clicked"
7693,2723,"2024-01-29","Home",1,171,"viewed"
7694,2800,"2024-01-10","Pricing Page",2,35,"clicked"
7695,306,"2024-06-13","Pricing Page",2,51,"dropped"
7696,1812,"2024-02-10","Pricing Page",2,56,"clicked"
7697,2145,"2024-01-30","Plan Selection",3,170,"dropped"
7698,2383,"2024-06-03","Payment",4,172,"clicked"
7699,2209,"2024-03-09","Plan Selection",3,74,"clicked"
7700,1986,"2024-05-13","Plan Selection",3,63,"dropped"
7701,1293,"2024-03-16","Payment",4,152,"dropped"
7702,2411,"2024-03-22","Payment",4,184,"viewed"
7703,1620,"2024-02-06","Pricing Page",2,40,"clicked"
7704,2403,"2024-02-23","Home",1,110,"clicked"
7705,2639,"2024-04-12","Home",1,62,"viewed"
7706,2609,"2024-01-29","Home",1,85,"clicked"
7707,2277,"2024-04-29","Home",1,39,"viewed"
7708,2525,"2024-02-13","Plan Selection",3,137,"dropped"
7709,2821,"2024-02-04","Home",1,31,"dropped"
7710,975,"2024-02-12","Home",1,68,"viewed"
7711,1434,"2024-05-19","Pricing Page",2,63,"viewed"
7712,347,"2024-05-22","Plan Selection",3,119,"dropped"
7713,1134,"2024-06-07","Pricing Page",2,54,"viewed"
7714,1106,"2024-06-03","Home",1,55,"viewed"
7715,1969,"2024-02-20","Pricing Page",2,37,"dropped"
7716,831,"2024-03-07","Home",1,193,"clicked"
7717,323,"2024-05-29","Payment",4,112,"dropped"
7718,938,"2024-01-10","Pricing Page",2,44,"clicked"
7719,2198,"2024-03-04","Plan Selection",3,154,"viewed"
7720,1795,"2024-01-24","Payment",4,180,"viewed"
7721,184,"2024-01-25","Pricing Page",2,30,"clicked"
7722,143,"2024-03-10","Payment",4,164,"clicked"
7723,721,"2024-04-30","Plan Selection",3,208,"dropped"
7724,2665,"2024-06-15","Confirmation",5,196,"converted"
7725,2532,"2024-03-17","Plan Selection",3,139,"clicked"
7726,1609,"2024-02-04","Pricing Page",2,33,"clicked"
7727,2072,"2024-04-20","Confirmation",5,27,"converted"
7728,1487,"2024-02-07","Plan Selection",3,36,"dropped"
7729,1917,"2024-02-01","Confirmation",5,57,"converted"
7730,991,"2024-06-18","Plan Selection",3,152,"clicked"
7731,263,"2024-01-19","Pricing Page",2,57,"viewed"
7732,2439,"2024-02-23","Home",1,77,"clicked"
7733,2296,"2024-01-29","Pricing Page",2,59,"clicked"
7734,257,"2024-02-10","Payment",4,138,"viewed"
7735,531,"2024-01-05","Plan Selection",3,179,"clicked"
7736,2741,"2024-01-17","Plan Selection",3,74,"clicked"
7737,837,"2024-01-09","Pricing Page",2,56,"dropped"
7738,581,"2024-03-27","Payment",4,125,"clicked"
7739,1981,"2024-06-06","Pricing Page",2,43,"viewed"
7740,2273,"2024-02-05","Plan Selection",3,195,"clicked"
7741,2504,"2024-04-19","Plan Selection",3,169,"clicked"
7742,2252,"2024-03-24","Home",1,193,"clicked"
7743,900,"2024-02-17","Pricing Page",2,40,"dropped"
7744,2934,"2024-05-06","Plan Selection",3,152,"viewed"
7745,821,"2024-05-10","Payment",4,152,"dropped"
7746,112,"2024-03-28","Pricing Page",2,40,"dropped"
7747,677,"2024-04-26","Plan Selection",3,160,"dropped"
7748,1445,"2024-06-23","Pricing Page",2,39,"dropped"
7749,654,"2024-06-06","Plan Selection",3,191,"clicked"
7750,1201,"2024-05-11","Pricing Page",2,67,"clicked"
7751,722,"2024-02-20","Plan Selection",3,117,"viewed"
7752,2015,"2024-03-11","Confirmation",5,110,"converted"
7753,2114,"2024-01-04","Confirmation",5,178,"converted"
7754,833,"2024-06-04","Pricing Page",2,58,"dropped"
7755,904,"2024-02-22","Plan Selection",3,194,"viewed"
7756,2733,"2024-05-14","Confirmation",5,155,"converted"
7757,2008,"2024-01-29","Payment",4,94,"viewed"
7758,1787,"2024-04-29","Plan Selection",3,135,"clicked"
7759,2932,"2024-01-31","Confirmation",5,21,"converted"
7760,1626,"2024-04-08","Home",1,169,"viewed"
7761,849,"2024-02-07","Home",1,79,"dropped"
7762,2129,"2024-01-18","Pricing Page",2,44,"dropped"
7763,1509,"2024-02-28","Home",1,128,"viewed"
7764,1012,"2024-05-28","Home",1,196,"clicked"
7765,1121,"2024-04-12","Plan Selection",3,169,"viewed"
7766,244,"2024-05-10","Pricing Page",2,57,"dropped"
7767,2333,"2024-03-24","Confirmation",5,97,"converted"
7768,900,"2024-02-03","Home",1,125,"viewed"
7769,933,"2024-01-24","Plan Selection",3,40,"viewed"
7770,2358,"2024-06-26","Plan Selection",3,158,"dropped"
7771,945,"2024-02-14","Pricing Page",2,51,"clicked"
7772,1167,"2024-05-28","Confirmation",5,55,"converted"
7773,940,"2024-06-10","Plan Selection",3,187,"viewed"
7774,2686,"2024-05-13","Home",1,167,"viewed"
7775,1081,"2024-06-23","Payment",4,169,"viewed"
7776,1496,"2024-01-29","Pricing Page",2,59,"viewed"
7777,2892,"2024-06-12","Plan Selection",3,81,"viewed"
7778,1992,"2024-03-27","Pricing Page",2,55,"clicked"
7779,2770,"2024-03-12","Pricing Page",2,56,"viewed"
7780,1343,"2024-05-16","Pricing Page",2,65,"dropped"
7781,2183,"2024-05-13","Plan Selection",3,82,"clicked"
7782,810,"2024-04-05","Payment",4,134,"clicked"
7783,171,"2024-04-05","Pricing Page",2,61,"dropped"
7784,707,"2024-04-21","Pricing Page",2,67,"viewed"
7785,1053,"2024-01-28","Plan Selection",3,36,"clicked"
7786,361,"2024-01-17","Home",1,51,"viewed"
7787,489,"2024-04-07","Pricing Page",2,50,"dropped"
7788,417,"2024-02-15","Payment",4,109,"viewed"
7789,405,"2024-06-12","Home",1,170,"viewed"
7790,315,"2024-03-16","Payment",4,142,"viewed"
7791,2531,"2024-02-27","Home",1,66,"clicked"
7792,1599,"2024-05-31","Plan Selection",3,90,"clicked"
7793,420,"2024-06-09","Home",1,101,"dropped"
7794,1950,"2024-04-25","Pricing Page",2,47,"viewed"
7795,1386,"2024-04-26","Payment",4,53,"clicked"
7796,922,"2024-05-18","Confirmation",5,48,"converted"
7797,839,"2024-05-27","Pricing Page",2,60,"dropped"
7798,2606,"2024-02-19","Payment",4,16,"viewed"
7799,304,"2024-06-28","Plan Selection",3,60,"clicked"
7800,2805,"2024-04-28","Pricing Page",2,49,"dropped"
7801,427,"2024-03-06","Pricing Page",2,53,"viewed"
7802,1612,"2024-03-06","Pricing Page",2,58,"dropped"
7803,1937,"2024-06-19","Payment",4,19,"viewed"
7804,1308,"2024-03-19","Payment",4,198,"dropped"
7805,186,"2024-05-19","Plan Selection",3,21,"clicked"
7806,438,"2024-06-18","Pricing Page",2,51,"dropped"
7807,2849,"2024-03-10","Home",1,45,"viewed"
7808,2692,"2024-03-18","Pricing Page",2,38,"clicked"
7809,1618,"2024-04-06","Home",1,136,"dropped"
7810,559,"2024-06-09","Payment",4,141,"viewed"
7811,1551,"2024-03-30","Confirmation",5,25,"converted"
7812,1988,"2024-01-14","Pricing Page",2,51,"clicked"
7813,2894,"2024-04-09","Payment",4,142,"viewed"
7814,1930,"2024-01-07","Pricing Page",2,34,"viewed"
7815,1123,"2024-06-28","Payment",4,49,"clicked"
7816,2437,"2024-04-22","Plan Selection",3,99,"clicked"
7817,2735,"2024-05-26","Pricing Page",2,40,"dropped"
7818,604,"2024-04-08","Home",1,11,"viewed"
7819,778,"2024-02-28","Payment",4,57,"viewed"
7820,1694,"2024-06-04","Plan Selection",3,97,"clicked"
7821,1672,"2024-04-30","Plan Selection",3,68,"clicked"
7822,1672,"2024-02-28","Confirmation",5,172,"converted"
7823,547,"2024-03-27","Payment",4,162,"clicked"
7824,711,"2024-02-17","Plan Selection",3,66,"clicked"
7825,2929,"2024-02-03","Home",1,102,"clicked"
7826,461,"2024-05-31","Payment",4,40,"clicked"
7827,1169,"2024-02-12","Home",1,75,"viewed"
7828,256,"2024-04-16","Plan Selection",3,136,"dropped"
7829,2325,"2024-03-25","Home",1,143,"clicked"
7830,1281,"2024-02-20","Home",1,167,"clicked"
7831,1268,"2024-03-21","Confirmation",5,88,"converted"
7832,414,"2024-04-01","Home",1,24,"dropped"
7833,2583,"2024-02-15","Plan Selection",3,141,"dropped"
7834,549,"2024-02-10","Plan Selection",3,48,"dropped"
7835,1824,"2024-02-29","Payment",4,40,"clicked"
7836,2689,"2024-05-01","Plan Selection",3,77,"viewed"
7837,1037,"2024-05-09","Plan Selection",3,116,"dropped"
7838,2026,"2024-02-08","Home",1,122,"viewed"
7839,2321,"2024-05-23","Plan Selection",3,170,"dropped"
7840,246,"2024-01-22","Pricing Page",2,42,"viewed"
7841,1891,"2024-02-13","Pricing Page",2,56,"clicked"
7842,1232,"2024-05-31","Confirmation",5,50,"converted"
7843,536,"2024-02-22","Confirmation",5,158,"converted"
7844,2851,"2024-04-03","Payment",4,35,"clicked"
7845,2362,"2024-04-24","Payment",4,28,"dropped"
7846,303,"2024-02-19","Home",1,113,"clicked"
7847,1093,"2024-05-01","Pricing Page",2,47,"clicked"
7848,2379,"2024-05-13","Pricing Page",2,47,"clicked"
7849,453,"2024-06-14","Home",1,191,"dropped"
7850,2935,"2024-03-26","Pricing Page",2,59,"dropped"
7851,896,"2024-04-24","Pricing Page",2,49,"dropped"
7852,1789,"2024-04-06","Confirmation",5,174,"converted"
7853,1374,"2024-05-28","Payment",4,45,"viewed"
7854,2860,"2024-05-02","Plan Selection",3,136,"clicked"
7855,2786,"2024-06-20","Confirmation",5,184,"converted"
7856,1590,"2024-01-07","Plan Selection",3,181,"clicked"
7857,2848,"2024-02-12","Pricing Page",2,57,"clicked"
7858,585,"2024-02-09","Plan Selection",3,188,"viewed"
7859,2859,"2024-06-28","Home",1,106,"dropped"
7860,727,"2024-05-24","Pricing Page",2,66,"viewed"
7861,2156,"2024-06-05","Home",1,56,"viewed"
7862,2045,"2024-03-09","Payment",4,19,"viewed"
7863,1670,"2024-04-11","Home",1,202,"clicked"
7864,619,"2024-05-21","Pricing Page",2,39,"dropped"
7865,2721,"2024-02-24","Payment",4,21,"viewed"
7866,1029,"2024-01-02","Home",1,12,"dropped"
7867,597,"2024-06-02","Plan Selection",3,156,"viewed"
7868,652,"2024-01-08","Plan Selection",3,140,"clicked"
7869,2983,"2024-02-06","Home",1,118,"viewed"
7870,1585,"2024-05-14","Home",1,93,"viewed"
7871,781,"2024-02-04","Home",1,73,"dropped"
7872,980,"2024-03-24","Pricing Page",2,46,"dropped"
7873,565,"2024-05-10","Home",1,20,"dropped"
7874,1452,"2024-01-07","Payment",4,116,"clicked"
7875,2489,"2024-05-04","Confirmation",5,150,"converted"
7876,1961,"2024-01-29","Payment",4,150,"viewed"
7877,2669,"2024-03-22","Plan Selection",3,129,"dropped"
7878,758,"2024-04-25","Pricing Page",2,46,"dropped"
7879,1476,"2024-02-18","Payment",4,110,"viewed"
7880,340,"2024-05-24","Plan Selection",3,172,"dropped"
7881,847,"2024-06-26","Home",1,69,"clicked"
7882,2591,"2024-02-17","Payment",4,173,"viewed"
7883,526,"2024-01-18","Confirmation",5,117,"converted"
7884,2354,"2024-02-26","Pricing Page",2,33,"viewed"
7885,283,"2024-05-30","Confirmation",5,195,"converted"
7886,2927,"2024-01-18","Plan Selection",3,114,"viewed"
7887,233,"2024-04-18","Payment",4,206,"viewed"
7888,940,"2024-04-20","Home",1,144,"dropped"
7889,945,"2024-03-08","Confirmation",5,111,"converted"
7890,2264,"2024-02-15","Home",1,63,"clicked"
7891,2499,"2024-02-02","Pricing Page",2,43,"dropped"
7892,189,"2024-01-10","Home",1,58,"viewed"
7893,363,"2024-05-05","Home",1,108,"dropped"
7894,202,"2024-01-03","Payment",4,63,"viewed"
7895,2791,"2024-03-16","Pricing Page",2,43,"dropped"
7896,1763,"2024-06-06","Plan Selection",3,78,"viewed"
7897,2020,"2024-04-08","Plan Selection",3,191,"clicked"
7898,968,"2024-03-10","Confirmation",5,141,"converted"
7899,1189,"2024-01-02","Payment",4,65,"viewed"
7900,519,"2024-03-24","Payment",4,121,"clicked"
7901,1340,"2024-06-22","Pricing Page",2,51,"clicked"
7902,1822,"2024-05-04","Plan Selection",3,23,"clicked"
7903,305,"2024-01-23","Pricing Page",2,35,"viewed"
7904,1051,"2024-05-27","Home",1,136,"dropped"
7905,2188,"2024-02-18","Home",1,196,"dropped"
7906,841,"2024-05-17","Confirmation",5,104,"converted"
7907,1575,"2024-02-06","Pricing Page",2,45,"dropped"
7908,663,"2024-01-05","Pricing Page",2,35,"clicked"
7909,1123,"2024-01-20","Pricing Page",2,52,"clicked"
7910,622,"2024-04-13","Pricing Page",2,50,"dropped"
7911,2394,"2024-05-17","Pricing Page",2,60,"dropped"
7912,1100,"2024-02-18","Pricing Page",2,40,"dropped"
7913,1501,"2024-01-27","Pricing Page",2,51,"viewed"
7914,1540,"2024-05-15","Home",1,157,"dropped"
7915,789,"2024-01-06","Pricing Page",2,52,"clicked"
7916,2841,"2024-05-28","Pricing Page",2,62,"dropped"
7917,2680,"2024-05-03","Payment",4,142,"dropped"
7918,1293,"2024-06-12","Pricing Page",2,49,"dropped"
7919,1126,"2024-06-19","Plan Selection",3,23,"viewed"
7920,2511,"2024-03-05","Pricing Page",2,40,"viewed"
7921,338,"2024-01-18","Home",1,86,"clicked"
7922,1234,"2024-04-04","Pricing Page",2,46,"dropped"
7923,2762,"2024-04-03","Payment",4,128,"clicked"
7924,1855,"2024-04-27","Pricing Page",2,39,"dropped"
7925,735,"2024-06-25","Home",1,154,"dropped"
7926,2967,"2024-02-15","Pricing Page",2,49,"dropped"
7927,4,"2024-06-01","Pricing Page",2,55,"dropped"
7928,790,"2024-05-11","Payment",4,23,"viewed"
7929,2209,"2024-02-27","Pricing Page",2,58,"clicked"
7930,343,"2024-05-24","Plan Selection",3,184,"clicked"
7931,1181,"2024-05-17","Plan Selection",3,172,"dropped"
7932,1703,"2024-02-12","Pricing Page",2,51,"dropped"
7933,863,"2024-02-05","Home",1,198,"clicked"
7934,586,"2024-05-17","Pricing Page",2,61,"dropped"
7935,738,"2024-02-15","Plan Selection",3,181,"viewed"
7936,2957,"2024-05-24","Home",1,156,"clicked"
7937,2130,"2024-05-26","Confirmation",5,40,"converted"
7938,36,"2024-04-19","Confirmation",5,27,"converted"
7939,1521,"2024-02-18","Payment",4,61,"viewed"
7940,1516,"2024-06-22","Pricing Page",2,53,"clicked"
7941,393,"2024-03-22","Payment",4,199,"dropped"
7942,2960,"2024-03-19","Home",1,147,"viewed"
7943,659,"2024-04-04","Confirmation",5,59,"converted"
7944,1011,"2024-06-20","Payment",4,165,"viewed"
7945,620,"2024-06-14","Confirmation",5,209,"converted"
7946,419,"2024-05-08","Home",1,109,"dropped"
7947,152,"2024-06-17","Pricing Page",2,58,"viewed"
7948,2336,"2024-06-26","Plan Selection",3,188,"viewed"
7949,489,"2024-04-01","Home",1,152,"clicked"
7950,2809,"2024-03-20","Pricing Page",2,57,"dropped"
7951,1569,"2024-02-27","Home",1,37,"viewed"
7952,2316,"2024-06-20","Pricing Page",2,45,"viewed"
7953,659,"2024-01-22","Confirmation",5,64,"converted"
7954,1737,"2024-01-16","Plan Selection",3,42,"viewed"
7955,894,"2024-02-09","Pricing Page",2,41,"dropped"
7956,1554,"2024-04-12","Pricing Page",2,59,"clicked"
7957,1403,"2024-01-31","Pricing Page",2,52,"dropped"
7958,1747,"2024-05-29","Pricing Page",2,50,"viewed"
7959,776,"2024-04-20","Pricing Page",2,54,"viewed"
7960,2085,"2024-06-10","Pricing Page",2,44,"viewed"
7961,694,"2024-02-08","Pricing Page",2,36,"viewed"
7962,716,"2024-02-16","Plan Selection",3,18,"clicked"
7963,1433,"2024-05-29","Plan Selection",3,16,"dropped"
7964,395,"2024-04-04","Pricing Page",2,55,"dropped"
7965,159,"2024-05-26","Confirmation",5,20,"converted"
7966,1742,"2024-05-13","Confirmation",5,118,"converted"
7967,2542,"2024-04-21","Plan Selection",3,178,"viewed"
7968,1423,"2024-04-13","Pricing Page",2,50,"clicked"
7969,2220,"2024-02-26","Pricing Page",2,51,"clicked"
7970,2634,"2024-04-12","Pricing Page",2,47,"viewed"
7971,2745,"2024-04-28","Plan Selection",3,148,"viewed"
7972,831,"2024-05-19","Home",1,168,"viewed"
7973,237,"2024-05-11","Pricing Page",2,60,"clicked"
7974,2545,"2024-03-08","Pricing Page",2,42,"dropped"
7975,2564,"2024-04-15","Pricing Page",2,38,"dropped"
7976,337,"2024-03-24","Confirmation",5,95,"converted"
7977,765,"2024-06-28","Home",1,205,"clicked"
7978,1890,"2024-02-08","Home",1,61,"viewed"
7979,2966,"2024-05-03","Pricing Page",2,44,"clicked"
7980,110,"2024-06-23","Plan Selection",3,140,"dropped"
7981,2266,"2024-03-03","Pricing Page",2,38,"dropped"
7982,665,"2024-01-13","Plan Selection",3,49,"viewed"
7983,353,"2024-05-18","Pricing Page",2,38,"clicked"
7984,1114,"2024-05-26","Confirmation",5,63,"converted"
7985,1539,"2024-05-18","Pricing Page",2,41,"clicked"
7986,1884,"2024-05-11","Payment",4,116,"clicked"
7987,1650,"2024-03-25","Plan Selection",3,203,"viewed"
7988,596,"2024-04-06","Home",1,159,"clicked"
7989,1145,"2024-03-01","Plan Selection",3,139,"viewed"
7990,952,"2024-04-23","Home",1,16,"viewed"
7991,2817,"2024-06-07","Plan Selection",3,46,"dropped"
7992,1837,"2024-03-06","Confirmation",5,171,"converted"
7993,283,"2024-01-10","Confirmation",5,153,"converted"
7994,1998,"2024-02-01","Confirmation",5,188,"converted"
7995,2433,"2024-03-09","Pricing Page",2,33,"dropped"
7996,1963,"2024-05-03","Pricing Page",2,45,"viewed"
7997,1955,"2024-04-20","Home",1,140,"viewed"
7998,2809,"2024-05-14","Confirmation",5,63,"converted"
7999,1904,"2024-03-09","Confirmation",5,161,"converted"
8000,2538,"2024-06-23","Pricing Page",2,53,"clicked"
8001,43,"2024-06-19","Plan Selection",3,122,"viewed"
8002,681,"2024-05-21","Pricing Page",2,61,"dropped"
8003,2886,"2024-01-02","Home",1,173,"clicked"
8004,1168,"2024-02-14","Home",1,118,"clicked"
8005,375,"2024-06-24","Pricing Page",2,52,"dropped"
8006,1977,"2024-02-07","Home",1,149,"clicked"
8007,1127,"2024-06-29","Payment",4,68,"viewed"
8008,1716,"2024-02-04","Pricing Page",2,49,"clicked"
8009,1444,"2024-06-22","Pricing Page",2,65,"dropped"
8010,2404,"2024-03-26","Confirmation",5,85,"converted"
8011,3000,"2024-06-07","Pricing Page",2,45,"dropped"
8012,2230,"2024-03-19","Confirmation",5,84,"converted"
8013,157,"2024-01-27","Plan Selection",3,107,"viewed"
8014,2798,"2024-04-23","Pricing Page",2,60,"clicked"
8015,1889,"2024-05-28","Pricing Page",2,55,"dropped"
8016,2826,"2024-05-01","Plan Selection",3,138,"viewed"
8017,469,"2024-06-17","Home",1,41,"dropped"
8018,1680,"2024-02-03","Pricing Page",2,49,"clicked"
8019,1651,"2024-02-17","Plan Selection",3,122,"viewed"
8020,858,"2024-01-09","Pricing Page",2,52,"clicked"
8021,83,"2024-01-28","Plan Selection",3,195,"viewed"
8022,859,"2024-04-16","Home",1,131,"viewed"
8023,666,"2024-05-04","Payment",4,164,"clicked"
8024,1641,"2024-01-03","Pricing Page",2,31,"viewed"
8025,2246,"2024-05-27","Payment",4,140,"viewed"
8026,131,"2024-05-28","Confirmation",5,91,"converted"
8027,342,"2024-03-04","Pricing Page",2,58,"clicked"
8028,2950,"2024-02-07","Home",1,181,"viewed"
8029,1140,"2024-06-17","Plan Selection",3,165,"clicked"
8030,1065,"2024-05-18","Payment",4,112,"clicked"
8031,2543,"2024-03-14","Pricing Page",2,37,"clicked"
8032,2586,"2024-01-30","Pricing Page",2,50,"clicked"
8033,965,"2024-04-19","Home",1,97,"dropped"
8034,2766,"2024-03-25","Plan Selection",3,92,"clicked"
8035,1985,"2024-01-31","Payment",4,158,"dropped"
8036,1747,"2024-03-18","Pricing Page",2,58,"dropped"
8037,2912,"2024-02-16","Pricing Page",2,32,"dropped"
8038,81,"2024-03-12","Confirmation",5,56,"converted"
8039,1544,"2024-06-07","Payment",4,122,"clicked"
8040,2474,"2024-02-08","Plan Selection",3,71,"viewed"
8041,2892,"2024-03-28","Plan Selection",3,49,"clicked"
8042,1260,"2024-06-10","Home",1,64,"viewed"
8043,420,"2024-02-29","Pricing Page",2,33,"viewed"
8044,1036,"2024-06-12","Pricing Page",2,57,"clicked"
8045,321,"2024-01-21","Pricing Page",2,56,"clicked"
8046,1800,"2024-01-12","Plan Selection",3,97,"viewed"
8047,2225,"2024-06-07","Home",1,31,"dropped"
8048,511,"2024-04-10","Pricing Page",2,57,"dropped"
8049,1815,"2024-03-25","Plan Selection",3,50,"clicked"
8050,2056,"2024-01-09","Home",1,156,"dropped"
8051,1582,"2024-02-06","Pricing Page",2,44,"dropped"
8052,963,"2024-01-27","Payment",4,100,"viewed"
8053,722,"2024-03-21","Plan Selection",3,47,"clicked"
8054,1764,"2024-04-26","Pricing Page",2,49,"dropped"
8055,1585,"2024-01-06","Plan Selection",3,154,"viewed"
8056,1315,"2024-03-18","Payment",4,187,"viewed"
8057,2945,"2024-01-23","Plan Selection",3,201,"viewed"
8058,231,"2024-01-04","Payment",4,54,"clicked"
8059,269,"2024-05-23","Plan Selection",3,23,"clicked"
8060,392,"2024-06-03","Confirmation",5,183,"converted"
8061,2032,"2024-05-21","Confirmation",5,25,"converted"
8062,2195,"2024-03-17","Confirmation",5,84,"converted"
8063,255,"2024-02-24","Pricing Page",2,39,"viewed"
8064,351,"2024-01-30","Pricing Page",2,55,"viewed"
8065,2444,"2024-03-20","Payment",4,106,"dropped"
8066,597,"2024-04-19","Pricing Page",2,48,"dropped"
8067,1434,"2024-06-01","Payment",4,94,"viewed"
8068,1185,"2024-05-21","Plan Selection",3,53,"viewed"
8069,396,"2024-05-22","Plan Selection",3,79,"dropped"
8070,1420,"2024-01-11","Confirmation",5,56,"converted"
8071,1513,"2024-05-30","Plan Selection",3,148,"clicked"
8072,2072,"2024-05-23","Confirmation",5,19,"converted"
8073,1754,"2024-05-21","Home",1,92,"viewed"
8074,2513,"2024-03-02","Home",1,194,"dropped"
8075,1379,"2024-01-30","Pricing Page",2,49,"dropped"
8076,274,"2024-03-15","Payment",4,155,"dropped"
8077,187,"2024-04-12","Plan Selection",3,121,"viewed"
8078,1411,"2024-06-05","Confirmation",5,10,"converted"
8079,726,"2024-02-07","Pricing Page",2,58,"viewed"
8080,1434,"2024-05-18","Pricing Page",2,56,"viewed"
8081,2575,"2024-03-25","Payment",4,80,"clicked"
8082,1674,"2024-02-09","Pricing Page",2,41,"clicked"
8083,1057,"2024-04-29","Pricing Page",2,44,"dropped"
8084,2761,"2024-05-03","Plan Selection",3,58,"dropped"
8085,1354,"2024-04-09","Pricing Page",2,47,"dropped"
8086,2664,"2024-03-05","Home",1,106,"dropped"
8087,2992,"2024-05-09","Plan Selection",3,173,"clicked"
8088,362,"2024-04-28","Confirmation",5,131,"converted"
8089,889,"2024-04-28","Pricing Page",2,38,"clicked"
8090,482,"2024-02-24","Home",1,44,"viewed"
8091,1682,"2024-03-05","Home",1,106,"dropped"
8092,2754,"2024-03-08","Home",1,92,"viewed"
8093,1569,"2024-03-05","Pricing Page",2,59,"dropped"
8094,657,"2024-03-16","Pricing Page",2,65,"dropped"
8095,2751,"2024-04-10","Home",1,114,"clicked"
8096,2710,"2024-01-07","Pricing Page",2,35,"clicked"
8097,820,"2024-04-29","Pricing Page",2,52,"viewed"
8098,971,"2024-05-14","Payment",4,112,"clicked"
8099,118,"2024-02-15","Home",1,192,"dropped"
8100,352,"2024-01-13","Confirmation",5,166,"converted"
8101,2762,"2024-02-15","Plan Selection",3,159,"dropped"
8102,2917,"2024-01-24","Payment",4,55,"viewed"
8103,526,"2024-06-22","Pricing Page",2,53,"clicked"
8104,445,"2024-04-04","Home",1,69,"viewed"
8105,2902,"2024-06-15","Plan Selection",3,145,"clicked"
8106,1947,"2024-02-11","Pricing Page",2,40,"dropped"
8107,2346,"2024-03-11","Plan Selection",3,178,"clicked"
8108,1594,"2024-03-16","Pricing Page",2,44,"clicked"
8109,1594,"2024-05-12","Home",1,32,"clicked"
8110,1593,"2024-04-06","Home",1,174,"viewed"
8111,2535,"2024-04-24","Plan Selection",3,58,"clicked"
8112,2721,"2024-04-10","Home",1,130,"viewed"
8113,1437,"2024-05-28","Plan Selection",3,179,"clicked"
8114,2196,"2024-06-10","Pricing Page",2,58,"clicked"
8115,583,"2024-06-29","Pricing Page",2,40,"dropped"
8116,1150,"2024-04-10","Plan Selection",3,105,"clicked"
8117,348,"2024-01-09","Confirmation",5,63,"converted"
8118,2066,"2024-04-26","Home",1,177,"viewed"
8119,466,"2024-04-13","Pricing Page",2,45,"dropped"
8120,1195,"2024-06-15","Pricing Page",2,47,"dropped"
8121,2145,"2024-04-14","Payment",4,195,"clicked"
8122,1334,"2024-06-09","Home",1,179,"viewed"
8123,305,"2024-05-10","Pricing Page",2,49,"viewed"
8124,2236,"2024-05-23","Payment",4,57,"dropped"
8125,1157,"2024-06-06","Home",1,77,"dropped"
8126,1736,"2024-04-07","Confirmation",5,47,"converted"
8127,136,"2024-05-01","Pricing Page",2,39,"clicked"
8128,377,"2024-04-26","Payment",4,61,"viewed"
8129,444,"2024-03-10","Pricing Page",2,36,"clicked"
8130,1481,"2024-04-18","Plan Selection",3,163,"clicked"
8131,667,"2024-02-05","Pricing Page",2,57,"clicked"
8132,2544,"2024-01-12","Payment",4,148,"dropped"
8133,1608,"2024-02-27","Confirmation",5,188,"converted"
8134,1699,"2024-01-27","Home",1,166,"viewed"
8135,1626,"2024-03-08","Pricing Page",2,33,"viewed"
8136,1954,"2024-06-07","Pricing Page",2,51,"dropped"
8137,2491,"2024-01-06","Plan Selection",3,46,"viewed"
8138,642,"2024-02-08","Pricing Page",2,43,"dropped"
8139,2084,"2024-03-20","Home",1,67,"dropped"
8140,1538,"2024-03-01","Home",1,146,"dropped"
8141,2886,"2024-05-25","Home",1,58,"viewed"
8142,1266,"2024-04-21","Payment",4,53,"viewed"
8143,1752,"2024-06-25","Home",1,160,"clicked"
8144,1449,"2024-03-08","Pricing Page",2,58,"clicked"
8145,1485,"2024-01-16","Confirmation",5,106,"converted"
8146,1712,"2024-03-13","Pricing Page",2,39,"clicked"
8147,547,"2024-01-10","Plan Selection",3,87,"viewed"
8148,2667,"2024-01-03","Pricing Page",2,59,"clicked"
8149,1825,"2024-06-11","Plan Selection",3,146,"clicked"
8150,2543,"2024-01-19","Confirmation",5,118,"converted"
8151,2413,"2024-03-12","Plan Selection",3,124,"dropped"
8152,906,"2024-06-12","Plan Selection",3,74,"viewed"
8153,2966,"2024-04-13","Confirmation",5,156,"converted"
8154,2986,"2024-05-20","Confirmation",5,47,"converted"
8155,683,"2024-04-13","Home",1,49,"clicked"
8156,1864,"2024-05-20","Home",1,155,"viewed"
8157,2653,"2024-04-14","Pricing Page",2,51,"dropped"
8158,425,"2024-02-12","Payment",4,209,"viewed"
8159,2457,"2024-05-26","Plan Selection",3,124,"dropped"
8160,1695,"2024-04-28","Plan Selection",3,200,"dropped"
8161,571,"2024-06-15","Home",1,98,"dropped"
8162,188,"2024-01-15","Pricing Page",2,56,"clicked"
8163,2760,"2024-03-25","Plan Selection",3,113,"viewed"
8164,1868,"2024-04-19","Home",1,10,"clicked"
8165,1722,"2024-02-28","Confirmation",5,107,"converted"
8166,2282,"2024-03-03","Pricing Page",2,34,"dropped"
8167,1623,"2024-04-06","Home",1,123,"viewed"
8168,2891,"2024-04-22","Pricing Page",2,44,"dropped"
8169,1913,"2024-05-25","Home",1,36,"clicked"
8170,705,"2024-02-05","Pricing Page",2,55,"dropped"
8171,1213,"2024-06-01","Home",1,109,"clicked"
8172,2585,"2024-06-10","Confirmation",5,161,"converted"
8173,402,"2024-03-11","Plan Selection",3,118,"dropped"
8174,2298,"2024-04-18","Plan Selection",3,139,"dropped"
8175,2761,"2024-01-16","Plan Selection",3,19,"clicked"
8176,500,"2024-01-09","Payment",4,106,"dropped"
8177,2273,"2024-01-12","Home",1,27,"clicked"
8178,283,"2024-04-28","Confirmation",5,205,"converted"
8179,2796,"2024-05-10","Payment",4,185,"viewed"
8180,555,"2024-01-07","Plan Selection",3,207,"dropped"
8181,1332,"2024-06-25","Plan Selection",3,170,"clicked"
8182,1448,"2024-02-20","Confirmation",5,183,"converted"
8183,1549,"2024-06-26","Pricing Page",2,62,"dropped"
8184,1880,"2024-01-17","Plan Selection",3,138,"clicked"
8185,1241,"2024-04-29","Home",1,69,"clicked"
8186,2105,"2024-04-10","Plan Selection",3,139,"dropped"
8187,912,"2024-05-19","Confirmation",5,98,"converted"
8188,1079,"2024-03-25","Pricing Page",2,65,"clicked"
8189,141,"2024-06-24","Plan Selection",3,141,"dropped"
8190,2140,"2024-01-29","Plan Selection",3,165,"viewed"
8191,978,"2024-05-31","Pricing Page",2,53,"viewed"
8192,862,"2024-04-06","Payment",4,96,"viewed"
8193,1197,"2024-05-20","Plan Selection",3,38,"viewed"
8194,1999,"2024-03-27","Pricing Page",2,53,"dropped"
8195,2296,"2024-03-15","Payment",4,132,"viewed"
8196,2776,"2024-03-07","Home",1,49,"viewed"
8197,1329,"2024-05-23","Plan Selection",3,175,"dropped"
8198,1819,"2024-03-08","Home",1,37,"clicked"
8199,698,"2024-04-14","Home",1,51,"clicked"
8200,2197,"2024-02-15","Home",1,111,"clicked"
8201,1276,"2024-06-21","Pricing Page",2,56,"clicked"
8202,859,"2024-04-06","Payment",4,100,"viewed"
8203,2393,"2024-03-30","Home",1,192,"clicked"
8204,2703,"2024-04-04","Confirmation",5,195,"converted"
8205,2842,"2024-06-21","Confirmation",5,158,"converted"
8206,2883,"2024-04-13","Confirmation",5,38,"converted"
8207,2404,"2024-04-14","Pricing Page",2,58,"viewed"
8208,2461,"2024-02-01","Pricing Page",2,47,"clicked"
8209,924,"2024-05-10","Plan Selection",3,66,"clicked"
8210,2490,"2024-01-27","Pricing Page",2,52,"dropped"
8211,163,"2024-01-15","Pricing Page",2,57,"viewed"
8212,1251,"2024-04-20","Payment",4,54,"viewed"
8213,2138,"2024-04-06","Plan Selection",3,26,"viewed"
8214,2317,"2024-03-21","Confirmation",5,59,"converted"
8215,1465,"2024-05-05","Home",1,207,"viewed"
8216,1444,"2024-05-14","Pricing Page",2,40,"clicked"
8217,2991,"2024-01-06","Home",1,143,"viewed"
8218,1354,"2024-04-15","Plan Selection",3,13,"clicked"
8219,316,"2024-02-11","Payment",4,111,"dropped"
8220,1807,"2024-06-17","Payment",4,102,"viewed"
8221,1332,"2024-06-14","Pricing Page",2,53,"clicked"
8222,1057,"2024-03-20","Home",1,90,"clicked"
8223,2038,"2024-04-30","Pricing Page",2,50,"dropped"
8224,670,"2024-02-07","Pricing Page",2,34,"clicked"
8225,92,"2024-01-12","Pricing Page",2,57,"viewed"
8226,2592,"2024-04-09","Home",1,39,"clicked"
8227,2539,"2024-03-23","Payment",4,87,"viewed"
8228,652,"2024-01-11","Plan Selection",3,21,"clicked"
8229,1745,"2024-06-03","Plan Selection",3,17,"viewed"
8230,2993,"2024-01-23","Plan Selection",3,170,"dropped"
8231,248,"2024-01-23","Pricing Page",2,43,"dropped"
8232,783,"2024-06-22","Confirmation",5,35,"converted"
8233,1912,"2024-05-25","Home",1,42,"clicked"
8234,2448,"2024-05-06","Home",1,38,"clicked"
8235,1335,"2024-03-31","Home",1,68,"viewed"
8236,98,"2024-02-09","Home",1,80,"viewed"
8237,2135,"2024-02-23","Pricing Page",2,55,"dropped"
8238,1484,"2024-06-01","Payment",4,45,"viewed"
8239,2231,"2024-05-16","Plan Selection",3,95,"clicked"
8240,907,"2024-06-23","Confirmation",5,143,"converted"
8241,1812,"2024-01-03","Pricing Page",2,38,"clicked"
8242,1026,"2024-05-22","Confirmation",5,37,"converted"
8243,2966,"2024-04-06","Plan Selection",3,187,"clicked"
8244,126,"2024-02-04","Payment",4,118,"clicked"
8245,1861,"2024-03-04","Confirmation",5,93,"converted"
8246,1184,"2024-05-11","Pricing Page",2,40,"dropped"
8247,125,"2024-01-06","Home",1,26,"clicked"
8248,923,"2024-04-19","Home",1,137,"viewed"
8249,2042,"2024-04-27","Home",1,17,"viewed"
8250,2692,"2024-05-02","Plan Selection",3,103,"dropped"
8251,2260,"2024-01-14","Home",1,78,"clicked"
8252,2596,"2024-02-04","Pricing Page",2,34,"viewed"
8253,859,"2024-02-02","Home",1,132,"viewed"
8254,117,"2024-02-18","Pricing Page",2,39,"viewed"
8255,1633,"2024-01-06","Plan Selection",3,109,"viewed"
8256,600,"2024-02-02","Pricing Page",2,59,"dropped"
8257,923,"2024-03-05","Payment",4,63,"viewed"
8258,2472,"2024-06-20","Pricing Page",2,51,"dropped"
8259,973,"2024-06-27","Confirmation",5,186,"converted"
8260,1534,"2024-06-12","Confirmation",5,51,"converted"
8261,263,"2024-05-27","Payment",4,129,"clicked"
8262,43,"2024-03-11","Confirmation",5,72,"converted"
8263,2633,"2024-03-22","Plan Selection",3,159,"viewed"
8264,463,"2024-01-25","Pricing Page",2,48,"clicked"
8265,1034,"2024-03-17","Home",1,34,"clicked"
8266,1698,"2024-04-30","Plan Selection",3,41,"viewed"
8267,2950,"2024-02-14","Pricing Page",2,48,"dropped"
8268,2200,"2024-05-05","Pricing Page",2,46,"clicked"
8269,848,"2024-04-03","Payment",4,46,"viewed"
8270,2295,"2024-06-01","Confirmation",5,12,"converted"
8271,997,"2024-04-24","Home",1,188,"viewed"
8272,737,"2024-02-20","Plan Selection",3,93,"dropped"
8273,1280,"2024-05-11","Pricing Page",2,55,"viewed"
8274,1770,"2024-03-02","Confirmation",5,141,"converted"
8275,1432,"2024-03-16","Plan Selection",3,203,"viewed"
8276,1892,"2024-03-19","Pricing Page",2,40,"clicked"
8277,2712,"2024-04-19","Pricing Page",2,61,"viewed"
8278,405,"2024-01-03","Plan Selection",3,57,"dropped"
8279,1193,"2024-02-28","Pricing Page",2,33,"clicked"
8280,1876,"2024-06-13","Plan Selection",3,144,"clicked"
8281,1697,"2024-06-08","Plan Selection",3,178,"dropped"
8282,430,"2024-02-26","Home",1,144,"viewed"
8283,2833,"2024-05-15","Confirmation",5,67,"converted"
8284,2134,"2024-05-06","Pricing Page",2,58,"dropped"
8285,2834,"2024-03-31","Plan Selection",3,188,"clicked"
8286,1204,"2024-05-17","Plan Selection",3,156,"viewed"
8287,296,"2024-06-13","Pricing Page",2,55,"dropped"
8288,1983,"2024-01-15","Pricing Page",2,54,"viewed"
8289,1844,"2024-04-28","Pricing Page",2,42,"dropped"
8290,2526,"2024-06-02","Plan Selection",3,11,"viewed"
8291,1514,"2024-05-26","Plan Selection",3,47,"clicked"
8292,993,"2024-04-03","Plan Selection",3,82,"dropped"
8293,881,"2024-02-12","Pricing Page",2,53,"dropped"
8294,2030,"2024-03-08","Payment",4,29,"viewed"
8295,1478,"2024-04-16","Pricing Page",2,55,"dropped"
8296,146,"2024-04-07","Plan Selection",3,26,"viewed"
8297,2243,"2024-03-02","Pricing Page",2,37,"viewed"
8298,2429,"2024-02-24","Home",1,104,"dropped"
8299,886,"2024-01-09","Pricing Page",2,47,"viewed"
8300,2082,"2024-05-24","Confirmation",5,48,"converted"
8301,623,"2024-03-24","Plan Selection",3,10,"viewed"
8302,2680,"2024-04-05","Confirmation",5,50,"converted"
8303,431,"2024-01-20","Home",1,56,"viewed"
8304,1455,"2024-06-13","Home",1,164,"clicked"
8305,1434,"2024-05-08","Home",1,110,"dropped"
8306,468,"2024-03-09","Pricing Page",2,30,"viewed"
8307,2746,"2024-02-05","Pricing Page",2,47,"dropped"
8308,443,"2024-02-09","Plan Selection",3,116,"viewed"
8309,391,"2024-03-16","Plan Selection",3,62,"dropped"
8310,683,"2024-04-05","Confirmation",5,46,"converted"
8311,152,"2024-05-08","Pricing Page",2,62,"viewed"
8312,573,"2024-01-31","Pricing Page",2,53,"dropped"
8313,1135,"2024-03-23","Home",1,78,"clicked"
8314,1161,"2024-01-17","Pricing Page",2,34,"viewed"
8315,2678,"2024-06-06","Plan Selection",3,168,"viewed"
8316,752,"2024-03-26","Plan Selection",3,132,"clicked"
8317,1243,"2024-02-27","Pricing Page",2,53,"viewed"
8318,2991,"2024-03-09","Confirmation",5,83,"converted"
8319,439,"2024-04-22","Plan Selection",3,108,"clicked"
8320,2256,"2024-03-17","Payment",4,13,"clicked"
8321,1488,"2024-06-21","Pricing Page",2,53,"clicked"
8322,1261,"2024-05-07","Pricing Page",2,42,"viewed"
8323,1543,"2024-04-17","Pricing Page",2,48,"dropped"
8324,1020,"2024-02-17","Pricing Page",2,50,"clicked"
8325,1360,"2024-05-21","Plan Selection",3,81,"dropped"
8326,2437,"2024-04-05","Home",1,92,"clicked"
8327,180,"2024-06-16","Pricing Page",2,51,"viewed"
8328,2916,"2024-02-22","Plan Selection",3,172,"clicked"
8329,2476,"2024-05-19","Pricing Page",2,53,"dropped"
8330,461,"2024-01-22","Home",1,81,"clicked"
8331,2000,"2024-02-22","Pricing Page",2,43,"viewed"
8332,2404,"2024-04-05","Pricing Page",2,54,"dropped"
8333,2894,"2024-03-18","Pricing Page",2,67,"dropped"
8334,296,"2024-05-31","Confirmation",5,192,"converted"
8335,2759,"2024-06-03","Plan Selection",3,207,"clicked"
8336,368,"2024-03-05","Pricing Page",2,30,"viewed"
8337,136,"2024-05-20","Payment",4,82,"viewed"
8338,2838,"2024-06-13","Plan Selection",3,161,"viewed"
8339,645,"2024-06-26","Pricing Page",2,50,"dropped"
8340,2402,"2024-03-12","Plan Selection",3,157,"viewed"
8341,1258,"2024-02-27","Pricing Page",2,51,"clicked"
8342,2353,"2024-01-29","Pricing Page",2,50,"dropped"
8343,2226,"2024-02-09","Payment",4,142,"viewed"
8344,1813,"2024-06-06","Plan Selection",3,19,"viewed"
8345,370,"2024-04-28","Confirmation",5,110,"converted"
8346,2504,"2024-04-30","Payment",4,41,"clicked"
8347,2895,"2024-06-23","Confirmation",5,156,"converted"
8348,2638,"2024-02-06","Pricing Page",2,39,"dropped"
8349,69,"2024-06-20","Plan Selection",3,99,"clicked"
8350,2972,"2024-01-28","Payment",4,114,"dropped"
8351,1768,"2024-02-14","Pricing Page",2,48,"clicked"
8352,1483,"2024-03-24","Payment",4,167,"clicked"
8353,2431,"2024-05-14","Pricing Page",2,45,"dropped"
8354,64,"2024-01-09","Home",1,144,"viewed"
8355,996,"2024-01-10","Pricing Page",2,35,"dropped"
8356,302,"2024-01-19","Pricing Page",2,52,"dropped"
8357,1518,"2024-01-11","Payment",4,151,"dropped"
8358,2762,"2024-06-25","Home",1,140,"viewed"
8359,1830,"2024-02-26","Plan Selection",3,142,"dropped"
8360,2297,"2024-03-09","Plan Selection",3,180,"clicked"
8361,2346,"2024-04-01","Home",1,92,"clicked"
8362,966,"2024-01-13","Pricing Page",2,51,"dropped"
8363,2409,"2024-06-04","Confirmation",5,183,"converted"
8364,2025,"2024-05-19","Payment",4,166,"clicked"
8365,2843,"2024-03-06","Confirmation",5,153,"converted"
8366,2106,"2024-03-06","Plan Selection",3,92,"viewed"
8367,1688,"2024-06-18","Confirmation",5,35,"converted"
8368,2036,"2024-01-02","Home",1,19,"dropped"
8369,2372,"2024-03-12","Plan Selection",3,173,"clicked"
8370,2884,"2024-06-22","Confirmation",5,150,"converted"
8371,2284,"2024-05-06","Pricing Page",2,66,"dropped"
8372,71,"2024-04-12","Payment",4,38,"clicked"
8373,1739,"2024-05-05","Payment",4,128,"viewed"
8374,2926,"2024-04-23","Pricing Page",2,43,"dropped"
8375,2287,"2024-01-06","Payment",4,55,"clicked"
8376,226,"2024-05-10","Pricing Page",2,58,"dropped"
8377,1989,"2024-02-19","Pricing Page",2,31,"dropped"
8378,989,"2024-03-09","Confirmation",5,78,"converted"
8379,116,"2024-01-29","Plan Selection",3,192,"clicked"
8380,2773,"2024-01-04","Pricing Page",2,48,"dropped"
8381,1960,"2024-06-21","Payment",4,35,"dropped"
8382,2574,"2024-04-08","Home",1,37,"dropped"
8383,2036,"2024-05-13","Plan Selection",3,28,"clicked"
8384,314,"2024-01-17","Home",1,106,"viewed"
8385,1091,"2024-06-16","Plan Selection",3,200,"dropped"
8386,2138,"2024-02-10","Confirmation",5,59,"converted"
8387,829,"2024-04-26","Pricing Page",2,39,"dropped"
8388,2875,"2024-05-14","Payment",4,208,"clicked"
8389,485,"2024-04-04","Home",1,31,"dropped"
8390,932,"2024-02-01","Confirmation",5,46,"converted"
8391,294,"2024-06-18","Pricing Page",2,40,"dropped"
8392,1458,"2024-03-05","Pricing Page",2,47,"viewed"
8393,2293,"2024-01-23","Pricing Page",2,36,"dropped"
8394,318,"2024-01-13","Home",1,191,"clicked"
8395,1890,"2024-05-13","Payment",4,166,"clicked"
8396,733,"2024-04-30","Plan Selection",3,198,"viewed"
8397,2797,"2024-05-25","Pricing Page",2,59,"viewed"
8398,1547,"2024-05-18","Pricing Page",2,40,"clicked"
8399,2375,"2024-01-23","Pricing Page",2,55,"clicked"
8400,322,"2024-06-18","Pricing Page",2,66,"clicked"
8401,1523,"2024-04-06","Home",1,43,"clicked"
8402,1093,"2024-05-06","Pricing Page",2,66,"dropped"
8403,2854,"2024-01-11","Pricing Page",2,58,"clicked"
8404,1958,"2024-05-15","Payment",4,157,"clicked"
8405,798,"2024-03-20","Pricing Page",2,59,"dropped"
8406,2028,"2024-02-20","Pricing Page",2,30,"dropped"
8407,81,"2024-01-12","Pricing Page",2,31,"clicked"
8408,489,"2024-03-21","Payment",4,77,"clicked"
8409,1361,"2024-05-21","Plan Selection",3,98,"clicked"
8410,1042,"2024-01-24","Plan Selection",3,146,"clicked"
8411,2396,"2024-02-21","Home",1,61,"dropped"
8412,1032,"2024-01-10","Pricing Page",2,58,"dropped"
8413,988,"2024-04-12","Payment",4,105,"viewed"
8414,2871,"2024-01-28","Confirmation",5,15,"converted"
8415,1317,"2024-01-21","Pricing Page",2,58,"viewed"
8416,232,"2024-03-17","Confirmation",5,43,"converted"
8417,531,"2024-03-09","Pricing Page",2,50,"dropped"
8418,2480,"2024-06-26","Pricing Page",2,44,"clicked"
8419,887,"2024-01-20","Plan Selection",3,200,"viewed"
8420,430,"2024-02-26","Home",1,157,"clicked"
8421,475,"2024-06-24","Pricing Page",2,38,"viewed"
8422,1471,"2024-05-12","Pricing Page",2,61,"dropped"
8423,1770,"2024-05-16","Home",1,163,"viewed"
8424,2310,"2024-03-14","Payment",4,93,"viewed"
8425,674,"2024-03-20","Plan Selection",3,74,"dropped"
8426,505,"2024-05-17","Pricing Page",2,42,"viewed"
8427,914,"2024-04-26","Pricing Page",2,55,"dropped"
8428,1134,"2024-05-25","Confirmation",5,16,"converted"
8429,1480,"2024-03-07","Pricing Page",2,51,"clicked"
8430,1148,"2024-03-10","Payment",4,153,"clicked"
8431,420,"2024-06-16","Pricing Page",2,46,"clicked"
8432,1048,"2024-02-05","Confirmation",5,27,"converted"
8433,1926,"2024-06-19","Payment",4,17,"viewed"
8434,894,"2024-05-31","Pricing Page",2,38,"dropped"
8435,1505,"2024-02-06","Plan Selection",3,191,"dropped"
8436,1307,"2024-01-15","Home",1,64,"dropped"
8437,1188,"2024-06-03","Home",1,183,"dropped"
8438,2398,"2024-05-16","Pricing Page",2,55,"clicked"
8439,1409,"2024-05-24","Plan Selection",3,121,"dropped"
8440,1161,"2024-06-11","Pricing Page",2,67,"viewed"
8441,1311,"2024-04-12","Plan Selection",3,196,"dropped"
8442,1722,"2024-04-27","Plan Selection",3,149,"viewed"
8443,1295,"2024-03-20","Confirmation",5,50,"converted"
8444,906,"2024-06-11","Plan Selection",3,64,"clicked"
8445,323,"2024-05-21","Plan Selection",3,117,"viewed"
8446,535,"2024-01-04","Plan Selection",3,155,"viewed"
8447,2057,"2024-04-01","Pricing Page",2,62,"clicked"
8448,2083,"2024-04-20","Confirmation",5,21,"converted"
8449,1052,"2024-04-15","Payment",4,111,"viewed"
8450,1253,"2024-01-23","Pricing Page",2,44,"dropped"
8451,2290,"2024-01-22","Pricing Page",2,33,"clicked"
8452,1053,"2024-04-03","Plan Selection",3,25,"viewed"
8453,2457,"2024-04-30","Payment",4,77,"dropped"
8454,1351,"2024-06-24","Plan Selection",3,135,"viewed"
8455,614,"2024-01-31","Pricing Page",2,48,"dropped"
8456,248,"2024-02-18","Home",1,129,"viewed"
8457,2908,"2024-04-16","Home",1,90,"viewed"
8458,1200,"2024-02-11","Confirmation",5,25,"converted"
8459,1607,"2024-03-20","Plan Selection",3,133,"clicked"
8460,2362,"2024-06-21","Pricing Page",2,41,"dropped"
8461,2895,"2024-03-14","Home",1,98,"viewed"
8462,2331,"2024-03-17","Payment",4,127,"viewed"
8463,1215,"2024-01-22","Pricing Page",2,47,"viewed"
8464,371,"2024-02-20","Home",1,77,"clicked"
8465,2522,"2024-03-30","Confirmation",5,62,"converted"
8466,1427,"2024-04-15","Pricing Page",2,59,"dropped"
8467,467,"2024-04-21","Plan Selection",3,46,"dropped"
8468,2849,"2024-03-22","Pricing Page",2,56,"viewed"
8469,1745,"2024-02-16","Plan Selection",3,201,"dropped"
8470,2486,"2024-05-11","Home",1,116,"dropped"
8471,1694,"2024-01-24","Confirmation",5,80,"converted"
8472,2745,"2024-04-04","Payment",4,156,"dropped"
8473,636,"2024-05-27","Pricing Page",2,60,"dropped"
8474,2980,"2024-04-20","Home",1,125,"viewed"
8475,1283,"2024-02-14","Confirmation",5,206,"converted"
8476,248,"2024-03-25","Home",1,207,"viewed"
8477,1752,"2024-05-23","Pricing Page",2,57,"dropped"
8478,2920,"2024-01-25","Payment",4,92,"viewed"
8479,1953,"2024-06-14","Plan Selection",3,89,"dropped"
8480,970,"2024-02-25","Plan Selection",3,179,"clicked"
8481,1092,"2024-01-14","Pricing Page",2,36,"dropped"
8482,1112,"2024-02-14","Home",1,182,"viewed"
8483,378,"2024-05-25","Plan Selection",3,174,"dropped"
8484,1240,"2024-04-06","Pricing Page",2,55,"dropped"
8485,2941,"2024-02-22","Plan Selection",3,145,"viewed"
8486,901,"2024-06-11","Plan Selection",3,58,"clicked"
8487,1577,"2024-02-20","Payment",4,49,"clicked"
8488,919,"2024-05-22","Home",1,154,"clicked"
8489,2023,"2024-04-30","Pricing Page",2,52,"dropped"
8490,100,"2024-05-05","Pricing Page",2,60,"clicked"
8491,2814,"2024-05-21","Home",1,42,"clicked"
8492,123,"2024-05-04","Pricing Page",2,53,"dropped"
8493,1231,"2024-02-23","Pricing Page",2,40,"viewed"
8494,2486,"2024-02-11","Plan Selection",3,139,"dropped"
8495,739,"2024-04-03","Payment",4,142,"viewed"
8496,2826,"2024-03-04","Confirmation",5,132,"converted"
8497,773,"2024-03-22","Pricing Page",2,40,"dropped"
8498,2267,"2024-05-15","Pricing Page",2,43,"dropped"
8499,2576,"2024-05-30","Plan Selection",3,104,"clicked"
8500,1478,"2024-05-09","Home",1,78,"clicked"
8501,250,"2024-01-27","Pricing Page",2,30,"clicked"
8502,583,"2024-01-01","Pricing Page",2,35,"clicked"
8503,1144,"2024-01-28","Plan Selection",3,141,"clicked"
8504,332,"2024-02-24","Home",1,209,"clicked"
8505,686,"2024-05-26","Pricing Page",2,49,"viewed"
8506,460,"2024-01-31","Pricing Page",2,42,"viewed"
8507,961,"2024-06-05","Pricing Page",2,45,"dropped"
8508,452,"2024-02-05","Plan Selection",3,11,"clicked"
8509,1239,"2024-04-18","Payment",4,19,"viewed"
8510,1594,"2024-06-02","Plan Selection",3,145,"clicked"
8511,623,"2024-05-06","Payment",4,54,"clicked"
8512,2864,"2024-02-06","Home",1,22,"viewed"
8513,1210,"2024-02-17","Home",1,148,"dropped"
8514,2393,"2024-03-25","Confirmation",5,59,"converted"
8515,1351,"2024-04-02","Pricing Page",2,52,"clicked"
8516,2264,"2024-02-12","Confirmation",5,175,"converted"
8517,1237,"2024-04-15","Plan Selection",3,140,"dropped"
8518,385,"2024-06-28","Plan Selection",3,186,"viewed"
8519,2672,"2024-02-28","Confirmation",5,168,"converted"
8520,304,"2024-01-24","Pricing Page",2,39,"clicked"
8521,2110,"2024-06-18","Plan Selection",3,30,"viewed"
8522,1505,"2024-02-10","Plan Selection",3,83,"dropped"
8523,24,"2024-06-24","Payment",4,55,"viewed"
8524,1738,"2024-06-19","Confirmation",5,10,"converted"
8525,379,"2024-04-21","Plan Selection",3,149,"clicked"
8526,2149,"2024-03-30","Pricing Page",2,41,"clicked"
8527,2115,"2024-05-06","Pricing Page",2,61,"clicked"
8528,2407,"2024-03-31","Home",1,205,"viewed"
8529,336,"2024-05-11","Pricing Page",2,48,"clicked"
8530,2827,"2024-02-29","Payment",4,34,"dropped"
8531,1165,"2024-03-28","Pricing Page",2,63,"dropped"
8532,2587,"2024-06-03","Plan Selection",3,186,"clicked"
8533,334,"2024-03-31","Home",1,64,"viewed"
8534,2170,"2024-06-09","Pricing Page",2,59,"clicked"
8535,1682,"2024-04-15","Pricing Page",2,49,"dropped"
8536,2432,"2024-03-31","Home",1,177,"viewed"
8537,1144,"2024-06-25","Plan Selection",3,145,"dropped"
8538,412,"2024-06-26","Pricing Page",2,54,"dropped"
8539,1624,"2024-06-29","Pricing Page",2,63,"dropped"
8540,101,"2024-05-30","Home",1,159,"clicked"
8541,2111,"2024-05-16","Plan Selection",3,15,"dropped"
8542,2268,"2024-02-19","Home",1,148,"dropped"
8543,2001,"2024-06-10","Pricing Page",2,55,"dropped"
8544,2499,"2024-04-25","Plan Selection",3,116,"clicked"
8545,1041,"2024-06-24","Payment",4,42,"clicked"
8546,1129,"2024-05-17","Plan Selection",3,25,"clicked"
8547,1970,"2024-01-27","Payment",4,87,"viewed"
8548,154,"2024-02-29","Pricing Page",2,42,"clicked"
8549,2674,"2024-04-14","Pricing Page",2,49,"dropped"
8550,2591,"2024-05-11","Home",1,27,"clicked"
8551,216,"2024-04-11","Plan Selection",3,65,"viewed"
8552,690,"2024-02-26","Payment",4,89,"clicked"
8553,2288,"2024-04-25","Confirmation",5,131,"converted"
8554,1002,"2024-06-01","Pricing Page",2,52,"clicked"
8555,1619,"2024-02-26","Confirmation",5,161,"converted"
8556,2896,"2024-04-11","Confirmation",5,173,"converted"
8557,1188,"2024-04-04","Pricing Page",2,55,"dropped"
8558,404,"2024-06-23","Pricing Page",2,44,"clicked"
8559,1165,"2024-04-04","Pricing Page",2,57,"viewed"
8560,1795,"2024-02-18","Plan Selection",3,194,"viewed"
8561,390,"2024-05-08","Home",1,140,"viewed"
8562,137,"2024-05-28","Confirmation",5,94,"converted"
8563,552,"2024-04-27","Plan Selection",3,108,"clicked"
8564,1718,"2024-04-23","Pricing Page",2,44,"clicked"
8565,1683,"2024-02-18","Plan Selection",3,112,"clicked"
8566,1065,"2024-01-07","Home",1,96,"viewed"
8567,2848,"2024-02-05","Home",1,16,"viewed"
8568,2702,"2024-01-19","Payment",4,152,"dropped"
8569,1853,"2024-04-25","Pricing Page",2,59,"clicked"
8570,402,"2024-05-02","Confirmation",5,181,"converted"
8571,1087,"2024-02-12","Home",1,154,"clicked"
8572,1838,"2024-06-29","Home",1,153,"dropped"
8573,2074,"2024-06-20","Plan Selection",3,105,"clicked"
8574,1619,"2024-04-03","Confirmation",5,54,"converted"
8575,751,"2024-04-15","Home",1,35,"dropped"
8576,410,"2024-03-08","Pricing Page",2,34,"clicked"
8577,1724,"2024-04-27","Plan Selection",3,145,"viewed"
8578,173,"2024-05-30","Confirmation",5,88,"converted"
8579,132,"2024-01-07","Home",1,32,"clicked"
8580,2369,"2024-05-02","Home",1,209,"viewed"
8581,2553,"2024-03-04","Pricing Page",2,59,"dropped"
8582,705,"2024-03-29","Payment",4,60,"dropped"
8583,1165,"2024-06-03","Home",1,203,"clicked"
8584,1964,"2024-05-14","Payment",4,114,"clicked"
8585,660,"2024-01-06","Pricing Page",2,40,"dropped"
8586,1271,"2024-02-11","Payment",4,151,"viewed"
8587,1037,"2024-01-09","Pricing Page",2,56,"viewed"
8588,1447,"2024-06-15","Home",1,206,"clicked"
8589,1290,"2024-05-10","Pricing Page",2,49,"viewed"
8590,1915,"2024-03-01","Payment",4,165,"viewed"
8591,2400,"2024-01-22","Home",1,124,"clicked"
8592,2504,"2024-02-13","Plan Selection",3,164,"viewed"
8593,1443,"2024-01-24","Home",1,132,"clicked"
8594,1524,"2024-01-24","Home",1,57,"viewed"
8595,955,"2024-02-01","Confirmation",5,27,"converted"
8596,1978,"2024-01-08","Pricing Page",2,59,"dropped"
8597,1875,"2024-01-28","Payment",4,197,"dropped"
8598,1275,"2024-06-27","Plan Selection",3,69,"clicked"
8599,2338,"2024-02-23","Home",1,164,"clicked"
8600,2977,"2024-04-14","Confirmation",5,184,"converted"
8601,1787,"2024-03-06","Home",1,207,"viewed"
8602,1527,"2024-06-05","Payment",4,80,"clicked"
8603,2885,"2024-04-17","Home",1,136,"viewed"
8604,2030,"2024-04-25","Home",1,186,"viewed"
8605,2969,"2024-01-31","Payment",4,185,"viewed"
8606,550,"2024-04-22","Plan Selection",3,204,"dropped"
8607,2673,"2024-06-23","Home",1,191,"dropped"
8608,1564,"2024-03-24","Payment",4,79,"clicked"
8609,1296,"2024-05-02","Home",1,85,"viewed"
8610,172,"2024-03-09","Plan Selection",3,92,"viewed"
8611,1433,"2024-04-10","Pricing Page",2,39,"dropped"
8612,501,"2024-01-05","Plan Selection",3,11,"dropped"
8613,2887,"2024-02-09","Home",1,79,"dropped"
8614,1931,"2024-05-26","Home",1,28,"dropped"
8615,1495,"2024-01-05","Plan Selection",3,29,"clicked"
8616,1737,"2024-02-01","Home",1,45,"clicked"
8617,2438,"2024-04-28","Payment",4,46,"clicked"
8618,1652,"2024-03-30","Payment",4,146,"viewed"
8619,1457,"2024-05-08","Home",1,71,"clicked"
8620,1319,"2024-03-10","Plan Selection",3,176,"clicked"
8621,1037,"2024-04-23","Home",1,121,"clicked"
8622,2962,"2024-03-02","Payment",4,137,"dropped"
8623,336,"2024-04-07","Pricing Page",2,44,"viewed"
8624,236,"2024-04-13","Plan Selection",3,90,"dropped"
8625,1609,"2024-02-11","Plan Selection",3,19,"clicked"
8626,2393,"2024-02-10","Payment",4,208,"viewed"
8627,2454,"2024-05-27","Plan Selection",3,137,"clicked"
8628,2275,"2024-05-23","Plan Selection",3,16,"dropped"
8629,1537,"2024-02-05","Pricing Page",2,47,"clicked"
8630,1132,"2024-01-02","Confirmation",5,105,"converted"
8631,2102,"2024-01-12","Pricing Page",2,56,"clicked"
8632,34,"2024-06-08","Pricing Page",2,43,"clicked"
8633,976,"2024-02-28","Plan Selection",3,59,"clicked"
8634,2248,"2024-06-03","Home",1,124,"viewed"
8635,683,"2024-05-18","Home",1,98,"viewed"
8636,1449,"2024-01-24","Pricing Page",2,48,"clicked"
8637,2020,"2024-05-31","Home",1,83,"clicked"
8638,1270,"2024-02-06","Payment",4,24,"dropped"
8639,1663,"2024-02-26","Confirmation",5,109,"converted"
8640,2493,"2024-04-29","Payment",4,33,"dropped"
8641,694,"2024-05-26","Pricing Page",2,47,"dropped"
8642,5,"2024-02-08","Home",1,138,"dropped"
8643,815,"2024-02-13","Pricing Page",2,36,"viewed"
8644,335,"2024-05-03","Home",1,88,"viewed"
8645,1009,"2024-04-12","Payment",4,101,"viewed"
8646,1656,"2024-03-14","Pricing Page",2,50,"dropped"
8647,660,"2024-03-03","Home",1,76,"clicked"
8648,477,"2024-04-01","Home",1,148,"clicked"
8649,1972,"2024-02-13","Pricing Page",2,44,"clicked"
8650,2154,"2024-05-09","Pricing Page",2,67,"clicked"
8651,396,"2024-05-28","Plan Selection",3,25,"clicked"
8652,261,"2024-04-26","Confirmation",5,176,"converted"
8653,914,"2024-01-05","Pricing Page",2,30,"clicked"
8654,408,"2024-03-06","Pricing Page",2,57,"clicked"
8655,911,"2024-02-19","Pricing Page",2,42,"viewed"
8656,2122,"2024-01-26","Plan Selection",3,101,"clicked"
8657,1410,"2024-04-25","Payment",4,18,"viewed"
8658,189,"2024-05-24","Payment",4,135,"viewed"
8659,2195,"2024-03-29","Pricing Page",2,61,"dropped"
8660,2069,"2024-05-25","Confirmation",5,77,"converted"
8661,2489,"2024-01-26","Pricing Page",2,50,"clicked"
8662,1828,"2024-06-04","Pricing Page",2,61,"dropped"
8663,2539,"2024-06-19","Home",1,16,"viewed"
8664,509,"2024-06-09","Confirmation",5,193,"converted"
8665,2515,"2024-03-21","Plan Selection",3,42,"viewed"
8666,407,"2024-03-31","Home",1,207,"viewed"
8667,817,"2024-03-16","Pricing Page",2,41,"clicked"
8668,1964,"2024-06-02","Pricing Page",2,64,"dropped"
8669,216,"2024-05-12","Pricing Page",2,38,"clicked"
8670,2694,"2024-01-19","Payment",4,176,"viewed"
8671,2520,"2024-02-06","Pricing Page",2,54,"clicked"
8672,2471,"2024-01-26","Pricing Page",2,53,"dropped"
8673,948,"2024-02-07","Home",1,172,"viewed"
8674,1662,"2024-03-09","Pricing Page",2,59,"dropped"
8675,993,"2024-06-08","Pricing Page",2,51,"viewed"
8676,1191,"2024-01-29","Plan Selection",3,105,"viewed"
8677,2071,"2024-04-14","Payment",4,69,"dropped"
8678,1540,"2024-02-27","Home",1,75,"clicked"
8679,986,"2024-02-16","Pricing Page",2,52,"viewed"
8680,196,"2024-05-10","Pricing Page",2,65,"dropped"
8681,442,"2024-04-14","Pricing Page",2,51,"viewed"
8682,663,"2024-03-08","Pricing Page",2,58,"dropped"
8683,2202,"2024-02-26","Pricing Page",2,55,"dropped"
8684,1829,"2024-02-29","Payment",4,16,"viewed"
8685,2136,"2024-02-19","Pricing Page",2,38,"viewed"
8686,2961,"2024-04-23","Home",1,13,"clicked"
8687,2044,"2024-05-18","Payment",4,134,"viewed"
8688,2856,"2024-03-25","Pricing Page",2,67,"dropped"
8689,1013,"2024-02-29","Plan Selection",3,45,"viewed"
8690,1136,"2024-06-20","Plan Selection",3,49,"dropped"
8691,684,"2024-04-26","Plan Selection",3,167,"clicked"
8692,454,"2024-06-02","Payment",4,87,"clicked"
8693,2115,"2024-05-26","Confirmation",5,45,"converted"
8694,391,"2024-01-22","Home",1,133,"clicked"
8695,2082,"2024-06-19","Plan Selection",3,66,"clicked"
8696,2674,"2024-05-27","Pricing Page",2,53,"dropped"
8697,2273,"2024-03-09","Plan Selection",3,199,"viewed"
8698,1776,"2024-02-24","Payment",4,153,"clicked"
8699,2837,"2024-03-25","Plan Selection",3,32,"dropped"
8700,2724,"2024-03-12","Pricing Page",2,31,"clicked"
8701,1179,"2024-03-20","Home",1,166,"viewed"
8702,2723,"2024-06-27","Pricing Page",2,39,"clicked"
8703,788,"2024-02-14","Pricing Page",2,45,"dropped"
8704,2448,"2024-02-13","Payment",4,208,"viewed"
8705,2139,"2024-03-04","Plan Selection",3,15,"clicked"
8706,1159,"2024-01-09","Home",1,59,"dropped"
8707,791,"2024-02-27","Payment",4,208,"viewed"
8708,184,"2024-03-27","Pricing Page",2,56,"dropped"
8709,370,"2024-03-24","Confirmation",5,60,"converted"
8710,1464,"2024-05-02","Confirmation",5,134,"converted"
8711,939,"2024-05-06","Plan Selection",3,150,"viewed"
8712,144,"2024-05-15","Plan Selection",3,149,"viewed"
8713,1532,"2024-03-12","Pricing Page",2,30,"clicked"
8714,1551,"2024-03-25","Payment",4,121,"clicked"
8715,1009,"2024-03-27","Pricing Page",2,52,"dropped"
8716,478,"2024-05-25","Plan Selection",3,65,"viewed"
8717,157,"2024-06-17","Pricing Page",2,57,"clicked"
8718,271,"2024-01-04","Payment",4,14,"viewed"
8719,795,"2024-02-28","Payment",4,47,"clicked"
8720,1954,"2024-06-16","Plan Selection",3,131,"viewed"
8721,499,"2024-06-01","Plan Selection",3,16,"dropped"
8722,246,"2024-02-23","Pricing Page",2,39,"viewed"
8723,687,"2024-04-27","Plan Selection",3,171,"clicked"
8724,1423,"2024-02-13","Payment",4,33,"clicked"
8725,189,"2024-03-25","Home",1,80,"clicked"
8726,1495,"2024-04-10","Pricing Page",2,61,"dropped"
8727,2217,"2024-04-28","Home",1,67,"clicked"
8728,1860,"2024-02-07","Home",1,60,"viewed"
8729,2872,"2024-04-10","Confirmation",5,178,"converted"
8730,1523,"2024-01-03","Plan Selection",3,137,"clicked"
8731,2963,"2024-02-06","Home",1,126,"viewed"
8732,898,"2024-01-12","Pricing Page",2,58,"clicked"
8733,1223,"2024-05-04","Pricing Page",2,38,"dropped"
8734,1172,"2024-03-24","Home",1,74,"dropped"
8735,3,"2024-03-16","Home",1,51,"viewed"
8736,596,"2024-05-06","Confirmation",5,80,"converted"
8737,294,"2024-03-19","Payment",4,13,"clicked"
8738,1228,"2024-04-13","Plan Selection",3,103,"clicked"
8739,2064,"2024-02-04","Payment",4,174,"clicked"
8740,2877,"2024-03-01","Payment",4,10,"clicked"
8741,2962,"2024-01-26","Payment",4,77,"clicked"
8742,244,"2024-01-28","Plan Selection",3,45,"clicked"
8743,2841,"2024-06-02","Pricing Page",2,52,"dropped"
8744,1863,"2024-03-23","Pricing Page",2,58,"dropped"
8745,1997,"2024-06-15","Plan Selection",3,61,"clicked"
8746,1880,"2024-05-05","Plan Selection",3,172,"clicked"
8747,690,"2024-01-27","Home",1,169,"viewed"
8748,2399,"2024-03-28","Home",1,141,"dropped"
8749,507,"2024-01-29","Pricing Page",2,57,"clicked"
8750,2385,"2024-06-06","Confirmation",5,44,"converted"
8751,2975,"2024-03-21","Pricing Page",2,64,"clicked"
8752,1994,"2024-03-03","Payment",4,137,"viewed"
8753,2964,"2024-01-01","Home",1,47,"viewed"
8754,1555,"2024-01-27","Home",1,98,"viewed"
8755,182,"2024-02-19","Home",1,31,"viewed"
8756,1782,"2024-01-04","Pricing Page",2,44,"clicked"
8757,909,"2024-05-31","Pricing Page",2,62,"dropped"
8758,360,"2024-04-27","Payment",4,95,"clicked"
8759,792,"2024-05-24","Home",1,119,"dropped"
8760,729,"2024-05-03","Plan Selection",3,83,"viewed"
8761,2487,"2024-05-22","Pricing Page",2,64,"dropped"
8762,2233,"2024-03-27","Home",1,86,"clicked"
8763,2973,"2024-04-30","Pricing Page",2,62,"viewed"
8764,1603,"2024-05-02","Payment",4,189,"dropped"
8765,2766,"2024-02-14","Pricing Page",2,45,"dropped"
8766,2510,"2024-02-29","Home",1,155,"dropped"
8767,2431,"2024-03-24","Payment",4,199,"dropped"
8768,2594,"2024-06-11","Confirmation",5,173,"converted"
8769,1119,"2024-03-16","Confirmation",5,119,"converted"
8770,2583,"2024-04-29","Payment",4,137,"dropped"
8771,510,"2024-05-24","Pricing Page",2,39,"clicked"
8772,1501,"2024-03-01","Home",1,185,"viewed"
8773,1994,"2024-05-14","Payment",4,87,"viewed"
8774,1917,"2024-06-14","Plan Selection",3,128,"viewed"
8775,2871,"2024-06-20","Payment",4,113,"viewed"
8776,820,"2024-03-26","Plan Selection",3,71,"viewed"
8777,1657,"2024-01-15","Payment",4,103,"dropped"
8778,544,"2024-04-10","Pricing Page",2,52,"clicked"
8779,656,"2024-06-09","Payment",4,65,"dropped"
8780,766,"2024-02-10","Pricing Page",2,33,"clicked"
8781,126,"2024-05-22","Payment",4,156,"dropped"
8782,2556,"2024-04-23","Plan Selection",3,206,"dropped"
8783,217,"2024-05-14","Plan Selection",3,73,"dropped"
8784,880,"2024-02-28","Payment",4,142,"dropped"
8785,2026,"2024-06-26","Confirmation",5,101,"converted"
8786,1955,"2024-06-08","Pricing Page",2,57,"clicked"
8787,416,"2024-02-17","Confirmation",5,158,"converted"
8788,2978,"2024-05-12","Plan Selection",3,64,"clicked"
8789,1630,"2024-06-12","Confirmation",5,149,"converted"
8790,2519,"2024-01-20","Home",1,172,"viewed"
8791,1234,"2024-01-28","Plan Selection",3,41,"dropped"
8792,1985,"2024-04-22","Home",1,172,"viewed"
8793,2343,"2024-06-25","Plan Selection",3,166,"clicked"
8794,287,"2024-04-20","Payment",4,204,"clicked"
8795,80,"2024-03-06","Payment",4,126,"viewed"
8796,2521,"2024-01-09","Plan Selection",3,86,"viewed"
8797,2534,"2024-05-30","Plan Selection",3,127,"dropped"
8798,2125,"2024-02-16","Home",1,15,"viewed"
8799,515,"2024-06-13","Home",1,95,"dropped"
8800,2858,"2024-04-22","Pricing Page",2,48,"dropped"
8801,893,"2024-02-16","Pricing Page",2,35,"viewed"
8802,671,"2024-06-02","Plan Selection",3,75,"viewed"
8803,1733,"2024-01-28","Home",1,147,"clicked"
8804,1997,"2024-02-23","Pricing Page",2,44,"viewed"
8805,867,"2024-04-23","Pricing Page",2,50,"dropped"
8806,614,"2024-01-29","Home",1,91,"clicked"
8807,1032,"2024-02-02","Payment",4,160,"dropped"
8808,2056,"2024-06-05","Pricing Page",2,58,"clicked"
8809,743,"2024-02-16","Plan Selection",3,195,"dropped"
8810,910,"2024-03-25","Pricing Page",2,58,"dropped"
8811,2705,"2024-06-16","Confirmation",5,184,"converted"
8812,1707,"2024-02-11","Pricing Page",2,44,"dropped"
8813,189,"2024-01-03","Payment",4,78,"dropped"
8814,1082,"2024-04-13","Payment",4,49,"viewed"
8815,1740,"2024-06-29","Pricing Page",2,45,"dropped"
8816,2053,"2024-06-24","Payment",4,20,"viewed"
8817,777,"2024-04-27","Pricing Page",2,48,"dropped"
8818,1983,"2024-02-23","Pricing Page",2,46,"dropped"
8819,1911,"2024-03-18","Pricing Page",2,64,"clicked"
8820,2257,"2024-05-13","Pricing Page",2,65,"dropped"
8821,1805,"2024-02-08","Pricing Page",2,50,"clicked"
8822,668,"2024-01-25","Confirmation",5,128,"converted"
8823,2894,"2024-01-09","Pricing Page",2,47,"viewed"
8824,1557,"2024-01-09","Plan Selection",3,57,"dropped"
8825,347,"2024-01-15","Home",1,12,"viewed"
8826,1439,"2024-05-05","Home",1,14,"dropped"
8827,615,"2024-06-04","Plan Selection",3,182,"clicked"
8828,2059,"2024-04-29","Pricing Page",2,46,"clicked"
8829,855,"2024-04-10","Confirmation",5,201,"converted"
8830,39,"2024-02-04","Confirmation",5,14,"converted"
8831,1083,"2024-05-12","Plan Selection",3,146,"viewed"
8832,1154,"2024-06-05","Home",1,53,"clicked"
8833,1004,"2024-06-08","Pricing Page",2,50,"clicked"
8834,2384,"2024-04-11","Pricing Page",2,51,"viewed"
8835,1391,"2024-03-19","Payment",4,119,"clicked"
8836,1415,"2024-01-17","Home",1,204,"viewed"
8837,2035,"2024-02-11","Home",1,189,"dropped"
8838,2954,"2024-04-03","Plan Selection",3,122,"viewed"
8839,280,"2024-04-17","Plan Selection",3,143,"clicked"
8840,1101,"2024-01-02","Confirmation",5,151,"converted"
8841,2063,"2024-02-28","Plan Selection",3,157,"dropped"
8842,477,"2024-04-12","Pricing Page",2,41,"dropped"
8843,1177,"2024-02-22","Pricing Page",2,43,"clicked"
8844,2431,"2024-05-19","Pricing Page",2,61,"clicked"
8845,2532,"2024-02-26","Home",1,57,"dropped"
8846,2172,"2024-03-05","Plan Selection",3,199,"viewed"
8847,2352,"2024-01-27","Pricing Page",2,43,"dropped"
8848,1091,"2024-03-09","Payment",4,177,"viewed"
8849,1616,"2024-02-17","Plan Selection",3,140,"dropped"
8850,101,"2024-04-14","Payment",4,39,"clicked"
8851,1887,"2024-06-12","Plan Selection",3,89,"dropped"
8852,1311,"2024-05-26","Payment",4,50,"viewed"
8853,1880,"2024-04-16","Home",1,116,"clicked"
8854,2421,"2024-04-17","Plan Selection",3,199,"dropped"
8855,2125,"2024-02-07","Confirmation",5,190,"converted"
8856,2433,"2024-03-02","Pricing Page",2,39,"viewed"
8857,2824,"2024-03-08","Home",1,24,"dropped"
8858,2971,"2024-02-11","Home",1,51,"clicked"
8859,2605,"2024-06-02","Plan Selection",3,133,"dropped"
8860,435,"2024-01-22","Home",1,110,"viewed"
8861,1298,"2024-02-06","Plan Selection",3,197,"clicked"
8862,2917,"2024-02-04","Home",1,142,"dropped"
8863,2653,"2024-06-10","Payment",4,91,"clicked"
8864,2133,"2024-05-23","Payment",4,163,"clicked"
8865,1485,"2024-03-12","Pricing Page",2,36,"clicked"
8866,1165,"2024-01-25","Plan Selection",3,47,"clicked"
8867,1124,"2024-05-07","Pricing Page",2,65,"dropped"
8868,2428,"2024-01-25","Pricing Page",2,54,"dropped"
8869,1454,"2024-02-14","Payment",4,31,"dropped"
8870,2669,"2024-05-09","Confirmation",5,90,"converted"
8871,870,"2024-02-12","Pricing Page",2,56,"clicked"
8872,1397,"2024-01-14","Confirmation",5,144,"converted"
8873,1296,"2024-01-25","Pricing Page",2,45,"clicked"
8874,2192,"2024-02-19","Home",1,10,"clicked"
8875,1798,"2024-03-19","Pricing Page",2,53,"dropped"
8876,398,"2024-01-06","Payment",4,158,"clicked"
8877,2380,"2024-05-16","Pricing Page",2,59,"dropped"
8878,1902,"2024-01-22","Plan Selection",3,22,"clicked"
8879,438,"2024-06-16","Pricing Page",2,44,"dropped"
8880,2976,"2024-03-04","Payment",4,184,"dropped"
8881,1178,"2024-06-22","Plan Selection",3,46,"dropped"
8882,2580,"2024-01-10","Plan Selection",3,65,"clicked"
8883,2273,"2024-05-31","Confirmation",5,20,"converted"
8884,1553,"2024-03-19","Plan Selection",3,169,"dropped"
8885,801,"2024-06-18","Confirmation",5,128,"converted"
8886,984,"2024-06-04","Pricing Page",2,66,"viewed"
8887,1417,"2024-05-16","Pricing Page",2,53,"dropped"
8888,2996,"2024-03-25","Pricing Page",2,46,"dropped"
8889,18,"2024-06-17","Plan Selection",3,98,"clicked"
8890,2946,"2024-01-23","Plan Selection",3,21,"dropped"
8891,2979,"2024-02-17","Pricing Page",2,55,"dropped"
8892,2683,"2024-04-17","Pricing Page",2,58,"dropped"
8893,1498,"2024-06-26","Pricing Page",2,39,"dropped"
8894,2722,"2024-04-04","Confirmation",5,194,"converted"
8895,2743,"2024-05-25","Pricing Page",2,67,"dropped"
8896,867,"2024-02-27","Plan Selection",3,134,"viewed"
8897,67,"2024-02-01","Payment",4,104,"viewed"
8898,1383,"2024-03-08","Pricing Page",2,39,"dropped"
8899,1457,"2024-02-03","Pricing Page",2,52,"dropped"
8900,962,"2024-05-04","Pricing Page",2,46,"dropped"
8901,1515,"2024-02-21","Confirmation",5,137,"converted"
8902,1495,"2024-04-14","Pricing Page",2,44,"viewed"
8903,476,"2024-06-09","Confirmation",5,28,"converted"
8904,1862,"2024-05-28","Pricing Page",2,60,"dropped"
8905,2804,"2024-04-10","Confirmation",5,49,"converted"
8906,205,"2024-05-15","Plan Selection",3,103,"viewed"
8907,387,"2024-04-05","Pricing Page",2,57,"dropped"
8908,1683,"2024-02-24","Payment",4,60,"viewed"
8909,209,"2024-01-10","Home",1,27,"clicked"
8910,728,"2024-02-25","Payment",4,26,"dropped"
8911,2364,"2024-06-15","Pricing Page",2,51,"dropped"
8912,357,"2024-01-23","Pricing Page",2,59,"dropped"
8913,1789,"2024-04-27","Pricing Page",2,47,"dropped"
8914,1148,"2024-01-18","Pricing Page",2,40,"clicked"
8915,1518,"2024-03-17","Plan Selection",3,155,"viewed"
8916,2993,"2024-03-27","Pricing Page",2,56,"clicked"
8917,568,"2024-04-07","Home",1,24,"viewed"
8918,1646,"2024-06-08","Payment",4,32,"clicked"
8919,545,"2024-01-01","Pricing Page",2,38,"dropped"
8920,1876,"2024-05-27","Pricing Page",2,55,"dropped"
8921,2357,"2024-01-01","Plan Selection",3,58,"clicked"
8922,1709,"2024-01-14","Plan Selection",3,20,"clicked"
8923,1054,"2024-06-02","Home",1,97,"clicked"
8924,2008,"2024-04-10","Payment",4,49,"viewed"
8925,2118,"2024-04-10","Plan Selection",3,128,"dropped"
8926,919,"2024-03-27","Pricing Page",2,65,"dropped"
8927,1011,"2024-01-02","Home",1,44,"viewed"
8928,694,"2024-06-12","Payment",4,87,"clicked"
8929,667,"2024-05-03","Payment",4,143,"dropped"
8930,1761,"2024-04-14","Home",1,187,"dropped"
8931,1930,"2024-01-07","Pricing Page",2,33,"viewed"
8932,613,"2024-02-16","Plan Selection",3,138,"dropped"
8933,2731,"2024-01-09","Pricing Page",2,39,"dropped"
8934,2453,"2024-04-19","Plan Selection",3,30,"viewed"
8935,1346,"2024-06-28","Plan Selection",3,27,"viewed"
8936,2234,"2024-06-15","Pricing Page",2,38,"dropped"
8937,239,"2024-02-27","Pricing Page",2,53,"viewed"
8938,950,"2024-05-16","Payment",4,179,"viewed"
8939,990,"2024-02-28","Plan Selection",3,48,"dropped"
8940,2227,"2024-04-03","Pricing Page",2,46,"dropped"
8941,1670,"2024-06-21","Home",1,138,"viewed"
8942,1958,"2024-04-02","Plan Selection",3,101,"clicked"
8943,277,"2024-06-26","Plan Selection",3,54,"dropped"
8944,1208,"2024-03-07","Plan Selection",3,27,"clicked"
8945,1071,"2024-02-08","Confirmation",5,66,"converted"
8946,1393,"2024-03-26","Confirmation",5,98,"converted"
8947,883,"2024-01-27","Payment",4,165,"clicked"
8948,1271,"2024-01-13","Home",1,39,"clicked"
8949,554,"2024-03-03","Home",1,183,"viewed"
8950,1190,"2024-04-14","Plan Selection",3,172,"viewed"
8951,647,"2024-02-21","Payment",4,21,"viewed"
8952,1636,"2024-06-10","Payment",4,101,"viewed"
8953,1939,"2024-05-28","Home",1,85,"clicked"
8954,2402,"2024-06-01","Payment",4,109,"dropped"
8955,2690,"2024-02-14","Plan Selection",3,10,"clicked"
8956,2465,"2024-01-02","Plan Selection",3,190,"viewed"
8957,173,"2024-01-06","Confirmation",5,163,"converted"
8958,2768,"2024-02-26","Payment",4,13,"viewed"
8959,1598,"2024-04-02","Confirmation",5,59,"converted"
8960,1079,"2024-01-12","Pricing Page",2,59,"dropped"
8961,470,"2024-01-21","Home",1,47,"viewed"
8962,1551,"2024-05-13","Home",1,102,"viewed"
8963,427,"2024-06-29","Plan Selection",3,159,"dropped"
8964,867,"2024-01-22","Payment",4,77,"clicked"
8965,889,"2024-01-18","Plan Selection",3,154,"viewed"
8966,2440,"2024-05-03","Confirmation",5,164,"converted"
8967,2913,"2024-04-07","Payment",4,67,"dropped"
8968,1898,"2024-06-05","Pricing Page",2,53,"dropped"
8969,2920,"2024-06-22","Payment",4,106,"viewed"
8970,1657,"2024-03-06","Home",1,138,"viewed"
8971,14,"2024-04-29","Pricing Page",2,51,"dropped"
8972,1556,"2024-03-27","Payment",4,166,"clicked"
8973,1573,"2024-03-31","Confirmation",5,39,"converted"
8974,2828,"2024-02-19","Plan Selection",3,188,"viewed"
8975,1452,"2024-06-16","Home",1,20,"viewed"
8976,2056,"2024-01-22","Plan Selection",3,83,"dropped"
8977,2774,"2024-01-01","Pricing Page",2,36,"clicked"
8978,991,"2024-03-20","Pricing Page",2,59,"viewed"
8979,1119,"2024-02-02","Payment",4,78,"clicked"
8980,2731,"2024-03-11","Pricing Page",2,55,"clicked"
8981,2778,"2024-04-03","Payment",4,115,"dropped"
8982,987,"2024-01-19","Plan Selection",3,62,"viewed"
8983,170,"2024-06-26","Payment",4,150,"clicked"
8984,1701,"2024-05-29","Pricing Page",2,58,"dropped"
8985,1709,"2024-03-26","Plan Selection",3,181,"clicked"
8986,184,"2024-02-28","Pricing Page",2,35,"clicked"
8987,2182,"2024-04-28","Home",1,113,"clicked"
8988,2897,"2024-06-14","Plan Selection",3,134,"dropped"
8989,1676,"2024-04-07","Home",1,115,"clicked"
8990,358,"2024-06-26","Plan Selection",3,156,"dropped"
8991,317,"2024-03-03","Pricing Page",2,31,"viewed"
8992,1650,"2024-06-22","Home",1,169,"clicked"
8993,1608,"2024-06-15","Home",1,61,"clicked"
8994,1846,"2024-02-13","Pricing Page",2,32,"dropped"
8995,994,"2024-05-09","Plan Selection",3,160,"dropped"
8996,2488,"2024-01-18","Confirmation",5,149,"converted"
8997,1509,"2024-03-16","Plan Selection",3,129,"clicked"
8998,1800,"2024-01-30","Home",1,137,"dropped"
8999,1818,"2024-05-10","Payment",4,159,"clicked"
9000,2101,"2024-03-02","Plan Selection",3,194,"viewed"
9001,1586,"2024-01-12","Plan Selection",3,93,"viewed"
9002,1076,"2024-01-06","Home",1,57,"viewed"
9003,707,"2024-02-08","Pricing Page",2,33,"clicked"
9004,260,"2024-06-28","Plan Selection",3,116,"clicked"
9005,655,"2024-03-13","Pricing Page",2,44,"clicked"
9006,1934,"2024-06-23","Payment",4,107,"viewed"
9007,1798,"2024-04-11","Home",1,76,"viewed"
9008,899,"2024-04-03","Plan Selection",3,187,"clicked"
9009,656,"2024-06-23","Home",1,191,"dropped"
9010,1844,"2024-06-05","Pricing Page",2,63,"clicked"
9011,1186,"2024-04-19","Payment",4,81,"clicked"
9012,1001,"2024-05-29","Home",1,46,"clicked"
9013,55,"2024-04-09","Plan Selection",3,185,"clicked"
9014,2166,"2024-05-23","Payment",4,140,"viewed"
9015,638,"2024-04-12","Home",1,53,"clicked"
9016,209,"2024-05-09","Pricing Page",2,57,"dropped"
9017,2264,"2024-03-07","Plan Selection",3,159,"dropped"
9018,2624,"2024-02-25","Confirmation",5,127,"converted"
9019,688,"2024-03-11","Pricing Page",2,33,"viewed"
9020,2037,"2024-06-26","Payment",4,89,"clicked"
9021,2280,"2024-04-23","Payment",4,78,"dropped"
9022,2522,"2024-05-04","Confirmation",5,109,"converted"
9023,2283,"2024-02-25","Pricing Page",2,39,"viewed"
9024,1161,"2024-02-27","Pricing Page",2,37,"viewed"
9025,2374,"2024-02-13","Payment",4,85,"clicked"
9026,179,"2024-06-26","Plan Selection",3,139,"dropped"
9027,1419,"2024-01-22","Home",1,106,"viewed"
9028,233,"2024-05-02","Home",1,153,"dropped"
9029,1679,"2024-03-07","Home",1,154,"dropped"
9030,1215,"2024-05-03","Home",1,194,"dropped"
9031,1126,"2024-05-23","Payment",4,170,"clicked"
9032,451,"2024-02-08","Plan Selection",3,94,"clicked"
9033,263,"2024-04-23","Payment",4,107,"viewed"
9034,1932,"2024-05-16","Payment",4,190,"dropped"
9035,1137,"2024-06-01","Home",1,178,"viewed"
9036,1376,"2024-02-23","Home",1,144,"dropped"
9037,287,"2024-03-15","Payment",4,129,"viewed"
9038,2000,"2024-02-16","Pricing Page",2,49,"dropped"
9039,2962,"2024-05-21","Confirmation",5,76,"converted"
9040,2560,"2024-02-19","Payment",4,55,"viewed"
9041,2692,"2024-03-01","Confirmation",5,190,"converted"
9042,1696,"2024-01-22","Confirmation",5,45,"converted"
9043,463,"2024-02-14","Payment",4,27,"dropped"
9044,1407,"2024-06-12","Home",1,178,"viewed"
9045,2675,"2024-05-25","Pricing Page",2,48,"clicked"
9046,367,"2024-05-12","Pricing Page",2,47,"clicked"
9047,1575,"2024-04-05","Home",1,160,"clicked"
9048,1691,"2024-01-23","Confirmation",5,58,"converted"
9049,1340,"2024-04-01","Home",1,92,"clicked"
9050,927,"2024-01-03","Home",1,148,"dropped"
9051,74,"2024-01-12","Pricing Page",2,59,"dropped"
9052,328,"2024-06-14","Pricing Page",2,51,"dropped"
9053,626,"2024-04-03","Confirmation",5,67,"converted"
9054,1609,"2024-05-27","Pricing Page",2,64,"dropped"
9055,2076,"2024-02-11","Home",1,147,"dropped"
9056,106,"2024-04-02","Pricing Page",2,60,"dropped"
9057,2602,"2024-01-08","Plan Selection",3,198,"viewed"
9058,1631,"2024-01-17","Payment",4,188,"viewed"
9059,241,"2024-04-09","Plan Selection",3,187,"viewed"
9060,2785,"2024-06-09","Plan Selection",3,122,"viewed"
9061,2152,"2024-06-19","Plan Selection",3,208,"clicked"
9062,1155,"2024-01-19","Pricing Page",2,46,"clicked"
9063,754,"2024-04-07","Confirmation",5,30,"converted"
9064,2043,"2024-01-18","Pricing Page",2,56,"dropped"
9065,181,"2024-06-05","Home",1,22,"viewed"
9066,1216,"2024-02-19","Home",1,192,"dropped"
9067,2797,"2024-02-15","Pricing Page",2,48,"clicked"
9068,834,"2024-04-05","Payment",4,92,"viewed"
9069,309,"2024-04-02","Pricing Page",2,58,"clicked"
9070,1261,"2024-01-03","Payment",4,17,"viewed"
9071,1698,"2024-04-22","Pricing Page",2,44,"clicked"
9072,1687,"2024-02-20","Plan Selection",3,148,"clicked"
9073,2060,"2024-03-08","Payment",4,182,"viewed"
9074,166,"2024-03-29","Pricing Page",2,66,"viewed"
9075,2068,"2024-05-09","Plan Selection",3,98,"viewed"
9076,2978,"2024-06-23","Payment",4,83,"clicked"
9077,930,"2024-05-06","Plan Selection",3,160,"dropped"
9078,108,"2024-06-29","Confirmation",5,101,"converted"
9079,1819,"2024-04-30","Pricing Page",2,52,"viewed"
9080,1341,"2024-02-19","Home",1,73,"clicked"
9081,1759,"2024-03-14","Pricing Page",2,33,"viewed"
9082,2463,"2024-04-14","Pricing Page",2,49,"clicked"
9083,965,"2024-03-31","Plan Selection",3,52,"clicked"
9084,1606,"2024-03-08","Pricing Page",2,34,"viewed"
9085,1261,"2024-02-03","Plan Selection",3,172,"dropped"
9086,2177,"2024-04-06","Pricing Page",2,63,"clicked"
9087,354,"2024-03-15","Plan Selection",3,64,"clicked"
9088,1401,"2024-04-12","Pricing Page",2,50,"clicked"
9089,2170,"2024-02-13","Home",1,109,"clicked"
9090,787,"2024-02-16","Plan Selection",3,158,"dropped"
9091,2390,"2024-03-07","Pricing Page",2,33,"dropped"
9092,400,"2024-05-16","Pricing Page",2,56,"viewed"
9093,2051,"2024-05-10","Plan Selection",3,130,"clicked"
9094,2824,"2024-04-29","Pricing Page",2,48,"dropped"
9095,2741,"2024-03-08","Home",1,104,"dropped"
9096,1913,"2024-01-28","Payment",4,174,"clicked"
9097,804,"2024-05-05","Plan Selection",3,65,"clicked"
9098,152,"2024-01-22","Pricing Page",2,55,"viewed"
9099,1123,"2024-06-09","Pricing Page",2,65,"clicked"
9100,2108,"2024-03-15","Confirmation",5,125,"converted"
9101,2962,"2024-02-07","Home",1,167,"viewed"
9102,376,"2024-04-05","Pricing Page",2,60,"viewed"
9103,2033,"2024-03-15","Home",1,196,"clicked"
9104,2931,"2024-02-10","Home",1,56,"viewed"
9105,1197,"2024-01-25","Pricing Page",2,31,"viewed"
9106,2296,"2024-03-26","Home",1,190,"clicked"
9107,2819,"2024-05-07","Plan Selection",3,97,"dropped"
9108,2781,"2024-03-30","Plan Selection",3,204,"viewed"
9109,2995,"2024-04-26","Pricing Page",2,44,"dropped"
9110,36,"2024-01-17","Pricing Page",2,54,"viewed"
9111,2743,"2024-06-17","Confirmation",5,167,"converted"
9112,582,"2024-04-18","Pricing Page",2,48,"dropped"
9113,54,"2024-06-06","Pricing Page",2,62,"dropped"
9114,2999,"2024-01-18","Pricing Page",2,35,"clicked"
9115,2461,"2024-04-28","Payment",4,39,"clicked"
9116,2807,"2024-06-02","Pricing Page",2,55,"clicked"
9117,1432,"2024-03-22","Payment",4,150,"dropped"
9118,989,"2024-03-10","Confirmation",5,109,"converted"
9119,2113,"2024-01-05","Home",1,202,"viewed"
9120,359,"2024-02-04","Plan Selection",3,82,"dropped"
9121,478,"2024-04-27","Payment",4,193,"clicked"
9122,1632,"2024-06-19","Home",1,133,"viewed"
9123,838,"2024-06-14","Payment",4,188,"clicked"
9124,2318,"2024-06-28","Plan Selection",3,46,"dropped"
9125,1578,"2024-04-16","Pricing Page",2,40,"dropped"
9126,2960,"2024-02-09","Home",1,12,"viewed"
9127,689,"2024-02-04","Pricing Page",2,53,"dropped"
9128,2725,"2024-03-15","Pricing Page",2,49,"viewed"
9129,1590,"2024-06-02","Plan Selection",3,152,"clicked"
9130,2578,"2024-03-31","Confirmation",5,42,"converted"
9131,38,"2024-04-13","Payment",4,99,"viewed"
9132,960,"2024-03-13","Home",1,23,"dropped"
9133,1874,"2024-04-23","Pricing Page",2,52,"dropped"
9134,1258,"2024-03-10","Plan Selection",3,41,"viewed"
9135,1728,"2024-03-21","Plan Selection",3,48,"clicked"
9136,2044,"2024-01-09","Home",1,170,"clicked"
9137,2447,"2024-05-14","Pricing Page",2,42,"viewed"
9138,686,"2024-02-29","Confirmation",5,164,"converted"
9139,55,"2024-05-19","Payment",4,134,"viewed"
9140,2885,"2024-04-01","Plan Selection",3,150,"clicked"
9141,2256,"2024-01-09","Confirmation",5,164,"converted"
9142,2733,"2024-02-13","Pricing Page",2,47,"clicked"
9143,226,"2024-04-30","Home",1,121,"clicked"
9144,1636,"2024-03-13","Pricing Page",2,48,"viewed"
9145,185,"2024-03-07","Plan Selection",3,35,"viewed"
9146,484,"2024-05-02","Confirmation",5,101,"converted"
9147,1815,"2024-04-26","Pricing Page",2,41,"dropped"
9148,2089,"2024-02-10","Home",1,113,"clicked"
9149,2426,"2024-04-23","Plan Selection",3,137,"dropped"
9150,1321,"2024-06-28","Plan Selection",3,59,"clicked"
9151,2408,"2024-01-15","Home",1,164,"viewed"
9152,2732,"2024-01-04","Pricing Page",2,52,"clicked"
9153,194,"2024-03-01","Pricing Page",2,42,"clicked"
9154,2230,"2024-06-18","Pricing Page",2,50,"clicked"
9155,957,"2024-03-26","Pricing Page",2,55,"clicked"
9156,2117,"2024-03-25","Pricing Page",2,59,"clicked"
9157,323,"2024-01-03","Payment",4,141,"dropped"
9158,1067,"2024-04-15","Payment",4,111,"viewed"
9159,1150,"2024-06-25","Plan Selection",3,140,"dropped"
9160,2054,"2024-01-06","Home",1,101,"viewed"
9161,1103,"2024-06-29","Payment",4,91,"clicked"
9162,2280,"2024-04-20","Payment",4,20,"viewed"
9163,1558,"2024-05-22","Pricing Page",2,53,"dropped"
9164,2733,"2024-01-12","Plan Selection",3,145,"viewed"
9165,1039,"2024-05-06","Pricing Page",2,45,"clicked"
9166,638,"2024-05-07","Confirmation",5,81,"converted"
9167,315,"2024-03-22","Confirmation",5,72,"converted"
9168,2282,"2024-06-06","Home",1,150,"clicked"
9169,1605,"2024-05-04","Payment",4,32,"dropped"
9170,2950,"2024-05-10","Plan Selection",3,29,"clicked"
9171,996,"2024-01-16","Pricing Page",2,58,"clicked"
9172,1617,"2024-02-12","Plan Selection",3,22,"viewed"
9173,331,"2024-04-13","Plan Selection",3,187,"viewed"
9174,2073,"2024-06-02","Home",1,61,"viewed"
9175,800,"2024-06-13","Payment",4,12,"viewed"
9176,217,"2024-06-10","Pricing Page",2,54,"dropped"
9177,1693,"2024-05-02","Plan Selection",3,103,"dropped"
9178,2304,"2024-01-25","Pricing Page",2,44,"dropped"
9179,733,"2024-02-02","Home",1,55,"viewed"
9180,2268,"2024-05-09","Pricing Page",2,48,"viewed"
9181,1068,"2024-01-23","Plan Selection",3,86,"clicked"
9182,475,"2024-01-02","Plan Selection",3,169,"clicked"
9183,205,"2024-03-25","Home",1,57,"viewed"
9184,872,"2024-01-10","Pricing Page",2,54,"viewed"
9185,2515,"2024-04-25","Plan Selection",3,96,"dropped"
9186,1482,"2024-06-28","Pricing Page",2,51,"clicked"
9187,1792,"2024-04-22","Pricing Page",2,57,"dropped"
9188,2965,"2024-05-17","Payment",4,180,"viewed"
9189,1101,"2024-03-27","Pricing Page",2,39,"dropped"
9190,2302,"2024-05-01","Home",1,68,"clicked"
9191,1525,"2024-05-08","Home",1,206,"viewed"
9192,911,"2024-06-23","Confirmation",5,145,"converted"
9193,1925,"2024-02-01","Confirmation",5,62,"converted"
9194,1335,"2024-03-19","Payment",4,172,"clicked"
9195,1597,"2024-06-08","Payment",4,92,"viewed"
9196,2792,"2024-05-15","Confirmation",5,116,"converted"
9197,2357,"2024-03-01","Pricing Page",2,47,"dropped"
9198,1028,"2024-04-24","Home",1,157,"clicked"
9199,912,"2024-04-20","Home",1,195,"dropped"
9200,320,"2024-06-29","Plan Selection",3,87,"viewed"
9201,1214,"2024-02-20","Home",1,22,"viewed"
9202,2048,"2024-01-17","Pricing Page",2,52,"clicked"
9203,856,"2024-06-15","Payment",4,202,"clicked"
9204,41,"2024-02-29","Plan Selection",3,206,"dropped"
9205,2248,"2024-02-28","Pricing Page",2,57,"clicked"
9206,1755,"2024-04-02","Payment",4,115,"dropped"
9207,1204,"2024-03-16","Payment",4,35,"dropped"
9208,2067,"2024-03-13","Confirmation",5,105,"converted"
9209,1758,"2024-03-30","Plan Selection",3,20,"dropped"
9210,1662,"2024-03-03","Home",1,58,"dropped"
9211,1568,"2024-03-24","Payment",4,77,"clicked"
9212,778,"2024-06-17","Payment",4,130,"clicked"
9213,144,"2024-01-24","Pricing Page",2,32,"viewed"
9214,1454,"2024-04-14","Pricing Page",2,50,"clicked"
9215,2749,"2024-01-12","Plan Selection",3,138,"clicked"
9216,2003,"2024-05-20","Confirmation",5,31,"converted"
9217,2642,"2024-01-14","Payment",4,94,"viewed"
9218,1205,"2024-02-06","Payment",4,94,"viewed"
9219,528,"2024-05-27","Plan Selection",3,74,"viewed"
9220,2440,"2024-02-05","Plan Selection",3,22,"viewed"
9221,1462,"2024-02-10","Plan Selection",3,145,"clicked"
9222,2472,"2024-01-02","Plan Selection",3,168,"clicked"
9223,110,"2024-02-29","Plan Selection",3,152,"viewed"
9224,1588,"2024-06-02","Plan Selection",3,161,"viewed"
9225,2124,"2024-01-28","Plan Selection",3,166,"viewed"
9226,1486,"2024-04-12","Pricing Page",2,40,"dropped"
9227,482,"2024-06-27","Pricing Page",2,46,"dropped"
9228,1333,"2024-01-10","Confirmation",5,98,"converted"
9229,1401,"2024-06-29","Plan Selection",3,205,"dropped"
9230,1785,"2024-04-28","Pricing Page",2,53,"dropped"
9231,2458,"2024-06-08","Confirmation",5,40,"converted"
9232,2632,"2024-06-17","Home",1,71,"clicked"
9233,1440,"2024-06-22","Pricing Page",2,63,"dropped"
9234,2290,"2024-01-02","Payment",4,145,"dropped"
9235,2573,"2024-05-15","Home",1,137,"viewed"
9236,1035,"2024-05-19","Payment",4,170,"clicked"
9237,848,"2024-05-24","Home",1,83,"clicked"
9238,2215,"2024-04-16","Payment",4,194,"clicked"
9239,534,"2024-05-11","Home",1,64,"dropped"
9240,2096,"2024-02-02","Payment",4,99,"viewed"
9241,2725,"2024-06-28","Pricing Page",2,42,"dropped"
9242,2894,"2024-04-13","Confirmation",5,33,"converted"
9243,2049,"2024-01-12","Pricing Page",2,35,"dropped"
9244,2317,"2024-05-02","Home",1,83,"clicked"
9245,2524,"2024-03-21","Plan Selection",3,33,"clicked"
9246,780,"2024-05-12","Payment",4,46,"clicked"
9247,2733,"2024-05-02","Plan Selection",3,58,"clicked"
9248,1576,"2024-06-06","Payment",4,74,"clicked"
9249,925,"2024-05-19","Confirmation",5,79,"converted"
9250,2835,"2024-05-02","Plan Selection",3,162,"dropped"
9251,1155,"2024-04-04","Pricing Page",2,58,"dropped"
9252,621,"2024-06-09","Payment",4,97,"viewed"
9253,1005,"2024-03-28","Pricing Page",2,56,"viewed"
9254,1487,"2024-06-04","Payment",4,98,"viewed"
9255,2102,"2024-01-16","Pricing Page",2,40,"viewed"
9256,2278,"2024-04-04","Pricing Page",2,41,"clicked"
9257,1908,"2024-03-08","Confirmation",5,153,"converted"
9258,2047,"2024-02-16","Pricing Page",2,43,"clicked"
9259,814,"2024-05-20","Home",1,22,"dropped"
9260,678,"2024-06-07","Plan Selection",3,188,"clicked"
9261,100,"2024-01-26","Plan Selection",3,140,"clicked"
9262,237,"2024-02-01","Plan Selection",3,146,"clicked"
9263,1241,"2024-04-16","Plan Selection",3,156,"clicked"
9264,1815,"2024-03-03","Confirmation",5,113,"converted"
9265,2542,"2024-05-04","Confirmation",5,102,"converted"
9266,1754,"2024-04-07","Confirmation",5,37,"converted"
9267,2477,"2024-05-10","Home",1,96,"viewed"
9268,2324,"2024-03-18","Payment",4,164,"clicked"
9269,2463,"2024-05-28","Plan Selection",3,166,"viewed"
9270,1377,"2024-03-15","Plan Selection",3,39,"viewed"
9271,278,"2024-03-02","Pricing Page",2,34,"clicked"
9272,2212,"2024-03-09","Plan Selection",3,56,"dropped"
9273,96,"2024-05-10","Plan Selection",3,84,"clicked"
9274,1757,"2024-06-12","Payment",4,40,"clicked"
9275,2092,"2024-02-05","Confirmation",5,186,"converted"
9276,2205,"2024-01-04","Confirmation",5,99,"converted"
9277,1583,"2024-02-23","Confirmation",5,132,"converted"
9278,1101,"2024-06-28","Payment",4,75,"dropped"
9279,943,"2024-03-11","Home",1,184,"clicked"
9280,294,"2024-03-23","Confirmation",5,127,"converted"
9281,2885,"2024-01-09","Pricing Page",2,47,"viewed"
9282,1851,"2024-03-25","Pricing Page",2,40,"viewed"
9283,742,"2024-04-09","Confirmation",5,80,"converted"
9284,2265,"2024-05-11","Pricing Page",2,55,"viewed"
9285,2655,"2024-04-21","Pricing Page",2,44,"viewed"
9286,2422,"2024-03-02","Pricing Page",2,42,"dropped"
9287,2244,"2024-01-27","Plan Selection",3,21,"viewed"
9288,2159,"2024-02-18","Home",1,21,"viewed"
9289,2145,"2024-02-13","Home",1,122,"viewed"
9290,1698,"2024-06-07","Plan Selection",3,156,"viewed"
9291,120,"2024-02-16","Home",1,25,"viewed"
9292,447,"2024-01-21","Home",1,70,"dropped"
9293,2100,"2024-01-25","Plan Selection",3,106,"viewed"
9294,2808,"2024-04-27","Pricing Page",2,46,"dropped"
9295,1582,"2024-03-15","Pricing Page",2,40,"dropped"
9296,512,"2024-04-13","Pricing Page",2,40,"dropped"
9297,668,"2024-02-14","Plan Selection",3,32,"viewed"
9298,2725,"2024-06-28","Pricing Page",2,44,"dropped"
9299,1218,"2024-05-20","Plan Selection",3,199,"viewed"
9300,3,"2024-05-06","Plan Selection",3,90,"clicked"
9301,1083,"2024-02-17","Pricing Page",2,39,"viewed"
9302,2569,"2024-03-09","Pricing Page",2,45,"clicked"
9303,1250,"2024-02-24","Pricing Page",2,40,"dropped"
9304,546,"2024-05-15","Home",1,156,"dropped"
9305,546,"2024-05-03","Payment",4,61,"viewed"
9306,2404,"2024-06-04","Confirmation",5,182,"converted"
9307,1944,"2024-04-28","Pricing Page",2,57,"dropped"
9308,1769,"2024-01-03","Pricing Page",2,43,"dropped"
9309,411,"2024-05-28","Plan Selection",3,11,"viewed"
9310,2388,"2024-01-16","Home",1,191,"clicked"
9311,1425,"2024-01-11","Payment",4,33,"dropped"
9312,2312,"2024-05-20","Plan Selection",3,108,"viewed"
9313,1113,"2024-04-08","Plan Selection",3,99,"clicked"
9314,1899,"2024-06-25","Confirmation",5,202,"converted"
9315,2616,"2024-03-27","Payment",4,93,"viewed"
9316,1957,"2024-06-14","Plan Selection",3,88,"dropped"
9317,579,"2024-05-14","Home",1,100,"viewed"
9318,2795,"2024-01-15","Plan Selection",3,177,"clicked"
9319,643,"2024-01-06","Plan Selection",3,102,"viewed"
9320,1480,"2024-01-26","Pricing Page",2,49,"clicked"
9321,1134,"2024-06-05","Home",1,88,"clicked"
9322,1840,"2024-06-29","Home",1,152,"dropped"
9323,1753,"2024-03-29","Plan Selection",3,198,"viewed"
9324,1534,"2024-04-10","Pricing Page",2,53,"viewed"
9325,245,"2024-04-19","Payment",4,22,"viewed"
9326,2325,"2024-06-10","Home",1,22,"viewed"
9327,269,"2024-06-09","Home",1,40,"clicked"
9328,2753,"2024-05-18","Home",1,16,"viewed"
9329,2310,"2024-06-16","Pricing Page",2,63,"dropped"
9330,2015,"2024-04-25","Home",1,202,"clicked"
9331,1683,"2024-06-18","Confirmation",5,36,"converted"
9332,2132,"2024-01-28","Plan Selection",3,135,"clicked"
9333,1750,"2024-01-07","Pricing Page",2,31,"viewed"
9334,1697,"2024-01-01","Pricing Page",2,48,"dropped"
9335,1187,"2024-06-04","Home",1,193,"clicked"
9336,2293,"2024-06-13","Pricing Page",2,52,"clicked"
9337,183,"2024-02-05","Payment",4,82,"clicked"
9338,519,"2024-04-01","Home",1,111,"clicked"
9339,418,"2024-01-18","Home",1,208,"viewed"
9340,90,"2024-05-14","Plan Selection",3,188,"clicked"
9341,798,"2024-04-11","Home",1,91,"viewed"
9342,1883,"2024-02-11","Pricing Page",2,50,"clicked"
9343,2946,"2024-01-15","Pricing Page",2,32,"dropped"
9344,2477,"2024-01-16","Confirmation",5,101,"converted"
9345,1387,"2024-06-18","Pricing Page",2,59,"clicked"
9346,51,"2024-02-06","Confirmation",5,34,"converted"
9347,2376,"2024-04-15","Plan Selection",3,204,"dropped"
9348,598,"2024-02-29","Home",1,53,"viewed"
9349,612,"2024-01-19","Confirmation",5,51,"converted"
9350,1001,"2024-01-08","Pricing Page",2,57,"viewed"
9351,2747,"2024-05-23","Pricing Page",2,57,"clicked"
9352,1153,"2024-06-12","Pricing Page",2,43,"clicked"
9353,273,"2024-02-23","Home",1,25,"viewed"
9354,2639,"2024-06-16","Confirmation",5,44,"converted"
9355,2673,"2024-06-18","Home",1,67,"clicked"
9356,2984,"2024-06-04","Pricing Page",2,38,"dropped"
9357,1277,"2024-06-03","Home",1,98,"dropped"
9358,2233,"2024-01-14","Home",1,101,"viewed"
9359,122,"2024-04-10","Plan Selection",3,124,"viewed"
9360,2817,"2024-06-11","Plan Selection",3,133,"dropped"
9361,2100,"2024-01-31","Payment",4,39,"clicked"
9362,939,"2024-06-13","Plan Selection",3,77,"viewed"
9363,761,"2024-05-07","Payment",4,150,"dropped"
9364,76,"2024-03-21","Home",1,86,"clicked"
9365,800,"2024-06-09","Plan Selection",3,105,"clicked"
9366,368,"2024-01-15","Home",1,183,"clicked"
9367,2375,"2024-01-22","Pricing Page",2,53,"dropped"
9368,2614,"2024-04-21","Pricing Page",2,52,"dropped"
9369,2184,"2024-04-04","Pricing Page",2,56,"clicked"
9370,2925,"2024-04-15","Confirmation",5,44,"converted"
9371,2710,"2024-01-01","Pricing Page",2,46,"viewed"
9372,1641,"2024-02-06","Pricing Page",2,37,"dropped"
9373,2827,"2024-02-23","Plan Selection",3,80,"viewed"
9374,36,"2024-04-22","Home",1,107,"dropped"
9375,2009,"2024-05-01","Pricing Page",2,58,"dropped"
9376,2241,"2024-05-02","Home",1,145,"viewed"
9377,2249,"2024-06-08","Home",1,39,"clicked"
9378,2476,"2024-03-07","Pricing Page",2,52,"clicked"
9379,65,"2024-01-25","Plan Selection",3,141,"clicked"
9380,867,"2024-01-16","Plan Selection",3,120,"dropped"
9381,2312,"2024-04-17","Plan Selection",3,100,"clicked"
9382,879,"2024-03-26","Pricing Page",2,67,"dropped"
9383,1619,"2024-02-05","Pricing Page",2,34,"viewed"
9384,1175,"2024-04-23","Confirmation",5,186,"converted"
9385,1695,"2024-01-31","Home",1,69,"viewed"
9386,297,"2024-03-31","Pricing Page",2,54,"dropped"
9387,2349,"2024-05-01","Confirmation",5,207,"converted"
9388,2818,"2024-05-12","Payment",4,20,"viewed"
9389,1129,"2024-05-17","Plan Selection",3,34,"clicked"
9390,1306,"2024-03-31","Home",1,94,"clicked"
9391,1525,"2024-06-08","Payment",4,151,"viewed"
9392,1724,"2024-01-10","Plan Selection",3,106,"viewed"
9393,2164,"2024-01-19","Pricing Page",2,44,"dropped"
9394,212,"2024-03-23","Home",1,206,"viewed"
9395,1798,"2024-06-05","Plan Selection",3,13,"clicked"
9396,1806,"2024-03-15","Pricing Page",2,39,"dropped"
9397,498,"2024-03-21","Payment",4,74,"clicked"
9398,386,"2024-03-10","Plan Selection",3,115,"dropped"
9399,1555,"2024-04-06","Home",1,208,"clicked"
9400,57,"2024-02-24","Pricing Page",2,38,"dropped"
9401,2521,"2024-05-19","Pricing Page",2,49,"viewed"
9402,1321,"2024-03-19","Payment",4,209,"clicked"
9403,3000,"2024-05-25","Home",1,156,"clicked"
9404,2094,"2024-05-15","Plan Selection",3,209,"dropped"
9405,558,"2024-05-29","Plan Selection",3,85,"dropped"
9406,2293,"2024-02-20","Home",1,153,"clicked"
9407,350,"2024-05-28","Payment",4,65,"dropped"
9408,2698,"2024-01-11","Plan Selection",3,163,"dropped"
9409,309,"2024-02-18","Home",1,77,"viewed"
9410,2978,"2024-01-30","Payment",4,141,"viewed"
9411,76,"2024-05-11","Plan Selection",3,140,"clicked"
9412,2635,"2024-05-04","Payment",4,193,"dropped"
9413,834,"2024-05-19","Home",1,161,"viewed"
9414,1335,"2024-06-29","Plan Selection",3,57,"clicked"
9415,1780,"2024-02-02","Home",1,12,"viewed"
9416,1817,"2024-06-01","Pricing Page",2,52,"dropped"
9417,2508,"2024-03-10","Pricing Page",2,56,"dropped"
9418,1773,"2024-02-03","Home",1,54,"viewed"
9419,1630,"2024-05-23","Pricing Page",2,45,"dropped"
9420,1751,"2024-01-23","Payment",4,196,"dropped"
9421,1938,"2024-06-22","Payment",4,98,"viewed"
9422,2235,"2024-06-08","Home",1,56,"viewed"
9423,1436,"2024-03-29","Confirmation",5,115,"converted"
9424,1929,"2024-04-24","Pricing Page",2,46,"clicked"
9425,2722,"2024-02-17","Plan Selection",3,33,"viewed"
9426,2575,"2024-05-18","Pricing Page",2,38,"dropped"
9427,579,"2024-02-13","Plan Selection",3,84,"dropped"
9428,2693,"2024-03-28","Plan Selection",3,36,"clicked"
9429,575,"2024-03-13","Pricing Page",2,59,"clicked"
9430,735,"2024-02-22","Plan Selection",3,149,"clicked"
9431,2002,"2024-02-20","Pricing Page",2,33,"clicked"
9432,2002,"2024-01-24","Plan Selection",3,178,"clicked"
9433,2641,"2024-04-09","Home",1,198,"clicked"
9434,2821,"2024-04-25","Pricing Page",2,67,"clicked"
9435,1998,"2024-02-03","Confirmation",5,26,"converted"
9436,1859,"2024-06-04","Pricing Page",2,54,"dropped"
9437,2943,"2024-02-24","Plan Selection",3,198,"dropped"
9438,577,"2024-06-20","Home",1,205,"clicked"
9439,134,"2024-01-07","Home",1,35,"clicked"
9440,207,"2024-06-07","Home",1,59,"viewed"
9441,2421,"2024-06-12","Home",1,171,"viewed"
9442,691,"2024-06-22","Home",1,125,"viewed"
9443,1182,"2024-01-17","Pricing Page",2,32,"clicked"
9444,2817,"2024-05-18","Home",1,158,"viewed"
9445,668,"2024-01-08","Plan Selection",3,132,"clicked"
9446,697,"2024-06-15","Confirmation",5,165,"converted"
9447,516,"2024-04-04","Home",1,182,"dropped"
9448,2230,"2024-04-03","Pricing Page",2,43,"clicked"
9449,2079,"2024-06-17","Plan Selection",3,36,"viewed"
9450,423,"2024-06-26","Pricing Page",2,50,"clicked"
9451,924,"2024-03-10","Home",1,182,"clicked"
9452,2796,"2024-05-15","Confirmation",5,99,"converted"
9453,1297,"2024-05-27","Payment",4,94,"viewed"
9454,2053,"2024-01-10","Pricing Page",2,55,"clicked"
9455,2958,"2024-05-20","Confirmation",5,80,"converted"
9456,2845,"2024-05-03","Plan Selection",3,175,"clicked"
9457,1579,"2024-03-18","Plan Selection",3,118,"dropped"
9458,1300,"2024-01-24","Pricing Page",2,41,"viewed"
9459,529,"2024-02-20","Payment",4,103,"viewed"
9460,1281,"2024-05-30","Payment",4,190,"viewed"
9461,1852,"2024-03-30","Plan Selection",3,135,"clicked"
9462,1463,"2024-04-21","Plan Selection",3,50,"dropped"
9463,902,"2024-06-22","Confirmation",5,127,"converted"
9464,774,"2024-04-05","Payment",4,158,"dropped"
9465,1078,"2024-03-21","Home",1,83,"clicked"
9466,2868,"2024-04-09","Payment",4,153,"viewed"
9467,2193,"2024-05-10","Pricing Page",2,65,"dropped"
9468,1863,"2024-02-26","Plan Selection",3,115,"clicked"
9469,777,"2024-04-15","Home",1,209,"clicked"
9470,2016,"2024-05-17","Payment",4,147,"dropped"
9471,617,"2024-06-05","Plan Selection",3,208,"viewed"
9472,23,"2024-04-27","Pricing Page",2,44,"dropped"
9473,746,"2024-01-19","Payment",4,121,"clicked"
9474,2053,"2024-01-01","Confirmation",5,176,"converted"
9475,763,"2024-05-20","Home",1,51,"viewed"
9476,8,"2024-05-31","Home",1,76,"dropped"
9477,2358,"2024-03-24","Confirmation",5,82,"converted"
9478,2878,"2024-05-08","Plan Selection",3,64,"clicked"
9479,2301,"2024-06-08","Home",1,198,"clicked"
9480,2857,"2024-05-05","Plan Selection",3,203,"dropped"
9481,473,"2024-05-15","Pricing Page",2,42,"viewed"
9482,2533,"2024-05-01","Payment",4,20,"viewed"
9483,2849,"2024-02-21","Plan Selection",3,21,"clicked"
9484,1606,"2024-01-09","Plan Selection",3,21,"clicked"
9485,1918,"2024-01-20","Plan Selection",3,175,"dropped"
9486,2262,"2024-01-05","Payment",4,63,"viewed"
9487,2477,"2024-06-21","Pricing Page",2,55,"dropped"
9488,1118,"2024-05-25","Confirmation",5,20,"converted"
9489,1770,"2024-05-23","Home",1,118,"dropped"
9490,484,"2024-03-01","Home",1,203,"dropped"
9491,1039,"2024-06-27","Payment",4,99,"clicked"
9492,1895,"2024-03-08","Confirmation",5,163,"converted"
9493,2684,"2024-02-01","Home",1,101,"viewed"
9494,250,"2024-03-03","Pricing Page",2,40,"dropped"
9495,1283,"2024-02-17","Home",1,80,"viewed"
9496,1129,"2024-05-27","Confirmation",5,74,"converted"
9497,2256,"2024-05-22","Plan Selection",3,28,"clicked"
9498,2053,"2024-02-13","Home",1,16,"viewed"
9499,1403,"2024-02-05","Plan Selection",3,73,"viewed"
9500,839,"2024-06-03","Pricing Page",2,57,"viewed"
9501,1640,"2024-01-08","Plan Selection",3,163,"dropped"
9502,450,"2024-03-28","Confirmation",5,80,"converted"
9503,2679,"2024-03-13","Pricing Page",2,42,"dropped"
9504,1123,"2024-03-29","Pricing Page",2,43,"viewed"
9505,42,"2024-03-01","Plan Selection",3,47,"dropped"
9506,1479,"2024-03-19","Plan Selection",3,45,"viewed"
9507,1377,"2024-06-11","Home",1,188,"dropped"
9508,2739,"2024-02-07","Pricing Page",2,54,"dropped"
9509,2192,"2024-06-18","Plan Selection",3,150,"viewed"
9510,2622,"2024-03-10","Pricing Page",2,39,"clicked"
9511,1326,"2024-02-03","Plan Selection",3,103,"clicked"
9512,724,"2024-04-21","Pricing Page",2,66,"clicked"
9513,935,"2024-05-02","Pricing Page",2,45,"viewed"
9514,2769,"2024-05-21","Home",1,89,"clicked"
9515,1506,"2024-06-10","Confirmation",5,32,"converted"
9516,2044,"2024-01-14","Pricing Page",2,41,"viewed"
9517,1904,"2024-02-24","Plan Selection",3,32,"viewed"
9518,1216,"2024-05-21","Plan Selection",3,33,"clicked"
9519,710,"2024-04-23","Pricing Page",2,44,"clicked"
9520,1266,"2024-05-01","Home",1,102,"dropped"
9521,2316,"2024-05-17","Pricing Page",2,42,"dropped"
9522,2300,"2024-01-23","Pricing Page",2,38,"clicked"
9523,721,"2024-06-20","Home",1,58,"dropped"
9524,193,"2024-06-02","Home",1,147,"clicked"
9525,1164,"2024-01-14","Pricing Page",2,53,"dropped"
9526,1459,"2024-02-25","Home",1,90,"viewed"
9527,2854,"2024-02-16","Pricing Page",2,41,"clicked"
9528,2086,"2024-05-23","Confirmation",5,24,"converted"
9529,2031,"2024-02-01","Payment",4,146,"viewed"
9530,1296,"2024-03-25","Home",1,176,"dropped"
9531,1716,"2024-05-28","Pricing Page",2,51,"dropped"
9532,1163,"2024-03-26","Pricing Page",2,56,"dropped"
9533,1557,"2024-01-31","Pricing Page",2,56,"clicked"
9534,857,"2024-04-30","Pricing Page",2,49,"dropped"
9535,330,"2024-02-08","Payment",4,206,"viewed"
9536,2259,"2024-04-08","Pricing Page",2,59,"dropped"
9537,2144,"2024-01-10","Home",1,97,"viewed"
9538,2474,"2024-04-26","Payment",4,158,"clicked"
9539,906,"2024-06-29","Home",1,81,"clicked"
9540,2640,"2024-04-22","Pricing Page",2,53,"dropped"
9541,557,"2024-03-29","Confirmation",5,202,"converted"
9542,444,"2024-06-04","Payment",4,137,"viewed"
9543,1250,"2024-01-16","Home",1,126,"clicked"
9544,1095,"2024-04-09","Plan Selection",3,145,"clicked"
9545,2826,"2024-04-04","Payment",4,75,"clicked"
9546,1718,"2024-06-16","Confirmation",5,167,"converted"
9547,583,"2024-04-20","Pricing Page",2,53,"dropped"
9548,1428,"2024-05-15","Pricing Page",2,48,"clicked"
9549,1860,"2024-06-16","Payment",4,20,"viewed"
9550,2106,"2024-04-16","Payment",4,103,"viewed"
9551,1615,"2024-02-29","Home",1,42,"viewed"
9552,393,"2024-03-28","Home",1,141,"dropped"
9553,574,"2024-02-15","Plan Selection",3,152,"clicked"
9554,734,"2024-05-23","Pricing Page",2,62,"dropped"
9555,228,"2024-03-29","Pricing Page",2,58,"clicked"
9556,1397,"2024-02-11","Payment",4,12,"viewed"
9557,566,"2024-03-14","Pricing Page",2,33,"dropped"
9558,2263,"2024-01-17","Home",1,141,"viewed"
9559,1994,"2024-01-26","Plan Selection",3,43,"viewed"
9560,2701,"2024-03-24","Plan Selection",3,129,"dropped"
9561,679,"2024-04-03","Confirmation",5,14,"converted"
9562,1111,"2024-05-21","Payment",4,131,"viewed"
9563,1561,"2024-04-17","Pricing Page",2,46,"dropped"
9564,836,"2024-05-05","Plan Selection",3,18,"clicked"
9565,1700,"2024-05-27","Pricing Page",2,52,"dropped"
9566,2394,"2024-02-13","Payment",4,86,"clicked"
9567,124,"2024-06-11","Pricing Page",2,40,"dropped"
9568,1950,"2024-01-18","Plan Selection",3,88,"clicked"
9569,1717,"2024-05-26","Pricing Page",2,46,"dropped"
9570,60,"2024-06-26","Payment",4,72,"dropped"
9571,295,"2024-03-25","Home",1,180,"dropped"
9572,2812,"2024-03-12","Home",1,125,"clicked"
9573,1396,"2024-01-01","Plan Selection",3,35,"viewed"
9574,1270,"2024-05-30","Payment",4,186,"viewed"
9575,999,"2024-02-19","Pricing Page",2,31,"dropped"
9576,538,"2024-05-11","Home",1,74,"clicked"
9577,1695,"2024-06-12","Payment",4,99,"viewed"
9578,1051,"2024-04-06","Plan Selection",3,114,"viewed"
9579,325,"2024-03-01","Pricing Page",2,53,"viewed"
9580,1741,"2024-04-13","Home",1,175,"viewed"
9581,1908,"2024-05-07","Plan Selection",3,201,"viewed"
9582,2569,"2024-03-21","Plan Selection",3,191,"clicked"
9583,657,"2024-03-01","Home",1,19,"dropped"
9584,2587,"2024-05-08","Confirmation",5,156,"converted"
9585,2240,"2024-04-06","Pricing Page",2,53,"dropped"
9586,2330,"2024-01-20","Pricing Page",2,53,"dropped"
9587,2001,"2024-05-14","Payment",4,90,"viewed"
9588,2797,"2024-02-01","Home",1,191,"clicked"
9589,2006,"2024-04-01","Plan Selection",3,32,"viewed"
9590,1719,"2024-06-15","Payment",4,134,"clicked"
9591,1707,"2024-03-09","Home",1,179,"viewed"
9592,2101,"2024-04-09","Plan Selection",3,140,"clicked"
9593,1264,"2024-02-20","Home",1,174,"viewed"
9594,313,"2024-03-09","Plan Selection",3,166,"dropped"
9595,1364,"2024-05-23","Plan Selection",3,127,"dropped"
9596,29,"2024-04-16","Confirmation",5,167,"converted"
9597,603,"2024-04-26","Plan Selection",3,51,"dropped"
9598,342,"2024-01-24","Pricing Page",2,33,"clicked"
9599,86,"2024-01-22","Plan Selection",3,44,"clicked"
9600,711,"2024-01-24","Confirmation",5,71,"converted"
9601,2133,"2024-04-25","Home",1,81,"viewed"
9602,274,"2024-04-10","Pricing Page",2,62,"clicked"
9603,2426,"2024-01-11","Payment",4,51,"clicked"
9604,1266,"2024-06-08","Home",1,15,"viewed"
9605,1852,"2024-06-05","Pricing Page",2,60,"dropped"
9606,2262,"2024-04-07","Pricing Page",2,55,"dropped"
9607,2875,"2024-02-04","Home",1,177,"viewed"
9608,673,"2024-02-19","Plan Selection",3,148,"clicked"
9609,1986,"2024-02-18","Pricing Page",2,58,"clicked"
9610,2435,"2024-06-01","Payment",4,93,"viewed"
9611,1104,"2024-04-29","Pricing Page",2,39,"clicked"
9612,325,"2024-04-13","Plan Selection",3,13,"clicked"
9613,355,"2024-02-22","Home",1,142,"viewed"
9614,2935,"2024-06-13","Plan Selection",3,74,"viewed"
9615,2881,"2024-03-21","Pricing Page",2,48,"clicked"
9616,1827,"2024-06-03","Pricing Page",2,57,"viewed"
9617,2723,"2024-04-18","Pricing Page",2,55,"dropped"
9618,2115,"2024-02-15","Home",1,193,"dropped"
9619,667,"2024-04-04","Confirmation",5,44,"converted"
9620,81,"2024-04-20","Confirmation",5,11,"converted"
9621,434,"2024-05-05","Home",1,32,"clicked"
9622,2617,"2024-01-07","Plan Selection",3,154,"viewed"
9623,1144,"2024-02-02","Payment",4,51,"viewed"
9624,1085,"2024-03-16","Confirmation",5,150,"converted"
9625,1654,"2024-04-26","Plan Selection",3,186,"viewed"
9626,2868,"2024-04-22","Pricing Page",2,46,"clicked"
9627,2168,"2024-03-27","Pricing Page",2,58,"clicked"
9628,1961,"2024-01-09","Pricing Page",2,37,"dropped"
9629,748,"2024-01-10","Plan Selection",3,94,"clicked"
9630,1588,"2024-06-24","Pricing Page",2,49,"dropped"
9631,2323,"2024-02-23","Home",1,189,"dropped"
9632,1149,"2024-06-06","Pricing Page",2,49,"dropped"
9633,1898,"2024-01-14","Pricing Page",2,35,"clicked"
9634,2835,"2024-02-08","Pricing Page",2,45,"viewed"
9635,2410,"2024-03-15","Plan Selection",3,16,"dropped"
9636,2672,"2024-06-04","Plan Selection",3,128,"dropped"
9637,1386,"2024-01-31","Pricing Page",2,54,"clicked"
9638,2237,"2024-05-30","Confirmation",5,39,"converted"
9639,2819,"2024-02-17","Pricing Page",2,50,"viewed"
9640,954,"2024-06-29","Home",1,46,"viewed"
9641,1449,"2024-06-29","Plan Selection",3,144,"viewed"
9642,2303,"2024-04-13","Plan Selection",3,20,"viewed"
9643,2705,"2024-04-30","Plan Selection",3,43,"viewed"
9644,578,"2024-01-26","Home",1,63,"viewed"
9645,2426,"2024-02-19","Confirmation",5,190,"converted"
9646,2047,"2024-05-06","Pricing Page",2,43,"dropped"
9647,79,"2024-04-18","Confirmation",5,169,"converted"
9648,684,"2024-05-15","Home",1,19,"dropped"
9649,453,"2024-04-14","Pricing Page",2,52,"dropped"
9650,2564,"2024-01-19","Confirmation",5,93,"converted"
9651,743,"2024-06-28","Pricing Page",2,39,"clicked"
9652,116,"2024-02-20","Pricing Page",2,47,"dropped"
9653,2402,"2024-04-27","Payment",4,66,"viewed"
9654,1509,"2024-06-12","Home",1,85,"viewed"
9655,2947,"2024-03-21","Pricing Page",2,40,"dropped"
9656,1695,"2024-01-25","Confirmation",5,114,"converted"
9657,1939,"2024-05-01","Pricing Page",2,38,"viewed"
9658,1369,"2024-04-11","Pricing Page",2,53,"dropped"
9659,2977,"2024-01-03","Home",1,90,"viewed"
9660,1643,"2024-03-28","Payment",4,93,"viewed"
9661,1740,"2024-04-18","Pricing Page",2,53,"clicked"
9662,462,"2024-04-13","Pricing Page",2,46,"dropped"
9663,2948,"2024-03-20","Pricing Page",2,64,"clicked"
9664,2857,"2024-04-16","Home",1,148,"dropped"
9665,2474,"2024-04-15","Pricing Page",2,52,"dropped"
9666,2498,"2024-01-01","Plan Selection",3,122,"clicked"
9667,1918,"2024-03-13","Home",1,66,"dropped"
9668,2101,"2024-02-01","Payment",4,82,"clicked"
9669,903,"2024-01-14","Pricing Page",2,32,"dropped"
9670,2534,"2024-02-01","Pricing Page",2,34,"viewed"
9671,998,"2024-03-11","Confirmation",5,125,"converted"
9672,96,"2024-03-19","Home",1,16,"viewed"
9673,2250,"2024-05-31","Confirmation",5,49,"converted"
9674,484,"2024-02-08","Plan Selection",3,63,"clicked"
9675,370,"2024-06-05","Confirmation",5,41,"converted"
9676,2843,"2024-02-16","Pricing Page",2,44,"dropped"
9677,1995,"2024-02-19","Pricing Page",2,31,"dropped"
9678,1524,"2024-01-26","Home",1,111,"viewed"
9679,1102,"2024-06-12","Pricing Page",2,47,"dropped"
9680,645,"2024-05-14","Home",1,43,"viewed"
9681,1530,"2024-05-13","Home",1,129,"clicked"
9682,2205,"2024-01-29","Plan Selection",3,89,"clicked"
9683,536,"2024-01-13","Payment",4,169,"clicked"
9684,1699,"2024-01-10","Plan Selection",3,151,"viewed"
9685,2837,"2024-02-21","Plan Selection",3,35,"viewed"
9686,2413,"2024-04-02","Home",1,53,"viewed"
9687,1490,"2024-04-17","Pricing Page",2,57,"clicked"
9688,2752,"2024-02-19","Plan Selection",3,57,"clicked"
9689,103,"2024-01-23","Plan Selection",3,59,"viewed"
9690,1805,"2024-06-29","Home",1,196,"dropped"
9691,2238,"2024-03-13","Payment",4,143,"dropped"
9692,300,"2024-03-19","Payment",4,20,"viewed"
9693,396,"2024-05-03","Home",1,11,"viewed"
9694,2947,"2024-06-13","Plan Selection",3,70,"viewed"
9695,1778,"2024-06-04","Plan Selection",3,209,"clicked"
9696,804,"2024-06-26","Home",1,112,"clicked"
9697,2717,"2024-04-30","Plan Selection",3,17,"clicked"
9698,2073,"2024-03-09","Payment",4,193,"dropped"
9699,179,"2024-05-26","Payment",4,191,"viewed"
9700,2787,"2024-06-04","Pricing Page",2,65,"dropped"
9701,1638,"2024-04-12","Home",1,69,"viewed"
9702,1585,"2024-06-28","Pricing Page",2,63,"dropped"
9703,1616,"2024-01-02","Pricing Page",2,34,"clicked"
9704,2478,"2024-05-16","Pricing Page",2,45,"dropped"
9705,627,"2024-06-01","Plan Selection",3,96,"clicked"
9706,1730,"2024-05-18","Home",1,35,"clicked"
9707,1632,"2024-04-12","Home",1,62,"viewed"
9708,2715,"2024-02-25","Payment",4,52,"clicked"
9709,857,"2024-05-01","Plan Selection",3,109,"viewed"
9710,1309,"2024-02-09","Payment",4,70,"dropped"
9711,2276,"2024-03-12","Plan Selection",3,66,"clicked"
9712,2576,"2024-02-17","Payment",4,201,"clicked"
9713,2393,"2024-03-10","Plan Selection",3,118,"dropped"
9714,2406,"2024-05-16","Pricing Page",2,55,"clicked"
9715,80,"2024-06-10","Pricing Page",2,44,"viewed"
9716,269,"2024-04-19","Payment",4,198,"clicked"
9717,1419,"2024-06-27","Plan Selection",3,121,"clicked"
9718,2155,"2024-05-17","Plan Selection",3,191,"viewed"
9719,1181,"2024-01-19","Pricing Page",2,39,"clicked"
9720,2455,"2024-03-23","Payment",4,172,"clicked"
9721,882,"2024-05-30","Pricing Page",2,65,"clicked"
9722,2394,"2024-06-06","Confirmation",5,53,"converted"
9723,548,"2024-02-17","Payment",4,18,"viewed"
9724,1434,"2024-04-22","Plan Selection",3,117,"viewed"
9725,1819,"2024-01-19","Plan Selection",3,29,"clicked"
9726,2841,"2024-03-11","Home",1,91,"viewed"
9727,619,"2024-06-25","Pricing Page",2,49,"dropped"
9728,810,"2024-01-22","Payment",4,123,"clicked"
9729,2158,"2024-01-26","Plan Selection",3,78,"dropped"
9730,758,"2024-01-17","Plan Selection",3,55,"dropped"
9731,1531,"2024-03-19","Plan Selection",3,191,"viewed"
9732,1029,"2024-06-07","Pricing Page",2,40,"dropped"
9733,2583,"2024-01-05","Plan Selection",3,130,"clicked"
9734,625,"2024-05-30","Plan Selection",3,56,"clicked"
9735,2625,"2024-05-30","Plan Selection",3,56,"clicked"
9736,2589,"2024-05-21","Pricing Page",2,46,"dropped"
9737,523,"2024-05-01","Payment",4,41,"clicked"
9738,2956,"2024-01-09","Pricing Page",2,38,"clicked"
9739,2885,"2024-01-22","Plan Selection",3,53,"viewed"
9740,22,"2024-02-14","Home",1,63,"viewed"
9741,2594,"2024-01-23","Home",1,163,"viewed"
9742,1265,"2024-06-07","Home",1,204,"clicked"
9743,1654,"2024-02-20","Payment",4,176,"viewed"
9744,1003,"2024-05-19","Payment",4,200,"dropped"
9745,559,"2024-02-24","Confirmation",5,177,"converted"
9746,1050,"2024-02-11","Home",1,177,"viewed"
9747,2514,"2024-04-14","Pricing Page",2,42,"clicked"
9748,2053,"2024-04-07","Plan Selection",3,121,"viewed"
9749,2179,"2024-06-29","Payment",4,208,"clicked"
9750,2616,"2024-04-28","Plan Selection",3,68,"clicked"
9751,1971,"2024-05-18","Payment",4,10,"clicked"
9752,511,"2024-04-08","Pricing Page",2,49,"dropped"
9753,725,"2024-03-11","Pricing Page",2,57,"viewed"
9754,96,"2024-02-20","Pricing Page",2,49,"clicked"
9755,348,"2024-02-26","Pricing Page",2,34,"dropped"
9756,694,"2024-05-11","Confirmation",5,118,"converted"
9757,2643,"2024-05-20","Pricing Page",2,62,"dropped"
9758,1857,"2024-06-02","Pricing Page",2,47,"dropped"
9759,1480,"2024-06-28","Pricing Page",2,50,"clicked"
9760,2592,"2024-03-24","Payment",4,55,"viewed"
9761,471,"2024-06-08","Confirmation",5,16,"converted"
9762,1045,"2024-04-27","Pricing Page",2,39,"clicked"
9763,1220,"2024-06-06","Home",1,16,"viewed"
9764,2433,"2024-05-08","Home",1,91,"viewed"
9765,1057,"2024-04-21","Home",1,74,"clicked"
9766,1708,"2024-02-28","Confirmation",5,121,"converted"
9767,213,"2024-05-03","Pricing Page",2,67,"dropped"
9768,1032,"2024-06-22","Payment",4,205,"clicked"
9769,2658,"2024-05-14","Home",1,17,"dropped"
9770,2976,"2024-06-12","Plan Selection",3,200,"dropped"
9771,2819,"2024-02-10","Pricing Page",2,54,"dropped"
9772,2281,"2024-01-10","Confirmation",5,152,"converted"
9773,1905,"2024-01-08","Pricing Page",2,42,"dropped"
9774,2127,"2024-06-21","Plan Selection",3,72,"viewed"
9775,981,"2024-05-02","Pricing Page",2,39,"viewed"
9776,2203,"2024-05-15","Plan Selection",3,105,"viewed"
9777,971,"2024-03-06","Payment",4,43,"clicked"
9778,2646,"2024-04-15","Pricing Page",2,54,"viewed"
9779,2897,"2024-01-16","Plan Selection",3,79,"dropped"
9780,2595,"2024-05-21","Pricing Page",2,42,"viewed"
9781,363,"2024-05-31","Payment",4,120,"clicked"
9782,2891,"2024-06-02","Pricing Page",2,43,"viewed"
9783,158,"2024-03-28","Pricing Page",2,62,"dropped"
9784,1110,"2024-05-13","Plan Selection",3,152,"viewed"
9785,2584,"2024-06-13","Confirmation",5,27,"converted"
9786,1624,"2024-03-22","Plan Selection",3,156,"viewed"
9787,2737,"2024-01-17","Payment",4,83,"viewed"
9788,518,"2024-06-10","Confirmation",5,26,"converted"
9789,1662,"2024-04-04","Confirmation",5,41,"converted"
9790,2878,"2024-02-27","Payment",4,142,"dropped"
9791,1982,"2024-06-15","Plan Selection",3,68,"viewed"
9792,749,"2024-03-08","Home",1,112,"dropped"
9793,1154,"2024-03-07","Plan Selection",3,71,"clicked"
9794,1562,"2024-01-26","Home",1,59,"viewed"
9795,1417,"2024-05-30","Payment",4,44,"viewed"
9796,2401,"2024-01-02","Plan Selection",3,56,"dropped"
9797,910,"2024-06-15","Plan Selection",3,136,"dropped"
9798,2348,"2024-03-31","Home",1,71,"dropped"
9799,853,"2024-02-24","Plan Selection",3,82,"viewed"
9800,590,"2024-03-15","Pricing Page",2,40,"dropped"
9801,2768,"2024-04-01","Payment",4,66,"dropped"
9802,2328,"2024-04-02","Pricing Page",2,55,"dropped"
9803,613,"2024-03-27","Payment",4,92,"viewed"
9804,1722,"2024-04-14","Home",1,40,"dropped"
9805,1944,"2024-04-14","Confirmation",5,12,"converted"
9806,628,"2024-01-03","Pricing Page",2,33,"dropped"
9807,2838,"2024-06-24","Home",1,31,"clicked"
9808,957,"2024-01-03","Home",1,102,"dropped"
9809,1961,"2024-02-14","Pricing Page",2,48,"dropped"
9810,1635,"2024-06-08","Payment",4,58,"viewed"
9811,2108,"2024-06-02","Home",1,45,"clicked"
9812,2039,"2024-01-14","Pricing Page",2,42,"dropped"
9813,1120,"2024-03-28","Pricing Page",2,67,"dropped"
9814,1255,"2024-06-05","Home",1,157,"clicked"
9815,844,"2024-06-12","Plan Selection",3,146,"clicked"
9816,2605,"2024-02-03","Pricing Page",2,33,"clicked"
9817,1100,"2024-02-09","Confirmation",5,68,"converted"
9818,1455,"2024-04-10","Pricing Page",2,65,"dropped"
9819,823,"2024-04-13","Home",1,100,"dropped"
9820,1422,"2024-06-06","Confirmation",5,10,"converted"
9821,768,"2024-02-18","Plan Selection",3,11,"clicked"
9822,2259,"2024-05-06","Pricing Page",2,40,"clicked"
9823,411,"2024-04-30","Confirmation",5,132,"converted"
9824,910,"2024-05-01","Pricing Page",2,45,"viewed"
9825,1765,"2024-03-04","Confirmation",5,180,"converted"
9826,983,"2024-01-14","Pricing Page",2,53,"clicked"
9827,284,"2024-03-16","Payment",4,153,"dropped"
9828,2785,"2024-06-28","Home",1,179,"viewed"
9829,484,"2024-04-16","Pricing Page",2,52,"dropped"
9830,2880,"2024-04-09","Payment",4,142,"viewed"
9831,1958,"2024-01-15","Pricing Page",2,57,"dropped"
9832,2893,"2024-05-19","Confirmation",5,100,"converted"
9833,1202,"2024-04-27","Home",1,65,"clicked"
9834,1260,"2024-03-04","Pricing Page",2,41,"clicked"
9835,257,"2024-01-17","Pricing Page",2,52,"dropped"
9836,347,"2024-03-11","Plan Selection",3,166,"dropped"
9837,1190,"2024-04-06","Pricing Page",2,62,"clicked"
9838,1842,"2024-02-13","Pricing Page",2,31,"dropped"
9839,174,"2024-04-07","Plan Selection",3,207,"clicked"
9840,2724,"2024-03-16","Pricing Page",2,54,"clicked"
9841,2757,"2024-03-19","Pricing Page",2,59,"dropped"
9842,1797,"2024-06-22","Confirmation",5,26,"converted"
9843,1299,"2024-06-15","Pricing Page",2,61,"dropped"
9844,2054,"2024-03-12","Confirmation",5,85,"converted"
9845,481,"2024-04-30","Payment",4,48,"clicked"
9846,2023,"2024-01-04","Home",1,81,"clicked"
9847,1796,"2024-03-11","Home",1,133,"viewed"
9848,528,"2024-01-12","Payment",4,173,"viewed"
9849,2894,"2024-05-19","Confirmation",5,102,"converted"
9850,1320,"2024-05-28","Payment",4,94,"viewed"
9851,1886,"2024-05-26","Home",1,79,"clicked"
9852,863,"2024-04-26","Pricing Page",2,63,"dropped"
9853,1326,"2024-04-19","Plan Selection",3,148,"clicked"
9854,2094,"2024-03-18","Home",1,188,"clicked"
9855,292,"2024-03-17","Payment",4,182,"viewed"
9856,1635,"2024-02-14","Plan Selection",3,63,"clicked"
9857,2693,"2024-06-05","Plan Selection",3,118,"viewed"
9858,1484,"2024-01-01","Plan Selection",3,138,"viewed"
9859,465,"2024-06-16","Home",1,27,"viewed"
9860,952,"2024-05-31","Pricing Page",2,57,"clicked"
9861,335,"2024-05-05","Home",1,122,"clicked"
9862,1479,"2024-01-28","Pricing Page",2,58,"viewed"
9863,2524,"2024-03-09","Pricing Page",2,49,"dropped"
9864,201,"2024-05-09","Pricing Page",2,59,"dropped"
9865,180,"2024-06-27","Payment",4,165,"viewed"
9866,2746,"2024-04-23","Pricing Page",2,39,"dropped"
9867,1080,"2024-03-29","Pricing Page",2,48,"clicked"
9868,610,"2024-01-13","Payment",4,100,"dropped"
9869,40,"2024-06-01","Home",1,68,"viewed"
9870,2948,"2024-06-29","Home",1,52,"viewed"
9871,181,"2024-03-28","Pricing Page",2,59,"viewed"
9872,614,"2024-03-16","Pricing Page",2,40,"dropped"
9873,2840,"2024-04-19","Home",1,31,"viewed"
9874,1764,"2024-06-28","Pricing Page",2,39,"dropped"
9875,2394,"2024-02-13","Payment",4,72,"dropped"
9876,2381,"2024-04-05","Pricing Page",2,58,"clicked"
9877,1623,"2024-04-04","Confirmation",5,78,"converted"
9878,2282,"2024-05-21","Plan Selection",3,169,"dropped"
9879,351,"2024-02-20","Home",1,82,"viewed"
9880,1089,"2024-05-15","Plan Selection",3,205,"viewed"
9881,2565,"2024-03-13","Pricing Page",2,30,"clicked"
9882,1569,"2024-03-29","Payment",4,190,"viewed"
9883,2165,"2024-06-21","Plan Selection",3,38,"viewed"
9884,322,"2024-05-27","Payment",4,85,"clicked"
9885,2350,"2024-01-31","Pricing Page",2,59,"clicked"
9886,779,"2024-06-23","Home",1,62,"dropped"
9887,1138,"2024-02-04","Payment",4,116,"dropped"
9888,1042,"2024-02-01","Payment",4,131,"clicked"
9889,2899,"2024-01-29","Confirmation",5,209,"converted"
9890,922,"2024-04-07","Payment",4,66,"dropped"
9891,1551,"2024-03-06","Pricing Page",2,37,"clicked"
9892,1628,"2024-02-29","Home",1,39,"viewed"
9893,2405,"2024-01-12","Confirmation",5,82,"converted"
9894,260,"2024-03-02","Pricing Page",2,36,"viewed"
9895,913,"2024-01-23","Plan Selection",3,38,"clicked"
9896,1666,"2024-06-28","Pricing Page",2,51,"dropped"
9897,2698,"2024-01-22","Confirmation",5,46,"converted"
9898,577,"2024-03-14","Pricing Page",2,32,"dropped"
9899,349,"2024-03-02","Pricing Page",2,53,"viewed"
9900,2257,"2024-02-25","Pricing Page",2,42,"dropped"
9901,709,"2024-02-21","Plan Selection",3,147,"clicked"
9902,1589,"2024-05-05","Payment",4,61,"viewed"
9903,1885,"2024-01-20","Plan Selection",3,188,"clicked"
9904,13,"2024-03-15","Home",1,11,"viewed"
9905,1338,"2024-04-08","Pricing Page",2,48,"dropped"
9906,1464,"2024-06-18","Pricing Page",2,48,"dropped"
9907,117,"2024-01-29","Plan Selection",3,180,"clicked"
9908,2271,"2024-06-29","Payment",4,133,"viewed"
9909,2245,"2024-06-26","Plan Selection",3,75,"viewed"
9910,1319,"2024-01-26","Pricing Page",2,45,"clicked"
9911,1510,"2024-02-22","Confirmation",5,165,"converted"
9912,337,"2024-02-10","Payment",4,53,"viewed"
9913,397,"2024-03-11","Plan Selection",3,130,"clicked"
9914,2699,"2024-03-27","Plan Selection",3,207,"viewed"
9915,1457,"2024-05-17","Pricing Page",2,49,"viewed"
9916,1932,"2024-02-28","Plan Selection",3,110,"clicked"
9917,1932,"2024-06-16","Plan Selection",3,151,"clicked"
9918,243,"2024-01-16","Home",1,140,"viewed"
9919,1812,"2024-06-09","Plan Selection",3,95,"clicked"
9920,401,"2024-05-28","Plan Selection",3,16,"dropped"
9921,586,"2024-05-25","Pricing Page",2,61,"dropped"
9922,1458,"2024-05-14","Pricing Page",2,39,"dropped"
9923,1139,"2024-03-07","Plan Selection",3,93,"viewed"
9924,1944,"2024-02-23","Plan Selection",3,169,"clicked"
9925,1521,"2024-03-12","Pricing Page",2,30,"viewed"
9926,287,"2024-06-23","Plan Selection",3,153,"dropped"
9927,2808,"2024-04-24","Pricing Page",2,62,"dropped"
9928,20,"2024-05-14","Plan Selection",3,59,"dropped"
9929,9,"2024-04-12","Payment",4,103,"viewed"
9930,2212,"2024-02-07","Payment",4,99,"viewed"
9931,2033,"2024-06-25","Payment",4,62,"viewed"
9932,556,"2024-04-08","Home",1,55,"viewed"
9933,1150,"2024-01-15","Pricing Page",2,30,"dropped"
9934,1078,"2024-06-25","Payment",4,16,"viewed"
9935,2532,"2024-06-03","Payment",4,43,"clicked"
9936,1389,"2024-04-07","Pricing Page",2,63,"dropped"
9937,1508,"2024-02-17","Payment",4,61,"viewed"
9938,1479,"2024-06-13","Home",1,128,"viewed"
9939,286,"2024-01-28","Pricing Page",2,57,"dropped"
9940,2264,"2024-03-31","Pricing Page",2,57,"dropped"
9941,2633,"2024-05-04","Payment",4,209,"clicked"
9942,2225,"2024-01-13","Home",1,85,"clicked"
9943,1591,"2024-01-11","Plan Selection",3,65,"clicked"
9944,2418,"2024-01-08","Payment",4,181,"viewed"
9945,2582,"2024-04-27","Plan Selection",3,76,"viewed"
9946,1476,"2024-03-07","Pricing Page",2,49,"dropped"
9947,937,"2024-05-21","Confirmation",5,106,"converted"
9948,1567,"2024-01-30","Pricing Page",2,51,"viewed"
9949,100,"2024-05-01","Pricing Page",2,44,"dropped"
9950,605,"2024-06-09","Payment",4,106,"viewed"
9951,439,"2024-06-26","Pricing Page",2,48,"dropped"
9952,1841,"2024-01-17","Plan Selection",3,170,"dropped"
9953,1205,"2024-04-05","Pricing Page",2,53,"dropped"
9954,725,"2024-01-22","Payment",4,206,"clicked"
9955,1917,"2024-02-13","Pricing Page",2,50,"clicked"
9956,2317,"2024-02-01","Plan Selection",3,55,"clicked"
9957,2393,"2024-03-30","Home",1,200,"clicked"
9958,1869,"2024-04-23","Pricing Page",2,51,"dropped"
9959,292,"2024-06-29","Plan Selection",3,113,"clicked"
9960,2577,"2024-06-02","Plan Selection",3,154,"viewed"
9961,470,"2024-05-22","Pricing Page",2,65,"dropped"
9962,754,"2024-04-30","Plan Selection",3,180,"clicked"
9963,750,"2024-04-11","Home",1,133,"viewed"
9964,1886,"2024-03-23","Pricing Page",2,57,"dropped"
9965,946,"2024-03-14","Home",1,59,"viewed"
9966,181,"2024-03-16","Confirmation",5,62,"converted"
9967,1828,"2024-02-16","Pricing Page",2,44,"dropped"
9968,2922,"2024-04-19","Home",1,156,"clicked"
9969,1462,"2024-03-17","Plan Selection",3,207,"viewed"
9970,2821,"2024-05-17","Confirmation",5,140,"converted"
9971,927,"2024-04-15","Confirmation",5,36,"converted"
9972,2227,"2024-02-26","Pricing Page",2,51,"clicked"
9973,1525,"2024-06-25","Pricing Page",2,63,"dropped"
9974,1346,"2024-04-24","Payment",4,59,"viewed"
9975,2823,"2024-03-31","Plan Selection",3,183,"clicked"
9976,2884,"2024-06-06","Pricing Page",2,60,"dropped"
9977,505,"2024-01-03","Plan Selection",3,164,"dropped"
9978,1771,"2024-03-13","Pricing Page",2,30,"dropped"
9979,2011,"2024-02-28","Plan Selection",3,11,"clicked"
9980,802,"2024-04-11","Home",1,76,"viewed"
9981,775,"2024-03-02","Confirmation",5,126,"converted"
9982,482,"2024-01-09","Payment",4,144,"dropped"
9983,1113,"2024-04-21","Confirmation",5,17,"converted"
9984,726,"2024-01-19","Payment",4,140,"viewed"
9985,1307,"2024-04-08","Pricing Page",2,51,"viewed"
9986,1434,"2024-04-02","Home",1,14,"viewed"
9987,2574,"2024-06-17","Home",1,141,"dropped"
9988,265,"2024-03-14","Payment",4,125,"viewed"
9989,1109,"2024-06-26","Payment",4,27,"dropped"
9990,2547,"2024-02-01","Pricing Page",2,32,"clicked"
9991,2925,"2024-04-08","Payment",4,80,"clicked"
9992,2446,"2024-06-21","Pricing Page",2,58,"dropped"
9993,1337,"2024-05-11","Pricing Page",2,48,"clicked"
9994,46,"2024-04-26","Home",1,198,"dropped"
9995,461,"2024-02-01","Pricing Page",2,46,"clicked"
9996,2011,"2024-06-26","Confirmation",5,103,"converted"
9997,2119,"2024-01-23","Pricing Page",2,32,"viewed"
9998,1376,"2024-03-26","Confirmation",5,102,"converted"
9999,1176,"2024-04-13","Plan Selection",3,139,"dropped"
10000,618,"2024-03-02","Home",1,79,"clicked"
10001,1650,"2024-02-05","Pricing Page",2,30,"dropped"
10002,2292,"2024-02-26","Pricing Page",2,42,"dropped"
10003,2702,"2024-05-30","Pricing Page",2,61,"dropped"
10004,1250,"2024-03-17","Payment",4,14,"clicked"
10005,1986,"2024-05-01","Pricing Page",2,61,"viewed"
10006,2743,"2024-01-02","Pricing Page",2,43,"dropped"
10007,1121,"2024-06-01","Home",1,204,"clicked"
10008,2505,"2024-04-05","Home",1,23,"viewed"
10009,1562,"2024-05-19","Pricing Page",2,42,"viewed"
10010,342,"2024-05-26","Plan Selection",3,40,"viewed"
10011,1858,"2024-02-14","Pricing Page",2,34,"clicked"
10012,1761,"2024-01-22","Payment",4,160,"clicked"
10013,835,"2024-03-25","Plan Selection",3,32,"dropped"
10014,2709,"2024-03-08","Home",1,138,"viewed"
10015,2594,"2024-01-09","Plan Selection",3,24,"clicked"
10016,2741,"2024-02-22","Payment",4,157,"clicked"
10017,1024,"2024-02-01","Payment",4,164,"clicked"
10018,144,"2024-03-17","Confirmation",5,131,"converted"
10019,353,"2024-05-17","Pricing Page",2,66,"dropped"
10020,1503,"2024-01-12","Payment",4,196,"dropped"
10021,347,"2024-01-06","Payment",4,201,"clicked"
10022,2695,"2024-03-18","Pricing Page",2,67,"dropped"
10023,2616,"2024-04-29","Plan Selection",3,99,"dropped"
10024,1634,"2024-02-04","Pricing Page",2,31,"dropped"
10025,688,"2024-02-27","Confirmation",5,122,"converted"
10026,290,"2024-05-24","Plan Selection",3,33,"clicked"
10027,114,"2024-05-16","Plan Selection",3,24,"clicked"
10028,1817,"2024-06-17","Payment",4,84,"clicked"
10029,2046,"2024-03-01","Plan Selection",3,26,"clicked"
10030,1721,"2024-02-01","Home",1,59,"viewed"
10031,262,"2024-01-26","Pricing Page",2,54,"clicked"
10032,129,"2024-01-25","Plan Selection",3,88,"clicked"
10033,517,"2024-01-10","Payment",4,133,"viewed"
10034,855,"2024-06-18","Payment",4,81,"clicked"
10035,1153,"2024-01-08","Home",1,48,"viewed"
10036,826,"2024-01-12","Pricing Page",2,38,"viewed"
10037,1901,"2024-03-30","Plan Selection",3,82,"dropped"
10038,1357,"2024-06-18","Pricing Page",2,62,"dropped"
10039,739,"2024-05-24","Pricing Page",2,63,"dropped"
10040,2972,"2024-03-18","Home",1,115,"dropped"
10041,425,"2024-02-20","Confirmation",5,207,"converted"
10042,104,"2024-02-09","Confirmation",5,64,"converted"
10043,1225,"2024-02-10","Confirmation",5,165,"converted"
10044,667,"2024-05-20","Pricing Page",2,61,"dropped"
10045,1898,"2024-04-17","Home",1,137,"viewed"
10046,2267,"2024-06-25","Plan Selection",3,37,"viewed"
10047,2544,"2024-05-03","Payment",4,65,"viewed"
10048,465,"2024-03-09","Pricing Page",2,31,"viewed"
10049,1085,"2024-01-22","Pricing Page",2,34,"dropped"
10050,1546,"2024-01-05","Plan Selection",3,170,"clicked"
10051,161,"2024-03-11","Payment",4,160,"clicked"
10052,2359,"2024-05-07","Home",1,156,"dropped"
10053,1635,"2024-02-20","Payment",4,11,"viewed"
10054,1715,"2024-05-07","Payment",4,196,"dropped"
10055,1212,"2024-02-23","Pricing Page",2,43,"clicked"
10056,2898,"2024-03-19","Pricing Page",2,38,"dropped"
10057,1304,"2024-02-20","Home",1,145,"dropped"
10058,880,"2024-02-19","Pricing Page",2,49,"clicked"
10059,2119,"2024-03-05","Plan Selection",3,49,"dropped"
10060,1605,"2024-04-18","Pricing Page",2,43,"clicked"
10061,721,"2024-06-13","Payment",4,96,"viewed"
10062,136,"2024-02-09","Confirmation",5,34,"converted"
10063,2255,"2024-03-10","Plan Selection",3,55,"dropped"
10064,2579,"2024-06-24","Pricing Page",2,52,"dropped"
10065,420,"2024-02-01","Pricing Page",2,52,"dropped"
10066,1175,"2024-06-29","Payment",4,35,"dropped"
10067,1223,"2024-04-12","Plan Selection",3,73,"viewed"
10068,2894,"2024-03-26","Pricing Page",2,64,"dropped"
10069,1922,"2024-01-04","Home",1,174,"clicked"
10070,1282,"2024-03-13","Payment",4,93,"viewed"
10071,917,"2024-05-23","Home",1,191,"clicked"
10072,142,"2024-02-02","Payment",4,48,"viewed"
10073,325,"2024-02-28","Pricing Page",2,45,"clicked"
10074,2641,"2024-03-03","Home",1,84,"viewed"
10075,2825,"2024-06-07","Plan Selection",3,36,"dropped"
10076,1957,"2024-02-11","Home",1,67,"viewed"
10077,1301,"2024-04-15","Plan Selection",3,84,"viewed"
10078,2456,"2024-01-24","Home",1,127,"clicked"
10079,20,"2024-06-24","Payment",4,57,"viewed"
10080,2370,"2024-06-02","Payment",4,165,"clicked"
10081,510,"2024-06-20","Pricing Page",2,45,"clicked"
10082,1373,"2024-03-03","Pricing Page",2,50,"dropped"
10083,2164,"2024-04-11","Plan Selection",3,111,"viewed"
10084,1794,"2024-01-22","Payment",4,134,"viewed"
10085,2311,"2024-04-30","Home",1,39,"viewed"
10086,2227,"2024-05-25","Payment",4,124,"clicked"
10087,1916,"2024-05-20","Confirmation",5,118,"converted"
10088,2359,"2024-02-24","Home",1,186,"viewed"
10089,137,"2024-03-15","Confirmation",5,81,"converted"
10090,69,"2024-01-09","Home",1,157,"dropped"
10091,1672,"2024-02-29","Confirmation",5,172,"converted"
10092,566,"2024-04-01","Confirmation",5,62,"converted"
10093,1374,"2024-03-30","Home",1,14,"viewed"
10094,2780,"2024-02-13","Pricing Page",2,42,"viewed"
10095,1620,"2024-03-21","Plan Selection",3,149,"viewed"
10096,795,"2024-02-25","Payment",4,167,"viewed"
10097,562,"2024-05-26","Pricing Page",2,66,"dropped"
10098,2268,"2024-05-28","Payment",4,143,"viewed"
10099,973,"2024-01-05","Home",1,142,"viewed"
10100,1053,"2024-01-28","Plan Selection",3,31,"clicked"
10101,1980,"2024-01-20","Plan Selection",3,116,"viewed"
10102,285,"2024-04-29","Home",1,35,"clicked"
10103,1504,"2024-05-19","Pricing Page",2,52,"dropped"
10104,580,"2024-06-27","Pricing Page",2,60,"clicked"
10105,682,"2024-01-12","Plan Selection",3,18,"clicked"
10106,745,"2024-03-15","Pricing Page",2,48,"clicked"
10107,2477,"2024-05-27","Plan Selection",3,112,"viewed"
10108,1219,"2024-04-30","Home",1,121,"clicked"
10109,1750,"2024-04-11","Home",1,139,"dropped"
10110,733,"2024-01-20","Payment",4,152,"dropped"
10111,1816,"2024-04-14","Home",1,132,"viewed"
10112,1310,"2024-04-22","Payment",4,26,"dropped"
10113,2960,"2024-05-23","Home",1,136,"dropped"
10114,2689,"2024-01-01","Pricing Page",2,49,"dropped"
10115,378,"2024-01-01","Plan Selection",3,38,"viewed"
10116,1986,"2024-06-04","Pricing Page",2,66,"viewed"
10117,1809,"2024-02-27","Payment",4,189,"dropped"
10118,734,"2024-04-29","Plan Selection",3,170,"clicked"
10119,1099,"2024-05-18","Plan Selection",3,70,"clicked"
10120,2501,"2024-01-24","Home",1,69,"dropped"
10121,1513,"2024-02-21","Confirmation",5,144,"converted"
10122,1930,"2024-02-06","Home",1,168,"viewed"
10123,672,"2024-06-22","Home",1,161,"clicked"
10124,2255,"2024-04-08","Pricing Page",2,58,"dropped"
10125,613,"2024-06-04","Plan Selection",3,172,"dropped"
10126,2044,"2024-03-02","Plan Selection",3,50,"dropped"
10127,2537,"2024-06-21","Pricing Page",2,45,"clicked"
10128,1484,"2024-03-30","Confirmation",5,109,"converted"
10129,1470,"2024-06-22","Pricing Page",2,61,"viewed"
10130,1001,"2024-06-02","Pricing Page",2,57,"dropped"
10131,2862,"2024-01-01","Home",1,167,"clicked"
10132,2667,"2024-01-18","Payment",4,170,"clicked"
10133,1215,"2024-03-01","Pricing Page",2,38,"viewed"
10134,457,"2024-05-21","Pricing Page",2,64,"dropped"
10135,88,"2024-05-08","Pricing Page",2,45,"clicked"
10136,140,"2024-06-26","Payment",4,192,"dropped"
10137,1367,"2024-04-12","Pricing Page",2,56,"clicked"
10138,1100,"2024-06-16","Plan Selection",3,189,"viewed"
10139,2135,"2024-06-14","Pricing Page",2,51,"viewed"
10140,1204,"2024-01-27","Plan Selection",3,51,"clicked"
10141,1841,"2024-05-11","Payment",4,169,"clicked"
10142,1681,"2024-01-07","Pricing Page",2,40,"dropped"
10143,693,"2024-03-12","Pricing Page",2,37,"dropped"
10144,310,"2024-03-15","Payment",4,112,"clicked"
10145,227,"2024-03-14","Payment",4,165,"clicked"
10146,472,"2024-02-22","Confirmation",5,12,"converted"
10147,387,"2024-04-20","Plan Selection",3,105,"clicked"
10148,1766,"2024-05-12","Confirmation",5,56,"converted"
10149,1547,"2024-06-07","Payment",4,113,"dropped"
10150,2951,"2024-04-17","Home",1,71,"clicked"
10151,1547,"2024-01-21","Home",1,162,"viewed"
10152,1271,"2024-06-11","Pricing Page",2,48,"dropped"
10153,1264,"2024-06-01","Confirmation",5,42,"converted"
10154,2978,"2024-03-28","Pricing Page",2,59,"dropped"
10155,1096,"2024-06-13","Pricing Page",2,53,"dropped"
10156,1485,"2024-06-04","Payment",4,114,"dropped"
10157,429,"2024-02-22","Home",1,61,"dropped"
10158,959,"2024-06-18","Payment",4,181,"dropped"
10159,2449,"2024-06-02","Payment",4,103,"viewed"
10160,647,"2024-02-25","Confirmation",5,119,"converted"
10161,138,"2024-04-17","Payment",4,79,"clicked"
10162,826,"2024-04-15","Home",1,158,"clicked"
10163,2398,"2024-05-21","Plan Selection",3,60,"viewed"
10164,2374,"2024-05-28","Payment",4,55,"viewed"
10165,2657,"2024-05-04","Payment",4,189,"dropped"
10166,2424,"2024-05-14","Pricing Page",2,44,"dropped"
10167,1094,"2024-02-09","Home",1,87,"viewed"
10168,1063,"2024-01-12","Pricing Page",2,32,"clicked"
10169,2113,"2024-05-20","Payment",4,122,"clicked"
10170,1933,"2024-05-29","Home",1,109,"viewed"
10171,156,"2024-04-05","Pricing Page",2,64,"viewed"
10172,2139,"2024-06-25","Payment",4,164,"viewed"
10173,2644,"2024-03-29","Payment",4,112,"dropped"
10174,1039,"2024-02-06","Confirmation",5,53,"converted"
10175,612,"2024-03-06","Home",1,188,"viewed"
10176,2186,"2024-06-29","Payment",4,12,"viewed"
10177,743,"2024-02-18","Plan Selection",3,47,"dropped"
10178,430,"2024-02-22","Home",1,68,"clicked"
10179,2828,"2024-04-22","Pricing Page",2,52,"dropped"
10180,1452,"2024-05-01","Confirmation",5,113,"converted"
10181,2625,"2024-05-27","Pricing Page",2,63,"viewed"
10182,2169,"2024-01-11","Home",1,94,"viewed"
10183,1532,"2024-02-21","Confirmation",5,136,"converted"
10184,1400,"2024-03-20","Payment",4,132,"viewed"
10185,2043,"2024-02-23","Pricing Page",2,38,"dropped"
10186,1775,"2024-05-07","Payment",4,140,"viewed"
10187,25,"2024-01-12","Pricing Page",2,38,"clicked"
10188,329,"2024-05-14","Pricing Page",2,59,"dropped"
10189,2157,"2024-03-30","Pricing Page",2,39,"dropped"
10190,2031,"2024-02-19","Pricing Page",2,55,"dropped"
10191,1844,"2024-03-09","Home",1,42,"viewed"
10192,2048,"2024-04-01","Pricing Page",2,66,"dropped"
10193,509,"2024-02-17","Payment",4,68,"dropped"
10194,416,"2024-05-04","Home",1,13,"dropped"
10195,593,"2024-05-30","Plan Selection",3,84,"dropped"
10196,1707,"2024-03-19","Pricing Page",2,38,"clicked"
10197,525,"2024-06-23","Pricing Page",2,54,"viewed"
10198,2332,"2024-02-11","Payment",4,92,"viewed"
10199,2302,"2024-01-06","Payment",4,50,"clicked"
10200,1723,"2024-04-11","Home",1,150,"clicked"
10201,1013,"2024-05-28","Home",1,196,"clicked"
10202,1118,"2024-04-11","Plan Selection",3,150,"clicked"
10203,887,"2024-01-07","Pricing Page",2,41,"dropped"
10204,727,"2024-06-20","Home",1,51,"dropped"
10205,1359,"2024-02-09","Payment",4,200,"viewed"
10206,490,"2024-01-01","Plan Selection",3,134,"clicked"
10207,2491,"2024-04-05","Home",1,48,"clicked"
10208,2732,"2024-01-11","Plan Selection",3,133,"clicked"
10209,533,"2024-05-01","Payment",4,36,"dropped"
10210,1332,"2024-05-09","Pricing Page",2,40,"clicked"
10211,952,"2024-03-18","Home",1,144,"viewed"
10212,2657,"2024-01-17","Payment",4,145,"dropped"
10213,333,"2024-03-24","Confirmation",5,118,"converted"
10214,2243,"2024-01-21","Pricing Page",2,38,"clicked"
10215,1005,"2024-03-07","Payment",4,18,"viewed"
10216,1399,"2024-02-02","Pricing Page",2,58,"dropped"
10217,803,"2024-05-03","Plan Selection",3,14,"clicked"
10218,882,"2024-04-27","Pricing Page",2,65,"dropped"
10219,1060,"2024-04-04","Plan Selection",3,57,"clicked"
10220,2314,"2024-03-07","Plan Selection",3,112,"viewed"
10221,1278,"2024-01-28","Pricing Page",2,58,"dropped"
10222,2773,"2024-04-06","Confirmation",5,184,"converted"
10223,2041,"2024-05-21","Payment",4,10,"clicked"
10224,102,"2024-06-19","Plan Selection",3,55,"clicked"
10225,2609,"2024-03-15","Pricing Page",2,39,"clicked"
10226,206,"2024-05-29","Confirmation",5,46,"converted"
10227,310,"2024-06-25","Plan Selection",3,189,"viewed"
10228,889,"2024-01-16","Plan Selection",3,102,"viewed"
10229,9,"2024-06-26","Confirmation",5,115,"converted"
10230,2848,"2024-01-31","Confirmation",5,100,"converted"
10231,861,"2024-01-15","Plan Selection",3,93,"clicked"
10232,744,"2024-05-13","Confirmation",5,108,"converted"
10233,1901,"2024-05-05","Plan Selection",3,169,"clicked"
10234,2602,"2024-04-15","Pricing Page",2,61,"dropped"
10235,2876,"2024-04-14","Home",1,75,"viewed"
10236,160,"2024-03-20","Home",1,194,"clicked"
10237,1691,"2024-03-16","Pricing Page",2,59,"dropped"
10238,528,"2024-03-23","Payment",4,76,"clicked"
10239,740,"2024-06-09","Plan Selection",3,168,"viewed"
10240,362,"2024-06-11","Home",1,208,"clicked"
10241,2148,"2024-06-23","Plan Selection",3,116,"viewed"
10242,1280,"2024-02-27","Pricing Page",2,47,"viewed"
10243,2797,"2024-06-08","Plan Selection",3,89,"dropped"
10244,1757,"2024-03-25","Plan Selection",3,97,"clicked"
10245,456,"2024-02-20","Confirmation",5,179,"converted"
10246,1311,"2024-04-25","Payment",4,96,"clicked"
10247,1445,"2024-05-14","Pricing Page",2,41,"clicked"
10248,678,"2024-01-03","Pricing Page",2,57,"dropped"
10249,564,"2024-05-22","Pricing Page",2,52,"dropped"
10250,226,"2024-03-24","Home",1,22,"dropped"
10251,3,"2024-06-10","Pricing Page",2,57,"clicked"
10252,584,"2024-03-30","Confirmation",5,209,"converted"
10253,881,"2024-03-27","Plan Selection",3,26,"viewed"
10254,880,"2024-05-13","Payment",4,187,"viewed"
10255,627,"2024-01-22","Confirmation",5,113,"converted"
10256,1964,"2024-05-11","Plan Selection",3,31,"clicked"
10257,1681,"2024-01-13","Plan Selection",3,29,"clicked"
10258,615,"2024-04-05","Home",1,123,"viewed"
10259,73,"2024-06-08","Pricing Page",2,40,"dropped"
10260,2043,"2024-02-13","Home",1,25,"viewed"
10261,1047,"2024-06-28","Confirmation",5,123,"converted"
10262,356,"2024-06-09","Home",1,153,"clicked"
10263,1883,"2024-01-14","Pricing Page",2,35,"clicked"
10264,2208,"2024-02-27","Pricing Page",2,58,"clicked"
10265,2794,"2024-01-03","Pricing Page",2,39,"clicked"
10266,1986,"2024-01-30","Payment",4,152,"dropped"
10267,61,"2024-01-02","Confirmation",5,187,"converted"
10268,1499,"2024-05-29","Plan Selection",3,154,"viewed"
10269,927,"2024-03-23","Pricing Page",2,49,"viewed"
10270,776,"2024-04-25","Pricing Page",2,44,"clicked"
10271,1168,"2024-04-03","Pricing Page",2,55,"dropped"
10272,312,"2024-05-31","Payment",4,180,"viewed"
10273,1976,"2024-03-06","Payment",4,34,"dropped"
10274,232,"2024-01-22","Pricing Page",2,42,"dropped"
10275,2713,"2024-03-17","Pricing Page",2,61,"clicked"
10276,323,"2024-03-24","Confirmation",5,106,"converted"
10277,1465,"2024-06-29","Plan Selection",3,144,"viewed"
10278,2454,"2024-05-21","Pricing Page",2,67,"dropped"
10279,1503,"2024-01-09","Payment",4,109,"clicked"
10280,3000,"2024-01-20","Plan Selection",3,85,"clicked"
10281,563,"2024-01-27","Home",1,94,"viewed"
10282,2221,"2024-06-10","Pricing Page",2,54,"viewed"
10283,414,"2024-06-01","Payment",4,103,"viewed"
10284,956,"2024-05-17","Payment",4,191,"dropped"
10285,1373,"2024-02-01","Plan Selection",3,12,"clicked"
10286,1889,"2024-04-09","Payment",4,136,"viewed"
10287,321,"2024-05-11","Pricing Page",2,50,"dropped"
10288,1926,"2024-04-27","Pricing Page",2,55,"dropped"
10289,1730,"2024-04-28","Plan Selection",3,169,"clicked"
10290,606,"2024-01-11","Plan Selection",3,52,"dropped"
10291,1497,"2024-03-16","Plan Selection",3,141,"clicked"
10292,2137,"2024-06-21","Plan Selection",3,71,"viewed"
10293,663,"2024-02-10","Pricing Page",2,46,"clicked"
10294,1958,"2024-06-05","Pricing Page",2,43,"viewed"
10295,2186,"2024-01-14","Home",1,151,"viewed"
10296,2304,"2024-06-12","Pricing Page",2,50,"dropped"
10297,1695,"2024-05-16","Home",1,36,"clicked"
10298,2305,"2024-04-07","Pricing Page",2,47,"dropped"
10299,2886,"2024-05-03","Plan Selection",3,127,"clicked"
10300,120,"2024-01-21","Pricing Page",2,58,"dropped"
10301,2398,"2024-01-05","Payment",4,129,"viewed"
10302,254,"2024-01-18","Pricing Page",2,57,"viewed"
10303,949,"2024-01-30","Payment",4,168,"clicked"
10304,1832,"2024-06-04","Pricing Page",2,60,"dropped"
10305,2225,"2024-03-29","Pricing Page",2,58,"clicked"
10306,984,"2024-04-25","Home",1,23,"viewed"
10307,1660,"2024-04-02","Confirmation",5,207,"converted"
10308,673,"2024-01-29","Home",1,26,"dropped"
10309,520,"2024-04-20","Plan Selection",3,181,"viewed"
10310,2420,"2024-01-01","Plan Selection",3,207,"dropped"
10311,2203,"2024-02-15","Home",1,118,"clicked"
10312,2991,"2024-03-15","Home",1,35,"clicked"
10313,1991,"2024-01-18","Pricing Page",2,33,"dropped"
10314,1708,"2024-02-19","Plan Selection",3,110,"clicked"
10315,209,"2024-05-25","Payment",4,131,"viewed"
10316,925,"2024-04-30","Pricing Page",2,67,"clicked"
10317,2076,"2024-02-19","Pricing Page",2,50,"clicked"
10318,1370,"2024-05-21","Plan Selection",3,84,"dropped"
10319,64,"2024-03-17","Home",1,209,"viewed"
10320,313,"2024-01-13","Home",1,191,"clicked"
10321,2055,"2024-06-25","Payment",4,49,"clicked"
10322,2868,"2024-02-15","Pricing Page",2,36,"viewed"
10323,1853,"2024-04-09","Confirmation",5,174,"converted"
10324,1281,"2024-05-01","Home",1,73,"clicked"
10325,2991,"2024-05-27","Home",1,209,"viewed"
10326,1840,"2024-06-12","Plan Selection",3,138,"dropped"
10327,215,"2024-05-17","Plan Selection",3,140,"clicked"
10328,1751,"2024-03-11","Home",1,174,"clicked"
10329,393,"2024-01-18","Home",1,32,"clicked"
10330,851,"2024-03-21","Pricing Page",2,54,"clicked"
10331,1780,"2024-01-01","Pricing Page",2,36,"dropped"
10332,2746,"2024-04-27","Plan Selection",3,132,"clicked"
10333,2240,"2024-02-03","Plan Selection",3,183,"clicked"
10334,2346,"2024-01-15","Home",1,27,"dropped"
10335,2884,"2024-01-13","Pricing Page",2,32,"viewed"
10336,2236,"2024-05-15","Plan Selection",3,74,"dropped"
10337,1167,"2024-05-11","Pricing Page",2,44,"dropped"
10338,900,"2024-05-16","Payment",4,28,"viewed"
10339,2936,"2024-03-02","Payment",4,160,"clicked"
10340,763,"2024-05-18","Home",1,209,"viewed"
10341,156,"2024-05-31","Home",1,126,"viewed"
10342,1709,"2024-02-16","Plan Selection",3,25,"viewed"
10343,594,"2024-06-16","Home",1,100,"dropped"
10344,763,"2024-06-12","Payment",4,20,"dropped"
10345,2657,"2024-03-13","Pricing Page",2,45,"clicked"
10346,1296,"2024-03-04","Pricing Page",2,35,"clicked"
10347,1694,"2024-06-17","Confirmation",5,21,"converted"
10348,1114,"2024-05-04","Pricing Page",2,53,"clicked"
10349,1451,"2024-04-20","Plan Selection",3,56,"clicked"
10350,2662,"2024-03-29","Payment",4,90,"viewed"
10351,861,"2024-03-01","Payment",4,24,"viewed"
10352,1190,"2024-02-08","Payment",4,149,"viewed"
10353,973,"2024-06-25","Confirmation",5,121,"converted"
10354,292,"2024-05-27","Payment",4,104,"dropped"
10355,1916,"2024-01-29","Confirmation",5,196,"converted"
10356,35,"2024-02-17","Pricing Page",2,48,"dropped"
10357,1340,"2024-03-21","Confirmation",5,28,"converted"
10358,2439,"2024-05-21","Pricing Page",2,38,"clicked"
10359,817,"2024-03-07","Home",1,12,"viewed"
10360,2767,"2024-04-25","Pricing Page",2,42,"dropped"
10361,194,"2024-05-28","Confirmation",5,24,"converted"
10362,1957,"2024-01-07","Pricing Page",2,31,"clicked"
10363,973,"2024-01-30","Payment",4,159,"dropped"
10364,2120,"2024-06-23","Plan Selection",3,135,"dropped"
10365,600,"2024-06-21","Home",1,204,"clicked"
10366,2708,"2024-03-17","Pricing Page",2,59,"dropped"
10367,1779,"2024-06-19","Confirmation",5,174,"converted"
10368,989,"2024-02-01","Confirmation",5,196,"converted"
10369,2940,"2024-01-20","Plan Selection",3,139,"clicked"
10370,961,"2024-02-14","Pricing Page",2,48,"dropped"
10371,1030,"2024-01-03","Home",1,46,"viewed"
10372,988,"2024-02-27","Plan Selection",3,31,"viewed"
10373,606,"2024-06-10","Payment",4,124,"clicked"
10374,2670,"2024-03-28","Payment",4,60,"dropped"
10375,1304,"2024-01-11","Confirmation",5,169,"converted"
10376,2981,"2024-04-14","Confirmation",5,181,"converted"
10377,1572,"2024-01-10","Plan Selection",3,62,"clicked"
10378,1457,"2024-04-30","Confirmation",5,92,"converted"
10379,1251,"2024-06-01","Confirmation",5,74,"converted"
10380,2081,"2024-04-01","Pricing Page",2,58,"dropped"
10381,1616,"2024-02-29","Home",1,51,"viewed"
10382,2905,"2024-01-16","Plan Selection",3,82,"dropped"
10383,244,"2024-05-08","Pricing Page",2,49,"viewed"
10384,1955,"2024-03-13","Home",1,17,"dropped"
10385,222,"2024-02-17","Home",1,138,"viewed"
10386,2451,"2024-02-13","Payment",4,22,"dropped"
10387,88,"2024-01-03","Confirmation",5,186,"converted"
10388,1357,"2024-04-21","Payment",4,166,"viewed"
10389,1088,"2024-04-15","Payment",4,84,"clicked"
10390,2462,"2024-06-19","Pricing Page",2,50,"dropped"
10391,580,"2024-01-23","Home",1,172,"viewed"
10392,974,"2024-05-18","Payment",4,207,"clicked"
10393,2650,"2024-02-25","Confirmation",5,108,"converted"
10394,2453,"2024-04-20","Plan Selection",3,37,"viewed"
10395,457,"2024-01-04","Plan Selection",3,41,"viewed"
10396,2488,"2024-04-11","Pricing Page",2,66,"clicked"
10397,448,"2024-02-29","Pricing Page",2,30,"clicked"
10398,1338,"2024-05-10","Pricing Page",2,44,"dropped"
10399,1361,"2024-04-22","Payment",4,181,"dropped"
10400,2029,"2024-02-12","Home",1,12,"viewed"
10401,498,"2024-06-12","Home",1,88,"viewed"
10402,1060,"2024-01-09","Home",1,149,"viewed"
10403,2573,"2024-02-27","Home",1,29,"clicked"
10404,2934,"2024-04-05","Plan Selection",3,207,"viewed"
10405,2942,"2024-04-07","Payment",4,36,"clicked"
10406,2139,"2024-02-23","Pricing Page",2,53,"viewed"
10407,2958,"2024-03-04","Payment",4,201,"clicked"
10408,76,"2024-06-27","Payment",4,77,"dropped"
10409,1485,"2024-02-01","Pricing Page",2,41,"clicked"
10410,1834,"2024-05-26","Pricing Page",2,57,"clicked"
10411,987,"2024-04-27","Pricing Page",2,49,"dropped"
10412,1890,"2024-04-29","Pricing Page",2,41,"dropped"
10413,514,"2024-06-21","Pricing Page",2,49,"dropped"
10414,1425,"2024-01-05","Plan Selection",3,84,"viewed"
10415,2599,"2024-06-19","Home",1,154,"clicked"
10416,813,"2024-03-29","Plan Selection",3,150,"viewed"
10417,2818,"2024-06-06","Plan Selection",3,12,"clicked"
10418,1371,"2024-05-22","Plan Selection",3,91,"clicked"
10419,2165,"2024-03-20","Home",1,167,"viewed"
10420,2963,"2024-03-01","Plan Selection",3,109,"clicked"
10421,1331,"2024-01-11","Confirmation",5,134,"converted"
10422,677,"2024-02-18","Plan Selection",3,107,"clicked"
10423,2514,"2024-05-26","Plan Selection",3,66,"viewed"
10424,330,"2024-01-31","Plan Selection",3,29,"viewed"
10425,957,"2024-05-29","Home",1,92,"clicked"
10426,1192,"2024-03-14","Payment",4,199,"dropped"
10427,1092,"2024-01-18","Pricing Page",2,48,"viewed"
10428,2933,"2024-06-26","Confirmation",5,189,"converted"
10429,1781,"2024-02-18","Plan Selection",3,15,"clicked"
10430,425,"2024-03-07","Pricing Page",2,59,"clicked"
10431,2010,"2024-01-27","Payment",4,51,"viewed"
10432,1770,"2024-03-17","Pricing Page",2,52,"dropped"
10433,784,"2024-02-22","Plan Selection",3,97,"dropped"
10434,2007,"2024-05-17","Payment",4,146,"dropped"
10435,405,"2024-04-12","Pricing Page",2,50,"clicked"
10436,1663,"2024-04-03","Confirmation",5,14,"converted"
10437,1108,"2024-05-21","Payment",4,134,"viewed"
10438,2535,"2024-06-28","Pricing Page",2,43,"dropped"
10439,732,"2024-04-13","Home",1,197,"clicked"
10440,1858,"2024-02-13","Pricing Page",2,59,"viewed"
10441,2510,"2024-02-20","Confirmation",5,133,"converted"
10442,1210,"2024-01-31","Plan Selection",3,147,"clicked"
10443,1568,"2024-01-12","Payment",4,117,"clicked"
10444,1858,"2024-05-17","Confirmation",5,94,"converted"
10445,895,"2024-02-09","Pricing Page",2,40,"dropped"
10446,2440,"2024-04-06","Pricing Page",2,54,"dropped"
10447,2559,"2024-06-19","Home",1,199,"clicked"
10448,1674,"2024-06-20","Home",1,96,"dropped"
10449,2216,"2024-04-30","Home",1,133,"viewed"
10450,2130,"2024-03-15","Confirmation",5,95,"converted"
10451,1017,"2024-03-15","Home",1,204,"viewed"
10452,2384,"2024-05-14","Pricing Page",2,51,"dropped"
10453,1991,"2024-05-11","Plan Selection",3,20,"clicked"
10454,1266,"2024-01-30","Plan Selection",3,70,"viewed"
10455,707,"2024-05-05","Payment",4,156,"clicked"
10456,2078,"2024-02-29","Plan Selection",3,169,"clicked"
10457,556,"2024-06-26","Pricing Page",2,63,"dropped"
10458,27,"2024-05-13","Plan Selection",3,26,"clicked"
10459,2748,"2024-02-21","Plan Selection",3,105,"clicked"
10460,1630,"2024-04-05","Home",1,106,"clicked"
10461,1292,"2024-01-05","Payment",4,24,"viewed"
10462,557,"2024-02-21","Payment",4,98,"viewed"
10463,2655,"2024-03-30","Payment",4,132,"viewed"
10464,645,"2024-02-13","Plan Selection",3,19,"clicked"
10465,2344,"2024-01-27","Pricing Page",2,46,"clicked"
10466,641,"2024-03-02","Home",1,63,"dropped"
10467,85,"2024-04-26","Home",1,150,"dropped"
10468,1665,"2024-03-09","Pricing Page",2,30,"dropped"
10469,2057,"2024-03-14","Confirmation",5,143,"converted"
10470,1242,"2024-01-11","Home",1,34,"clicked"
10471,2225,"2024-03-21","Home",1,147,"clicked"
10472,285,"2024-02-01","Plan Selection",3,99,"clicked"
10473,2720,"2024-02-03","Pricing Page",2,43,"clicked"
10474,90,"2024-01-20","Pricing Page",2,57,"dropped"
10475,1452,"2024-05-02","Confirmation",5,132,"converted"
10476,838,"2024-04-10","Confirmation",5,25,"converted"
10477,1632,"2024-03-28","Payment",4,101,"viewed"
10478,1146,"2024-01-10","Home",1,101,"viewed"
10479,654,"2024-03-01","Home",1,24,"clicked"
10480,1156,"2024-06-23","Plan Selection",3,92,"dropped"
10481,633,"2024-05-21","Pricing Page",2,38,"dropped"
10482,1302,"2024-02-18","Home",1,75,"clicked"
10483,2505,"2024-03-28","Confirmation",5,34,"converted"
10484,2634,"2024-01-03","Pricing Page",2,35,"clicked"
10485,308,"2024-06-19","Pricing Page",2,44,"viewed"
10486,2577,"2024-04-12","Pricing Page",2,55,"dropped"
10487,135,"2024-05-14","Plan Selection",3,138,"clicked"
10488,1564,"2024-01-25","Home",1,52,"viewed"
10489,2439,"2024-06-28","Plan Selection",3,138,"viewed"
10490,946,"2024-04-23","Home",1,21,"viewed"
10491,1251,"2024-06-17","Pricing Page",2,46,"dropped"
10492,91,"2024-04-21","Confirmation",5,36,"converted"
10493,2043,"2024-01-01","Confirmation",5,169,"converted"
10494,311,"2024-01-24","Pricing Page",2,38,"dropped"
10495,2876,"2024-05-12","Payment",4,161,"clicked"
10496,2247,"2024-04-06","Pricing Page",2,54,"dropped"
10497,1303,"2024-06-18","Pricing Page",2,42,"dropped"
10498,841,"2024-05-20","Home",1,176,"dropped"
10499,2525,"2024-01-01","Pricing Page",2,44,"viewed"
10500,2902,"2024-02-06","Home",1,197,"clicked"
10501,2860,"2024-05-08","Plan Selection",3,78,"viewed"
10502,218,"2024-04-01","Pricing Page",2,39,"dropped"
10503,636,"2024-02-17","Plan Selection",3,117,"viewed"
10504,2593,"2024-02-12","Plan Selection",3,56,"clicked"
10505,827,"2024-02-05","Home",1,42,"clicked"
10506,923,"2024-03-24","Pricing Page",2,54,"clicked"
10507,1685,"2024-06-03","Plan Selection",3,83,"dropped"
10508,971,"2024-03-06","Payment",4,20,"viewed"
10509,2225,"2024-03-07","Plan Selection",3,13,"dropped"
10510,108,"2024-04-04","Plan Selection",3,202,"clicked"
10511,1658,"2024-06-12","Payment",4,118,"dropped"
10512,459,"2024-02-24","Home",1,74,"clicked"
10513,1288,"2024-05-07","Pricing Page",2,41,"clicked"
10514,2619,"2024-05-30","Plan Selection",3,39,"dropped"
10515,1070,"2024-02-24","Pricing Page",2,38,"dropped"
10516,2760,"2024-01-21","Payment",4,148,"dropped"
10517,525,"2024-05-10","Home",1,51,"viewed"
10518,1273,"2024-05-06","Pricing Page",2,67,"dropped"
10519,1124,"2024-01-15","Pricing Page",2,34,"viewed"
10520,721,"2024-03-08","Home",1,140,"viewed"
10521,78,"2024-05-13","Plan Selection",3,181,"clicked"
10522,1819,"2024-05-11","Payment",4,192,"dropped"
10523,2306,"2024-04-08","Pricing Page",2,49,"clicked"
10524,1317,"2024-01-07","Payment",4,59,"viewed"
10525,1221,"2024-01-26","Pricing Page",2,59,"clicked"
10526,864,"2024-01-20","Plan Selection",3,28,"clicked"
10527,2291,"2024-04-17","Plan Selection",3,133,"dropped"
10528,1175,"2024-05-26","Payment",4,202,"dropped"
10529,54,"2024-04-08","Plan Selection",3,147,"clicked"
10530,515,"2024-04-03","Home",1,170,"viewed"
10531,1859,"2024-05-02","Plan Selection",3,140,"viewed"
10532,828,"2024-03-20","Pricing Page",2,54,"clicked"
10533,1291,"2024-02-25","Pricing Page",2,39,"viewed"
10534,1202,"2024-03-09","Plan Selection",3,68,"clicked"
10535,535,"2024-04-28","Payment",4,159,"clicked"
10536,835,"2024-06-08","Plan Selection",3,53,"clicked"
10537,678,"2024-06-29","Pricing Page",2,56,"dropped"
10538,1258,"2024-06-23","Plan Selection",3,189,"viewed"
10539,1090,"2024-03-10","Payment",4,14,"viewed"
10540,2951,"2024-01-16","Pricing Page",2,33,"dropped"
10541,1581,"2024-01-19","Confirmation",5,73,"converted"
10542,2423,"2024-01-17","Home",1,187,"clicked"
10543,153,"2024-02-10","Confirmation",5,48,"converted"
10544,105,"2024-04-18","Confirmation",5,154,"converted"
10545,2661,"2024-02-19","Plan Selection",3,150,"clicked"
10546,2575,"2024-01-21","Confirmation",5,139,"converted"
10547,734,"2024-02-20","Plan Selection",3,105,"clicked"
10548,1611,"2024-04-01","Confirmation",5,18,"converted"
10549,1421,"2024-02-14","Payment",4,65,"viewed"
10550,133,"2024-02-23","Pricing Page",2,56,"dropped"
10551,2555,"2024-03-10","Pricing Page",2,48,"dropped"
10552,1394,"2024-01-22","Home",1,128,"clicked"
10553,614,"2024-05-30","Plan Selection",3,65,"viewed"
10554,2213,"2024-04-09","Plan Selection",3,10,"clicked"
10555,312,"2024-02-15","Confirmation",5,14,"converted"
10556,708,"2024-01-22","Payment",4,14,"clicked"
10557,1122,"2024-03-14","Confirmation",5,72,"converted"
10558,2565,"2024-02-29","Home",1,98,"viewed"
10559,1336,"2024-03-06","Pricing Page",2,37,"viewed"
10560,2066,"2024-05-17","Payment",4,95,"viewed"
10561,739,"2024-04-03","Payment",4,142,"viewed"
10562,2702,"2024-02-01","Home",1,71,"dropped"
10563,938,"2024-03-16","Home",1,116,"dropped"
10564,924,"2024-01-01","Home",1,87,"viewed"
10565,996,"2024-04-12","Payment",4,101,"viewed"
10566,1916,"2024-05-21","Confirmation",5,137,"converted"
10567,585,"2024-01-12","Payment",4,102,"dropped"
10568,600,"2024-04-27","Plan Selection",3,64,"clicked"
10569,893,"2024-02-10","Pricing Page",2,43,"clicked"
10570,1057,"2024-01-29","Payment",4,48,"viewed"
10571,772,"2024-06-26","Home",1,163,"clicked"
10572,2201,"2024-03-21","Home",1,173,"dropped"
10573,1673,"2024-05-20","Pricing Page",2,60,"dropped"
10574,371,"2024-03-14","Plan Selection",3,23,"clicked"
10575,1804,"2024-06-16","Payment",4,83,"clicked"
10576,1866,"2024-01-14","Plan Selection",3,83,"clicked"
10577,827,"2024-04-09","Confirmation",5,12,"converted"
10578,786,"2024-02-18","Plan Selection",3,15,"clicked"
10579,365,"2024-02-20","Home",1,84,"viewed"
10580,1706,"2024-04-23","Pricing Page",2,46,"dropped"
10581,2415,"2024-04-23","Plan Selection",3,144,"dropped"
10582,510,"2024-01-25","Home",1,96,"viewed"
10583,54,"2024-01-18","Pricing Page",2,56,"dropped"
10584,2756,"2024-02-15","Pricing Page",2,52,"dropped"
10585,2106,"2024-06-23","Payment",4,155,"clicked"
10586,258,"2024-01-14","Home",1,70,"dropped"
10587,186,"2024-05-12","Pricing Page",2,42,"dropped"
10588,608,"2024-01-06","Plan Selection",3,124,"clicked"
10589,1847,"2024-02-20","Plan Selection",3,190,"viewed"
10590,1824,"2024-03-23","Pricing Page",2,63,"viewed"
10591,493,"2024-06-26","Pricing Page",2,42,"dropped"
10592,921,"2024-06-03","Pricing Page",2,41,"clicked"
10593,2264,"2024-06-10","Home",1,65,"viewed"
10594,697,"2024-05-11","Confirmation",5,102,"converted"
10595,1576,"2024-02-13","Plan Selection",3,99,"clicked"
10596,1078,"2024-05-19","Payment",4,127,"clicked"
10597,586,"2024-02-06","Pricing Page",2,46,"clicked"
10598,2346,"2024-03-19","Payment",4,176,"viewed"
10599,2613,"2024-03-02","Home",1,80,"clicked"
10600,1933,"2024-04-18","Home",1,123,"viewed"
10601,1143,"2024-01-10","Home",1,100,"viewed"
10602,282,"2024-05-24","Payment",4,51,"viewed"
10603,2129,"2024-06-21","Plan Selection",3,66,"clicked"
10604,2314,"2024-02-22","Home",1,166,"clicked"
10605,896,"2024-06-12","Plan Selection",3,83,"viewed"
10606,2679,"2024-03-24","Plan Selection",3,172,"dropped"
10607,739,"2024-05-28","Pricing Page",2,49,"viewed"
10608,489,"2024-02-06","Plan Selection",3,200,"dropped"
10609,1002,"2024-06-21","Payment",4,190,"clicked"
10610,1805,"2024-02-10","Pricing Page",2,55,"dropped"
10611,541,"2024-06-04","Payment",4,56,"viewed"
10612,2023,"2024-05-15","Plan Selection",3,78,"clicked"
10613,2323,"2024-02-04","Plan Selection",3,123,"viewed"
10614,350,"2024-05-04","Home",1,83,"clicked"
10615,2261,"2024-01-11","Home",1,204,"viewed"
10616,2906,"2024-04-02","Plan Selection",3,145,"clicked"
10617,864,"2024-01-09","Pricing Page",2,51,"clicked"
10618,852,"2024-06-21","Confirmation",5,140,"converted"
10619,1685,"2024-06-02","Plan Selection",3,60,"clicked"
10620,463,"2024-01-05","Plan Selection",3,56,"dropped"
10621,459,"2024-02-16","Payment",4,84,"clicked"
10622,2263,"2024-04-27","Confirmation",5,200,"converted"
10623,2451,"2024-02-11","Plan Selection",3,178,"dropped"
10624,2808,"2024-03-13","Home",1,161,"dropped"
10625,2404,"2024-03-06","Pricing Page",2,58,"clicked"
10626,1471,"2024-01-14","Confirmation",5,72,"converted"
10627,2531,"2024-02-20","Payment",4,96,"viewed"
10628,2177,"2024-05-27","Confirmation",5,15,"converted"
10629,1393,"2024-02-12","Payment",4,40,"clicked"
10630,2390,"2024-04-24","Payment",4,199,"clicked"
10631,848,"2024-01-26","Payment",4,180,"viewed"
10632,2941,"2024-05-20","Confirmation",5,73,"converted"
10633,2382,"2024-01-05","Payment",4,134,"viewed"
10634,1969,"2024-04-11","Payment",4,114,"dropped"
10635,2688,"2024-02-05","Pricing Page",2,58,"viewed"
10636,2956,"2024-04-27","Pricing Page",2,54,"clicked"
10637,1175,"2024-04-09","Plan Selection",3,62,"clicked"
10638,2989,"2024-02-26","Plan Selection",3,197,"viewed"
10639,2975,"2024-01-14","Pricing Page",2,53,"clicked"
10640,734,"2024-01-12","Plan Selection",3,148,"viewed"
10641,1820,"2024-05-28","Pricing Page",2,67,"dropped"
10642,982,"2024-03-25","Pricing Page",2,47,"dropped"
10643,2826,"2024-06-23","Confirmation",5,24,"converted"
10644,1142,"2024-05-04","Pricing Page",2,50,"dropped"
10645,2230,"2024-01-22","Pricing Page",2,44,"dropped"
10646,2647,"2024-04-24","Plan Selection",3,148,"viewed"
10647,1393,"2024-04-17","Plan Selection",3,39,"viewed"
10648,1388,"2024-03-07","Pricing Page",2,34,"dropped"
10649,1497,"2024-02-29","Home",1,162,"clicked"
10650,1609,"2024-04-15","Pricing Page",2,63,"dropped"
10651,1789,"2024-02-27","Payment",4,31,"dropped"
10652,358,"2024-03-01","Pricing Page",2,47,"viewed"
10653,180,"2024-03-16","Confirmation",5,53,"converted"
10654,1259,"2024-03-20","Confirmation",5,84,"converted"
10655,127,"2024-01-18","Pricing Page",2,45,"clicked"
10656,1925,"2024-06-15","Plan Selection",3,141,"dropped"
10657,556,"2024-02-12","Plan Selection",3,78,"viewed"
10658,1262,"2024-03-19","Confirmation",5,52,"converted"
10659,1045,"2024-01-20","Pricing Page",2,34,"dropped"
10660,283,"2024-04-04","Pricing Page",2,41,"dropped"
10661,1185,"2024-03-01","Plan Selection",3,108,"viewed"
10662,963,"2024-05-11","Plan Selection",3,38,"viewed"
10663,429,"2024-04-14","Pricing Page",2,53,"dropped"
10664,1789,"2024-02-23","Plan Selection",3,129,"viewed"
10665,1975,"2024-04-22","Home",1,175,"viewed"
10666,471,"2024-04-18","Plan Selection",3,165,"clicked"
10667,1276,"2024-01-13","Home",1,36,"clicked"
10668,2658,"2024-01-11","Plan Selection",3,18,"clicked"
10669,677,"2024-02-27","Confirmation",5,140,"converted"
10670,1517,"2024-04-11","Pricing Page",2,62,"dropped"
10671,453,"2024-03-17","Plan Selection",3,14,"dropped"
10672,1861,"2024-05-04","Plan Selection",3,184,"clicked"
10673,980,"2024-06-06","Pricing Page",2,45,"dropped"
10674,2603,"2024-06-24","Pricing Page",2,48,"dropped"
10675,44,"2024-01-05","Home",1,70,"clicked"
10676,1501,"2024-04-29","Payment",4,12,"viewed"
10677,960,"2024-04-15","Confirmation",5,15,"converted"
10678,786,"2024-02-12","Pricing Page",2,35,"viewed"
10679,2092,"2024-06-13","Pricing Page",2,53,"dropped"
10680,2371,"2024-01-25","Pricing Page",2,32,"clicked"
10681,303,"2024-01-22","Pricing Page",2,34,"viewed"
10682,2073,"2024-06-25","Payment",4,33,"dropped"
10683,1441,"2024-06-11","Home",1,117,"clicked"
10684,539,"2024-02-09","Plan Selection",3,32,"viewed"
10685,416,"2024-01-02","Plan Selection",3,39,"viewed"
10686,2108,"2024-01-05","Home",1,18,"dropped"
10687,1619,"2024-02-24","Confirmation",5,112,"converted"
10688,2741,"2024-01-06","Pricing Page",2,59,"clicked"
10689,893,"2024-04-09","Payment",4,131,"clicked"
10690,1868,"2024-04-26","Pricing Page",2,62,"dropped"
10691,2827,"2024-03-23","Pricing Page",2,64,"dropped"
10692,1674,"2024-05-02","Plan Selection",3,114,"clicked"
10693,2504,"2024-05-12","Home",1,123,"clicked"
10694,746,"2024-01-13","Plan Selection",3,163,"dropped"
10695,2969,"2024-05-19","Confirmation",5,31,"converted"
10696,2673,"2024-01-24","Confirmation",5,103,"converted"
10697,1259,"2024-05-06","Pricing Page",2,40,"clicked"
10698,651,"2024-01-03","Pricing Page",2,30,"viewed"
10699,2871,"2024-03-14","Home",1,118,"clicked"
10700,2005,"2024-04-12","Payment",4,87,"clicked"
10701,809,"2024-06-10","Plan Selection",3,115,"viewed"
10702,55,"2024-06-17","Plan Selection",3,46,"dropped"
10703,329,"2024-01-28","Pricing Page",2,51,"dropped"
10704,1132,"2024-06-22","Plan Selection",3,87,"viewed"
10705,2227,"2024-05-19","Plan Selection",3,168,"dropped"
10706,453,"2024-03-19","Payment",4,75,"clicked"
10707,1017,"2024-02-23","Pricing Page",2,43,"viewed"
10708,220,"2024-05-05","Pricing Page",2,42,"viewed"
10709,1375,"2024-03-06","Pricing Page",2,32,"dropped"
10710,326,"2024-03-04","Pricing Page",2,31,"viewed"
10711,2171,"2024-05-07","Pricing Page",2,55,"viewed"
10712,2790,"2024-05-29","Pricing Page",2,44,"dropped"
10713,2449,"2024-05-22","Pricing Page",2,41,"dropped"
10714,20,"2024-05-30","Home",1,39,"clicked"
10715,1014,"2024-04-22","Home",1,128,"viewed"
10716,2119,"2024-03-20","Home",1,16,"viewed"
10717,2175,"2024-05-11","Pricing Page",2,41,"dropped"
10718,1635,"2024-02-06","Pricing Page",2,36,"dropped"
10719,1461,"2024-03-01","Pricing Page",2,32,"viewed"
10720,2435,"2024-04-17","Plan Selection",3,197,"dropped"
10721,1397,"2024-01-29","Pricing Page",2,45,"dropped"
10722,1038,"2024-04-17","Confirmation",5,190,"converted"
10723,2088,"2024-05-20","Payment",4,129,"viewed"
10724,1185,"2024-01-12","Home",1,93,"viewed"
10725,1159,"2024-05-15","Plan Selection",3,141,"clicked"
10726,2404,"2024-03-02","Pricing Page",2,42,"dropped"
10727,2826,"2024-06-27","Home",1,132,"viewed"
10728,2119,"2024-03-14","Confirmation",5,88,"converted"
10729,551,"2024-05-15","Home",1,142,"viewed"
10730,2479,"2024-06-02","Payment",4,59,"viewed"
10731,356,"2024-05-01","Home",1,11,"dropped"
10732,378,"2024-04-07","Pricing Page",2,65,"clicked"
10733,2081,"2024-03-11","Payment",4,48,"clicked"
10734,318,"2024-04-04","Pricing Page",2,65,"clicked"
10735,1400,"2024-03-18","Payment",4,86,"viewed"
10736,1335,"2024-01-13","Home",1,171,"dropped"
10737,2319,"2024-05-14","Pricing Page",2,60,"dropped"
10738,2013,"2024-04-16","Confirmation",5,197,"converted"
10739,2567,"2024-03-25","Payment",4,107,"dropped"
10740,180,"2024-06-27","Payment",4,159,"clicked"
10741,954,"2024-01-11","Pricing Page",2,43,"dropped"
10742,1056,"2024-05-08","Pricing Page",2,47,"dropped"
10743,2016,"2024-06-26","Confirmation",5,117,"converted"
10744,2963,"2024-02-29","Plan Selection",3,102,"dropped"
10745,2516,"2024-03-23","Payment",4,95,"viewed"
10746,34,"2024-03-28","Pricing Page",2,50,"viewed"
10747,1539,"2024-05-09","Home",1,11,"viewed"
10748,2087,"2024-04-27","Home",1,176,"viewed"
10749,58,"2024-06-26","Payment",4,72,"dropped"
10750,386,"2024-04-18","Plan Selection",3,63,"clicked"
10751,2100,"2024-06-29","Confirmation",5,92,"converted"
10752,1270,"2024-06-07","Home",1,202,"clicked"
10753,1292,"2024-05-17","Pricing Page",2,44,"dropped"
10754,209,"2024-05-13","Pricing Page",2,43,"dropped"
10755,2873,"2024-02-19","Pricing Page",2,48,"clicked"
10756,680,"2024-02-22","Payment",4,12,"viewed"
10757,1909,"2024-06-25","Confirmation",5,188,"converted"
10758,1698,"2024-01-29","Home",1,200,"clicked"
10759,2166,"2024-01-11","Home",1,101,"viewed"
10760,485,"2024-01-16","Confirmation",5,110,"converted"
10761,1954,"2024-05-15","Payment",4,158,"clicked"
10762,998,"2024-05-11","Plan Selection",3,18,"clicked"
10763,852,"2024-04-12","Confirmation",5,59,"converted"
10764,830,"2024-04-24","Pricing Page",2,60,"clicked"
10765,2553,"2024-05-18","Pricing Page",2,40,"dropped"
10766,1925,"2024-03-27","Pricing Page",2,64,"dropped"
10767,1256,"2024-01-11","Home",1,11,"viewed"
10768,1779,"2024-02-05","Pricing Page",2,43,"clicked"
10769,1898,"2024-03-10","Home",1,13,"viewed"
10770,2686,"2024-04-01","Payment",4,138,"viewed"
10771,2133,"2024-03-07","Plan Selection",3,97,"dropped"
10772,117,"2024-06-26","Payment",4,205,"clicked"
10773,2129,"2024-06-23","Plan Selection",3,133,"viewed"
10774,43,"2024-01-28","Payment",4,38,"clicked"
10775,1104,"2024-01-29","Plan Selection",3,207,"viewed"
10776,924,"2024-06-26","Confirmation",5,191,"converted"
10777,1886,"2024-03-17","Pricing Page",2,64,"clicked"
10778,2428,"2024-06-27","Plan Selection",3,124,"clicked"
10779,2868,"2024-05-20","Home",1,167,"viewed"
10780,2853,"2024-01-31","Confirmation",5,90,"converted"
10781,232,"2024-02-01","Plan Selection",3,144,"clicked"
10782,712,"2024-05-30","Pricing Page",2,59,"dropped"
10783,75,"2024-03-18","Home",1,29,"dropped"
10784,2803,"2024-06-19","Confirmation",5,140,"converted"
10785,1757,"2024-06-23","Home",1,103,"dropped"
10786,575,"2024-04-18","Pricing Page",2,48,"dropped"
10787,62,"2024-06-08","Pricing Page",2,40,"dropped"
10788,2825,"2024-03-07","Confirmation",5,190,"converted"
10789,1529,"2024-06-01","Plan Selection",3,191,"clicked"
10790,2025,"2024-06-17","Plan Selection",3,92,"dropped"
10791,1354,"2024-06-01","Payment",4,157,"dropped"
10792,1272,"2024-05-13","Pricing Page",2,64,"dropped"
10793,972,"2024-01-04","Home",1,112,"dropped"
10794,1768,"2024-02-18","Plan Selection",3,26,"viewed"
10795,430,"2024-05-03","Confirmation",5,182,"converted"
10796,1070,"2024-02-06","Confirmation",5,28,"converted"
10797,1951,"2024-06-24","Confirmation",5,122,"converted"
10798,380,"2024-06-20","Pricing Page",2,66,"clicked"
10799,2485,"2024-06-12","Home",1,101,"dropped"
10800,1753,"2024-03-03","Confirmation",5,173,"converted"
10801,540,"2024-03-21","Plan Selection",3,26,"clicked"
10802,1669,"2024-05-06","Payment",4,20,"viewed"
10803,2223,"2024-03-06","Plan Selection",3,177,"clicked"
10804,1878,"2024-06-02","Pricing Page",2,47,"dropped"
10805,494,"2024-04-13","Pricing Page",2,42,"clicked"
10806,1711,"2024-01-09","Plan Selection",3,117,"dropped"
10807,2362,"2024-05-05","Home",1,101,"viewed"
10808,1398,"2024-03-17","Payment",4,80,"clicked"
10809,2642,"2024-04-25","Plan Selection",3,183,"viewed"
10810,2225,"2024-05-06","Pricing Page",2,46,"dropped"
10811,2377,"2024-03-14","Plan Selection",3,209,"dropped"
10812,994,"2024-03-24","Pricing Page",2,42,"viewed"
10813,2569,"2024-05-03","Payment",4,44,"clicked"
10814,491,"2024-05-25","Plan Selection",3,65,"viewed"
10815,184,"2024-06-23","Plan Selection",3,74,"viewed"
10816,1395,"2024-02-17","Confirmation",5,167,"converted"
10817,561,"2024-04-14","Pricing Page",2,64,"dropped"
10818,2258,"2024-02-25","Pricing Page",2,43,"clicked"
10819,2158,"2024-03-06","Plan Selection",3,42,"viewed"
10820,2544,"2024-04-25","Plan Selection",3,66,"clicked"
10821,1836,"2024-04-16","Home",1,154,"clicked"
10822,1299,"2024-02-07","Payment",4,18,"dropped"
10823,2985,"2024-06-11","Pricing Page",2,61,"dropped"
10824,356,"2024-01-16","Home",1,20,"dropped"
10825,875,"2024-02-03","Home",1,143,"dropped"
10826,2988,"2024-03-10","Confirmation",5,112,"converted"
10827,2265,"2024-02-13","Confirmation",5,13,"converted"
10828,739,"2024-02-01","Home",1,39,"clicked"
10829,775,"2024-02-18","Plan Selection",3,13,"clicked"
10830,2876,"2024-04-15","Home",1,95,"dropped"
10831,2669,"2024-03-03","Home",1,56,"dropped"
10832,995,"2024-04-25","Home",1,25,"viewed"
10833,2283,"2024-03-14","Payment",4,107,"dropped"
10834,1777,"2024-02-29","Payment",4,89,"clicked"
10835,1614,"2024-04-28","Plan Selection",3,76,"viewed"
10836,1362,"2024-02-05","Plan Selection",3,110,"viewed"
10837,2380,"2024-06-27","Plan Selection",3,159,"dropped"
10838,1150,"2024-04-07","Plan Selection",3,21,"viewed"
10839,865,"2024-03-06","Confirmation",5,138,"converted"
10840,1108,"2024-06-15","Plan Selection",3,159,"dropped"
10841,2758,"2024-06-11","Payment",4,203,"viewed"
10842,1034,"2024-05-19","Payment",4,166,"clicked"
10843,2749,"2024-02-10","Pricing Page",2,35,"viewed"
10844,1275,"2024-05-14","Pricing Page",2,67,"clicked"
10845,209,"2024-04-05","Pricing Page",2,55,"clicked"
10846,1023,"2024-06-02","Pricing Page",2,54,"dropped"
10847,2384,"2024-05-08","Home",1,139,"viewed"
10848,2696,"2024-02-04","Pricing Page",2,52,"viewed"
10849,1264,"2024-02-26","Pricing Page",2,46,"viewed"
10850,2036,"2024-05-23","Confirmation",5,59,"converted"
10851,1406,"2024-04-17","Plan Selection",3,28,"viewed"
10852,1068,"2024-04-19","Confirmation",5,192,"converted"
10853,2200,"2024-06-16","Pricing Page",2,49,"clicked"
10854,396,"2024-05-01","Confirmation",5,171,"converted"
10855,444,"2024-02-26","Home",1,147,"dropped"
10856,647,"2024-06-14","Confirmation",5,182,"converted"
10857,1638,"2024-01-27","Home",1,13,"viewed"
10858,2960,"2024-04-02","Plan Selection",3,103,"clicked"
10859,807,"2024-05-14","Confirmation",5,66,"converted"
10860,2120,"2024-05-04","Pricing Page",2,52,"dropped"
10861,607,"2024-03-13","Pricing Page",2,53,"clicked"
10862,934,"2024-03-05","Payment",4,42,"clicked"
10863,2774,"2024-05-19","Home",1,29,"dropped"
10864,2799,"2024-06-16","Payment",4,90,"clicked"
10865,874,"2024-06-22","Confirmation",5,149,"converted"
10866,2256,"2024-04-29","Home",1,69,"clicked"
10867,2176,"2024-04-27","Home",1,102,"dropped"
10868,2651,"2024-02-16","Plan Selection",3,94,"dropped"
10869,2167,"2024-01-03","Confirmation",5,110,"converted"
10870,2350,"2024-03-14","Plan Selection",3,58,"dropped"
10871,2686,"2024-01-20","Payment",4,188,"viewed"
10872,2927,"2024-01-17","Plan Selection",3,72,"dropped"
10873,524,"2024-05-25","Pricing Page",2,38,"clicked"
10874,938,"2024-04-05","Plan Selection",3,182,"dropped"
10875,1919,"2024-03-24","Pricing Page",2,55,"clicked"
10876,683,"2024-05-10","Confirmation",5,99,"converted"
10877,1425,"2024-01-06","Payment",4,116,"clicked"
10878,2427,"2024-04-19","Plan Selection",3,43,"dropped"
10879,2259,"2024-04-20","Payment",4,35,"clicked"
10880,2672,"2024-05-05","Payment",4,185,"dropped"
10881,1323,"2024-01-30","Pricing Page",2,57,"dropped"
10882,188,"2024-05-27","Confirmation",5,13,"converted"
10883,1254,"2024-01-06","Confirmation",5,86,"converted"
10884,659,"2024-06-22","Home",1,162,"clicked"
10885,2586,"2024-01-04","Plan Selection",3,113,"dropped"
10886,2079,"2024-02-26","Pricing Page",2,44,"dropped"
10887,1643,"2024-05-10","Confirmation",5,144,"converted"
10888,1380,"2024-02-20","Home",1,67,"clicked"
10889,2914,"2024-05-16","Payment",4,202,"clicked"
10890,1710,"2024-06-24","Home",1,171,"viewed"
10891,1771,"2024-01-27","Confirmation",5,78,"converted"
10892,2531,"2024-02-04","Pricing Page",2,46,"clicked"
10893,1942,"2024-06-05","Pricing Page",2,48,"dropped"
10894,1989,"2024-05-07","Plan Selection",3,124,"clicked"
10895,1717,"2024-01-15","Plan Selection",3,57,"dropped"
10896,2402,"2024-05-05","Home",1,53,"viewed"
10897,2682,"2024-05-14","Home",1,192,"clicked"
10898,1892,"2024-05-13","Payment",4,152,"dropped"
10899,2845,"2024-01-16","Plan Selection",3,145,"viewed"
10900,351,"2024-05-05","Home",1,109,"dropped"
10901,524,"2024-03-27","Payment",4,181,"viewed"
10902,2944,"2024-05-20","Confirmation",5,81,"converted"
10903,2954,"2024-06-01","Pricing Page",2,62,"dropped"
10904,2386,"2024-02-13","Payment",4,82,"clicked"
10905,2193,"2024-04-11","Plan Selection",3,92,"dropped"
10906,2248,"2024-01-29","Plan Selection",3,49,"clicked"
10907,935,"2024-03-16","Home",1,116,"dropped"
10908,946,"2024-01-06","Pricing Page",2,59,"dropped"
10909,611,"2024-03-03","Home",1,112,"dropped"
10910,2032,"2024-04-28","Pricing Page",2,44,"dropped"
10911,983,"2024-03-21","Pricing Page",2,62,"dropped"
10912,1354,"2024-01-23","Pricing Page",2,58,"viewed"
10913,2422,"2024-02-15","Payment",4,106,"viewed"
10914,2707,"2024-06-11","Payment",4,59,"viewed"
10915,1948,"2024-04-19","Home",1,131,"viewed"
10916,376,"2024-02-15","Confirmation",5,148,"converted"
10917,2394,"2024-06-13","Home",1,209,"clicked"
10918,2433,"2024-03-07","Pricing Page",2,58,"clicked"
10919,2502,"2024-04-09","Pricing Page",2,54,"dropped"
10920,2215,"2024-03-19","Confirmation",5,116,"converted"
10921,2243,"2024-01-27","Pricing Page",2,30,"clicked"
10922,55,"2024-02-14","Home",1,46,"clicked"
10923,812,"2024-02-16","Pricing Page",2,48,"clicked"
10924,1601,"2024-04-22","Plan Selection",3,154,"dropped"
10925,445,"2024-04-09","Pricing Page",2,63,"dropped"
10926,360,"2024-04-19","Plan Selection",3,115,"viewed"
10927,1619,"2024-05-29","Plan Selection",3,30,"viewed"
10928,1638,"2024-05-27","Pricing Page",2,59,"dropped"
10929,69,"2024-03-19","Home",1,60,"viewed"
10930,2512,"2024-03-19","Plan Selection",3,202,"viewed"
10931,1285,"2024-04-09","Pricing Page",2,57,"clicked"
10932,747,"2024-05-13","Confirmation",5,120,"converted"
10933,2703,"2024-06-01","Plan Selection",3,26,"viewed"
10934,2802,"2024-01-30","Home",1,124,"viewed"
10935,1251,"2024-04-19","Payment",4,14,"viewed"
10936,2875,"2024-03-09","Home",1,204,"viewed"
10937,83,"2024-05-20","Payment",4,134,"viewed"
10938,2529,"2024-06-28","Pricing Page",2,41,"dropped"
10939,941,"2024-04-13","Confirmation",5,175,"converted"
10940,1245,"2024-04-17","Plan Selection",3,170,"viewed"
10941,2691,"2024-06-12","Payment",4,94,"viewed"
10942,2670,"2024-04-10","Home",1,185,"dropped"
10943,1942,"2024-01-13","Pricing Page",2,55,"dropped"
10944,1624,"2024-04-27","Plan Selection",3,37,"viewed"
10945,2318,"2024-03-04","Pricing Page",2,34,"clicked"
10946,2887,"2024-03-01","Payment",4,204,"clicked"
10947,1410,"2024-06-14","Home",1,26,"viewed"
10948,996,"2024-06-13","Plan Selection",3,25,"viewed"
10949,680,"2024-01-12","Plan Selection",3,202,"viewed"
10950,2053,"2024-05-03","Pricing Page",2,60,"clicked"
10951,413,"2024-04-28","Payment",4,66,"viewed"
10952,1585,"2024-01-03","Pricing Page",2,40,"dropped"
10953,2052,"2024-03-07","Payment",4,163,"clicked"
10954,884,"2024-06-14","Plan Selection",3,152,"clicked"
10955,984,"2024-01-29","Payment",4,118,"clicked"
10956,2699,"2024-04-15","Pricing Page",2,46,"clicked"
10957,2893,"2024-04-09","Payment",4,142,"viewed"
10958,1929,"2024-01-07","Pricing Page",2,33,"viewed"
10959,1900,"2024-05-25","Home",1,43,"clicked"
10960,2819,"2024-02-12","Pricing Page",2,31,"dropped"
10961,2544,"2024-04-25","Plan Selection",3,81,"viewed"
10962,46,"2024-04-23","Home",1,115,"clicked"
10963,1162,"2024-05-16","Plan Selection",3,172,"dropped"
10964,1890,"2024-04-02","Plan Selection",3,161,"viewed"
10965,2410,"2024-04-13","Pricing Page",2,53,"dropped"
10966,1244,"2024-04-03","Pricing Page",2,44,"viewed"
10967,455,"2024-06-12","Home",1,133,"viewed"
10968,1854,"2024-03-14","Home",1,135,"viewed"
10969,955,"2024-04-30","Pricing Page",2,65,"dropped"
10970,1103,"2024-04-13","Payment",4,19,"viewed"
10971,2274,"2024-06-02","Confirmation",5,77,"converted"
10972,2248,"2024-05-13","Pricing Page",2,67,"dropped"
10973,46,"2024-02-24","Pricing Page",2,41,"clicked"
10974,1410,"2024-05-22","Plan Selection",3,65,"viewed"
10975,668,"2024-05-02","Plan Selection",3,116,"clicked"
10976,213,"2024-05-15","Plan Selection",3,95,"clicked"
10977,1148,"2024-02-26","Pricing Page",2,34,"clicked"
10978,2529,"2024-06-04","Payment",4,51,"viewed"
10979,768,"2024-06-20","Confirmation",5,21,"converted"
10980,1005,"2024-04-01","Plan Selection",3,39,"dropped"
10981,584,"2024-04-17","Pricing Page",2,42,"clicked"
10982,1675,"2024-06-26","Pricing Page",2,44,"dropped"
10983,544,"2024-05-27","Plan Selection",3,63,"viewed"
10984,2106,"2024-03-14","Confirmation",5,101,"converted"
10985,1420,"2024-06-29","Plan Selection",3,173,"clicked"
10986,1710,"2024-04-25","Pricing Page",2,51,"clicked"
10987,2368,"2024-03-25","Confirmation",5,91,"converted"
10988,443,"2024-04-04","Home",1,53,"viewed"
10989,1395,"2024-03-22","Payment",4,208,"clicked"
10990,2260,"2024-05-12","Pricing Page",2,61,"clicked"
10991,153,"2024-02-13","Home",1,106,"clicked"
10992,81,"2024-02-15","Home",1,23,"viewed"
10993,214,"2024-05-22","Payment",4,66,"dropped"
10994,719,"2024-04-09","Home",1,104,"clicked"
10995,242,"2024-03-31","Pricing Page",2,61,"dropped"
10996,909,"2024-01-24","Payment",4,78,"clicked"
10997,1025,"2024-02-21","Pricing Page",2,34,"clicked"
10998,415,"2024-01-28","Pricing Page",2,38,"dropped"
10999,2934,"2024-05-23","Home",1,176,"dropped"
11000,1995,"2024-02-10","Home",1,11,"viewed"
11001,207,"2024-03-30","Pricing Page",2,62,"dropped"
11002,2774,"2024-05-27","Pricing Page",2,38,"dropped"
11003,2427,"2024-04-09","Pricing Page",2,65,"dropped"
11004,683,"2024-03-09","Pricing Page",2,56,"viewed"
11005,446,"2024-03-29","Confirmation",5,106,"converted"
11006,1350,"2024-05-24","Plan Selection",3,177,"dropped"
11007,2076,"2024-05-13","Plan Selection",3,189,"viewed"
11008,1109,"2024-01-03","Confirmation",5,156,"converted"
11009,2400,"2024-05-25","Plan Selection",3,141,"clicked"
11010,925,"2024-01-31","Confirmation",5,26,"converted"
11011,1957,"2024-01-04","Home",1,136,"viewed"
11012,2479,"2024-06-11","Home",1,83,"viewed"
11013,2682,"2024-01-13","Plan Selection",3,43,"viewed"
11014,1704,"2024-03-12","Pricing Page",2,34,"viewed"
11015,1057,"2024-06-07","Pricing Page",2,67,"viewed"
11016,1988,"2024-04-11","Payment",4,79,"clicked"
11017,1811,"2024-01-05","Pricing Page",2,46,"clicked"
11018,33,"2024-06-07","Pricing Page",2,41,"dropped"
11019,1744,"2024-01-23","Payment",4,204,"clicked"
11020,1063,"2024-01-02","Confirmation",5,191,"converted"
11021,1712,"2024-01-25","Confirmation",5,84,"converted"
11022,15,"2024-06-12","Plan Selection",3,169,"clicked"
11023,103,"2024-05-09","Pricing Page",2,43,"dropped"
11024,882,"2024-05-13","Payment",4,184,"viewed"
11025,2839,"2024-06-28","Home",1,127,"viewed"
11026,885,"2024-04-24","Pricing Page",2,54,"viewed"
11027,2492,"2024-03-23","Payment",4,121,"clicked"
11028,1522,"2024-02-10","Plan Selection",3,84,"dropped"
11029,26,"2024-06-24","Payment",4,51,"clicked"
11030,613,"2024-02-28","Home",1,30,"clicked"
11031,186,"2024-06-08","Pricing Page",2,53,"clicked"
11032,1982,"2024-05-24","Confirmation",5,129,"converted"
11033,2968,"2024-01-29","Payment",4,140,"viewed"
11034,2885,"2024-03-23","Pricing Page",2,56,"viewed"
11035,2237,"2024-06-22","Plan Selection",3,182,"viewed"
11036,2285,"2024-05-24","Plan Selection",3,42,"viewed"
11037,2598,"2024-02-27","Home",1,18,"dropped"
11038,2839,"2024-01-16","Plan Selection",3,144,"viewed"
11039,42,"2024-02-15","Pricing Page",2,38,"viewed"
11040,1248,"2024-03-30","Pricing Page",2,55,"dropped"
11041,2380,"2024-01-05","Payment",4,148,"dropped"
11042,2847,"2024-01-23","Payment",4,116,"clicked"
11043,8,"2024-01-10","Pricing Page",2,32,"clicked"
11044,51,"2024-01-25","Plan Selection",3,152,"viewed"
11045,1095,"2024-05-10","Pricing Page",2,48,"dropped"
11046,2716,"2024-06-26","Home",1,204,"clicked"
11047,1892,"2024-02-10","Pricing Page",2,45,"viewed"
11048,2824,"2024-06-29","Home",1,165,"clicked"
11049,2340,"2024-04-24","Payment",4,64,"viewed"
11050,1452,"2024-05-31","Payment",4,37,"clicked"
11051,297,"2024-06-27","Plan Selection",3,55,"dropped"
11052,1202,"2024-03-05","Plan Selection",3,175,"clicked"
11053,1450,"2024-02-13","Payment",4,18,"viewed"
11054,1834,"2024-02-09","Pricing Page",2,47,"dropped"
11055,199,"2024-06-02","Home",1,145,"clicked"
11056,780,"2024-04-04","Payment",4,124,"clicked"
11057,437,"2024-04-20","Plan Selection",3,71,"viewed"
11058,866,"2024-04-04","Payment",4,31,"clicked"
11059,1085,"2024-05-24","Confirmation",5,34,"converted"
11060,2728,"2024-02-01","Home",1,51,"viewed"
11061,1171,"2024-01-26","Plan Selection",3,62,"viewed"
11062,2106,"2024-03-16","Confirmation",5,137,"converted"
11063,790,"2024-03-12","Home",1,170,"clicked"
11064,1989,"2024-01-14","Pricing Page",2,49,"dropped"
11065,1873,"2024-05-21","Home",1,184,"dropped"
11066,1620,"2024-01-01","Pricing Page",2,59,"clicked"
11067,2192,"2024-03-20","Confirmation",5,138,"converted"
11068,756,"2024-02-28","Payment",4,83,"dropped"
11069,283,"2024-05-15","Pricing Page",2,39,"viewed"
11070,1493,"2024-05-01","Payment",4,73,"viewed"
11071,38,"2024-01-15","Pricing Page",2,47,"viewed"
11072,1402,"2024-05-23","Plan Selection",3,108,"viewed"
11073,463,"2024-04-17","Plan Selection",3,168,"clicked"
11074,2158,"2024-03-01","Plan Selection",3,127,"clicked"
11075,331,"2024-03-18","Payment",4,173,"viewed"
11076,1910,"2024-02-29","Payment",4,157,"clicked"
11077,172,"2024-06-15","Pricing Page",2,50,"clicked"
11078,1930,"2024-06-08","Pricing Page",2,58,"viewed"
11079,2873,"2024-05-23","Home",1,34,"clicked"
11080,603,"2024-01-11","Plan Selection",3,73,"clicked"
11081,1537,"2024-01-15","Payment",4,26,"viewed"
11082,2581,"2024-05-30","Plan Selection",3,100,"clicked"
11083,138,"2024-05-23","Payment",4,152,"dropped"
11084,1278,"2024-05-23","Plan Selection",3,11,"dropped"
11085,25,"2024-01-05","Home",1,92,"viewed"
11086,1729,"2024-04-18","Pricing Page",2,52,"clicked"
11087,2539,"2024-02-15","Plan Selection",3,172,"viewed"
11088,468,"2024-01-05","Plan Selection",3,56,"dropped"
11089,519,"2024-03-03","Home",1,200,"dropped"
11090,2907,"2024-03-04","Payment",4,53,"clicked"
11091,2825,"2024-01-28","Confirmation",5,61,"converted"
11092,1341,"2024-03-25","Home",1,130,"dropped"
11093,776,"2024-02-15","Pricing Page",2,48,"clicked"
11094,1613,"2024-04-27","Plan Selection",3,51,"dropped"
11095,363,"2024-01-29","Pricing Page",2,48,"viewed"
11096,1641,"2024-01-14","Payment",4,93,"viewed"
11097,940,"2024-05-28","Home",1,87,"clicked"
11098,2872,"2024-04-03","Plan Selection",3,204,"viewed"
11099,2481,"2024-06-10","Confirmation",5,43,"converted"
11100,2803,"2024-01-31","Home",1,155,"clicked"
11101,749,"2024-05-23","Pricing Page",2,58,"viewed"
11102,477,"2024-02-13","Plan Selection",3,185,"dropped"
11103,1429,"2024-05-10","Home",1,151,"dropped"
11104,2845,"2024-05-06","Plan Selection",3,44,"viewed"
11105,18,"2024-02-26","Plan Selection",3,167,"clicked"
11106,386,"2024-05-15","Pricing Page",2,55,"clicked"
11107,832,"2024-06-25","Home",1,64,"dropped"
11108,1209,"2024-02-21","Pricing Page",2,35,"dropped"
11109,2087,"2024-05-16","Plan Selection",3,37,"viewed"
11110,2504,"2024-02-10","Plan Selection",3,92,"dropped"
11111,2553,"2024-04-18","Pricing Page",2,49,"clicked"
11112,350,"2024-04-18","Plan Selection",3,108,"clicked"
11113,2876,"2024-02-29","Payment",4,184,"dropped"
11114,1702,"2024-05-12","Confirmation",5,119,"converted"
11115,2694,"2024-06-01","Plan Selection",3,33,"viewed"
11116,1763,"2024-06-25","Home",1,148,"dropped"
11117,1034,"2024-03-26","Pricing Page",2,43,"viewed"
11118,784,"2024-03-16","Pricing Page",2,46,"dropped"
11119,2284,"2024-02-10","Payment",4,118,"dropped"
11120,768,"2024-05-16","Confirmation",5,149,"converted"
11121,1567,"2024-04-03","Home",1,106,"clicked"
11122,1611,"2024-03-30","Payment",4,174,"clicked"
11123,492,"2024-02-13","Plan Selection",3,183,"dropped"
11124,1036,"2024-01-28","Payment",4,50,"viewed"
11125,1461,"2024-06-25","Pricing Page",2,42,"dropped"
11126,331,"2024-01-03","Payment",4,131,"viewed"
11127,1245,"2024-04-06","Pricing Page",2,53,"dropped"
11128,2522,"2024-03-10","Pricing Page",2,55,"dropped"
11129,2628,"2024-01-20","Confirmation",5,49,"converted"
11130,829,"2024-05-22","Home",1,55,"viewed"
11131,541,"2024-04-16","Pricing Page",2,44,"clicked"
11132,1849,"2024-04-07","Payment",4,143,"viewed"
11133,2529,"2024-06-12","Confirmation",5,61,"converted"
11134,884,"2024-05-07","Plan Selection",3,36,"viewed"
11135,540,"2024-05-15","Pricing Page",2,62,"dropped"
11136,2502,"2024-05-23","Pricing Page",2,65,"dropped"
11137,264,"2024-06-21","Plan Selection",3,150,"viewed"
11138,2283,"2024-06-08","Home",1,10,"viewed"
11139,414,"2024-05-24","Plan Selection",3,109,"viewed"
11140,866,"2024-02-01","Confirmation",5,103,"converted"
11141,1022,"2024-02-24","Pricing Page",2,47,"dropped"
11142,728,"2024-01-05","Pricing Page",2,58,"clicked"
11143,2992,"2024-02-17","Pricing Page",2,52,"viewed"
11144,267,"2024-05-29","Payment",4,168,"clicked"
11145,2068,"2024-02-06","Confirmation",5,26,"converted"
11146,1785,"2024-05-12","Payment",4,40,"dropped"
11147,1059,"2024-02-19","Pricing Page",2,53,"viewed"
11148,494,"2024-01-25","Home",1,118,"dropped"
11149,136,"2024-05-29","Confirmation",5,102,"converted"
11150,1061,"2024-03-09","Payment",4,14,"viewed"
11151,51,"2024-02-12","Home",1,186,"dropped"
11152,2083,"2024-02-17","Pricing Page",2,41,"dropped"
11153,1865,"2024-05-01","Pricing Page",2,52,"viewed"
11154,2979,"2024-02-26","Plan Selection",3,201,"dropped"
11155,1036,"2024-04-18","Confirmation",5,11,"converted"
11156,451,"2024-05-12","Pricing Page",2,63,"dropped"
11157,1366,"2024-03-28","Home",1,172,"viewed"
11158,140,"2024-04-08","Plan Selection",3,74,"viewed"
11159,537,"2024-03-15","Plan Selection",3,74,"dropped"
11160,1331,"2024-06-24","Plan Selection",3,149,"viewed"
11161,1684,"2024-01-02","Pricing Page",2,53,"viewed"
11162,2804,"2024-01-17","Plan Selection",3,196,"viewed"
11163,2826,"2024-03-24","Pricing Page",2,40,"viewed"
11164,473,"2024-01-31","Pricing Page",2,39,"clicked"
11165,769,"2024-06-26","Home",1,160,"clicked"
11166,1359,"2024-02-13","Payment",4,103,"viewed"
11167,2067,"2024-06-28","Confirmation",5,113,"converted"
11168,2700,"2024-06-19","Confirmation",5,44,"converted"
11169,2603,"2024-05-28","Plan Selection",3,17,"viewed"
11170,1060,"2024-05-03","Pricing Page",2,60,"clicked"
11171,8,"2024-01-13","Pricing Page",2,44,"clicked"
11172,2389,"2024-04-20","Plan Selection",3,105,"clicked"
11173,1714,"2024-04-28","Plan Selection",3,176,"clicked"
11174,2719,"2024-01-17","Payment",4,92,"viewed"
11175,2999,"2024-03-23","Pricing Page",2,39,"dropped"
11176,2457,"2024-06-14","Home",1,180,"viewed"
11177,2816,"2024-06-29","Home",1,183,"viewed"
11178,1457,"2024-06-25","Pricing Page",2,44,"clicked"
11179,776,"2024-06-21","Confirmation",5,27,"converted"
11180,1422,"2024-01-19","Home",1,44,"clicked"
11181,917,"2024-05-31","Pricing Page",2,63,"dropped"
11182,1053,"2024-04-25","Home",1,166,"clicked"
11183,394,"2024-01-31","Pricing Page",2,51,"dropped"
11184,395,"2024-06-09","Home",1,115,"clicked"
11185,171,"2024-05-06","Pricing Page",2,54,"clicked"
11186,2836,"2024-04-16","Home",1,162,"clicked"
11187,686,"2024-04-24","Pricing Page",2,50,"clicked"
11188,1678,"2024-03-28","Payment",4,48,"viewed"
11189,931,"2024-02-09","Home",1,47,"clicked"
11190,1827,"2024-05-13","Payment",4,36,"dropped"
11191,2474,"2024-06-28","Pricing Page",2,52,"viewed"
11192,1030,"2024-05-30","Home",1,33,"dropped"
11193,2302,"2024-01-30","Plan Selection",3,26,"viewed"
11194,392,"2024-01-04","Plan Selection",3,116,"clicked"
11195,2645,"2024-06-16","Confirmation",5,29,"converted"
11196,1677,"2024-04-01","Payment",4,162,"dropped"
11197,2825,"2024-06-24","Home",1,48,"viewed"
11198,2705,"2024-05-29","Pricing Page",2,56,"clicked"
11199,461,"2024-03-09","Pricing Page",2,31,"viewed"
11200,992,"2024-06-27","Confirmation",5,147,"converted"
11201,1950,"2024-02-04","Confirmation",5,93,"converted"
11202,278,"2024-02-08","Payment",4,69,"dropped"
11203,2295,"2024-03-18","Payment",4,193,"dropped"
11204,1723,"2024-05-02","Plan Selection",3,65,"clicked"
11205,509,"2024-04-27","Payment",4,150,"clicked"
11206,1614,"2024-05-06","Confirmation",5,77,"converted"
11207,92,"2024-01-25","Plan Selection",3,114,"viewed"
11208,2071,"2024-06-11","Pricing Page",2,49,"clicked"
11209,1417,"2024-01-30","Pricing Page",2,44,"dropped"
11210,2905,"2024-06-23","Confirmation",5,157,"converted"
11211,2734,"2024-03-02","Confirmation",5,167,"converted"
11212,188,"2024-06-20","Plan Selection",3,179,"viewed"
11213,1856,"2024-02-05","Home",1,209,"viewed"
11214,677,"2024-02-05","Pricing Page",2,56,"clicked"
11215,840,"2024-04-21","Pricing Page",2,49,"dropped"
11216,2685,"2024-05-30","Pricing Page",2,63,"viewed"
11217,2402,"2024-03-09","Pricing Page",2,40,"dropped"
11218,1136,"2024-01-04","Confirmation",5,164,"converted"
11219,2914,"2024-04-06","Payment",4,35,"clicked"
11220,2012,"2024-01-22","Plan Selection",3,116,"viewed"
11221,199,"2024-04-06","Pricing Page",2,59,"dropped"
11222,2339,"2024-03-03","Pricing Page",2,56,"dropped"
11223,1461,"2024-05-19","Pricing Page",2,58,"dropped"
11224,2268,"2024-02-28","Pricing Page",2,52,"viewed"
11225,1650,"2024-03-22","Plan Selection",3,139,"clicked"
11226,866,"2024-01-19","Plan Selection",3,189,"clicked"
11227,371,"2024-06-17","Pricing Page",2,56,"dropped"
11228,776,"2024-04-24","Pricing Page",2,40,"dropped"
11229,116,"2024-03-14","Confirmation",5,71,"converted"
11230,2495,"2024-02-11","Plan Selection",3,134,"dropped"
11231,2252,"2024-03-09","Plan Selection",3,32,"viewed"
11232,2078,"2024-04-26","Home",1,176,"viewed"
11233,2875,"2024-05-10","Payment",4,107,"clicked"
11234,2402,"2024-02-13","Payment",4,72,"dropped"
11235,2174,"2024-02-11","Confirmation",5,45,"converted"
11236,2914,"2024-02-28","Plan Selection",3,111,"clicked"
11237,2198,"2024-02-26","Pricing Page",2,55,"dropped"
11238,1733,"2024-02-04","Pricing Page",2,44,"viewed"
11239,1889,"2024-05-04","Plan Selection",3,138,"clicked"
11240,3,"2024-02-15","Pricing Page",2,44,"clicked"
11241,264,"2024-02-24","Pricing Page",2,39,"viewed"
11242,1673,"2024-01-11","Plan Selection",3,192,"viewed"
11243,2428,"2024-06-15","Home",1,24,"viewed"
11244,309,"2024-06-16","Pricing Page",2,60,"viewed"
11245,320,"2024-06-12","Home",1,63,"viewed"
11246,2765,"2024-03-09","Home",1,102,"viewed"
11247,1149,"2024-01-10","Home",1,94,"viewed"
11248,1687,"2024-04-02","Payment",4,175,"clicked"
11249,353,"2024-01-05","Payment",4,178,"viewed"
11250,2210,"2024-01-23","Pricing Page",2,51,"dropped"
11251,1803,"2024-06-19","Confirmation",5,157,"converted"
11252,2821,"2024-03-30","Plan Selection",3,160,"viewed"
11253,2525,"2024-05-15","Pricing Page",2,64,"clicked"
11254,2307,"2024-05-28","Payment",4,105,"dropped"
11255,2091,"2024-03-14","Confirmation",5,109,"converted"
11256,1941,"2024-05-15","Payment",4,163,"clicked"
11257,2600,"2024-01-06","Plan Selection",3,139,"clicked"
11258,2998,"2024-02-12","Home",1,42,"clicked"
11259,36,"2024-01-29","Payment",4,61,"dropped"
11260,1591,"2024-03-25","Payment",4,66,"dropped"
11261,596,"2024-03-06","Pricing Page",2,30,"dropped"
11262,2776,"2024-03-23","Pricing Page",2,40,"viewed"
11263,1863,"2024-01-31","Confirmation",5,99,"converted"
11264,811,"2024-01-01","Home",1,207,"clicked"
11265,2151,"2024-04-15","Payment",4,11,"viewed"
11266,2810,"2024-02-25","Payment",4,147,"clicked"
11267,884,"2024-04-29","Pricing Page",2,40,"dropped"
11268,2446,"2024-03-17","Plan Selection",3,16,"dropped"
11269,2460,"2024-04-09","Pricing Page",2,61,"dropped"
11270,505,"2024-04-01","Home",1,138,"dropped"
11271,1824,"2024-05-10","Payment",4,162,"clicked"
11272,2891,"2024-03-26","Pricing Page",2,64,"dropped"
11273,1867,"2024-06-19","Payment",4,85,"clicked"
11274,2153,"2024-03-27","Pricing Page",2,59,"viewed"
11275,590,"2024-03-11","Pricing Page",2,47,"viewed"
11276,1389,"2024-05-24","Plan Selection",3,137,"clicked"
11277,2876,"2024-04-30","Pricing Page",2,46,"dropped"
11278,564,"2024-06-18","Home",1,165,"clicked"
11279,903,"2024-06-17","Payment",4,193,"clicked"
11280,275,"2024-03-04","Pricing Page",2,39,"dropped"
11281,2214,"2024-02-22","Pricing Page",2,39,"viewed"
11282,468,"2024-03-02","Pricing Page",2,33,"viewed"
11283,1277,"2024-02-12","Confirmation",5,177,"converted"
11284,1366,"2024-05-18","Pricing Page",2,38,"clicked"
11285,1339,"2024-01-24","Pricing Page",2,35,"viewed"
11286,696,"2024-02-23","Payment",4,22,"viewed"
11287,1463,"2024-04-24","Plan Selection",3,138,"dropped"
11288,1610,"2024-03-13","Pricing Page",2,53,"clicked"
11289,416,"2024-04-20","Plan Selection",3,86,"viewed"
11290,2272,"2024-06-01","Confirmation",5,51,"converted"
11291,591,"2024-03-06","Pricing Page",2,58,"dropped"
11292,4,"2024-03-27","Pricing Page",2,52,"dropped"
11293,2254,"2024-01-09","Confirmation",5,169,"converted"
11294,97,"2024-05-17","Plan Selection",3,64,"dropped"
11295,1032,"2024-01-04","Home",1,65,"dropped"
11296,231,"2024-06-01","Confirmation",5,77,"converted"
11297,2286,"2024-05-25","Payment",4,60,"dropped"
11298,1796,"2024-05-20","Home",1,29,"dropped"
11299,2697,"2024-05-20","Home",1,129,"clicked"
11300,1084,"2024-04-02","Pricing Page",2,64,"viewed"
11301,611,"2024-01-19","Confirmation",5,44,"converted"
11302,507,"2024-03-01","Home",1,163,"clicked"
11303,1791,"2024-06-01","Pricing Page",2,57,"viewed"
11304,1691,"2024-01-23","Confirmation",5,73,"converted"
11305,2337,"2024-06-18","Pricing Page",2,65,"dropped"
11306,145,"2024-04-10","Plan Selection",3,112,"viewed"
11307,2124,"2024-04-17","Payment",4,102,"viewed"
11308,1399,"2024-01-03","Plan Selection",3,81,"viewed"
11309,2000,"2024-01-16","Pricing Page",2,58,"dropped"
11310,2903,"2024-05-20","Confirmation",5,114,"converted"
11311,2087,"2024-06-14","Pricing Page",2,60,"dropped"
11312,2077,"2024-06-16","Plan Selection",3,204,"dropped"
11313,581,"2024-02-23","Confirmation",5,134,"converted"
11314,1233,"2024-02-03","Plan Selection",3,181,"dropped"
11315,2007,"2024-04-18","Confirmation",5,32,"converted"
11316,1859,"2024-05-17","Confirmation",5,96,"converted"
11317,989,"2024-03-04","Payment",4,176,"viewed"
11318,1960,"2024-05-19","Confirmation",5,53,"converted"
11319,1073,"2024-01-26","Plan Selection",3,154,"viewed"
11320,1397,"2024-01-27","Pricing Page",2,37,"dropped"
11321,2169,"2024-05-06","Pricing Page",2,55,"viewed"
11322,2545,"2024-03-26","Payment",4,154,"dropped"
11323,1489,"2024-01-15","Confirmation",5,64,"converted"
11324,2005,"2024-04-03","Plan Selection",3,81,"dropped"
11325,544,"2024-05-15","Pricing Page",2,61,"dropped"
11326,2743,"2024-05-30","Pricing Page",2,57,"viewed"
11327,1652,"2024-01-15","Payment",4,110,"clicked"
11328,2597,"2024-03-31","Confirmation",5,15,"converted"
11329,1239,"2024-06-27","Plan Selection",3,113,"clicked"
11330,2939,"2024-03-08","Confirmation",5,122,"converted"
11331,2995,"2024-02-25","Plan Selection",3,153,"dropped"
11332,2813,"2024-04-23","Pricing Page",2,61,"viewed"
11333,249,"2024-05-18","Plan Selection",3,138,"clicked"
11334,974,"2024-02-18","Pricing Page",2,31,"dropped"
11335,1369,"2024-06-16","Pricing Page",2,52,"clicked"
11336,2408,"2024-01-13","Confirmation",5,99,"converted"
11337,1363,"2024-06-16","Pricing Page",2,52,"clicked"
11338,481,"2024-04-19","Plan Selection",3,202,"dropped"
11339,2333,"2024-03-30","Home",1,44,"clicked"
11340,2660,"2024-06-27","Pricing Page",2,50,"dropped"
11341,2706,"2024-05-30","Pricing Page",2,60,"dropped"
11342,2077,"2024-02-24","Pricing Page",2,38,"dropped"
11343,2377,"2024-04-11","Pricing Page",2,52,"dropped"
11344,827,"2024-06-16","Payment",4,64,"viewed"
11345,2397,"2024-02-11","Payment",4,16,"viewed"
11346,1569,"2024-06-02","Plan Selection",3,164,"viewed"
11347,274,"2024-05-26","Payment",4,92,"viewed"
11348,1635,"2024-03-23","Plan Selection",3,184,"clicked"
11349,1277,"2024-06-12","Pricing Page",2,54,"viewed"
11350,333,"2024-05-09","Pricing Page",2,40,"clicked"
11351,185,"2024-02-29","Pricing Page",2,39,"dropped"
11352,2898,"2024-02-22","Plan Selection",3,178,"clicked"
11353,1326,"2024-03-18","Payment",4,156,"clicked"
11354,227,"2024-04-21","Payment",4,88,"clicked"
11355,2699,"2024-02-15","Plan Selection",3,28,"viewed"
11356,1506,"2024-02-13","Plan Selection",3,154,"clicked"
11357,1820,"2024-03-07","Home",1,198,"viewed"
11358,1916,"2024-01-21","Plan Selection",3,183,"clicked"
11359,1564,"2024-02-29","Home",1,86,"viewed"
11360,1100,"2024-05-10","Plan Selection",3,80,"dropped"
11361,559,"2024-02-03","Pricing Page",2,39,"clicked"
11362,1834,"2024-03-30","Plan Selection",3,144,"clicked"
11363,903,"2024-01-22","Plan Selection",3,25,"clicked"
11364,1259,"2024-01-19","Pricing Page",2,30,"dropped"
11365,1206,"2024-01-25","Pricing Page",2,58,"dropped"
11366,1763,"2024-01-18","Payment",4,82,"viewed"
11367,2965,"2024-01-18","Plan Selection",3,71,"viewed"
11368,2946,"2024-06-23","Confirmation",5,114,"converted"
11369,2850,"2024-02-04","Home",1,193,"clicked"
11370,2217,"2024-05-24","Payment",4,107,"dropped"
11371,94,"2024-06-05","Pricing Page",2,54,"dropped"
11372,1315,"2024-01-30","Pricing Page",2,58,"dropped"
11373,2074,"2024-04-04","Plan Selection",3,39,"dropped"
11374,189,"2024-01-03","Payment",4,79,"dropped"
11375,1429,"2024-01-13","Confirmation",5,90,"converted"
11376,754,"2024-01-08","Pricing Page",2,35,"clicked"
11377,1094,"2024-01-09","Home",1,127,"clicked"
11378,2087,"2024-01-02","Confirmation",5,149,"converted"
11379,2006,"2024-02-13","Pricing Page",2,39,"viewed"
11380,2214,"2024-06-09","Pricing Page",2,50,"dropped"
11381,2083,"2024-02-29","Plan Selection",3,173,"clicked"
11382,1721,"2024-04-28","Plan Selection",3,159,"dropped"
11383,959,"2024-02-17","Pricing Page",2,58,"clicked"
11384,2292,"2024-04-26","Confirmation",5,156,"converted"
11385,2591,"2024-01-22","Home",1,142,"clicked"
11386,1584,"2024-05-11","Home",1,33,"clicked"
11387,2016,"2024-01-27","Plan Selection",3,28,"clicked"
11388,1372,"2024-02-14","Payment",4,118,"dropped"
11389,252,"2024-06-28","Plan Selection",3,129,"viewed"
11390,1123,"2024-03-08","Payment",4,133,"viewed"
11391,1019,"2024-02-03","Confirmation",5,203,"converted"
11392,403,"2024-05-17","Pricing Page",2,60,"dropped"
11393,502,"2024-03-14","Plan Selection",3,101,"viewed"
11394,96,"2024-01-21","Pricing Page",2,31,"viewed"
11395,319,"2024-06-22","Pricing Page",2,53,"dropped"
11396,420,"2024-02-22","Home",1,60,"dropped"
11397,539,"2024-03-02","Home",1,158,"dropped"
11398,68,"2024-03-07","Payment",4,153,"clicked"
11399,883,"2024-04-19","Home",1,200,"clicked"
11400,1873,"2024-02-12","Pricing Page",2,52,"viewed"
11401,257,"2024-05-30","Confirmation",5,21,"converted"
11402,1644,"2024-04-13","Pricing Page",2,47,"viewed"
11403,2775,"2024-05-06","Plan Selection",3,98,"dropped"
11404,543,"2024-04-17","Pricing Page",2,49,"clicked"
11405,186,"2024-03-07","Plan Selection",3,47,"viewed"
11406,730,"2024-03-01","Confirmation",5,143,"converted"
11407,1608,"2024-05-02","Payment",4,189,"dropped"
11408,2911,"2024-03-22","Pricing Page",2,48,"clicked"
11409,2474,"2024-05-20","Pricing Page",2,58,"dropped"
11410,863,"2024-04-20","Home",1,23,"viewed"
11411,2469,"2024-05-06","Home",1,10,"viewed"
11412,2189,"2024-05-26","Payment",4,181,"viewed"
11413,2960,"2024-05-24","Home",1,170,"viewed"
11414,192,"2024-04-24","Confirmation",5,13,"converted"
11415,393,"2024-04-19","Plan Selection",3,71,"viewed"
11416,1374,"2024-02-16","Confirmation",5,163,"converted"
11417,371,"2024-02-26","Home",1,203,"clicked"
11418,1848,"2024-01-31","Confirmation",5,92,"converted"
11419,320,"2024-02-24","Home",1,21,"viewed"
11420,974,"2024-04-05","Plan Selection",3,164,"viewed"
11421,2643,"2024-06-09","Payment",4,77,"clicked"
11422,1379,"2024-03-15","Plan Selection",3,34,"viewed"
11423,2042,"2024-04-13","Payment",4,74,"dropped"
11424,121,"2024-04-17","Payment",4,94,"clicked"
11425,2171,"2024-05-28","Confirmation",5,51,"converted"
11426,728,"2024-04-15","Home",1,57,"clicked"
11427,684,"2024-03-09","Home",1,181,"viewed"
11428,2683,"2024-03-12","Pricing Page",2,36,"dropped"
11429,1810,"2024-02-17","Pricing Page",2,51,"dropped"
11430,522,"2024-05-03","Confirmation",5,92,"converted"
11431,1131,"2024-04-28","Home",1,152,"dropped"
11432,1988,"2024-05-30","Home",1,83,"clicked"
11433,1612,"2024-05-06","Payment",4,66,"viewed"
11434,352,"2024-02-07","Plan Selection",3,160,"viewed"
11435,1316,"2024-06-25","Plan Selection",3,188,"viewed"
11436,606,"2024-05-02","Payment",4,194,"dropped"
11437,1095,"2024-01-27","Plan Selection",3,169,"dropped"
11438,2474,"2024-06-28","Pricing Page",2,51,"clicked"
11439,1766,"2024-04-15","Home",1,10,"clicked"
11440,2461,"2024-03-13","Plan Selection",3,119,"dropped"
11441,2432,"2024-05-20","Pricing Page",2,66,"dropped"
11442,468,"2024-04-12","Pricing Page",2,41,"dropped"
11443,2897,"2024-03-23","Pricing Page",2,52,"dropped"
11444,1028,"2024-04-21","Home",1,85,"viewed"
11445,1904,"2024-06-14","Plan Selection",3,122,"viewed"
11446,1413,"2024-06-04","Confirmation",5,181,"converted"
11447,1844,"2024-04-01","Plan Selection",3,198,"viewed"
11448,976,"2024-05-13","Plan Selection",3,72,"clicked"
11449,921,"2024-02-04","Home",1,119,"viewed"
11450,2188,"2024-04-22","Confirmation",5,151,"converted"
11451,2359,"2024-05-27","Plan Selection",3,40,"clicked"
11452,1549,"2024-05-24","Pricing Page",2,63,"viewed"
11453,355,"2024-05-20","Plan Selection",3,62,"viewed"
11454,70,"2024-05-30","Home",1,190,"clicked"
11455,1904,"2024-03-08","Confirmation",5,140,"converted"
11456,1177,"2024-01-03","Payment",4,83,"dropped"
11457,2506,"2024-04-21","Plan Selection",3,20,"clicked"
11458,1335,"2024-04-29","Confirmation",5,191,"converted"
11459,1784,"2024-02-15","Pricing Page",2,49,"viewed"
11460,470,"2024-02-26","Home",1,108,"dropped"
11461,1542,"2024-06-26","Pricing Page",2,63,"dropped"
11462,207,"2024-06-29","Payment",4,197,"clicked"
11463,2605,"2024-02-29","Home",1,48,"viewed"
11464,2039,"2024-06-02","Home",1,93,"clicked"
11465,897,"2024-06-23","Confirmation",5,160,"converted"
11466,2890,"2024-04-12","Confirmation",5,11,"converted"
11467,669,"2024-01-16","Payment",4,116,"clicked"
11468,1105,"2024-04-29","Home",1,208,"clicked"
11469,2804,"2024-04-04","Payment",4,111,"dropped"
11470,2842,"2024-03-22","Pricing Page",2,60,"dropped"
11471,336,"2024-01-27","Pricing Page",2,47,"clicked"
11472,2564,"2024-01-18","Confirmation",5,82,"converted"
11473,44,"2024-06-27","Confirmation",5,106,"converted"
11474,2263,"2024-02-27","Pricing Page",2,51,"clicked"
11475,1862,"2024-03-22","Pricing Page",2,56,"viewed"
11476,2713,"2024-04-26","Plan Selection",3,135,"clicked"
11477,264,"2024-04-29","Home",1,51,"viewed"
11478,28,"2024-02-18","Pricing Page",2,51,"clicked"
11479,855,"2024-03-05","Confirmation",5,125,"converted"
11480,317,"2024-05-23","Plan Selection",3,172,"dropped"
11481,1039,"2024-02-16","Pricing Page",2,44,"clicked"
11482,2142,"2024-05-03","Pricing Page",2,48,"viewed"
11483,1804,"2024-02-06","Pricing Page",2,44,"clicked"
11484,186,"2024-02-11","Confirmation",5,32,"converted"
11485,2037,"2024-01-11","Pricing Page",2,34,"viewed"
11486,164,"2024-04-17","Payment",4,59,"viewed"
11487,1129,"2024-03-14","Confirmation",5,77,"converted"
11488,2852,"2024-05-13","Payment",4,12,"clicked"
11489,1723,"2024-02-25","Payment",4,28,"dropped"
11490,138,"2024-01-06","Home",1,14,"dropped"
11491,484,"2024-04-30","Payment",4,59,"viewed"
11492,2142,"2024-03-30","Pricing Page",2,43,"viewed"
11493,2549,"2024-04-23","Plan Selection",3,11,"clicked"
11494,1564,"2024-05-02","Payment",4,32,"dropped"
11495,173,"2024-01-09","Home",1,47,"viewed"
11496,262,"2024-02-15","Confirmation",5,52,"converted"
11497,234,"2024-05-16","Plan Selection",3,97,"clicked"
11498,1669,"2024-01-11","Plan Selection",3,189,"viewed"
11499,1561,"2024-05-02","Payment",4,22,"viewed"
11500,348,"2024-06-29","Plan Selection",3,48,"dropped"
11501,1957,"2024-01-23","Plan Selection",3,208,"viewed"
11502,2171,"2024-05-24","Payment",4,142,"viewed"
11503,1355,"2024-04-17","Plan Selection",3,59,"clicked"
11504,1059,"2024-04-02","Pricing Page",2,64,"dropped"
11505,1498,"2024-03-09","Pricing Page",2,54,"viewed"
11506,1035,"2024-05-29","Home",1,206,"viewed"
11507,752,"2024-03-01","Confirmation",5,120,"converted"
11508,81,"2024-03-28","Pricing Page",2,43,"viewed"
11509,755,"2024-03-07","Home",1,67,"dropped"
11510,549,"2024-02-21","Payment",4,115,"dropped"
11511,1413,"2024-02-28","Home",1,209,"clicked"
11512,210,"2024-01-21","Pricing Page",2,41,"viewed"
11513,1280,"2024-03-08","Plan Selection",3,171,"clicked"
11514,2941,"2024-01-11","Pricing Page",2,48,"viewed"
11515,268,"2024-03-29","Home",1,101,"viewed"
11516,917,"2024-02-27","Plan Selection",3,94,"dropped"
11517,516,"2024-04-17","Pricing Page",2,53,"dropped"
11518,826,"2024-06-11","Plan Selection",3,140,"dropped"
11519,860,"2024-05-04","Plan Selection",3,177,"clicked"
11520,2067,"2024-01-23","Plan Selection",3,100,"clicked"
11521,1283,"2024-03-25","Home",1,192,"clicked"
11522,379,"2024-04-02","Home",1,81,"clicked"
11523,542,"2024-01-28","Pricing Page",2,49,"clicked"
11524,2454,"2024-03-21","Payment",4,107,"dropped"
11525,855,"2024-06-25","Home",1,43,"viewed"
11526,1129,"2024-04-10","Plan Selection",3,130,"dropped"
11527,1342,"2024-01-15","Home",1,30,"clicked"
11528,608,"2024-01-20","Confirmation",5,70,"converted"
11529,2214,"2024-05-21","Plan Selection",3,41,"viewed"
11530,2789,"2024-04-20","Pricing Page",2,51,"dropped"
11531,2508,"2024-06-10","Confirmation",5,19,"converted"
11532,1231,"2024-06-13","Pricing Page",2,61,"dropped"
11533,2355,"2024-05-31","Payment",4,139,"viewed"
11534,2297,"2024-04-19","Plan Selection",3,165,"viewed"
11535,913,"2024-03-03","Payment",4,207,"clicked"
11536,1994,"2024-05-15","Payment",4,103,"dropped"
11537,359,"2024-02-22","Home",1,116,"clicked"
11538,1683,"2024-04-01","Payment",4,156,"dropped"
11539,1028,"2024-03-11","Confirmation",5,96,"converted"
11540,1220,"2024-05-12","Pricing Page",2,38,"clicked"
11541,1246,"2024-01-05","Confirmation",5,83,"converted"
11542,526,"2024-05-19","Pricing Page",2,46,"dropped"
11543,1429,"2024-06-27","Pricing Page",2,53,"dropped"
11544,2128,"2024-03-15","Confirmation",5,104,"converted"
11545,1626,"2024-02-21","Payment",4,43,"clicked"
11546,1797,"2024-05-12","Payment",4,42,"dropped"
11547,1379,"2024-05-12","Pricing Page",2,44,"dropped"
11548,1329,"2024-04-12","Plan Selection",3,173,"clicked"
11549,1297,"2024-03-18","Payment",4,209,"clicked"
11550,143,"2024-01-03","Confirmation",5,135,"converted"
11551,992,"2024-05-19","Payment",4,15,"clicked"
11552,1837,"2024-03-20","Pricing Page",2,52,"dropped"
11553,1272,"2024-06-25","Plan Selection",3,31,"viewed"
11554,677,"2024-01-01","Pricing Page",2,49,"dropped"
11555,1578,"2024-05-11","Home",1,21,"dropped"
11556,1762,"2024-03-27","Plan Selection",3,154,"viewed"
11557,1258,"2024-06-19","Pricing Page",2,52,"viewed"
11558,1487,"2024-04-05","Home",1,50,"clicked"
11559,253,"2024-05-25","Payment",4,102,"viewed"
11560,1615,"2024-05-13","Home",1,32,"clicked"
11561,1451,"2024-02-29","Home",1,202,"dropped"
11562,939,"2024-06-02","Pricing Page",2,65,"clicked"
11563,223,"2024-01-10","Home",1,206,"viewed"
11564,789,"2024-05-21","Home",1,68,"dropped"
11565,1611,"2024-03-19","Plan Selection",3,104,"viewed"
11566,298,"2024-03-10","Plan Selection",3,203,"viewed"
11567,2759,"2024-05-07","Payment",4,149,"dropped"
11568,2750,"2024-06-25","Home",1,158,"clicked"
11569,969,"2024-05-03","Pricing Page",2,43,"clicked"
11570,1364,"2024-03-23","Confirmation",5,62,"converted"
11571,1580,"2024-06-02","Plan Selection",3,157,"viewed"
11572,1296,"2024-06-24","Plan Selection",3,173,"clicked"
11573,2596,"2024-06-17","Home",1,109,"clicked"
11574,223,"2024-03-19","Confirmation",5,86,"converted"
11575,337,"2024-03-15","Plan Selection",3,74,"clicked"
11576,1440,"2024-06-16","Home",1,49,"clicked"
11577,1095,"2024-04-28","Home",1,194,"dropped"
11578,2050,"2024-01-26","Plan Selection",3,181,"clicked"
11579,77,"2024-01-31","Payment",4,73,"clicked"
11580,1495,"2024-04-22","Plan Selection",3,56,"clicked"
11581,2373,"2024-01-12","Confirmation",5,115,"converted"
11582,2445,"2024-03-28","Confirmation",5,103,"converted"
11583,1172,"2024-04-08","Plan Selection",3,33,"viewed"
11584,1019,"2024-06-08","Pricing Page",2,46,"dropped"
11585,2266,"2024-05-21","Plan Selection",3,195,"viewed"
11586,1705,"2024-05-30","Pricing Page",2,59,"dropped"
11587,1010,"2024-05-19","Payment",4,201,"dropped"
11588,628,"2024-03-13","Pricing Page",2,49,"dropped"
11589,1570,"2024-03-05","Pricing Page",2,58,"dropped"
11590,1951,"2024-06-24","Confirmation",5,130,"converted"
11591,914,"2024-05-09","Plan Selection",3,39,"viewed"
11592,1153,"2024-04-22","Confirmation",5,202,"converted"
11593,2752,"2024-05-05","Payment",4,113,"clicked"
11594,1879,"2024-05-28","Pricing Page",2,57,"dropped"
11595,2014,"2024-05-27","Home",1,170,"viewed"
11596,2727,"2024-06-22","Home",1,93,"viewed"
11597,1053,"2024-06-28","Confirmation",5,109,"converted"
11598,2411,"2024-04-05","Pricing Page",2,55,"dropped"
11599,50,"2024-04-28","Pricing Page",2,41,"viewed"
11600,269,"2024-05-26","Payment",4,98,"viewed"
11601,491,"2024-01-22","Home",1,46,"clicked"
11602,1078,"2024-01-10","Home",1,173,"clicked"
11603,38,"2024-04-16","Confirmation",5,154,"converted"
11604,2738,"2024-03-13","Pricing Page",2,34,"viewed"
11605,1026,"2024-05-28","Home",1,206,"viewed"
11606,687,"2024-02-13","Plan Selection",3,184,"viewed"
11607,1287,"2024-05-09","Pricing Page",2,46,"dropped"
11608,2248,"2024-02-07","Payment",4,70,"dropped"
11609,2643,"2024-06-17","Home",1,69,"clicked"
11610,822,"2024-01-13","Plan Selection",3,88,"clicked"
11611,2506,"2024-06-24","Pricing Page",2,61,"viewed"
11612,1140,"2024-01-08","Home",1,48,"viewed"
11613,1006,"2024-02-28","Plan Selection",3,29,"viewed"
11614,2685,"2024-04-12","Home",1,17,"viewed"
11615,1881,"2024-06-09","Plan Selection",3,43,"dropped"
11616,441,"2024-03-03","Pricing Page",2,43,"dropped"
11617,500,"2024-06-20","Pricing Page",2,48,"viewed"
11618,2576,"2024-03-08","Pricing Page",2,40,"viewed"
11619,72,"2024-05-06","Pricing Page",2,38,"viewed"
11620,974,"2024-06-24","Payment",4,100,"viewed"
11621,2586,"2024-03-09","Pricing Page",2,42,"dropped"
11622,1047,"2024-03-13","Confirmation",5,122,"converted"
11623,2857,"2024-01-14","Plan Selection",3,85,"clicked"
11624,1510,"2024-04-06","Home",1,50,"clicked"
11625,76,"2024-04-09","Plan Selection",3,142,"clicked"
11626,2010,"2024-03-05","Payment",4,161,"clicked"
11627,463,"2024-02-27","Home",1,151,"dropped"
11628,1732,"2024-03-25","Plan Selection",3,128,"dropped"
11629,202,"2024-05-30","Confirmation",5,55,"converted"
11630,919,"2024-06-02","Pricing Page",2,41,"dropped"
11631,822,"2024-05-29","Pricing Page",2,38,"dropped"
11632,1948,"2024-06-02","Pricing Page",2,67,"viewed"
11633,2268,"2024-06-26","Plan Selection",3,61,"clicked"
11634,133,"2024-01-24","Plan Selection",3,56,"clicked"
11635,763,"2024-03-31","Payment",4,37,"clicked"
11636,374,"2024-01-19","Home",1,82,"clicked"
11637,2838,"2024-04-02","Plan Selection",3,22,"dropped"
11638,1852,"2024-04-18","Home",1,197,"clicked"
11639,1304,"2024-03-17","Payment",4,163,"clicked"
11640,2486,"2024-06-04","Payment",4,105,"viewed"
11641,992,"2024-05-23","Confirmation",5,118,"converted"
11642,2244,"2024-01-22","Pricing Page",2,40,"viewed"
11643,2088,"2024-02-10","Home",1,102,"dropped"
11644,2446,"2024-03-04","Pricing Page",2,44,"clicked"
11645,761,"2024-04-22","Pricing Page",2,65,"dropped"
11646,2052,"2024-06-24","Payment",4,30,"dropped"
11647,515,"2024-04-13","Pricing Page",2,39,"dropped"
11648,1833,"2024-04-21","Pricing Page",2,48,"dropped"
11649,665,"2024-06-18","Home",1,61,"clicked"
11650,1510,"2024-05-15","Pricing Page",2,64,"clicked"
11651,249,"2024-02-01","Plan Selection",3,120,"viewed"
11652,2800,"2024-06-14","Payment",4,26,"dropped"
11653,1032,"2024-03-07","Payment",4,186,"dropped"
11654,1546,"2024-03-26","Payment",4,150,"dropped"
11655,261,"2024-02-27","Pricing Page",2,50,"clicked"
11656,279,"2024-02-02","Plan Selection",3,132,"dropped"
11657,2920,"2024-03-10","Confirmation",5,169,"converted"
11658,95,"2024-05-17","Plan Selection",3,53,"viewed"
11659,836,"2024-03-20","Pricing Page",2,50,"dropped"
11660,839,"2024-01-10","Pricing Page",2,58,"clicked"
11661,1830,"2024-04-13","Home",1,92,"viewed"
11662,2097,"2024-04-06","Plan Selection",3,57,"clicked"
11663,2175,"2024-01-30","Plan Selection",3,141,"clicked"
11664,254,"2024-02-03","Plan Selection",3,170,"dropped"
11665,1861,"2024-01-15","Plan Selection",3,105,"viewed"
11666,937,"2024-02-27","Plan Selection",3,68,"clicked"
11667,2166,"2024-01-09","Home",1,55,"viewed"
11668,2703,"2024-05-16","Home",1,19,"dropped"
11669,309,"2024-03-07","Plan Selection",3,124,"clicked"
11670,1804,"2024-02-08","Pricing Page",2,48,"dropped"
11671,2693,"2024-03-19","Pricing Page",2,38,"clicked"
11672,2107,"2024-02-12","Home",1,132,"viewed"
11673,1611,"2024-01-11","Plan Selection",3,59,"dropped"
11674,404,"2024-01-28","Pricing Page",2,38,"dropped"
11675,2441,"2024-01-17","Home",1,170,"viewed"
11676,1208,"2024-01-24","Pricing Page",2,54,"clicked"
11677,675,"2024-06-17","Confirmation",5,34,"converted"
11678,2003,"2024-06-23","Payment",4,59,"viewed"
11679,143,"2024-06-22","Plan Selection",3,90,"dropped"
11680,21,"2024-06-12","Plan Selection",3,175,"viewed"
11681,1618,"2024-06-09","Payment",4,87,"clicked"
11682,1129,"2024-03-06","Plan Selection",3,64,"clicked"
11683,2818,"2024-04-26","Pricing Page",2,39,"dropped"
11684,2858,"2024-05-10","Payment",4,125,"viewed"
11685,1566,"2024-04-28","Plan Selection",3,115,"clicked"
11686,582,"2024-02-24","Confirmation",5,144,"converted"
11687,1862,"2024-01-16","Plan Selection",3,121,"dropped"
11688,2422,"2024-05-15","Pricing Page",2,50,"dropped"
11689,2786,"2024-04-10","Home",1,76,"viewed"
11690,905,"2024-04-05","Payment",4,29,"clicked"
11691,292,"2024-04-28","Confirmation",5,189,"converted"
11692,1701,"2024-01-27","Home",1,155,"clicked"
11693,1634,"2024-01-15","Payment",4,135,"viewed"
11694,573,"2024-04-02","Confirmation",5,83,"converted"
11695,2720,"2024-03-17","Pricing Page",2,59,"dropped"
11696,214,"2024-06-29","Payment",4,185,"dropped"
11697,2022,"2024-02-03","Confirmation",5,14,"converted"
11698,1062,"2024-05-07","Pricing Page",2,45,"clicked"
11699,949,"2024-01-27","Payment",4,110,"dropped"
11700,606,"2024-04-15","Pricing Page",2,63,"dropped"
11701,2499,"2024-03-02","Home",1,205,"clicked"
11702,1610,"2024-05-24","Pricing Page",2,53,"dropped"
11703,2408,"2024-04-15","Plan Selection",3,174,"clicked"
11704,964,"2024-06-18","Payment",4,171,"viewed"
11705,2815,"2024-01-13","Plan Selection",3,110,"viewed"
11706,2656,"2024-05-23","Pricing Page",2,42,"viewed"
11707,2547,"2024-04-28","Plan Selection",3,134,"viewed"
11708,2934,"2024-06-26","Confirmation",5,188,"converted"
11709,1668,"2024-01-20","Payment",4,11,"clicked"
11710,497,"2024-04-03","Home",1,186,"dropped"
11711,250,"2024-06-26","Plan Selection",3,76,"viewed"
11712,1561,"2024-03-29","Payment",4,194,"viewed"
11713,331,"2024-04-23","Payment",4,40,"clicked"
11714,651,"2024-01-15","Payment",4,121,"clicked"
11715,2425,"2024-04-10","Pricing Page",2,41,"dropped"
11716,608,"2024-03-28","Payment",4,122,"clicked"
11717,1050,"2024-04-05","Plan Selection",3,80,"dropped"
11718,2983,"2024-06-18","Plan Selection",3,143,"clicked"
11719,881,"2024-05-04","Plan Selection",3,150,"viewed"
11720,393,"2024-01-21","Home",1,124,"clicked"
11721,2406,"2024-01-19","Home",1,50,"viewed"
11722,2714,"2024-03-16","Pricing Page",2,56,"dropped"
11723,399,"2024-04-29","Confirmation",5,106,"converted"
11724,2228,"2024-02-17","Home",1,137,"viewed"
11725,2367,"2024-01-22","Pricing Page",2,53,"dropped"
11726,2915,"2024-01-09","Pricing Page",2,45,"clicked"
11727,487,"2024-02-06","Plan Selection",3,19,"viewed"
11728,300,"2024-04-09","Pricing Page",2,56,"clicked"
11729,2759,"2024-02-27","Payment",4,59,"viewed"
11730,2447,"2024-06-19","Pricing Page",2,53,"clicked"
11731,845,"2024-01-21","Plan Selection",3,62,"dropped"
11732,2852,"2024-02-26","Plan Selection",3,131,"viewed"
11733,2318,"2024-01-19","Home",1,141,"viewed"
11734,1754,"2024-05-22","Home",1,122,"dropped"
11735,1672,"2024-01-08","Plan Selection",3,129,"clicked"
11736,2814,"2024-04-28","Pricing Page",2,47,"dropped"
11737,2807,"2024-01-30","Home",1,131,"viewed"
11738,134,"2024-02-24","Pricing Page",2,59,"viewed"
11739,756,"2024-05-08","Payment",4,181,"viewed"
11740,2626,"2024-05-08","Confirmation",5,107,"converted"
11741,2002,"2024-06-07","Pricing Page",2,44,"viewed"
11742,838,"2024-03-19","Pricing Page",2,50,"dropped"
11743,2453,"2024-01-12","Payment",4,34,"dropped"
11744,2280,"2024-05-10","Pricing Page",2,53,"dropped"
11745,802,"2024-04-27","Pricing Page",2,46,"dropped"
11746,934,"2024-03-28","Pricing Page",2,65,"dropped"
11747,110,"2024-05-09","Pricing Page",2,43,"dropped"
11748,93,"2024-04-20","Confirmation",5,191,"converted"
11749,2105,"2024-05-21","Payment",4,153,"dropped"
11750,1759,"2024-03-29","Plan Selection",3,195,"clicked"
11751,584,"2024-02-04","Pricing Page",2,38,"dropped"
11752,1899,"2024-02-20","Pricing Page",2,48,"clicked"
11753,2746,"2024-06-20","Confirmation",5,25,"converted"
11754,1290,"2024-06-16","Pricing Page",2,64,"dropped"
11755,592,"2024-06-12","Confirmation",5,196,"converted"
11756,2611,"2024-04-10","Home",1,50,"clicked"
11757,2628,"2024-06-09","Payment",4,75,"clicked"
11758,820,"2024-04-20","Pricing Page",2,48,"dropped"
11759,67,"2024-01-15","Pricing Page",2,42,"dropped"
11760,957,"2024-02-13","Pricing Page",2,45,"viewed"
11761,2590,"2024-04-27","Plan Selection",3,66,"clicked"
11762,1574,"2024-02-06","Pricing Page",2,46,"clicked"
11763,2590,"2024-05-22","Pricing Page",2,48,"clicked"
11764,2451,"2024-05-13","Pricing Page",2,39,"dropped"
11765,3000,"2024-05-13","Plan Selection",3,49,"viewed"
11766,428,"2024-06-06","Confirmation",5,208,"converted"
11767,632,"2024-01-13","Plan Selection",3,84,"viewed"
11768,1220,"2024-06-16","Pricing Page",2,44,"clicked"
11769,1778,"2024-03-20","Pricing Page",2,60,"dropped"
11770,75,"2024-05-22","Payment",4,197,"dropped"
11771,2236,"2024-03-11","Plan Selection",3,88,"viewed"
11772,2917,"2024-03-07","Confirmation",5,115,"converted"
11773,2554,"2024-05-02","Payment",4,41,"clicked"
11774,2539,"2024-03-21","Plan Selection",3,25,"clicked"
11775,1342,"2024-02-11","Payment",4,84,"clicked"
11776,2948,"2024-04-28","Pricing Page",2,57,"dropped"
11777,1049,"2024-06-26","Payment",4,71,"viewed"
11778,9,"2024-01-12","Pricing Page",2,39,"clicked"
11779,736,"2024-02-29","Confirmation",5,122,"converted"
11780,242,"2024-05-09","Pricing Page",2,54,"clicked"
11781,216,"2024-01-22","Pricing Page",2,46,"clicked"
11782,1388,"2024-03-19","Payment",4,140,"viewed"
11783,1459,"2024-05-18","Pricing Page",2,53,"dropped"
11784,2414,"2024-04-22","Plan Selection",3,138,"dropped"
11785,1798,"2024-05-03","Plan Selection",3,203,"dropped"
11786,864,"2024-02-28","Payment",4,167,"viewed"
11787,65,"2024-01-15","Pricing Page",2,43,"dropped"
11788,2601,"2024-04-18","Pricing Page",2,44,"clicked"
11789,1488,"2024-01-03","Plan Selection",3,175,"clicked"
11790,1705,"2024-04-21","Pricing Page",2,38,"viewed"
11791,2294,"2024-06-18","Pricing Page",2,41,"dropped"
11792,2066,"2024-02-11","Home",1,153,"clicked"
11793,1607,"2024-04-30","Payment",4,142,"dropped"
11794,1616,"2024-03-09","Pricing Page",2,38,"clicked"
11795,784,"2024-03-15","Pricing Page",2,41,"clicked"
11796,759,"2024-01-24","Confirmation",5,16,"converted"
11797,1545,"2024-03-26","Payment",4,155,"dropped"
11798,1606,"2024-02-14","Plan Selection",3,87,"dropped"
11799,394,"2024-03-28","Home",1,132,"dropped"
11800,883,"2024-03-12","Home",1,59,"viewed"
11801,487,"2024-06-06","Payment",4,142,"viewed"
11802,2252,"2024-04-02","Pricing Page",2,38,"dropped"
11803,1571,"2024-02-22","Confirmation",5,119,"converted"
11804,241,"2024-05-17","Plan Selection",3,122,"dropped"
11805,2434,"2024-05-17","Pricing Page",2,53,"dropped"
11806,436,"2024-01-18","Home",1,188,"clicked"
11807,347,"2024-03-31","Home",1,66,"viewed"
11808,2603,"2024-04-02","Confirmation",5,44,"converted"
11809,137,"2024-05-08","Pricing Page",2,65,"dropped"
11810,2472,"2024-02-05","Plan Selection",3,195,"dropped"
11811,2734,"2024-01-25","Confirmation",5,72,"converted"
11812,2223,"2024-05-17","Plan Selection",3,133,"clicked"
11813,2763,"2024-04-07","Confirmation",5,207,"converted"
11814,543,"2024-06-19","Home",1,204,"clicked"
11815,171,"2024-01-18","Pricing Page",2,37,"dropped"
11816,2513,"2024-02-13","Plan Selection",3,151,"clicked"
11817,836,"2024-06-21","Confirmation",5,167,"converted"
11818,477,"2024-03-17","Plan Selection",3,203,"viewed"
11819,1637,"2024-01-11","Plan Selection",3,35,"viewed"
11820,2750,"2024-04-18","Pricing Page",2,51,"dropped"
11821,670,"2024-04-12","Home",1,25,"viewed"
11822,1041,"2024-06-28","Confirmation",5,126,"converted"
11823,569,"2024-02-05","Pricing Page",2,43,"viewed"
11824,1587,"2024-05-14","Home",1,88,"clicked"
11825,2251,"2024-06-29","Payment",4,149,"clicked"
11826,752,"2024-03-22","Pricing Page",2,41,"dropped"
11827,488,"2024-04-01","Home",1,149,"clicked"
11828,2216,"2024-04-16","Payment",4,191,"clicked"
11829,2864,"2024-05-18","Confirmation",5,107,"converted"
11830,1731,"2024-03-16","Pricing Page",2,53,"dropped"
11831,2885,"2024-02-26","Plan Selection",3,92,"dropped"
11832,229,"2024-02-04","Plan Selection",3,15,"viewed"
11833,2557,"2024-02-23","Confirmation",5,157,"converted"
11834,2717,"2024-02-27","Confirmation",5,100,"converted"
11835,1849,"2024-05-10","Payment",4,142,"dropped"
11836,204,"2024-02-25","Pricing Page",2,52,"clicked"
11837,548,"2024-06-08","Payment",4,142,"viewed"
11838,2018,"2024-01-30","Payment",4,113,"dropped"
11839,1095,"2024-02-19","Pricing Page",2,46,"viewed"
11840,2119,"2024-06-19","Plan Selection",3,45,"dropped"
11841,2499,"2024-06-20","Pricing Page",2,49,"dropped"
11842,2290,"2024-02-18","Home",1,91,"viewed"
11843,966,"2024-06-09","Pricing Page",2,56,"clicked"
11844,165,"2024-06-12","Pricing Page",2,39,"dropped"
11845,2255,"2024-02-10","Payment",4,137,"clicked"
11846,269,"2024-04-27","Confirmation",5,189,"converted"
11847,1782,"2024-02-18","Plan Selection",3,16,"clicked"
11848,556,"2024-04-10","Pricing Page",2,52,"clicked"
11849,2685,"2024-03-30","Payment",4,95,"viewed"
11850,1969,"2024-06-15","Plan Selection",3,88,"dropped"
11851,588,"2024-05-16","Home",1,140,"viewed"
11852,1920,"2024-01-07","Pricing Page",2,37,"clicked"
11853,837,"2024-02-04","Home",1,203,"clicked"
11854,2027,"2024-05-30","Home",1,41,"clicked"
11855,1440,"2024-02-11","Plan Selection",3,184,"dropped"
11856,1391,"2024-05-01","Confirmation",5,182,"converted"
11857,1140,"2024-02-26","Pricing Page",2,36,"clicked"
11858,85,"2024-06-22","Plan Selection",3,146,"clicked"
11859,949,"2024-05-18","Payment",4,22,"viewed"
11860,983,"2024-04-05","Plan Selection",3,146,"clicked"
11861,768,"2024-06-10","Plan Selection",3,177,"dropped"
11862,2574,"2024-01-13","Payment",4,134,"viewed"
11863,759,"2024-05-22","Home",1,119,"dropped"
11864,959,"2024-01-04","Home",1,137,"viewed"
11865,2763,"2024-02-25","Payment",4,190,"dropped"
11866,1243,"2024-03-12","Payment",4,111,"clicked"
11867,246,"2024-03-21","Confirmation",5,124,"converted"
11868,2756,"2024-06-07","Plan Selection",3,103,"clicked"
11869,2993,"2024-04-09","Payment",4,32,"clicked"
11870,575,"2024-01-08","Plan Selection",3,16,"clicked"
11871,611,"2024-02-13","Plan Selection",3,58,"clicked"
11872,1345,"2024-06-18","Pricing Page",2,63,"dropped"
11873,1962,"2024-04-10","Payment",4,88,"clicked"
11874,1310,"2024-04-21","Payment",4,14,"viewed"
11875,2649,"2024-01-08","Plan Selection",3,154,"viewed"
11876,1044,"2024-01-06","Home",1,89,"viewed"
11877,924,"2024-03-20","Pricing Page",2,38,"dropped"
11878,1300,"2024-02-18","Home",1,98,"dropped"
11879,2959,"2024-05-14","Payment",4,114,"clicked"
11880,673,"2024-01-09","Plan Selection",3,151,"viewed"
11881,2966,"2024-03-27","Pricing Page",2,58,"dropped"
11882,2379,"2024-03-21","Payment",4,200,"dropped"
11883,236,"2024-05-30","Confirmation",5,24,"converted"
11884,1902,"2024-06-20","Payment",4,72,"dropped"
11885,1387,"2024-01-13","Confirmation",5,119,"converted"
11886,2670,"2024-05-25","Pricing Page",2,48,"clicked"
11887,1967,"2024-01-06","Home",1,178,"viewed"
11888,2103,"2024-04-13","Payment",4,17,"viewed"
11889,1778,"2024-01-25","Confirmation",5,38,"converted"
11890,2939,"2024-03-26","Pricing Page",2,57,"viewed"
11891,2783,"2024-05-12","Payment",4,39,"dropped"
11892,599,"2024-04-21","Pricing Page",2,54,"dropped"
11893,1862,"2024-03-07","Confirmation",5,167,"converted"
11894,2984,"2024-04-21","Home",1,137,"viewed"
11895,1829,"2024-02-29","Payment",4,32,"dropped"
11896,524,"2024-04-12","Pricing Page",2,62,"dropped"
11897,855,"2024-06-29","Home",1,144,"viewed"
11898,2418,"2024-01-25","Pricing Page",2,56,"clicked"
11899,1680,"2024-06-07","Plan Selection",3,176,"dropped"
11900,2756,"2024-03-03","Confirmation",5,177,"converted"
11901,804,"2024-05-28","Pricing Page",2,40,"dropped"
11902,157,"2024-06-10","Pricing Page",2,63,"dropped"
11903,71,"2024-02-03","Payment",4,141,"viewed"
11904,2685,"2024-01-28","Home",1,185,"dropped"
11905,897,"2024-06-18","Payment",4,40,"clicked"
11906,1445,"2024-02-13","Payment",4,27,"dropped"
11907,1341,"2024-05-27","Payment",4,44,"viewed"
11908,30,"2024-06-17","Plan Selection",3,65,"clicked"
11909,2789,"2024-06-28","Home",1,174,"viewed"
11910,2128,"2024-04-26","Home",1,104,"dropped"
11911,663,"2024-05-10","Confirmation",5,111,"converted"
11912,2226,"2024-02-03","Plan Selection",3,197,"clicked"
11913,455,"2024-06-26","Pricing Page",2,45,"viewed"
11914,410,"2024-05-12","Pricing Page",2,40,"dropped"
11915,2118,"2024-05-21","Payment",4,137,"viewed"
11916,109,"2024-05-27","Confirmation",5,84,"converted"
11917,2889,"2024-05-07","Plan Selection",3,19,"clicked"
11918,1668,"2024-05-17","Home",1,89,"clicked"
11919,2139,"2024-05-28","Confirmation",5,80,"converted"
11920,2597,"2024-02-20","Payment",4,30,"dropped"
11921,1302,"2024-05-11","Pricing Page",2,52,"dropped"
11922,2462,"2024-05-10","Home",1,128,"clicked"
11923,2391,"2024-03-19","Payment",4,134,"viewed"
11924,2867,"2024-03-27","Plan Selection",3,50,"clicked"
11925,1649,"2024-03-22","Plan Selection",3,151,"viewed"
11926,1078,"2024-05-08","Pricing Page",2,43,"dropped"
11927,705,"2024-03-29","Payment",4,68,"dropped"
11928,447,"2024-01-23","Home",1,119,"dropped"
11929,798,"2024-05-22","Home",1,65,"viewed"
11930,519,"2024-06-05","Payment",4,97,"viewed"
11931,1499,"2024-02-08","Plan Selection",3,46,"dropped"
11932,1575,"2024-06-27","Pricing Page",2,61,"clicked"
11933,2744,"2024-01-05","Pricing Page",2,54,"viewed"
11934,1399,"2024-03-06","Pricing Page",2,30,"viewed"
11935,342,"2024-01-12","Confirmation",5,147,"converted"
11936,1544,"2024-04-01","Confirmation",5,97,"converted"
11937,618,"2024-05-10","Confirmation",5,166,"converted"
11938,2836,"2024-03-09","Home",1,37,"clicked"
11939,603,"2024-03-20","Plan Selection",3,129,"dropped"
11940,1131,"2024-02-03","Payment",4,100,"viewed"
11941,2849,"2024-01-30","Confirmation",5,69,"converted"
11942,1839,"2024-02-01","Home",1,147,"clicked"
11943,1513,"2024-04-14","Pricing Page",2,42,"clicked"
11944,2569,"2024-02-20","Payment",4,60,"viewed"
11945,985,"2024-02-03","Confirmation",5,50,"converted"
11946,429,"2024-01-21","Home",1,81,"clicked"
11947,2424,"2024-06-13","Home",1,180,"viewed"
11948,2947,"2024-02-04","Home",1,107,"clicked"
11949,1591,"2024-03-23","Plan Selection",3,27,"clicked"
11950,1616,"2024-04-21","Pricing Page",2,50,"clicked"
11951,1783,"2024-04-26","Pricing Page",2,46,"dropped"
11952,2191,"2024-02-22","Pricing Page",2,41,"dropped"
11953,1700,"2024-03-15","Pricing Page",2,56,"viewed"
11954,99,"2024-02-11","Home",1,125,"viewed"
11955,2645,"2024-02-13","Plan Selection",3,25,"viewed"
11956,779,"2024-02-07","Pricing Page",2,49,"clicked"
11957,1406,"2024-06-10","Home",1,137,"viewed"
11958,231,"2024-03-11","Payment",4,96,"dropped"
11959,2136,"2024-04-10","Plan Selection",3,109,"clicked"
11960,1413,"2024-04-14","Pricing Page",2,56,"clicked"
11961,1479,"2024-03-24","Payment",4,165,"clicked"
11962,1812,"2024-06-04","Pricing Page",2,62,"clicked"
11963,2110,"2024-04-24","Home",1,83,"viewed"
11964,839,"2024-03-07","Home",1,194,"clicked"
11965,604,"2024-02-10","Plan Selection",3,196,"dropped"
11966,2004,"2024-01-12","Pricing Page",2,40,"viewed"
11967,1177,"2024-02-18","Home",1,204,"clicked"
11968,216,"2024-01-31","Plan Selection",3,127,"dropped"
11969,1976,"2024-01-08","Pricing Page",2,59,"dropped"
11970,1807,"2024-01-10","Pricing Page",2,34,"dropped"
11971,395,"2024-05-12","Pricing Page",2,41,"clicked"
11972,2380,"2024-03-25","Confirmation",5,75,"converted"
11973,2391,"2024-01-02","Plan Selection",3,48,"dropped"
11974,1726,"2024-05-22","Pricing Page",2,58,"clicked"
11975,2123,"2024-02-24","Pricing Page",2,31,"dropped"
11976,6,"2024-06-19","Plan Selection",3,137,"dropped"
11977,1936,"2024-06-10","Plan Selection",3,201,"dropped"
11978,597,"2024-03-03","Home",1,143,"viewed"
11979,1680,"2024-01-12","Plan Selection",3,198,"viewed"
11980,1078,"2024-02-21","Pricing Page",2,55,"dropped"
11981,2442,"2024-02-11","Plan Selection",3,179,"dropped"
11982,23,"2024-05-08","Plan Selection",3,111,"viewed"
11983,782,"2024-03-19","Pricing Page",2,55,"clicked"
11984,1329,"2024-05-02","Home",1,53,"viewed"
11985,178,"2024-03-25","Home",1,93,"clicked"
11986,2209,"2024-06-09","Pricing Page",2,50,"dropped"
11987,718,"2024-05-02","Plan Selection",3,60,"clicked"
11988,2047,"2024-04-09","Plan Selection",3,188,"clicked"
11989,2991,"2024-06-26","Confirmation",5,131,"converted"
11990,912,"2024-05-06","Plan Selection",3,179,"clicked"
11991,2308,"2024-03-24","Home",1,137,"dropped"
11992,2812,"2024-02-01","Home",1,176,"viewed"
11993,693,"2024-02-27","Confirmation",5,110,"converted"
11994,2517,"2024-05-04","Confirmation",5,122,"converted"
11995,138,"2024-04-06","Plan Selection",3,22,"viewed"
11996,1276,"2024-06-21","Pricing Page",2,56,"dropped"
11997,76,"2024-03-15","Confirmation",5,140,"converted"
11998,987,"2024-05-04","Pricing Page",2,44,"clicked"
11999,2902,"2024-04-29","Pricing Page",2,38,"viewed"
12000,1638,"2024-06-21","Home",1,174,"viewed"
12001,36,"2024-06-25","Payment",4,58,"viewed"
12002,2529,"2024-01-14","Payment",4,198,"dropped"
12003,757,"2024-04-21","Pricing Page",2,59,"clicked"
12004,892,"2024-03-12","Home",1,67,"dropped"
12005,2776,"2024-01-27","Confirmation",5,90,"converted"
12006,328,"2024-03-01","Pricing Page",2,51,"clicked"
12007,1682,"2024-02-02","Pricing Page",2,46,"dropped"
12008,2932,"2024-03-30","Plan Selection",3,59,"clicked"
12009,684,"2024-03-05","Home",1,100,"viewed"
12010,1219,"2024-01-31","Plan Selection",3,138,"clicked"
12011,2143,"2024-04-15","Payment",4,30,"dropped"
12012,2201,"2024-01-08","Home",1,186,"clicked"
12013,1088,"2024-04-20","Confirmation",5,11,"converted"
12014,405,"2024-04-27","Payment",4,67,"viewed"
12015,1783,"2024-02-24","Plan Selection",3,141,"dropped"
12016,2531,"2024-05-10","Home",1,63,"dropped"
12017,1691,"2024-04-18","Pricing Page",2,59,"clicked"
12018,597,"2024-06-27","Pricing Page",2,60,"clicked"
12019,1538,"2024-02-22","Confirmation",5,146,"converted"
12020,2058,"2024-03-09","Payment",4,19,"viewed"
12021,1550,"2024-03-10","Pricing Page",2,51,"clicked"
12022,965,"2024-01-20","Plan Selection",3,120,"dropped"
12023,1524,"2024-03-20","Plan Selection",3,30,"clicked"
12024,46,"2024-05-02","Pricing Page",2,58,"dropped"
12025,2817,"2024-03-30","Plan Selection",3,174,"dropped"
12026,393,"2024-02-24","Home",1,132,"viewed"
12027,2850,"2024-03-27","Plan Selection",3,57,"clicked"
12028,705,"2024-03-14","Pricing Page",2,41,"viewed"
12029,1083,"2024-01-23","Plan Selection",3,74,"viewed"
12030,67,"2024-01-21","Plan Selection",3,50,"clicked"
12031,2479,"2024-05-01","Payment",4,78,"dropped"
12032,1308,"2024-06-12","Pricing Page",2,49,"dropped"
12033,44,"2024-03-10","Confirmation",5,61,"converted"
12034,1913,"2024-03-16","Home",1,130,"clicked"
12035,2053,"2024-06-16","Plan Selection",3,35,"viewed"
12036,154,"2024-04-18","Payment",4,87,"clicked"
12037,25,"2024-05-13","Plan Selection",3,21,"clicked"
12038,1320,"2024-02-12","Payment",4,123,"clicked"
12039,1936,"2024-03-17","Home",1,122,"clicked"
12040,2593,"2024-03-12","Pricing Page",2,50,"dropped"
12041,2205,"2024-04-14","Plan Selection",3,139,"dropped"
12042,291,"2024-06-05","Home",1,115,"clicked"
12043,745,"2024-04-08","Confirmation",5,54,"converted"
12044,625,"2024-03-07","Pricing Page",2,59,"dropped"
12045,1496,"2024-04-20","Plan Selection",3,201,"dropped"
12046,1977,"2024-06-26","Confirmation",5,138,"converted"
12047,1414,"2024-03-17","Plan Selection",3,64,"dropped"
12048,1210,"2024-02-20","Home",1,26,"viewed"
12049,241,"2024-05-25","Payment",4,101,"viewed"
12050,1264,"2024-02-12","Confirmation",5,175,"converted"
12051,1264,"2024-04-22","Payment",4,83,"clicked"
12052,1224,"2024-01-24","Pricing Page",2,52,"clicked"
12053,334,"2024-01-25","Pricing Page",2,39,"clicked"
12054,62,"2024-02-23","Pricing Page",2,37,"viewed"
12055,2995,"2024-01-27","Payment",4,70,"clicked"
12056,1355,"2024-03-20","Payment",4,183,"viewed"
12057,1711,"2024-03-03","Home",1,13,"dropped"
12058,831,"2024-02-02","Home",1,181,"dropped"
12059,1883,"2024-01-04","Pricing Page",2,30,"clicked"
12060,957,"2024-01-29","Payment",4,137,"viewed"
12061,2048,"2024-02-16","Pricing Page",2,43,"clicked"
12062,349,"2024-01-21","Pricing Page",2,51,"viewed"
12063,1678,"2024-06-25","Pricing Page",2,40,"clicked"
12064,1880,"2024-05-29","Pricing Page",2,59,"viewed"
12065,1178,"2024-02-09","Confirmation",5,196,"converted"
12066,2743,"2024-05-19","Home",1,54,"viewed"
12067,910,"2024-01-24","Payment",4,83,"clicked"
12068,2352,"2024-02-03","Plan Selection",3,84,"dropped"
12069,1251,"2024-05-17","Plan Selection",3,109,"viewed"
12070,1820,"2024-04-13","Home",1,107,"clicked"
12071,225,"2024-03-23","Home",1,192,"clicked"
12072,820,"2024-01-29","Confirmation",5,76,"converted"
12073,2323,"2024-06-08","Home",1,155,"clicked"
12074,2653,"2024-02-03","Pricing Page",2,53,"dropped"
12075,693,"2024-05-25","Pricing Page",2,45,"dropped"
12076,2331,"2024-06-19","Pricing Page",2,40,"dropped"
12077,2830,"2024-01-03","Pricing Page",2,35,"dropped"
12078,911,"2024-01-02","Home",1,142,"viewed"
12079,1494,"2024-05-24","Pricing Page",2,40,"viewed"
12080,1285,"2024-02-29","Pricing Page",2,55,"dropped"
12081,1422,"2024-05-11","Pricing Page",2,63,"clicked"
12082,2338,"2024-06-08","Home",1,158,"clicked"
12083,538,"2024-03-22","Plan Selection",3,49,"viewed"
12084,2066,"2024-06-07","Pricing Page",2,66,"clicked"
12085,2715,"2024-02-23","Payment",4,202,"clicked"
12086,1768,"2024-03-24","Plan Selection",3,77,"dropped"
12087,752,"2024-01-18","Plan Selection",3,72,"clicked"
12088,329,"2024-02-27","Pricing Page",2,40,"viewed"
12089,1625,"2024-06-25","Pricing Page",2,49,"dropped"
12090,559,"2024-05-17","Pricing Page",2,64,"clicked"
12091,42,"2024-06-05","Pricing Page",2,63,"dropped"
12092,1076,"2024-04-27","Home",1,179,"viewed"
12093,745,"2024-06-24","Home",1,132,"viewed"
12094,2779,"2024-03-08","Home",1,64,"dropped"
12095,2623,"2024-06-21","Home",1,175,"viewed"
12096,431,"2024-04-08","Pricing Page",2,62,"dropped"
12097,1066,"2024-02-27","Plan Selection",3,144,"viewed"
12098,2748,"2024-02-09","Pricing Page",2,32,"dropped"
12099,1170,"2024-06-27","Payment",4,184,"dropped"
12100,1963,"2024-01-21","Plan Selection",3,140,"clicked"
12101,1046,"2024-03-06","Payment",4,162,"clicked"
12102,561,"2024-03-22","Plan Selection",3,40,"viewed"
12103,2470,"2024-01-27","Pricing Page",2,56,"clicked"
12104,1933,"2024-02-11","Pricing Page",2,39,"dropped"
12105,256,"2024-03-12","Plan Selection",3,90,"viewed"
12106,307,"2024-06-16","Pricing Page",2,62,"dropped"
12107,2926,"2024-04-26","Pricing Page",2,52,"clicked"
12108,2064,"2024-04-05","Plan Selection",3,75,"viewed"
12109,1299,"2024-04-03","Pricing Page",2,64,"dropped"
12110,275,"2024-05-27","Payment",4,125,"clicked"
12111,1804,"2024-04-20","Pricing Page",2,48,"dropped"
12112,1400,"2024-06-29","Plan Selection",3,191,"viewed"
12113,714,"2024-05-27","Pricing Page",2,50,"viewed"
12114,1390,"2024-03-30","Home",1,207,"viewed"
12115,838,"2024-03-22","Pricing Page",2,60,"dropped"
12116,1088,"2024-02-11","Home",1,125,"viewed"
12117,2814,"2024-03-28","Plan Selection",3,130,"dropped"
12118,309,"2024-06-23","Plan Selection",3,149,"viewed"
12119,1677,"2024-01-01","Pricing Page",2,50,"clicked"
12120,709,"2024-05-21","Pricing Page",2,57,"clicked"
12121,1732,"2024-05-14","Confirmation",5,150,"converted"
12122,1689,"2024-05-06","Payment",4,199,"clicked"
12123,2201,"2024-05-10","Pricing Page",2,62,"viewed"
12124,578,"2024-01-30","Pricing Page",2,51,"viewed"
12125,2511,"2024-05-28","Plan Selection",3,115,"viewed"
12126,1826,"2024-04-05","Payment",4,115,"dropped"
12127,855,"2024-06-11","Plan Selection",3,116,"viewed"
12128,141,"2024-01-09","Home",1,67,"dropped"
12129,252,"2024-06-02","Confirmation",5,94,"converted"
12130,419,"2024-03-17","Plan Selection",3,53,"viewed"
12131,1009,"2024-05-04","Pricing Page",2,39,"dropped"
12132,2553,"2024-02-14","Plan Selection",3,142,"clicked"
12133,990,"2024-06-05","Pricing Page",2,38,"dropped"
12134,2245,"2024-02-14","Confirmation",5,39,"converted"
12135,2398,"2024-04-11","Pricing Page",2,47,"dropped"
12136,835,"2024-01-05","Pricing Page",2,41,"dropped"
12137,868,"2024-01-29","Confirmation",5,45,"converted"
12138,263,"2024-06-13","Pricing Page",2,58,"dropped"
12139,2520,"2024-03-24","Payment",4,121,"clicked"
12140,1430,"2024-01-17","Home",1,171,"viewed"
12141,1621,"2024-05-10","Confirmation",5,171,"converted"
12142,173,"2024-06-04","Home",1,25,"viewed"
12143,2220,"2024-05-09","Pricing Page",2,56,"viewed"
12144,160,"2024-03-03","Plan Selection",3,176,"clicked"
12145,2203,"2024-02-29","Pricing Page",2,36,"viewed"
12146,401,"2024-03-13","Plan Selection",3,170,"dropped"
12147,2050,"2024-05-17","Payment",4,92,"viewed"
12148,119,"2024-04-24","Home",1,63,"dropped"
12149,1313,"2024-03-20","Confirmation",5,36,"converted"
12150,2,"2024-04-18","Confirmation",5,39,"converted"
12151,2303,"2024-03-13","Plan Selection",3,58,"dropped"
12152,119,"2024-05-13","Plan Selection",3,132,"clicked"
12153,81,"2024-01-03","Confirmation",5,189,"converted"
12154,1549,"2024-06-10","Confirmation",5,193,"converted"
12155,2464,"2024-03-05","Pricing Page",2,46,"viewed"
12156,1230,"2024-04-17","Payment",4,203,"clicked"
12157,2938,"2024-01-31","Confirmation",5,20,"converted"
12158,1576,"2024-03-25","Payment",4,97,"viewed"
12159,226,"2024-05-14","Plan Selection",3,63,"viewed"
12160,1125,"2024-03-07","Plan Selection",3,105,"dropped"
12161,2180,"2024-06-19","Plan Selection",3,165,"clicked"
12162,989,"2024-04-27","Pricing Page",2,48,"viewed"
12163,1843,"2024-02-22","Plan Selection",3,48,"dropped"
12164,3,"2024-04-29","Pricing Page",2,53,"clicked"
12165,2197,"2024-05-07","Pricing Page",2,53,"clicked"
12166,2089,"2024-04-02","Pricing Page",2,62,"clicked"
12167,2408,"2024-01-13","Confirmation",5,118,"converted"
12168,2553,"2024-04-24","Plan Selection",3,33,"viewed"
12169,1549,"2024-02-17","Payment",4,22,"viewed"
12170,2333,"2024-06-13","Pricing Page",2,49,"dropped"
12171,808,"2024-03-27","Plan Selection",3,98,"clicked"
12172,362,"2024-01-25","Pricing Page",2,34,"viewed"
12173,1335,"2024-06-12","Home",1,60,"viewed"
12174,2020,"2024-02-25","Plan Selection",3,129,"clicked"
12175,1972,"2024-05-26","Home",1,10,"viewed"
12176,2152,"2024-03-04","Plan Selection",3,13,"dropped"
12177,500,"2024-01-19","Confirmation",5,149,"converted"
12178,1499,"2024-03-12","Pricing Page",2,37,"viewed"
12179,850,"2024-06-27","Home",1,97,"viewed"
12180,1195,"2024-01-31","Plan Selection",3,155,"viewed"
12181,966,"2024-04-01","Plan Selection",3,66,"viewed"
12182,2389,"2024-05-24","Plan Selection",3,127,"dropped"
12183,114,"2024-05-07","Pricing Page",2,65,"dropped"
12184,1003,"2024-03-12","Confirmation",5,147,"converted"
12185,1554,"2024-04-04","Home",1,162,"viewed"
12186,2362,"2024-01-17","Home",1,40,"clicked"
12187,416,"2024-01-24","Pricing Page",2,54,"dropped"
12188,757,"2024-02-14","Pricing Page",2,49,"viewed"
12189,886,"2024-06-14","Plan Selection",3,141,"dropped"
12190,703,"2024-03-22","Plan Selection",3,91,"clicked"
12191,2169,"2024-03-21","Home",1,191,"clicked"
12192,750,"2024-01-13","Plan Selection",3,152,"viewed"
12193,2889,"2024-03-04","Payment",4,69,"viewed"
12194,1575,"2024-06-24","Pricing Page",2,51,"dropped"
12195,46,"2024-04-25","Home",1,173,"viewed"
12196,2494,"2024-02-02","Pricing Page",2,45,"dropped"
12197,967,"2024-03-26","Pricing Page",2,56,"clicked"
12198,1056,"2024-02-14","Home",1,38,"dropped"
12199,1337,"2024-05-08","Pricing Page",2,64,"viewed"
12200,2097,"2024-06-04","Home",1,88,"clicked"
12201,2279,"2024-04-24","Confirmation",5,118,"converted"
12202,160,"2024-04-24","Home",1,39,"viewed"
12203,325,"2024-03-15","Payment",4,88,"viewed"
12204,2344,"2024-04-05","Pricing Page",2,66,"clicked"
12205,61,"2024-05-25","Confirmation",5,84,"converted"
12206,2967,"2024-05-30","Home",1,92,"clicked"
12207,1014,"2024-01-27","Payment",4,47,"viewed"
12208,670,"2024-06-01","Plan Selection",3,59,"clicked"
12209,154,"2024-04-15","Payment",4,23,"dropped"
12210,212,"2024-02-03","Plan Selection",3,13,"viewed"
12211,2044,"2024-04-12","Payment",4,50,"viewed"
12212,2257,"2024-05-15","Pricing Page",2,41,"dropped"
12213,2304,"2024-01-26","Pricing Page",2,48,"viewed"
12214,1680,"2024-01-26","Home",1,154,"clicked"
12215,1327,"2024-04-26","Confirmation",5,124,"converted"
12216,501,"2024-01-20","Home",1,193,"clicked"
12217,1435,"2024-01-09","Payment",4,189,"dropped"
12218,1888,"2024-06-21","Payment",4,106,"viewed"
12219,1795,"2024-04-12","Home",1,101,"dropped"
12220,1799,"2024-03-16","Pricing Page",2,41,"clicked"
12221,2244,"2024-02-16","Home",1,93,"viewed"
12222,1901,"2024-02-12","Pricing Page",2,49,"clicked"
12223,1462,"2024-06-20","Pricing Page",2,55,"dropped"
12224,1820,"2024-05-27","Pricing Page",2,61,"dropped"
12225,1036,"2024-02-29","Plan Selection",3,27,"clicked"
12226,2106,"2024-05-12","Plan Selection",3,115,"dropped"
12227,1487,"2024-03-18","Plan Selection",3,201,"viewed"
12228,1025,"2024-02-02","Payment",4,175,"clicked"
12229,230,"2024-06-02","Home",1,119,"viewed"
12230,2239,"2024-05-06","Pricing Page",2,43,"dropped"
12231,2759,"2024-03-03","Confirmation",5,159,"converted"
12232,2587,"2024-01-14","Payment",4,154,"dropped"
12233,128,"2024-03-29","Pricing Page",2,40,"dropped"
12234,416,"2024-02-17","Confirmation",5,159,"converted"
12235,29,"2024-05-26","Home",1,133,"dropped"
12236,1530,"2024-02-29","Home",1,120,"clicked"
12237,1764,"2024-04-16","Home",1,36,"dropped"
12238,795,"2024-06-15","Payment",4,71,"dropped"
12239,1625,"2024-03-18","Plan Selection",3,77,"dropped"
12240,1531,"2024-02-13","Plan Selection",3,135,"dropped"
12241,2342,"2024-03-31","Home",1,80,"dropped"
12242,481,"2024-01-13","Payment",4,44,"dropped"
12243,1957,"2024-04-10","Payment",4,104,"viewed"
12244,22,"2024-03-09","Payment",4,45,"clicked"
12245,2917,"2024-06-22","Payment",4,112,"viewed"
12246,281,"2024-05-04","Home",1,167,"clicked"
12247,2168,"2024-03-06","Plan Selection",3,44,"viewed"
12248,2980,"2024-02-17","Pricing Page",2,55,"dropped"
12249,1747,"2024-02-15","Plan Selection",3,176,"clicked"
12250,1519,"2024-05-12","Home",1,114,"dropped"
12251,1001,"2024-01-24","Plan Selection",3,170,"dropped"
12252,265,"2024-01-27","Pricing Page",2,55,"viewed"
12253,74,"2024-03-06","Payment",4,124,"viewed"
12254,2007,"2024-02-25","Plan Selection",3,163,"dropped"
12255,2317,"2024-02-09","Payment",4,56,"viewed"
12256,1474,"2024-06-18","Pricing Page",2,46,"clicked"
12257,2696,"2024-02-14","Plan Selection",3,200,"dropped"
12258,2697,"2024-01-07","Pricing Page",2,40,"dropped"
12259,631,"2024-02-25","Confirmation",5,119,"converted"
12260,203,"2024-05-05","Pricing Page",2,43,"dropped"
12261,1028,"2024-01-31","Payment",4,129,"clicked"
12262,2388,"2024-03-18","Payment",4,108,"dropped"
12263,1437,"2024-05-28","Plan Selection",3,191,"clicked"
12264,2613,"2024-05-23","Pricing Page",2,51,"dropped"
12265,578,"2024-04-28","Plan Selection",3,119,"viewed"
12266,1498,"2024-04-20","Plan Selection",3,198,"dropped"
12267,1247,"2024-06-17","Pricing Page",2,46,"dropped"
12268,2373,"2024-04-16","Plan Selection",3,27,"viewed"
12269,961,"2024-03-23","Pricing Page",2,44,"dropped"
12270,685,"2024-04-17","Pricing Page",2,57,"dropped"
12271,2349,"2024-06-10","Home",1,200,"clicked"
12272,2997,"2024-06-09","Pricing Page",2,52,"dropped"
12273,766,"2024-06-02","Pricing Page",2,63,"clicked"
12274,1378,"2024-06-11","Home",1,173,"viewed"
12275,1320,"2024-06-05","Home",1,106,"clicked"
12276,980,"2024-04-13","Payment",4,143,"viewed"
12277,1689,"2024-05-01","Plan Selection",3,81,"viewed"
12278,2236,"2024-03-19","Confirmation",5,86,"converted"
12279,280,"2024-02-28","Pricing Page",2,51,"clicked"
12280,2074,"2024-05-16","Plan Selection",3,46,"viewed"
12281,2224,"2024-01-24","Pricing Page",2,51,"dropped"
12282,723,"2024-03-11","Pricing Page",2,59,"dropped"
12283,836,"2024-04-26","Pricing Page",2,38,"viewed"
12284,1450,"2024-05-06","Home",1,31,"clicked"
12285,2278,"2024-04-09","Pricing Page",2,57,"viewed"
12286,1789,"2024-02-12","Pricing Page",2,37,"dropped"
12287,2171,"2024-02-28","Pricing Page",2,37,"viewed"
12288,384,"2024-05-04","Home",1,43,"viewed"
12289,32,"2024-06-19","Plan Selection",3,134,"dropped"
12290,1055,"2024-04-22","Home",1,100,"dropped"
12291,2932,"2024-05-04","Pricing Page",2,51,"clicked"
12292,382,"2024-04-13","Pricing Page",2,59,"dropped"
12293,797,"2024-01-18","Plan Selection",3,39,"viewed"
12294,2683,"2024-03-26","Plan Selection",3,207,"viewed"
12295,1400,"2024-05-02","Confirmation",5,199,"converted"
12296,2267,"2024-06-17","Pricing Page",2,40,"dropped"
12297,1347,"2024-02-06","Plan Selection",3,159,"viewed"
12298,1069,"2024-04-22","Home",1,84,"viewed"
12299,1439,"2024-02-12","Payment",4,16,"viewed"
12300,1430,"2024-04-25","Payment",4,187,"dropped"
12301,470,"2024-02-21","Confirmation",5,204,"converted"
12302,2858,"2024-06-03","Pricing Page",2,51,"dropped"
12303,2917,"2024-04-29","Pricing Page",2,65,"dropped"
12304,793,"2024-01-25","Payment",4,204,"dropped"
12305,755,"2024-04-11","Home",1,114,"clicked"
12306,2786,"2024-01-26","Confirmation",5,50,"converted"
12307,720,"2024-04-16","Pricing Page",2,48,"dropped"
12308,1125,"2024-04-21","Confirmation",5,199,"converted"
12309,2572,"2024-03-21","Plan Selection",3,194,"viewed"
12310,1523,"2024-04-13","Pricing Page",2,38,"dropped"
12311,524,"2024-05-13","Home",1,120,"clicked"
12312,2786,"2024-05-04","Plan Selection",3,46,"viewed"
12313,922,"2024-04-22","Home",1,20,"viewed"
12314,1133,"2024-05-19","Plan Selection",3,61,"dropped"
12315,17,"2024-04-10","Payment",4,48,"viewed"
12316,1774,"2024-01-11","Plan Selection",3,94,"clicked"
12317,1496,"2024-05-30","Plan Selection",3,182,"clicked"
12318,2538,"2024-03-08","Pricing Page",2,45,"clicked"
12319,613,"2024-03-12","Pricing Page",2,47,"viewed"
12320,2396,"2024-02-13","Payment",4,64,"viewed"
12321,2992,"2024-01-19","Plan Selection",3,59,"viewed"
12322,2283,"2024-05-07","Pricing Page",2,41,"viewed"
12323,271,"2024-05-18","Plan Selection",3,102,"viewed"
12324,2831,"2024-05-09","Payment",4,129,"viewed"
12325,2633,"2024-02-04","Pricing Page",2,59,"viewed"
12326,2836,"2024-05-23","Home",1,65,"viewed"
12327,351,"2024-04-21","Payment",4,167,"viewed"
12328,1222,"2024-05-20","Plan Selection",3,202,"viewed"
12329,889,"2024-06-24","Confirmation",5,194,"converted"
12330,2160,"2024-05-29","Confirmation",5,84,"converted"
12331,2889,"2024-05-04","Plan Selection",3,155,"viewed"
12332,1771,"2024-01-17","Plan Selection",3,34,"clicked"
12333,1566,"2024-06-07","Payment",4,98,"viewed"
12334,1591,"2024-03-01","Home",1,96,"viewed"
12335,696,"2024-03-20","Pricing Page",2,42,"dropped"
12336,625,"2024-01-04","Pricing Page",2,37,"viewed"
12337,2118,"2024-06-01","Home",1,209,"viewed"
12338,916,"2024-04-09","Payment",4,122,"clicked"
12339,2231,"2024-06-04","Home",1,148,"clicked"
12340,1243,"2024-02-02","Plan Selection",3,154,"viewed"
12341,319,"2024-04-12","Plan Selection",3,190,"viewed"
12342,184,"2024-03-20","Home",1,169,"viewed"
12343,567,"2024-02-05","Pricing Page",2,43,"viewed"
12344,1520,"2024-04-27","Plan Selection",3,136,"dropped"
12345,586,"2024-06-15","Home",1,75,"clicked"
12346,2866,"2024-01-03","Home",1,196,"dropped"
12347,1962,"2024-06-28","Home",1,22,"clicked"
12348,726,"2024-03-04","Home",1,28,"clicked"
12349,1875,"2024-06-26","Home",1,48,"viewed"
12350,2528,"2024-04-11","Pricing Page",2,58,"dropped"
12351,2712,"2024-05-15","Home",1,202,"viewed"
12352,1556,"2024-04-09","Home",1,72,"viewed"
12353,19,"2024-01-12","Pricing Page",2,39,"clicked"
12354,561,"2024-01-14","Payment",4,186,"viewed"
12355,127,"2024-03-13","Payment",4,48,"clicked"
12356,22,"2024-01-17","Pricing Page",2,55,"dropped"
12357,1573,"2024-04-11","Pricing Page",2,51,"dropped"
12358,1393,"2024-04-25","Payment",4,22,"viewed"
12359,1304,"2024-03-13","Plan Selection",3,70,"clicked"
12360,388,"2024-03-17","Payment",4,92,"viewed"
12361,2969,"2024-03-15","Home",1,59,"viewed"
12362,2853,"2024-06-19","Payment",4,100,"viewed"
12363,381,"2024-04-08","Pricing Page",2,39,"dropped"
12364,585,"2024-01-28","Home",1,104,"viewed"
12365,1805,"2024-04-17","Home",1,23,"viewed"
12366,2796,"2024-02-02","Home",1,200,"clicked"
12367,1349,"2024-06-06","Confirmation",5,77,"converted"
12368,2198,"2024-04-26","Home",1,46,"viewed"
12369,1962,"2024-05-15","Payment",4,148,"dropped"
12370,1121,"2024-04-18","Confirmation",5,131,"converted"
12371,1207,"2024-02-02","Plan Selection",3,199,"viewed"
12372,1197,"2024-01-09","Home",1,19,"dropped"
12373,1508,"2024-01-23","Home",1,47,"viewed"
12374,1382,"2024-03-29","Home",1,171,"viewed"
12375,2759,"2024-06-29","Pricing Page",2,41,"viewed"
12376,726,"2024-03-23","Plan Selection",3,89,"clicked"
12377,1442,"2024-03-12","Plan Selection",3,112,"viewed"
12378,463,"2024-06-22","Pricing Page",2,60,"clicked"
12379,1988,"2024-06-23","Payment",4,55,"viewed"
12380,1890,"2024-01-30","Confirmation",5,48,"converted"
12381,441,"2024-01-29","Pricing Page",2,38,"dropped"
12382,2232,"2024-05-21","Plan Selection",3,28,"clicked"
12383,2202,"2024-03-24","Home",1,30,"dropped"
12384,2328,"2024-02-12","Payment",4,107,"viewed"
12385,491,"2024-01-08","Plan Selection",3,102,"dropped"
12386,1247,"2024-04-17","Payment",4,185,"dropped"
12387,967,"2024-01-07","Pricing Page",2,59,"dropped"
12388,1040,"2024-06-21","Payment",4,172,"viewed"
12389,2516,"2024-04-23","Plan Selection",3,56,"clicked"
12390,2207,"2024-05-28","Confirmation",5,12,"converted"
12391,1125,"2024-05-31","Home",1,179,"dropped"
12392,1563,"2024-04-12","Pricing Page",2,58,"clicked"
12393,185,"2024-03-17","Confirmation",5,85,"converted"
12394,292,"2024-03-05","Pricing Page",2,40,"dropped"
12395,1242,"2024-02-05","Payment",4,29,"clicked"
12396,171,"2024-03-27","Pricing Page",2,57,"clicked"
12397,326,"2024-05-07","Home",1,175,"clicked"
12398,1073,"2024-01-16","Pricing Page",2,46,"clicked"
12399,2491,"2024-01-09","Payment",4,123,"viewed"
12400,1230,"2024-02-02","Plan Selection",3,159,"viewed"
12401,1803,"2024-05-06","Plan Selection",3,83,"viewed"
12402,2059,"2024-01-29","Payment",4,49,"viewed"
12403,1001,"2024-02-26","Plan Selection",3,176,"clicked"
12404,2997,"2024-03-31","Pricing Page",2,67,"dropped"
12405,926,"2024-02-02","Confirmation",5,62,"converted"
12406,1332,"2024-03-18","Payment",4,157,"clicked"
12407,493,"2024-06-29","Pricing Page",2,50,"clicked"
12408,95,"2024-02-02","Payment",4,117,"dropped"
12409,1621,"2024-01-03","Pricing Page",2,34,"clicked"
12410,2976,"2024-03-26","Pricing Page",2,51,"dropped"
12411,1598,"2024-01-21","Confirmation",5,109,"converted"
12412,1767,"2024-03-22","Pricing Page",2,39,"clicked"
12413,2496,"2024-05-20","Pricing Page",2,56,"viewed"
12414,2451,"2024-02-19","Confirmation",5,169,"converted"
12415,627,"2024-04-28","Plan Selection",3,67,"clicked"
12416,1595,"2024-02-10","Plan Selection",3,201,"dropped"
12417,409,"2024-01-15","Confirmation",5,149,"converted"
12418,1575,"2024-04-06","Home",1,182,"dropped"
12419,1738,"2024-05-24","Pricing Page",2,63,"dropped"
12420,2762,"2024-01-23","Payment",4,201,"dropped"
12421,172,"2024-05-11","Pricing Page",2,43,"dropped"
12422,1946,"2024-06-20","Payment",4,44,"clicked"
12423,2278,"2024-03-18","Payment",4,10,"clicked"
12424,667,"2024-05-19","Home",1,140,"viewed"
12425,1233,"2024-01-07","Confirmation",5,140,"converted"
12426,1186,"2024-01-05","Confirmation",5,133,"converted"
12427,796,"2024-03-27","Plan Selection",3,118,"viewed"
12428,95,"2024-03-06","Plan Selection",3,96,"dropped"
12429,2941,"2024-05-13","Payment",4,102,"dropped"
12430,579,"2024-04-21","Pricing Page",2,56,"clicked"
12431,1053,"2024-05-27","Home",1,154,"clicked"
12432,1191,"2024-03-21","Home",1,168,"viewed"
12433,114,"2024-04-08","Plan Selection",3,88,"dropped"
12434,1793,"2024-04-04","Payment",4,104,"viewed"
12435,851,"2024-04-18","Home",1,192,"dropped"
12436,2808,"2024-02-20","Plan Selection",3,18,"clicked"
12437,958,"2024-01-24","Plan Selection",3,16,"dropped"
12438,1253,"2024-05-21","Plan Selection",3,201,"viewed"
12439,534,"2024-03-23","Payment",4,81,"clicked"
12440,2185,"2024-06-22","Plan Selection",3,33,"viewed"
12441,1999,"2024-06-14","Plan Selection",3,38,"viewed"
12442,1379,"2024-03-07","Pricing Page",2,35,"clicked"
12443,450,"2024-01-24","Pricing Page",2,49,"clicked"
12444,803,"2024-03-12","Home",1,153,"dropped"
12445,98,"2024-01-10","Home",1,152,"dropped"
12446,25,"2024-06-22","Payment",4,194,"clicked"
12447,2738,"2024-04-10","Home",1,113,"clicked"
12448,2574,"2024-06-01","Plan Selection",3,136,"clicked"
12449,1275,"2024-03-01","Pricing Page",2,59,"clicked"
12450,1230,"2024-01-11","Home",1,37,"clicked"
12451,249,"2024-06-14","Pricing Page",2,65,"clicked"
12452,1374,"2024-03-02","Pricing Page",2,46,"viewed"
12453,1343,"2024-05-20","Plan Selection",3,79,"dropped"
12454,1771,"2024-04-13","Home",1,167,"viewed"
12455,2391,"2024-01-17","Home",1,209,"viewed"
12456,482,"2024-02-26","Home",1,90,"viewed"
12457,2704,"2024-01-07","Pricing Page",2,39,"dropped"
12458,1235,"2024-06-05","Home",1,187,"dropped"
12459,161,"2024-05-31","Home",1,143,"dropped"
12460,260,"2024-05-21","Plan Selection",3,193,"viewed"
12461,1080,"2024-06-18","Plan Selection",3,45,"dropped"
12462,2839,"2024-03-21","Pricing Page",2,55,"clicked"
12463,2702,"2024-02-29","Confirmation",5,161,"converted"
12464,2817,"2024-03-17","Pricing Page",2,43,"dropped"
12465,1781,"2024-06-10","Plan Selection",3,151,"clicked"
12466,1219,"2024-04-03","Pricing Page",2,45,"dropped"
12467,2570,"2024-06-19","Home",1,187,"dropped"
12468,1230,"2024-01-01","Payment",4,194,"clicked"
12469,1509,"2024-05-16","Pricing Page",2,38,"dropped"
12470,717,"2024-03-22","Plan Selection",3,75,"dropped"
12471,508,"2024-05-16","Pricing Page",2,40,"dropped"
12472,1472,"2024-05-31","Plan Selection",3,17,"dropped"
12473,512,"2024-05-03","Confirmation",5,112,"converted"
12474,2442,"2024-04-07","Pricing Page",2,56,"dropped"
12475,1931,"2024-03-03","Payment",4,194,"dropped"
12476,1313,"2024-03-24","Home",1,138,"dropped"
12477,29,"2024-03-29","Pricing Page",2,55,"clicked"
12478,2555,"2024-01-15","Payment",4,13,"clicked"
12479,1868,"2024-04-01","Plan Selection",3,164,"viewed"
12480,509,"2024-01-28","Pricing Page",2,53,"dropped"
12481,1743,"2024-03-02","Confirmation",5,166,"converted"
12482,64,"2024-05-18","Payment",4,107,"dropped"
12483,1072,"2024-02-23","Pricing Page",2,35,"clicked"
12484,1537,"2024-05-16","Pricing Page",2,63,"clicked"
12485,1408,"2024-04-05","Pricing Page",2,54,"dropped"
12486,1734,"2024-05-18","Home",1,43,"clicked"
12487,874,"2024-05-21","Home",1,170,"viewed"
12488,778,"2024-03-30","Plan Selection",3,200,"viewed"
12489,1963,"2024-01-30","Payment",4,171,"clicked"
12490,2609,"2024-06-24","Pricing Page",2,47,"viewed"
12491,1219,"2024-03-14","Payment",4,175,"viewed"
12492,149,"2024-01-24","Plan Selection",3,38,"dropped"
12493,1540,"2024-01-01","Pricing Page",2,40,"dropped"
12494,2717,"2024-02-29","Confirmation",5,134,"converted"
12495,1020,"2024-05-31","Home",1,77,"dropped"
12496,2713,"2024-06-24","Home",1,155,"clicked"
12497,377,"2024-06-01","Payment",4,135,"viewed"
12498,1066,"2024-05-30","Home",1,10,"viewed"
12499,1634,"2024-04-16","Pricing Page",2,63,"dropped"
12500,1756,"2024-02-18","Plan Selection",3,34,"viewed"
12501,2628,"2024-05-31","Plan Selection",3,62,"viewed"
12502,1369,"2024-03-01","Pricing Page",2,45,"clicked"
12503,2473,"2024-01-18","Confirmation",5,151,"converted"
12504,1650,"2024-04-22","Pricing Page",2,51,"clicked"
12505,2698,"2024-06-21","Home",1,95,"viewed"
12506,1724,"2024-06-22","Home",1,101,"dropped"
12507,225,"2024-01-19","Pricing Page",2,35,"dropped"
12508,1849,"2024-06-25","Home",1,46,"viewed"
12509,2037,"2024-06-04","Pricing Page",2,60,"viewed"
12510,1283,"2024-03-02","Pricing Page",2,30,"viewed"
12511,1333,"2024-04-01","Pricing Page",2,53,"viewed"
12512,762,"2024-03-10","Home",1,148,"viewed"
12513,1961,"2024-03-19","Home",1,148,"viewed"
12514,875,"2024-05-30","Pricing Page",2,67,"viewed"
12515,2838,"2024-05-27","Pricing Page",2,59,"clicked"
12516,305,"2024-06-25","Plan Selection",3,195,"viewed"
12517,2673,"2024-04-26","Plan Selection",3,179,"clicked"
12518,992,"2024-06-16","Plan Selection",3,87,"dropped"
12519,68,"2024-01-01","Confirmation",5,155,"converted"
12520,2391,"2024-05-24","Plan Selection",3,143,"clicked"
12521,1321,"2024-05-13","Pricing Page",2,57,"dropped"
12522,1313,"2024-06-26","Plan Selection",3,10,"dropped"
12523,698,"2024-03-16","Pricing Page",2,59,"dropped"
12524,1816,"2024-06-29","Home",1,179,"viewed"
12525,285,"2024-02-23","Home",1,27,"viewed"
12526,2907,"2024-02-25","Plan Selection",3,58,"clicked"
12527,2483,"2024-02-07","Plan Selection",3,28,"viewed"
12528,2837,"2024-02-04","Home",1,14,"viewed"
12529,2255,"2024-03-24","Home",1,184,"dropped"
12530,1354,"2024-04-20","Plan Selection",3,149,"clicked"
12531,2367,"2024-05-26","Plan Selection",3,12,"viewed"
12532,2848,"2024-05-16","Confirmation",5,71,"converted"
12533,2424,"2024-01-21","Home",1,75,"dropped"
12534,551,"2024-02-10","Plan Selection",3,33,"viewed"
12535,722,"2024-03-21","Plan Selection",3,54,"clicked"
12536,514,"2024-01-29","Pricing Page",2,56,"clicked"
12537,374,"2024-06-26","Plan Selection",3,153,"dropped"
12538,2541,"2024-02-11","Plan Selection",3,80,"viewed"
12539,1904,"2024-03-05","Confirmation",5,78,"converted"
12540,206,"2024-02-26","Pricing Page",2,55,"dropped"
12541,606,"2024-04-13","Pricing Page",2,54,"viewed"
12542,487,"2024-06-18","Home",1,45,"clicked"
12543,2867,"2024-06-08","Plan Selection",3,27,"viewed"
12544,2290,"2024-03-12","Plan Selection",3,61,"dropped"
12545,972,"2024-06-23","Payment",4,71,"dropped"
12546,429,"2024-05-03","Confirmation",5,171,"converted"
12547,368,"2024-02-05","Plan Selection",3,102,"clicked"
12548,2952,"2024-03-31","Plan Selection",3,63,"viewed"
12549,1762,"2024-06-12","Payment",4,13,"viewed"
12550,526,"2024-03-03","Home",1,199,"dropped"
12551,2687,"2024-01-07","Pricing Page",2,40,"dropped"
12552,204,"2024-05-05","Pricing Page",2,45,"dropped"
12553,707,"2024-01-03","Pricing Page",2,52,"clicked"
12554,2597,"2024-03-28","Payment",4,145,"viewed"
12555,1625,"2024-06-22","Home",1,10,"clicked"
12556,1221,"2024-04-15","Plan Selection",3,163,"viewed"
12557,1030,"2024-04-05","Plan Selection",3,94,"clicked"
12558,900,"2024-04-11","Confirmation",5,169,"converted"
12559,877,"2024-01-14","Plan Selection",3,68,"viewed"
12560,2709,"2024-04-26","Plan Selection",3,130,"clicked"
12561,1998,"2024-06-01","Pricing Page",2,55,"dropped"
12562,2367,"2024-06-28","Plan Selection",3,203,"dropped"
12563,1521,"2024-02-21","Confirmation",5,141,"converted"
12564,1723,"2024-06-12","Payment",4,58,"viewed"
12565,1389,"2024-05-25","Plan Selection",3,151,"viewed"
12566,691,"2024-01-26","Home",1,128,"viewed"
12567,102,"2024-02-20","Pricing Page",2,49,"clicked"
12568,173,"2024-01-11","Home",1,104,"viewed"
12569,1262,"2024-02-06","Payment",4,31,"clicked"
12570,824,"2024-03-15","Pricing Page",2,65,"viewed"
12571,2332,"2024-01-30","Pricing Page",2,58,"dropped"
12572,1634,"2024-06-09","Payment",4,87,"clicked"
12573,1143,"2024-03-09","Payment",4,123,"viewed"
12574,1266,"2024-02-11","Confirmation",5,162,"converted"
12575,446,"2024-03-22","Payment",4,138,"viewed"
12576,553,"2024-03-22","Plan Selection",3,46,"viewed"
12577,1329,"2024-05-27","Payment",4,72,"clicked"
12578,1808,"2024-01-16","Plan Selection",3,187,"clicked"
12579,257,"2024-05-20","Plan Selection",3,172,"dropped"
12580,1468,"2024-06-09","Confirmation",5,36,"converted"
12581,2389,"2024-04-14","Plan Selection",3,169,"clicked"
12582,2812,"2024-02-22","Plan Selection",3,69,"clicked"
12583,203,"2024-04-11","Plan Selection",3,74,"viewed"
12584,119,"2024-05-24","Payment",4,200,"dropped"
12585,2663,"2024-06-28","Pricing Page",2,54,"viewed"
12586,1962,"2024-05-01","Pricing Page",2,67,"clicked"
12587,2225,"2024-03-28","Home",1,105,"viewed"
12588,2171,"2024-01-23","Pricing Page",2,57,"dropped"
12589,2972,"2024-04-07","Plan Selection",3,199,"clicked"
12590,458,"2024-06-24","Pricing Page",2,38,"viewed"
12591,1087,"2024-02-03","Payment",4,144,"viewed"
12592,287,"2024-01-02","Payment",4,169,"viewed"
12593,195,"2024-02-14","Home",1,109,"clicked"
12594,692,"2024-01-22","Confirmation",5,31,"converted"
12595,2607,"2024-01-04","Pricing Page",2,40,"dropped"
12596,2279,"2024-05-04","Home",1,149,"dropped"
12597,208,"2024-02-15","Home",1,104,"dropped"
12598,2090,"2024-05-27","Confirmation",5,115,"converted"
12599,1926,"2024-04-24","Pricing Page",2,46,"clicked"
12600,2309,"2024-04-30","Home",1,40,"viewed"
12601,2659,"2024-03-17","Pricing Page",2,39,"viewed"
12602,534,"2024-02-21","Confirmation",5,140,"converted"
12603,1683,"2024-06-01","Plan Selection",3,32,"viewed"
12604,1672,"2024-06-02","Plan Selection",3,72,"viewed"
12605,896,"2024-06-21","Payment",4,99,"viewed"
12606,2732,"2024-04-19","Pricing Page",2,56,"dropped"
12607,1511,"2024-05-03","Confirmation",5,108,"converted"
12608,2215,"2024-02-08","Payment",4,127,"clicked"
12609,886,"2024-02-13","Pricing Page",2,54,"dropped"
12610,627,"2024-04-30","Plan Selection",3,106,"clicked"
12611,484,"2024-06-01","Payment",4,38,"clicked"
12612,480,"2024-02-13","Payment",4,195,"clicked"
12613,1227,"2024-05-12","Pricing Page",2,67,"dropped"
12614,2945,"2024-01-29","Payment",4,166,"clicked"
12615,1360,"2024-02-03","Plan Selection",3,59,"clicked"
12616,18,"2024-03-10","Confirmation",5,83,"converted"
12617,395,"2024-04-09","Pricing Page",2,42,"clicked"
12618,2818,"2024-04-28","Pricing Page",2,49,"dropped"
12619,676,"2024-05-09","Confirmation",5,78,"converted"
12620,46,"2024-01-10","Pricing Page",2,57,"dropped"
12621,674,"2024-01-20","Payment",4,22,"viewed"
12622,720,"2024-01-25","Confirmation",5,97,"converted"
12623,804,"2024-01-06","Pricing Page",2,50,"clicked"
12624,2986,"2024-05-10","Plan Selection",3,190,"viewed"
12625,1914,"2024-02-03","Home",1,110,"clicked"
12626,2783,"2024-02-01","Home",1,185,"dropped"
12627,388,"2024-02-04","Plan Selection",3,52,"clicked"
12628,1117,"2024-04-28","Home",1,162,"clicked"
12629,1947,"2024-01-15","Pricing Page",2,30,"clicked"
12630,1165,"2024-06-11","Pricing Page",2,66,"clicked"
12631,2326,"2024-05-10","Pricing Page",2,43,"dropped"
12632,114,"2024-05-30","Home",1,166,"viewed"
12633,1158,"2024-05-04","Pricing Page",2,47,"clicked"
12634,2226,"2024-04-01","Pricing Page",2,66,"viewed"
12635,1964,"2024-04-10","Payment",4,95,"viewed"
12636,201,"2024-02-29","Pricing Page",2,37,"viewed"
12637,2126,"2024-06-07","Pricing Page",2,56,"dropped"
12638,1741,"2024-01-13","Plan Selection",3,168,"dropped"
12639,1368,"2024-05-20","Plan Selection",3,65,"viewed"
12640,883,"2024-06-28","Home",1,97,"viewed"
12641,1045,"2024-06-20","Plan Selection",3,132,"viewed"
12642,394,"2024-05-01","Confirmation",5,176,"converted"
12643,789,"2024-05-26","Pricing Page",2,63,"dropped"
12644,306,"2024-06-11","Home",1,47,"clicked"
12645,1412,"2024-01-25","Pricing Page",2,57,"viewed"
12646,151,"2024-06-27","Payment",4,194,"clicked"
12647,2081,"2024-04-16","Payment",4,113,"dropped"
12648,1753,"2024-05-31","Pricing Page",2,56,"clicked"
12649,844,"2024-06-15","Payment",4,12,"viewed"
12650,2876,"2024-03-12","Home",1,75,"clicked"
12651,1975,"2024-02-25","Plan Selection",3,186,"viewed"
12652,2880,"2024-04-25","Pricing Page",2,57,"dropped"
12653,2345,"2024-06-03","Confirmation",5,12,"converted"
12654,939,"2024-04-06","Payment",4,16,"viewed"
12655,2558,"2024-02-22","Confirmation",5,124,"converted"
12656,582,"2024-02-16","Plan Selection",3,149,"clicked"
12657,2851,"2024-04-05","Payment",4,73,"dropped"
12658,877,"2024-05-09","Plan Selection",3,75,"clicked"
12659,2509,"2024-03-28","Confirmation",5,37,"converted"
12660,2801,"2024-02-15","Pricing Page",2,47,"clicked"
12661,1544,"2024-02-13","Plan Selection",3,127,"viewed"
12662,2988,"2024-01-23","Plan Selection",3,169,"dropped"
12663,2993,"2024-05-17","Payment",4,148,"dropped"
12664,1005,"2024-03-18","Home",1,84,"clicked"
12665,777,"2024-06-05","Plan Selection",3,44,"dropped"
12666,1331,"2024-04-26","Confirmation",5,117,"converted"
12667,21,"2024-03-16","Home",1,33,"clicked"
12668,1508,"2024-03-12","Pricing Page",2,34,"dropped"
12669,1533,"2024-03-05","Pricing Page",2,35,"dropped"
12670,614,"2024-04-14","Pricing Page",2,56,"dropped"
12671,1371,"2024-04-01","Home",1,71,"dropped"
12672,926,"2024-03-13","Home",1,46,"viewed"
12673,2564,"2024-02-12","Plan Selection",3,68,"viewed"
12674,1519,"2024-03-30","Confirmation",5,77,"converted"
12675,2394,"2024-06-24","Pricing Page",2,50,"clicked"
12676,2590,"2024-03-27","Payment",4,120,"clicked"
12677,498,"2024-05-13","Home",1,163,"clicked"
12678,2924,"2024-01-19","Plan Selection",3,136,"clicked"
12679,233,"2024-02-06","Payment",4,75,"clicked"
12680,1128,"2024-01-12","Home",1,170,"clicked"
12681,1942,"2024-01-01","Home",1,83,"viewed"
12682,2962,"2024-01-15","Pricing Page",2,57,"dropped"
12683,20,"2024-06-20","Payment",4,171,"viewed"
12684,2262,"2024-02-18","Home",1,120,"clicked"
12685,226,"2024-05-13","Pricing Page",2,41,"dropped"
12686,1680,"2024-02-16","Plan Selection",3,49,"dropped"
12687,1321,"2024-04-15","Plan Selection",3,58,"clicked"
12688,980,"2024-03-13","Home",1,201,"viewed"
12689,1699,"2024-05-19","Home",1,90,"clicked"
12690,2303,"2024-01-09","Confirmation",5,125,"converted"
12691,130,"2024-03-29","Pricing Page",2,41,"clicked"
12692,2740,"2024-04-18","Pricing Page",2,51,"dropped"
12693,1272,"2024-03-19","Confirmation",5,34,"converted"
12694,2878,"2024-03-19","Pricing Page",2,40,"clicked"
12695,2733,"2024-04-25","Pricing Page",2,49,"dropped"
12696,1434,"2024-05-27","Plan Selection",3,174,"dropped"
12697,758,"2024-05-30","Pricing Page",2,53,"dropped"
12698,1597,"2024-03-11","Pricing Page",2,48,"dropped"
12699,1316,"2024-06-29","Plan Selection",3,78,"viewed"
12700,1579,"2024-03-31","Confirmation",5,29,"converted"
12701,2205,"2024-03-09","Plan Selection",3,68,"clicked"
12702,371,"2024-03-17","Payment",4,88,"viewed"
12703,1995,"2024-01-04","Home",1,102,"viewed"
12704,1836,"2024-01-11","Pricing Page",2,33,"dropped"
12705,2230,"2024-01-10","Home",1,21,"dropped"
12706,1868,"2024-04-24","Pricing Page",2,55,"dropped"
12707,1699,"2024-04-22","Pricing Page",2,44,"viewed"
12708,2364,"2024-02-15","Confirmation",5,143,"converted"
12709,2059,"2024-03-18","Home",1,42,"clicked"
12710,731,"2024-04-14","Home",1,14,"viewed"
12711,666,"2024-01-26","Home",1,152,"clicked"
12712,747,"2024-05-27","Pricing Page",2,45,"dropped"
12713,541,"2024-03-06","Pricing Page",2,38,"clicked"
12714,847,"2024-04-03","Payment",4,29,"clicked"
12715,548,"2024-01-06","Plan Selection",3,200,"viewed"
12716,2465,"2024-02-24","Home",1,64,"clicked"
12717,1341,"2024-03-27","Home",1,178,"dropped"
12718,2024,"2024-02-15","Pricing Page",2,43,"clicked"
12719,1486,"2024-05-15","Pricing Page",2,38,"dropped"
12720,859,"2024-04-29","Pricing Page",2,44,"clicked"
12721,54,"2024-06-12","Pricing Page",2,56,"clicked"
12722,1458,"2024-03-20","Payment",4,74,"clicked"
12723,574,"2024-04-29","Payment",4,144,"dropped"
12724,2442,"2024-04-13","Pricing Page",2,48,"dropped"
12725,2409,"2024-02-19","Confirmation",5,208,"converted"
12726,189,"2024-03-03","Plan Selection",3,134,"clicked"
12727,2092,"2024-06-21","Plan Selection",3,101,"clicked"
12728,469,"2024-06-05","Payment",4,134,"clicked"
12729,337,"2024-05-19","Plan Selection",3,53,"clicked"
12730,754,"2024-04-02","Payment",4,102,"viewed"
12731,483,"2024-01-15","Confirmation",5,72,"converted"
12732,2484,"2024-02-07","Plan Selection",3,33,"viewed"
12733,1209,"2024-01-29","Plan Selection",3,98,"clicked"
12734,2919,"2024-03-28","Plan Selection",3,24,"viewed"
12735,159,"2024-05-06","Pricing Page",2,55,"viewed"
12736,1714,"2024-02-21","Plan Selection",3,151,"clicked"
12737,2513,"2024-01-03","Plan Selection",3,165,"dropped"
12738,1783,"2024-03-16","Pricing Page",2,46,"dropped"
12739,2618,"2024-05-07","Confirmation",5,91,"converted"
12740,965,"2024-03-11","Confirmation",5,151,"converted"
12741,1843,"2024-06-20","Confirmation",5,144,"converted"
12742,1946,"2024-02-10","Home",1,59,"viewed"
12743,1967,"2024-02-13","Pricing Page",2,43,"clicked"
12744,1099,"2024-02-06","Confirmation",5,205,"converted"
12745,434,"2024-05-21","Pricing Page",2,40,"viewed"
12746,1034,"2024-06-27","Confirmation",5,105,"converted"
12747,2204,"2024-02-12","Confirmation",5,48,"converted"
12748,87,"2024-04-11","Plan Selection",3,191,"clicked"
12749,519,"2024-05-11","Home",1,98,"viewed"
12750,2607,"2024-05-29","Plan Selection",3,28,"viewed"
12751,910,"2024-05-19","Confirmation",5,92,"converted"
12752,710,"2024-06-19","Confirmation",5,33,"converted"
12753,1858,"2024-05-15","Confirmation",5,43,"converted"
12754,548,"2024-03-16","Plan Selection",3,94,"clicked"
12755,722,"2024-05-06","Payment",4,175,"viewed"
12756,1091,"2024-04-03","Pricing Page",2,63,"viewed"
12757,2309,"2024-02-12","Payment",4,125,"clicked"
12758,2636,"2024-03-18","Pricing Page",2,43,"dropped"
12759,2868,"2024-02-14","Pricing Page",2,32,"dropped"
12760,1401,"2024-02-23","Home",1,102,"dropped"
12761,499,"2024-03-30","Confirmation",5,94,"converted"
12762,486,"2024-04-08","Pricing Page",2,54,"dropped"
12763,2219,"2024-03-21","Home",1,150,"clicked"
12764,1126,"2024-03-10","Payment",4,171,"viewed"
12765,2763,"2024-04-17","Pricing Page",2,46,"clicked"
12766,2378,"2024-05-24","Plan Selection",3,148,"viewed"
12767,2941,"2024-01-12","Pricing Page",2,51,"clicked"
12768,2931,"2024-04-21","Home",1,178,"viewed"
12769,1420,"2024-06-24","Pricing Page",2,43,"clicked"
12770,2103,"2024-04-11","Plan Selection",3,174,"dropped"
12771,1634,"2024-05-10","Confirmation",5,138,"converted"
12772,1005,"2024-05-15","Payment",4,87,"viewed"
12773,2078,"2024-01-27","Plan Selection",3,173,"dropped"
12774,735,"2024-05-25","Pricing Page",2,38,"dropped"
12775,2715,"2024-06-24","Home",1,154,"dropped"
12776,4,"2024-02-25","Plan Selection",3,155,"dropped"
12777,278,"2024-02-23","Home",1,30,"viewed"
12778,954,"2024-05-26","Home",1,26,"dropped"
12779,902,"2024-01-31","Confirmation",5,60,"converted"
12780,1192,"2024-02-12","Confirmation",5,41,"converted"
12781,2601,"2024-06-05","Payment",4,22,"dropped"
12782,1122,"2024-04-06","Plan Selection",3,36,"dropped"
12783,2260,"2024-05-01","Home",1,107,"dropped"
12784,669,"2024-05-06","Payment",4,28,"viewed"
12785,1310,"2024-03-05","Pricing Page",2,37,"viewed"
12786,1848,"2024-03-23","Pricing Page",2,60,"dropped"
12787,804,"2024-05-28","Pricing Page",2,67,"dropped"
12788,1649,"2024-03-18","Pricing Page",2,41,"dropped"
12789,1198,"2024-04-08","Plan Selection",3,13,"clicked"
12790,1218,"2024-04-10","Plan Selection",3,39,"dropped"
12791,2374,"2024-05-27","Plan Selection",3,27,"clicked"
12792,940,"2024-04-22","Home",1,202,"clicked"
12793,2026,"2024-03-20","Home",1,121,"clicked"
12794,2017,"2024-04-09","Payment",4,12,"viewed"
12795,809,"2024-05-18","Home",1,168,"viewed"
12796,521,"2024-01-25","Home",1,91,"clicked"
12797,1662,"2024-01-18","Payment",4,184,"viewed"
12798,2043,"2024-05-29","Home",1,200,"clicked"
12799,2074,"2024-06-16","Plan Selection",3,203,"dropped"
12800,226,"2024-05-22","Plan Selection",3,51,"viewed"
12801,2588,"2024-04-22","Plan Selection",3,154,"dropped"
12802,279,"2024-02-26","Pricing Page",2,44,"clicked"
12803,1490,"2024-05-07","Home",1,209,"viewed"
12804,1959,"2024-03-27","Pricing Page",2,58,"dropped"
12805,1283,"2024-06-07","Home",1,189,"dropped"
12806,408,"2024-02-03","Plan Selection",3,10,"clicked"
12807,1297,"2024-05-05","Home",1,166,"clicked"
12808,1843,"2024-06-10","Plan Selection",3,103,"clicked"
12809,2480,"2024-05-23","Pricing Page",2,40,"dropped"
12810,2198,"2024-04-26","Home",1,45,"viewed"
12811,1783,"2024-03-30","Plan Selection",3,200,"viewed"
12812,1891,"2024-01-11","Pricing Page",2,56,"dropped"
12813,561,"2024-03-20","Plan Selection",3,173,"dropped"
12814,1928,"2024-04-09","Payment",4,108,"viewed"
12815,1270,"2024-02-01","Plan Selection",3,101,"clicked"
12816,338,"2024-01-14","Home",1,197,"clicked"
12817,490,"2024-01-06","Plan Selection",3,45,"viewed"
12818,329,"2024-05-18","Pricing Page",2,42,"dropped"
12819,2890,"2024-06-24","Confirmation",5,184,"converted"
12820,1465,"2024-05-29","Plan Selection",3,187,"clicked"
12821,1186,"2024-05-14","Plan Selection",3,95,"clicked"
12822,1179,"2024-03-06","Plan Selection",3,25,"clicked"
12823,722,"2024-05-09","Payment",4,36,"dropped"
12824,177,"2024-01-04","Confirmation",5,130,"converted"
12825,640,"2024-02-16","Plan Selection",3,103,"clicked"
12826,1822,"2024-05-29","Pricing Page",2,39,"dropped"
12827,2022,"2024-02-17","Pricing Page",2,48,"dropped"
12828,802,"2024-05-02","Plan Selection",3,182,"clicked"
12829,851,"2024-05-06","Plan Selection",3,26,"clicked"
12830,1002,"2024-01-22","Plan Selection",3,122,"dropped"
12831,1807,"2024-05-31","Pricing Page",2,51,"dropped"
12832,2469,"2024-01-05","Plan Selection",3,60,"clicked"
12833,1621,"2024-06-16","Confirmation",5,54,"converted"
12834,359,"2024-06-16","Pricing Page",2,56,"dropped"
12835,234,"2024-06-04","Home",1,160,"clicked"
12836,1732,"2024-02-03","Home",1,84,"clicked"
12837,1276,"2024-02-06","Payment",4,15,"viewed"
12838,2089,"2024-04-21","Confirmation",5,34,"converted"
12839,1888,"2024-05-20","Home",1,147,"clicked"
12840,284,"2024-02-01","Plan Selection",3,94,"clicked"
12841,1445,"2024-03-05","Pricing Page",2,47,"viewed"
12842,598,"2024-06-29","Pricing Page",2,66,"dropped"
12843,2952,"2024-02-11","Home",1,58,"viewed"
12844,1641,"2024-05-19","Pricing Page",2,60,"dropped"
12845,1430,"2024-06-17","Pricing Page",2,47,"viewed"
12846,2233,"2024-06-11","Pricing Page",2,53,"viewed"
12847,38,"2024-02-24","Pricing Page",2,43,"viewed"
12848,1576,"2024-02-29","Home",1,88,"viewed"
12849,1515,"2024-02-26","Home",1,69,"clicked"
12850,2511,"2024-01-27","Pricing Page",2,50,"clicked"
12851,1401,"2024-02-13","Payment",4,78,"clicked"
12852,881,"2024-05-02","Plan Selection",3,108,"viewed"
12853,896,"2024-04-22","Pricing Page",2,45,"dropped"
12854,379,"2024-06-12","Home",1,15,"viewed"
12855,1252,"2024-06-26","Plan Selection",3,79,"viewed"
12856,2336,"2024-04-18","Plan Selection",3,108,"clicked"
12857,2823,"2024-02-16","Pricing Page",2,45,"dropped"
12858,1010,"2024-01-31","Payment",4,139,"viewed"
12859,2364,"2024-05-06","Home",1,132,"viewed"
12860,952,"2024-05-05","Plan Selection",3,113,"dropped"
12861,1727,"2024-05-25","Pricing Page",2,38,"dropped"
12862,2867,"2024-02-03","Home",1,169,"viewed"
12863,1331,"2024-06-14","Pricing Page",2,53,"viewed"
12864,2253,"2024-01-29","Plan Selection",3,42,"dropped"
12865,2087,"2024-05-18","Payment",4,97,"viewed"
12866,1275,"2024-02-20","Home",1,170,"viewed"
12867,2086,"2024-04-21","Confirmation",5,35,"converted"
12868,1987,"2024-06-15","Plan Selection",3,76,"viewed"
12869,2967,"2024-04-10","Payment",4,92,"viewed"
12870,2490,"2024-02-25","Home",1,80,"clicked"
12871,2673,"2024-05-04","Payment",4,159,"clicked"
12872,176,"2024-06-13","Pricing Page",2,41,"dropped"
12873,2679,"2024-01-25","Confirmation",5,115,"converted"
12874,2078,"2024-06-07","Pricing Page",2,62,"dropped"
12875,2287,"2024-01-14","Home",1,48,"viewed"
12876,2897,"2024-05-07","Plan Selection",3,13,"dropped"
12877,2978,"2024-03-01","Plan Selection",3,106,"clicked"
12878,550,"2024-06-18","Home",1,174,"viewed"
12879,579,"2024-05-19","Pricing Page",2,39,"dropped"
12880,2930,"2024-04-20","Home",1,164,"clicked"
12881,680,"2024-04-19","Pricing Page",2,63,"dropped"
12882,2654,"2024-04-08","Home",1,162,"clicked"
12883,1682,"2024-01-18","Payment",4,144,"viewed"
12884,2701,"2024-04-10","Home",1,143,"dropped"
12885,2065,"2024-01-06","Home",1,68,"dropped"
12886,1022,"2024-06-24","Payment",4,48,"clicked"
12887,2848,"2024-02-11","Pricing Page",2,54,"dropped"
12888,1425,"2024-05-27","Plan Selection",3,180,"clicked"
12889,2641,"2024-04-06","Home",1,124,"viewed"
12890,88,"2024-06-12","Pricing Page",2,49,"clicked"
12891,450,"2024-05-19","Pricing Page",2,60,"dropped"
12892,30,"2024-05-10","Plan Selection",3,154,"viewed"
12893,781,"2024-04-26","Pricing Page",2,44,"clicked"
12894,1262,"2024-04-28","Home",1,19,"dropped"
12895,219,"2024-04-24","Confirmation",5,167,"converted"
12896,379,"2024-02-19","Confirmation",5,23,"converted"
12897,1254,"2024-06-08","Home",1,29,"dropped"
12898,2922,"2024-05-07","Plan Selection",3,192,"viewed"
12899,2999,"2024-05-16","Payment",4,128,"viewed"
12900,1282,"2024-02-09","Payment",4,83,"clicked"
12901,2983,"2024-05-09","Plan Selection",3,180,"clicked"
12902,2239,"2024-03-04","Plan Selection",3,105,"viewed"
12903,2686,"2024-06-08","Payment",4,11,"viewed"
12904,584,"2024-03-21","Plan Selection",3,172,"dropped"
12905,1395,"2024-05-21","Plan Selection",3,54,"clicked"
12906,506,"2024-01-27","Pricing Page",2,49,"clicked"
12907,2409,"2024-03-10","Plan Selection",3,99,"viewed"
12908,3000,"2024-06-29","Confirmation",5,194,"converted"
12909,1967,"2024-04-03","Plan Selection",3,116,"viewed"
12910,1410,"2024-06-13","Home",1,196,"clicked"
12911,1599,"2024-06-06","Payment",4,28,"dropped"
12912,2828,"2024-06-26","Home",1,99,"viewed"
12913,1976,"2024-02-23","Pricing Page",2,47,"clicked"
12914,974,"2024-03-11","Confirmation",5,150,"converted"
12915,1739,"2024-05-24","Pricing Page",2,63,"dropped"
12916,2425,"2024-04-26","Payment",4,208,"viewed"
12917,263,"2024-04-18","Payment",4,180,"dropped"
12918,2384,"2024-05-18","Pricing Page",2,64,"dropped"
12919,1935,"2024-01-14","Pricing Page",2,57,"dropped"
12920,2912,"2024-05-24","Home",1,19,"viewed"
12921,1990,"2024-03-19","Home",1,137,"viewed"
12922,629,"2024-02-01","Pricing Page",2,49,"clicked"
12923,2661,"2024-05-11","Confirmation",5,134,"converted"
12924,710,"2024-02-26","Payment",4,83,"dropped"
12925,429,"2024-06-24","Pricing Page",2,42,"dropped"
12926,1307,"2024-03-16","Payment",4,142,"viewed"
12927,2411,"2024-01-27","Pricing Page",2,34,"clicked"
12928,813,"2024-01-27","Confirmation",5,48,"converted"
12929,560,"2024-03-04","Home",1,195,"dropped"
12930,1280,"2024-01-02","Payment",4,177,"viewed"
12931,2400,"2024-03-15","Plan Selection",3,29,"clicked"
12932,502,"2024-03-05","Pricing Page",2,40,"viewed"
12933,422,"2024-02-09","Plan Selection",3,142,"clicked"
12934,1997,"2024-03-01","Plan Selection",3,79,"viewed"
12935,1878,"2024-06-16","Payment",4,205,"viewed"
12936,598,"2024-01-22","Home",1,144,"clicked"
12937,2094,"2024-03-24","Pricing Page",2,56,"dropped"
12938,2330,"2024-02-22","Home",1,152,"dropped"
12939,2867,"2024-01-22","Payment",4,72,"clicked"
12940,2458,"2024-01-09","Payment",4,151,"dropped"
12941,107,"2024-03-28","Pricing Page",2,40,"dropped"
12942,1552,"2024-06-11","Confirmation",5,14,"converted"
12943,863,"2024-03-07","Confirmation",5,153,"converted"
12944,2080,"2024-02-27","Plan Selection",3,132,"clicked"
12945,2214,"2024-01-27","Plan Selection",3,43,"clicked"
12946,2499,"2024-03-07","Pricing Page",2,46,"viewed"
12947,523,"2024-04-13","Pricing Page",2,38,"dropped"
12948,975,"2024-03-10","Confirmation",5,117,"converted"
12949,2657,"2024-05-26","Pricing Page",2,53,"dropped"
12950,1330,"2024-01-06","Payment",4,205,"clicked"
12951,1046,"2024-03-08","Payment",4,196,"dropped"
12952,1265,"2024-03-08","Plan Selection",3,179,"clicked"
12953,2321,"2024-03-27","Home",1,187,"dropped"
12954,1724,"2024-01-24","Confirmation",5,57,"converted"
12955,1263,"2024-03-10","Plan Selection",3,44,"viewed"
12956,2452,"2024-03-28","Confirmation",5,85,"converted"
12957,2982,"2024-05-31","Home",1,101,"viewed"
12958,526,"2024-05-15","Pricing Page",2,62,"dropped"
12959,2473,"2024-05-16","Pricing Page",2,44,"dropped"
12960,957,"2024-01-03","Home",1,114,"clicked"
12961,2355,"2024-01-21","Pricing Page",2,52,"dropped"
12962,600,"2024-05-12","Home",1,25,"dropped"
12963,2684,"2024-05-24","Pricing Page",2,41,"clicked"
12964,2281,"2024-06-23","Plan Selection",3,165,"clicked"
12965,223,"2024-04-05","Pricing Page",2,54,"dropped"
12966,1525,"2024-02-17","Payment",4,41,"clicked"
12967,1848,"2024-05-29","Pricing Page",2,66,"viewed"
12968,2189,"2024-06-09","Pricing Page",2,55,"dropped"
12969,603,"2024-03-17","Plan Selection",3,73,"dropped"
12970,663,"2024-06-29","Pricing Page",2,58,"dropped"
12971,2795,"2024-03-26","Plan Selection",3,101,"clicked"
12972,1272,"2024-03-20","Confirmation",5,78,"converted"
12973,2764,"2024-04-13","Home",1,168,"viewed"
12974,2709,"2024-04-08","Home",1,102,"clicked"
12975,2595,"2024-04-13","Pricing Page",2,57,"dropped"
12976,865,"2024-01-16","Plan Selection",3,133,"clicked"
12977,2894,"2024-05-12","Payment",4,126,"viewed"
12978,1381,"2024-03-09","Plan Selection",3,103,"viewed"
12979,1448,"2024-01-15","Confirmation",5,109,"converted"
12980,1938,"2024-05-13","Payment",4,119,"clicked"
12981,2283,"2024-03-06","Plan Selection",3,120,"dropped"
12982,794,"2024-05-18","Home",1,189,"clicked"
12983,512,"2024-05-12","Home",1,125,"clicked"
12984,1042,"2024-03-29","Pricing Page",2,55,"clicked"
12985,2057,"2024-03-07","Payment",4,159,"clicked"
12986,2637,"2024-01-23","Confirmation",5,125,"converted"
12987,2746,"2024-06-01","Pricing Page",2,62,"clicked"
12988,2773,"2024-04-18","Pricing Page",2,45,"clicked"
12989,2072,"2024-03-06","Payment",4,118,"clicked"
12990,261,"2024-05-25","Payment",4,87,"viewed"
12991,453,"2024-05-18","Pricing Page",2,54,"clicked"
12992,1837,"2024-01-18","Plan Selection",3,209,"dropped"
12993,90,"2024-01-26","Plan Selection",3,130,"dropped"
12994,557,"2024-03-01","Home",1,118,"clicked"
12995,1006,"2024-03-30","Pricing Page",2,64,"viewed"
12996,377,"2024-05-21","Plan Selection",3,67,"viewed"
12997,1445,"2024-05-24","Plan Selection",3,72,"viewed"
12998,2281,"2024-06-26","Plan Selection",3,52,"dropped"
12999,470,"2024-02-25","Home",1,101,"dropped"
13000,2709,"2024-03-04","Home",1,42,"viewed"
13001,2791,"2024-04-18","Pricing Page",2,45,"clicked"
13002,1006,"2024-05-29","Home",1,39,"clicked"
13003,1144,"2024-05-26","Confirmation",5,33,"converted"
13004,2543,"2024-06-10","Confirmation",5,194,"converted"
13005,2528,"2024-03-22","Payment",4,69,"clicked"
13006,1662,"2024-06-12","Payment",4,127,"clicked"
13007,95,"2024-01-15","Pricing Page",2,39,"clicked"
13008,310,"2024-05-06","Home",1,187,"viewed"
13009,1598,"2024-01-27","Home",1,58,"viewed"
13010,828,"2024-06-26","Home",1,87,"viewed"
13011,1672,"2024-04-10","Home",1,173,"viewed"
13012,1727,"2024-03-23","Plan Selection",3,101,"clicked"
13013,1561,"2024-06-06","Payment",4,74,"dropped"
13014,806,"2024-04-19","Pricing Page",2,46,"clicked"
13015,2046,"2024-02-26","Plan Selection",3,148,"viewed"
13016,1063,"2024-01-20","Pricing Page",2,32,"viewed"
13017,1464,"2024-04-20","Plan Selection",3,21,"clicked"
13018,1860,"2024-03-17","Pricing Page",2,39,"dropped"
13019,2720,"2024-02-27","Payment",4,96,"clicked"
13020,1110,"2024-02-14","Home",1,185,"dropped"
13021,1308,"2024-01-26","Pricing Page",2,46,"clicked"
13022,2821,"2024-01-31","Home",1,137,"dropped"
13023,1824,"2024-05-11","Payment",4,175,"viewed"
13024,586,"2024-05-19","Pricing Page",2,38,"dropped"
13025,957,"2024-05-21","Confirmation",5,82,"converted"
13026,2961,"2024-06-02","Pricing Page",2,65,"clicked"
13027,1883,"2024-01-23","Payment",4,70,"clicked"
13028,1861,"2024-02-03","Home",1,165,"viewed"
13029,211,"2024-02-26","Pricing Page",2,54,"dropped"
13030,2890,"2024-04-08","Payment",4,109,"dropped"
13031,1650,"2024-05-11","Confirmation",5,154,"converted"
13032,1987,"2024-01-28","Payment",4,86,"viewed"
13033,2650,"2024-04-18","Pricing Page",2,66,"clicked"
13034,2212,"2024-04-05","Pricing Page",2,52,"dropped"
13035,2009,"2024-04-28","Pricing Page",2,49,"dropped"
13036,1206,"2024-05-02","Home",1,182,"viewed"
13037,772,"2024-06-26","Home",1,164,"clicked"
13038,2414,"2024-05-15","Pricing Page",2,51,"dropped"
13039,2994,"2024-01-30","Payment",4,124,"clicked"
13040,1198,"2024-05-11","Pricing Page",2,38,"clicked"
13041,193,"2024-05-29","Confirmation",5,45,"converted"
13042,276,"2024-06-17","Pricing Page",2,40,"dropped"
13043,2992,"2024-02-16","Pricing Page",2,52,"viewed"
13044,1885,"2024-06-01","Pricing Page",2,40,"dropped"
13045,234,"2024-06-27","Plan Selection",3,117,"clicked"
13046,1046,"2024-06-23","Payment",4,207,"viewed"
13047,376,"2024-05-19","Pricing Page",2,39,"clicked"
13048,2779,"2024-02-05","Home",1,87,"clicked"
13049,1769,"2024-06-11","Payment",4,193,"clicked"
13050,1183,"2024-05-02","Pricing Page",2,38,"dropped"
13051,24,"2024-05-29","Home",1,11,"viewed"
13052,2158,"2024-03-04","Plan Selection",3,201,"viewed"
13053,85,"2024-02-06","Confirmation",5,205,"converted"
13054,444,"2024-05-25","Plan Selection",3,94,"clicked"
13055,2322,"2024-04-27","Confirmation",5,140,"converted"
13056,1524,"2024-04-14","Pricing Page",2,41,"dropped"
13057,851,"2024-05-26","Pricing Page",2,55,"dropped"
13058,1808,"2024-02-09","Pricing Page",2,53,"dropped"
13059,2970,"2024-05-13","Payment",4,87,"viewed"
13060,2233,"2024-03-08","Plan Selection",3,22,"clicked"
13061,2590,"2024-01-15","Payment",4,177,"viewed"
13062,531,"2024-05-01","Payment",4,31,"dropped"
13063,2943,"2024-05-11","Plan Selection",3,53,"dropped"
13064,1907,"2024-01-01","Home",1,114,"clicked"
13065,2657,"2024-04-10","Home",1,205,"clicked"
13066,1700,"2024-03-01","Confirmation",5,174,"converted"
13067,663,"2024-04-25","Plan Selection",3,146,"viewed"
13068,802,"2024-05-14","Confirmation",5,84,"converted"
13069,307,"2024-03-11","Plan Selection",3,22,"clicked"
13070,1879,"2024-01-09","Pricing Page",2,49,"dropped"
13071,2651,"2024-06-15","Confirmation",5,11,"converted"
13072,498,"2024-05-27","Plan Selection",3,91,"clicked"
13073,1140,"2024-06-19","Plan Selection",3,14,"clicked"
13074,2789,"2024-03-22","Pricing Page",2,67,"dropped"
13075,2438,"2024-03-11","Pricing Page",2,39,"dropped"
13076,2326,"2024-03-16","Payment",4,124,"clicked"
13077,246,"2024-05-12","Pricing Page",2,64,"dropped"
13078,964,"2024-01-02","Home",1,94,"viewed"
13079,2784,"2024-01-23","Payment",4,163,"clicked"
13080,1318,"2024-01-28","Pricing Page",2,54,"clicked"
13081,280,"2024-03-03","Pricing Page",2,34,"clicked"
13082,2120,"2024-02-14","Home",1,162,"clicked"
13083,944,"2024-01-02","Home",1,109,"dropped"
13084,965,"2024-01-23","Plan Selection",3,187,"clicked"
13085,2151,"2024-01-30","Plan Selection",3,165,"viewed"
13086,852,"2024-04-28","Pricing Page",2,41,"dropped"
13087,1336,"2024-01-26","Pricing Page",2,40,"clicked"
13088,1890,"2024-06-15","Plan Selection",3,171,"viewed"
13089,174,"2024-04-18","Payment",4,81,"clicked"
13090,1207,"2024-01-23","Pricing Page",2,51,"dropped"
13091,789,"2024-03-29","Plan Selection",3,172,"dropped"
13092,213,"2024-01-09","Home",1,201,"viewed"
13093,2413,"2024-05-27","Plan Selection",3,171,"dropped"
13094,202,"2024-01-07","Confirmation",5,176,"converted"
13095,576,"2024-03-24","Payment",4,74,"clicked"
13096,2960,"2024-05-16","Payment",4,179,"viewed"
13097,849,"2024-01-22","Payment",4,91,"viewed"
13098,2065,"2024-01-17","Pricing Page",2,50,"dropped"
13099,558,"2024-02-03","Pricing Page",2,38,"dropped"
13100,6,"2024-06-06","Pricing Page",2,41,"dropped"
13101,1632,"2024-06-24","Pricing Page",2,41,"dropped"
13102,2263,"2024-05-04","Home",1,164,"clicked"
13103,1424,"2024-02-24","Home",1,107,"dropped"
13104,1652,"2024-01-27","Home",1,199,"clicked"
13105,2018,"2024-06-03","Pricing Page",2,60,"viewed"
13106,1154,"2024-01-29","Plan Selection",3,148,"clicked"
13107,2319,"2024-01-28","Pricing Page",2,51,"dropped"
13108,1043,"2024-05-30","Home",1,25,"dropped"
13109,91,"2024-06-28","Payment",4,73,"dropped"
13110,440,"2024-05-01","Confirmation",5,126,"converted"
13111,430,"2024-06-25","Pricing Page",2,47,"dropped"
13112,482,"2024-01-26","Pricing Page",2,52,"dropped"
13113,2568,"2024-02-10","Plan Selection",3,36,"viewed"
13114,1539,"2024-04-21","Plan Selection",3,180,"viewed"
13115,1971,"2024-03-05","Payment",4,203,"clicked"
13116,641,"2024-05-23","Pricing Page",2,46,"dropped"
13117,1242,"2024-05-05","Pricing Page",2,39,"dropped"
13118,2234,"2024-06-26","Plan Selection",3,100,"dropped"
13119,2147,"2024-06-18","Plan Selection",3,188,"viewed"
13120,1428,"2024-06-10","Home",1,105,"clicked"
13121,42,"2024-02-06","Confirmation",5,66,"converted"
13122,1441,"2024-04-09","Pricing Page",2,65,"clicked"
13123,1006,"2024-05-31","Home",1,84,"clicked"
13124,1594,"2024-04-30","Payment",4,157,"clicked"
13125,2916,"2024-04-09","Payment",4,117,"dropped"
13126,837,"2024-06-04","Pricing Page",2,58,"viewed"
13127,2888,"2024-05-31","Pricing Page",2,65,"clicked"
13128,354,"2024-02-14","Confirmation",5,146,"converted"
13129,2272,"2024-05-13","Pricing Page",2,64,"dropped"
13130,470,"2024-02-23","Home",1,46,"viewed"
13131,2300,"2024-02-14","Confirmation",5,199,"converted"
13132,2764,"2024-05-18","Home",1,12,"viewed"
13133,1123,"2024-02-10","Confirmation",5,61,"converted"
13134,1032,"2024-06-19","Plan Selection",3,117,"viewed"
13135,2196,"2024-04-28","Home",1,90,"viewed"
13136,2166,"2024-02-16","Home",1,170,"viewed"
13137,2931,"2024-06-03","Pricing Page",2,40,"dropped"
13138,1846,"2024-06-27","Home",1,101,"dropped"
13139,2532,"2024-01-16","Confirmation",5,63,"converted"
13140,1831,"2024-02-16","Pricing Page",2,43,"viewed"
13141,1102,"2024-06-29","Payment",4,84,"clicked"
13142,462,"2024-01-01","Plan Selection",3,164,"dropped"
13143,1995,"2024-05-12","Plan Selection",3,41,"viewed"
13144,1297,"2024-05-27","Payment",4,94,"viewed"
13145,2159,"2024-02-06","Payment",4,148,"viewed"
13146,900,"2024-06-07","Pricing Page",2,60,"dropped"
13147,1662,"2024-05-01","Plan Selection",3,92,"dropped"
13148,2422,"2024-01-02","Plan Selection",3,30,"viewed"
13149,2699,"2024-04-13","Home",1,20,"viewed"
13150,2546,"2024-06-01","Plan Selection",3,160,"viewed"
13151,2134,"2024-02-02","Payment",4,55,"viewed"
13152,2307,"2024-01-31","Plan Selection",3,50,"clicked"
13153,998,"2024-03-30","Pricing Page",2,66,"dropped"
13154,1144,"2024-02-03","Payment",4,83,"clicked"
13155,977,"2024-01-31","Payment",4,181,"viewed"
13156,2215,"2024-05-07","Pricing Page",2,52,"dropped"
13157,2170,"2024-02-28","Pricing Page",2,36,"viewed"
13158,835,"2024-01-06","Pricing Page",2,44,"clicked"
13159,2323,"2024-04-09","Pricing Page",2,52,"dropped"
13160,297,"2024-02-02","Plan Selection",3,97,"clicked"
13161,2062,"2024-02-13","Home",1,194,"dropped"
13162,1217,"2024-02-28","Pricing Page",2,30,"viewed"
13163,356,"2024-01-22","Pricing Page",2,55,"clicked"
13164,228,"2024-05-25","Payment",4,116,"clicked"
13165,2614,"2024-03-27","Payment",4,94,"viewed"
13166,2167,"2024-02-09","Confirmation",5,206,"converted"
13167,406,"2024-05-11","Pricing Page",2,64,"viewed"
13168,1676,"2024-02-13","Plan Selection",3,190,"viewed"
13169,2885,"2024-01-02","Home",1,161,"clicked"
13170,1069,"2024-05-24","Confirmation",5,62,"converted"
13171,1528,"2024-05-18","Pricing Page",2,42,"clicked"
13172,2178,"2024-01-27","Plan Selection",3,88,"clicked"
13173,239,"2024-04-26","Confirmation",5,14,"converted"
13174,437,"2024-04-28","Payment",4,47,"clicked"
13175,2147,"2024-02-07","Confirmation",5,177,"converted"
13176,1523,"2024-01-06","Plan Selection",3,10,"dropped"
13177,2511,"2024-05-01","Payment",4,61,"viewed"
13178,2584,"2024-01-23","Home",1,168,"viewed"
13179,2901,"2024-02-10","Pricing Page",2,43,"clicked"
13180,2363,"2024-01-06","Payment",4,174,"viewed"
13181,1181,"2024-04-27","Home",1,81,"viewed"
13182,2970,"2024-01-20","Plan Selection",3,120,"dropped"
13183,1628,"2024-04-16","Pricing Page",2,63,"dropped"
13184,1781,"2024-02-25","Payment",4,172,"viewed"
13185,1984,"2024-06-02","Pricing Page",2,60,"dropped"
13186,2726,"2024-03-16","Pricing Page",2,55,"clicked"
13187,848,"2024-06-29","Home",1,143,"viewed"
13188,2166,"2024-05-20","Plan Selection",3,51,"viewed"
13189,57,"2024-02-25","Pricing Page",2,42,"clicked"
13190,880,"2024-02-29","Payment",4,177,"viewed"
13191,2794,"2024-06-28","Home",1,178,"viewed"
13192,129,"2024-01-14","Pricing Page",2,30,"clicked"
13193,2777,"2024-03-16","Pricing Page",2,45,"dropped"
13194,2756,"2024-04-18","Pricing Page",2,50,"dropped"
13195,2333,"2024-04-26","Confirmation",5,117,"converted"
13196,30,"2024-03-19","Home",1,82,"clicked"
13197,2864,"2024-04-09","Confirmation",5,172,"converted"
13198,1166,"2024-03-31","Pricing Page",2,43,"viewed"
13199,616,"2024-01-28","Home",1,56,"viewed"
13200,154,"2024-01-02","Confirmation",5,91,"converted"
13201,1154,"2024-05-06","Pricing Page",2,54,"clicked"
13202,808,"2024-06-27","Home",1,138,"viewed"
13203,1018,"2024-01-25","Plan Selection",3,191,"clicked"
13204,98,"2024-04-01","Pricing Page",2,58,"dropped"
13205,1411,"2024-01-06","Payment",4,143,"dropped"
13206,1098,"2024-04-20","Confirmation",5,196,"converted"
13207,2411,"2024-02-10","Plan Selection",3,173,"viewed"
13208,1602,"2024-05-02","Payment",4,189,"dropped"
13209,2806,"2024-02-24","Plan Selection",3,131,"viewed"
13210,2466,"2024-02-28","Home",1,167,"clicked"
13211,73,"2024-05-05","Pricing Page",2,63,"dropped"
13212,2800,"2024-03-08","Home",1,61,"dropped"
13213,1628,"2024-04-04","Confirmation",5,72,"converted"
13214,1937,"2024-02-21","Pricing Page",2,47,"clicked"
13215,2183,"2024-01-24","Pricing Page",2,59,"clicked"
13216,1280,"2024-05-09","Pricing Page",2,47,"clicked"
13217,1352,"2024-02-10","Payment",4,47,"viewed"
13218,1748,"2024-01-04","Pricing Page",2,52,"clicked"
13219,2353,"2024-01-23","Pricing Page",2,30,"dropped"
13220,277,"2024-05-21","Plan Selection",3,180,"clicked"
13221,496,"2024-05-23","Pricing Page",2,65,"dropped"
13222,378,"2024-01-22","Pricing Page",2,52,"dropped"
13223,1347,"2024-05-24","Plan Selection",3,173,"dropped"
13224,1092,"2024-02-29","Plan Selection",3,162,"dropped"
13225,1734,"2024-03-07","Home",1,84,"clicked"
13226,2417,"2024-02-19","Confirmation",5,188,"converted"
13227,1917,"2024-04-03","Plan Selection",3,165,"viewed"
13228,364,"2024-06-18","Pricing Page",2,59,"clicked"
13229,1153,"2024-05-21","Payment",4,108,"dropped"
13230,802,"2024-06-10","Plan Selection",3,132,"dropped"
13231,1706,"2024-04-19","Pricing Page",2,59,"clicked"
13232,1463,"2024-02-11","Plan Selection",3,146,"clicked"
13233,2879,"2024-04-16","Home",1,126,"viewed"
13234,2183,"2024-04-10","Plan Selection",3,73,"viewed"
13235,46,"2024-05-05","Pricing Page",2,40,"dropped"
13236,1066,"2024-03-15","Confirmation",5,147,"converted"
13237,1477,"2024-03-12","Pricing Page",2,39,"dropped"
13238,606,"2024-06-19","Home",1,150,"dropped"
13239,2629,"2024-05-22","Pricing Page",2,44,"dropped"
13240,722,"2024-04-26","Plan Selection",3,130,"clicked"
13241,1901,"2024-05-07","Plan Selection",3,200,"viewed"
13242,2398,"2024-02-06","Plan Selection",3,92,"dropped"
13243,2981,"2024-02-12","Home",1,55,"clicked"
13244,627,"2024-02-26","Confirmation",5,153,"converted"
13245,2372,"2024-05-25","Plan Selection",3,178,"clicked"
13246,2243,"2024-06-25","Plan Selection",3,54,"dropped"
13247,1240,"2024-03-17","Payment",4,24,"viewed"
13248,1849,"2024-05-20","Home",1,183,"dropped"
13249,1426,"2024-05-12","Pricing Page",2,65,"viewed"
13250,2920,"2024-01-04","Home",1,181,"viewed"
13251,288,"2024-02-20","Home",1,149,"dropped"
13252,2308,"2024-02-29","Pricing Page",2,49,"dropped"
13253,858,"2024-05-06","Plan Selection",3,32,"viewed"
13254,2603,"2024-03-15","Pricing Page",2,39,"viewed"
13255,960,"2024-06-13","Plan Selection",3,50,"clicked"
13256,2018,"2024-04-17","Confirmation",5,205,"converted"
13257,66,"2024-02-03","Payment",4,152,"viewed"
13258,2551,"2024-02-17","Payment",4,10,"viewed"
13259,2013,"2024-01-28","Payment",4,56,"viewed"
13260,315,"2024-04-25","Confirmation",5,110,"converted"
13261,2554,"2024-05-16","Pricing Page",2,62,"dropped"
13262,2686,"2024-01-10","Plan Selection",3,155,"viewed"
13263,1157,"2024-02-03","Payment",4,61,"dropped"
13264,728,"2024-02-06","Pricing Page",2,54,"dropped"
13265,2627,"2024-04-12","Home",1,67,"viewed"
13266,1173,"2024-03-13","Payment",4,204,"clicked"
13267,2602,"2024-02-17","Payment",4,172,"viewed"
13268,41,"2024-03-13","Confirmation",5,133,"converted"
13269,555,"2024-01-15","Payment",4,201,"clicked"
13270,1593,"2024-05-26","Pricing Page",2,62,"clicked"
13271,843,"2024-01-30","Confirmation",5,79,"converted"
13272,2497,"2024-01-23","Home",1,50,"viewed"
13273,2238,"2024-05-09","Pricing Page",2,56,"viewed"
13274,403,"2024-05-05","Home",1,52,"viewed"
13275,2375,"2024-02-24","Home",1,162,"clicked"
13276,2248,"2024-04-05","Pricing Page",2,48,"dropped"
13277,2286,"2024-01-25","Pricing Page",2,46,"clicked"
13278,1613,"2024-05-14","Home",1,75,"clicked"
13279,1427,"2024-04-01","Home",1,11,"viewed"
13280,1661,"2024-04-23","Pricing Page",2,51,"viewed"
13281,2967,"2024-03-01","Plan Selection",3,116,"clicked"
13282,369,"2024-06-26","Plan Selection",3,155,"dropped"
13283,2875,"2024-05-08","Plan Selection",3,61,"clicked"
13284,1493,"2024-05-11","Home",1,108,"dropped"
13285,2579,"2024-01-17","Confirmation",5,37,"converted"
13286,127,"2024-05-24","Payment",4,187,"viewed"
13287,2028,"2024-05-20","Payment",4,203,"clicked"
13288,1296,"2024-03-05","Pricing Page",2,39,"dropped"
13289,1807,"2024-05-07","Plan Selection",3,92,"viewed"
13290,1484,"2024-04-24","Plan Selection",3,121,"viewed"
13291,2715,"2024-03-08","Home",1,146,"viewed"
13292,1876,"2024-02-27","Plan Selection",3,135,"viewed"
13293,100,"2024-02-09","Confirmation",5,73,"converted"
13294,1819,"2024-01-14","Plan Selection",3,124,"dropped"
13295,621,"2024-03-27","Payment",4,96,"viewed"
13296,2585,"2024-05-27","Pricing Page",2,39,"clicked"
13297,1237,"2024-06-19","Pricing Page",2,53,"dropped"
13298,1572,"2024-06-22","Pricing Page",2,44,"dropped"
13299,1521,"2024-02-13","Plan Selection",3,138,"dropped"
13300,312,"2024-06-11","Home",1,45,"clicked"
13301,773,"2024-02-09","Pricing Page",2,57,"clicked"
13302,2117,"2024-03-18","Home",1,187,"clicked"
13303,64,"2024-01-17","Pricing Page",2,51,"clicked"
13304,2930,"2024-04-16","Home",1,65,"clicked"
13305,2932,"2024-05-25","Home",1,203,"viewed"
13306,476,"2024-06-22","Pricing Page",2,58,"dropped"
13307,1146,"2024-03-22","Home",1,36,"clicked"
13308,1578,"2024-03-26","Payment",4,105,"dropped"
13309,2551,"2024-01-15","Payment",4,206,"clicked"
13310,2934,"2024-05-12","Payment",4,95,"viewed"
13311,1586,"2024-05-17","Home",1,155,"dropped"
13312,2895,"2024-05-14","Payment",4,173,"viewed"
13313,2556,"2024-02-20","Payment",4,80,"dropped"
13314,561,"2024-02-04","Pricing Page",2,40,"clicked"
13315,1949,"2024-04-28","Pricing Page",2,59,"dropped"
13316,1283,"2024-04-21","Payment",4,46,"clicked"
13317,2710,"2024-01-09","Plan Selection",3,101,"viewed"
13318,926,"2024-03-01","Payment",4,143,"dropped"
13319,1998,"2024-06-17","Plan Selection",3,109,"clicked"
13320,219,"2024-05-29","Confirmation",5,21,"converted"
13321,1719,"2024-05-04","Payment",4,122,"viewed"
13322,1341,"2024-03-05","Pricing Page",2,34,"clicked"
13323,2114,"2024-02-10","Home",1,78,"viewed"
13324,1589,"2024-04-02","Confirmation",5,65,"converted"
13325,1515,"2024-05-05","Confirmation",5,135,"converted"
13326,972,"2024-05-12","Plan Selection",3,61,"dropped"
13327,927,"2024-06-10","Plan Selection",3,16,"clicked"
13328,1783,"2024-03-05","Confirmation",5,184,"converted"
13329,1234,"2024-03-19","Confirmation",5,74,"converted"
13330,2549,"2024-02-19","Payment",4,70,"dropped"
13331,850,"2024-02-24","Plan Selection",3,81,"viewed"
13332,395,"2024-01-24","Pricing Page",2,57,"viewed"
13333,618,"2024-04-29","Plan Selection",3,90,"viewed"
13334,2270,"2024-05-24","Payment",4,61,"dropped"
13335,1996,"2024-01-12","Pricing Page",2,43,"dropped"
13336,634,"2024-01-18","Payment",4,196,"dropped"
13337,2706,"2024-01-16","Payment",4,81,"viewed"
13338,2950,"2024-01-16","Pricing Page",2,34,"dropped"
13339,163,"2024-03-08","Plan Selection",3,78,"viewed"
13340,546,"2024-06-26","Pricing Page",2,64,"dropped"
13341,268,"2024-03-11","Plan Selection",3,51,"dropped"
13342,1454,"2024-03-05","Pricing Page",2,46,"clicked"
13343,125,"2024-01-03","Confirmation",5,141,"converted"
13344,1434,"2024-03-15","Plan Selection",3,186,"clicked"
13345,241,"2024-05-17","Plan Selection",3,123,"dropped"
13346,2671,"2024-01-18","Payment",4,171,"clicked"
13347,1478,"2024-05-08","Home",1,56,"viewed"
13348,2981,"2024-01-29","Payment",4,115,"dropped"
13349,1784,"2024-02-18","Plan Selection",3,206,"dropped"
13350,848,"2024-05-01","Plan Selection",3,116,"dropped"
13351,166,"2024-06-09","Pricing Page",2,58,"dropped"
13352,2704,"2024-05-14","Home",1,185,"clicked"
13353,2814,"2024-05-15","Confirmation",5,95,"converted"
13354,993,"2024-03-08","Payment",4,53,"clicked"
13355,2340,"2024-03-20","Payment",4,206,"clicked"
13356,2204,"2024-04-29","Home",1,116,"clicked"
13357,431,"2024-05-02","Confirmation",5,151,"converted"
13358,2073,"2024-03-01","Plan Selection",3,14,"clicked"
13359,1246,"2024-02-03","Plan Selection",3,178,"dropped"
13360,938,"2024-01-12","Pricing Page",2,50,"dropped"
13361,986,"2024-05-29","Home",1,52,"viewed"
13362,1931,"2024-02-14","Pricing Page",2,52,"viewed"
13363,832,"2024-04-26","Pricing Page",2,39,"dropped"
13364,825,"2024-01-20","Plan Selection",3,52,"viewed"
13365,172,"2024-03-26","Home",1,114,"dropped"
13366,2030,"2024-02-12","Home",1,19,"viewed"
13367,2319,"2024-04-03","Pricing Page",2,60,"viewed"
13368,1595,"2024-05-24","Pricing Page",2,54,"dropped"
13369,701,"2024-03-20","Plan Selection",3,52,"clicked"
13370,307,"2024-06-05","Home",1,100,"dropped"
13371,2457,"2024-03-11","Pricing Page",2,38,"viewed"
13372,2976,"2024-01-08","Pricing Page",2,32,"clicked"
13373,293,"2024-03-29","Home",1,61,"viewed"
13374,1642,"2024-01-26","Home",1,183,"dropped"
13375,764,"2024-05-16","Home",1,167,"viewed"
13376,645,"2024-02-28","Confirmation",5,189,"converted"
13377,1691,"2024-01-23","Confirmation",5,75,"converted"
13378,2458,"2024-01-20","Home",1,32,"clicked"
13379,567,"2024-01-05","Plan Selection",3,154,"viewed"
13380,1411,"2024-04-13","Pricing Page",2,53,"dropped"
13381,1198,"2024-03-23","Home",1,206,"viewed"
13382,1656,"2024-04-30","Plan Selection",3,72,"clicked"
13383,2784,"2024-06-16","Payment",4,90,"clicked"
13384,1056,"2024-02-10","Home",1,133,"viewed"
13385,2245,"2024-06-26","Plan Selection",3,73,"viewed"
13386,551,"2024-01-08","Plan Selection",3,35,"viewed"
13387,216,"2024-02-21","Pricing Page",2,35,"dropped"
13388,323,"2024-04-05","Pricing Page",2,66,"clicked"
13389,166,"2024-06-22","Plan Selection",3,60,"clicked"
13390,529,"2024-05-10","Home",1,48,"viewed"
13391,670,"2024-05-30","Pricing Page",2,66,"dropped"
13392,1907,"2024-02-20","Pricing Page",2,48,"clicked"
13393,406,"2024-06-10","Home",1,124,"viewed"
13394,2457,"2024-06-25","Pricing Page",2,43,"clicked"
13395,2921,"2024-05-11","Plan Selection",3,87,"viewed"
13396,2493,"2024-05-17","Pricing Page",2,44,"dropped"
13397,178,"2024-06-10","Pricing Page",2,60,"viewed"
13398,1220,"2024-02-09","Payment",4,158,"dropped"
13399,259,"2024-02-14","Confirmation",5,36,"converted"
13400,2215,"2024-02-23","Pricing Page",2,42,"dropped"
13401,72,"2024-03-09","Payment",4,202,"clicked"
13402,2554,"2024-02-08","Plan Selection",3,203,"clicked"
13403,1258,"2024-02-25","Pricing Page",2,43,"clicked"
13404,2103,"2024-02-21","Pricing Page",2,51,"clicked"
13405,2388,"2024-02-13","Payment",4,70,"dropped"
13406,1804,"2024-05-06","Plan Selection",3,92,"viewed"
13407,1525,"2024-05-05","Confirmation",5,141,"converted"
13408,1317,"2024-02-10","Payment",4,82,"clicked"
13409,2590,"2024-01-27","Home",1,61,"viewed"
13410,1611,"2024-01-19","Confirmation",5,50,"converted"
13411,942,"2024-06-22","Payment",4,79,"dropped"
13412,51,"2024-03-21","Home",1,119,"dropped"
13413,1134,"2024-02-20","Pricing Page",2,43,"clicked"
13414,757,"2024-05-03","Plan Selection",3,43,"viewed"
13415,285,"2024-05-09","Pricing Page",2,46,"dropped"
13416,2357,"2024-03-06","Pricing Page",2,36,"clicked"
13417,1979,"2024-02-29","Plan Selection",3,79,"viewed"
13418,1967,"2024-01-11","Pricing Page",2,42,"dropped"
13419,1402,"2024-06-11","Home",1,167,"viewed"
13420,2574,"2024-03-05","Pricing Page",2,59,"dropped"
13421,1993,"2024-03-01","Plan Selection",3,87,"viewed"
13422,1036,"2024-01-04","Home",1,71,"clicked"
13423,1828,"2024-01-24","Payment",4,155,"dropped"
13424,1863,"2024-04-23","Pricing Page",2,51,"dropped"
13425,2189,"2024-03-16","Confirmation",5,62,"converted"
13426,1827,"2024-02-15","Pricing Page",2,42,"viewed"
13427,1648,"2024-03-27","Payment",4,54,"viewed"
13428,2731,"2024-05-26","Pricing Page",2,42,"clicked"
13429,813,"2024-01-28","Confirmation",5,58,"converted"
13430,1200,"2024-02-18","Home",1,195,"dropped"
13431,727,"2024-04-17","Pricing Page",2,49,"dropped"
13432,293,"2024-05-11","Pricing Page",2,53,"dropped"
13433,529,"2024-02-16","Payment",4,203,"clicked"
13434,238,"2024-04-19","Payment",4,45,"clicked"
13435,2725,"2024-01-14","Plan Selection",3,18,"clicked"
13436,444,"2024-06-24","Pricing Page",2,42,"dropped"
13437,893,"2024-05-28","Pricing Page",2,55,"dropped"
13438,2032,"2024-04-06","Plan Selection",3,116,"viewed"
13439,1108,"2024-03-24","Pricing Page",2,57,"dropped"
13440,2919,"2024-01-24","Payment",4,68,"dropped"
13441,1089,"2024-01-13","Pricing Page",2,33,"viewed"
13442,1731,"2024-04-05","Confirmation",5,206,"converted"
13443,497,"2024-06-08","Confirmation",5,202,"converted"
13444,119,"2024-02-26","Pricing Page",2,38,"dropped"
13445,2304,"2024-03-22","Confirmation",5,86,"converted"
13446,190,"2024-02-01","Plan Selection",3,191,"clicked"
13447,2011,"2024-06-14","Plan Selection",3,22,"viewed"
13448,2998,"2024-01-15","Pricing Page",2,53,"clicked"
13449,157,"2024-02-11","Confirmation",5,62,"converted"
13450,1057,"2024-06-24","Payment",4,207,"viewed"
13451,229,"2024-04-10","Plan Selection",3,27,"viewed"
13452,1878,"2024-05-24","Home",1,50,"viewed"
13453,1822,"2024-01-21","Payment",4,78,"clicked"
13454,1566,"2024-01-15","Payment",4,189,"viewed"
13455,910,"2024-04-04","Plan Selection",3,198,"clicked"
13456,532,"2024-01-16","Confirmation",5,55,"converted"
13457,1349,"2024-04-12","Pricing Page",2,57,"viewed"
13458,1314,"2024-04-07","Pricing Page",2,48,"dropped"
13459,1896,"2024-04-12","Confirmation",5,194,"converted"
13460,2546,"2024-03-26","Payment",4,144,"viewed"
13461,1521,"2024-05-28","Plan Selection",3,100,"clicked"
13462,692,"2024-04-18","Pricing Page",2,58,"dropped"
13463,1982,"2024-05-01","Pricing Page",2,63,"dropped"
13464,683,"2024-04-29","Plan Selection",3,29,"viewed"
13465,2755,"2024-04-30","Plan Selection",3,178,"clicked"
13466,175,"2024-05-13","Plan Selection",3,74,"dropped"
13467,1397,"2024-01-14","Confirmation",5,129,"converted"
13468,307,"2024-05-09","Pricing Page",2,44,"dropped"
13469,2212,"2024-06-02","Home",1,129,"viewed"
13470,2137,"2024-06-04","Home",1,54,"viewed"
13471,1499,"2024-04-17","Pricing Page",2,56,"clicked"
13472,1526,"2024-04-02","Home",1,137,"dropped"
13473,1491,"2024-02-13","Plan Selection",3,171,"viewed"
13474,653,"2024-02-24","Payment",4,80,"dropped"
13475,50,"2024-03-19","Home",1,79,"clicked"
13476,1900,"2024-01-30","Confirmation",5,34,"converted"
13477,2556,"2024-06-09","Payment",4,148,"viewed"
13478,444,"2024-02-07","Plan Selection",3,80,"viewed"
13479,2544,"2024-02-23","Confirmation",5,163,"converted"
13480,116,"2024-06-11","Pricing Page",2,41,"dropped"
13481,697,"2024-04-19","Pricing Page",2,62,"dropped"
13482,215,"2024-01-09","Home",1,193,"clicked"
13483,102,"2024-03-30","Pricing Page",2,50,"viewed"
13484,1967,"2024-02-26","Plan Selection",3,25,"clicked"
13485,2018,"2024-04-21","Home",1,108,"dropped"
13486,2292,"2024-01-15","Home",1,62,"dropped"
13487,989,"2024-04-13","Payment",4,143,"viewed"
13488,1479,"2024-03-08","Pricing Page",2,52,"clicked"
13489,2784,"2024-05-12","Payment",4,45,"clicked"
13490,2431,"2024-02-14","Payment",4,51,"viewed"
13491,2210,"2024-05-01","Home",1,143,"viewed"
13492,1894,"2024-03-09","Home",1,183,"clicked"
13493,288,"2024-03-23","Confirmation",5,135,"converted"
13494,394,"2024-05-20","Pricing Page",2,41,"dropped"
13495,1540,"2024-01-04","Plan Selection",3,161,"dropped"
13496,525,"2024-04-20","Plan Selection",3,162,"clicked"
13497,4,"2024-02-12","Home",1,35,"dropped"
13498,905,"2024-01-18","Plan Selection",3,141,"clicked"
13499,1832,"2024-03-31","Plan Selection",3,183,"clicked"
13500,2910,"2024-06-13","Plan Selection",3,88,"dropped"
13501,856,"2024-01-27","Confirmation",5,10,"converted"
13502,1029,"2024-05-08","Plan Selection",3,93,"clicked"
13503,1618,"2024-01-05","Plan Selection",3,97,"viewed"
13504,238,"2024-03-06","Plan Selection",3,167,"dropped"
13505,2055,"2024-05-24","Confirmation",5,63,"converted"
13506,1622,"2024-06-12","Confirmation",5,155,"converted"
13507,2903,"2024-04-29","Pricing Page",2,39,"dropped"
13508,175,"2024-01-29","Plan Selection",3,137,"clicked"
13509,2129,"2024-04-13","Payment",4,192,"clicked"
13510,613,"2024-06-03","Plan Selection",3,162,"viewed"
13511,2496,"2024-05-03","Confirmation",5,121,"converted"
13512,54,"2024-03-17","Home",1,205,"viewed"
13513,2411,"2024-05-20","Pricing Page",2,67,"dropped"
13514,2730,"2024-05-27","Pricing Page",2,45,"dropped"
13515,2183,"2024-05-10","Pricing Page",2,66,"dropped"
13516,2429,"2024-03-18","Plan Selection",3,64,"dropped"
13517,1051,"2024-01-09","Home",1,169,"clicked"
13518,2084,"2024-02-10","Home",1,108,"clicked"
13519,1044,"2024-04-26","Home",1,201,"clicked"
13520,1142,"2024-01-28","Plan Selection",3,135,"clicked"
13521,1673,"2024-06-16","Confirmation",5,202,"converted"
13522,2927,"2024-06-27","Home",1,26,"clicked"
13523,2093,"2024-02-27","Plan Selection",3,120,"clicked"
13524,1890,"2024-03-09","Confirmation",5,179,"converted"
13525,775,"2024-05-14","Confirmation",5,105,"converted"
13526,1670,"2024-03-05","Home",1,100,"viewed"
13527,1215,"2024-01-31","Plan Selection",3,129,"dropped"
13528,2435,"2024-05-06","Home",1,48,"viewed"
13529,1129,"2024-04-01","Pricing Page",2,54,"dropped"
13530,1696,"2024-04-05","Confirmation",5,28,"converted"
13531,2006,"2024-01-11","Pricing Page",2,38,"clicked"
13532,10,"2024-02-22","Pricing Page",2,38,"dropped"
13533,121,"2024-04-26","Home",1,120,"clicked"
13534,2026,"2024-06-26","Payment",4,91,"clicked"
13535,2669,"2024-02-03","Pricing Page",2,51,"viewed"
13536,21,"2024-04-06","Plan Selection",3,142,"clicked"
13537,2396,"2024-06-15","Home",1,55,"clicked"
13538,114,"2024-04-11","Plan Selection",3,152,"clicked"
13539,1630,"2024-01-19","Confirmation",5,38,"converted"
13540,151,"2024-05-27","Confirmation",5,50,"converted"
13541,656,"2024-03-29","Payment",4,97,"viewed"
13542,2757,"2024-01-11","Plan Selection",3,99,"viewed"
13543,2900,"2024-06-02","Pricing Page",2,44,"dropped"
13544,1410,"2024-02-20","Confirmation",5,18,"converted"
13545,839,"2024-02-20","Plan Selection",3,187,"viewed"
13546,995,"2024-02-18","Pricing Page",2,55,"dropped"
13547,133,"2024-02-12","Home",1,122,"viewed"
13548,1691,"2024-06-05","Plan Selection",3,129,"dropped"
13549,1786,"2024-05-13","Confirmation",5,79,"converted"
13550,16,"2024-06-25","Payment",4,95,"clicked"
13551,969,"2024-01-10","Pricing Page",2,38,"clicked"
13552,2488,"2024-04-08","Pricing Page",2,55,"dropped"
13553,1224,"2024-02-28","Pricing Page",2,58,"clicked"
13554,657,"2024-02-14","Plan Selection",3,39,"dropped"
13555,1826,"2024-01-02","Pricing Page",2,32,"clicked"
13556,1411,"2024-01-23","Home",1,134,"clicked"
13557,2271,"2024-02-07","Payment",4,48,"viewed"
13558,2436,"2024-01-05","Plan Selection",3,79,"viewed"
13559,1164,"2024-06-08","Pricing Page",2,54,"dropped"
13560,2218,"2024-03-20","Confirmation",5,135,"converted"
13561,487,"2024-06-17","Home",1,21,"viewed"
13562,2016,"2024-01-11","Pricing Page",2,34,"dropped"
13563,1755,"2024-06-08","Plan Selection",3,128,"dropped"
13564,961,"2024-04-08","Payment",4,40,"clicked"
13565,46,"2024-04-17","Confirmation",5,168,"converted"
13566,667,"2024-05-12","Confirmation",5,168,"converted"
13567,2933,"2024-04-01","Plan Selection",3,92,"clicked"
13568,781,"2024-03-14","Pricing Page",2,31,"clicked"
13569,741,"2024-05-24","Pricing Page",2,65,"clicked"
13570,2838,"2024-04-07","Payment",4,133,"clicked"
13571,2613,"2024-05-10","Home",1,179,"dropped"
13572,1645,"2024-01-17","Payment",4,167,"clicked"
13573,325,"2024-01-12","Confirmation",5,157,"converted"
13574,2197,"2024-03-22","Home",1,191,"clicked"
13575,724,"2024-01-05","Pricing Page",2,57,"dropped"
13576,2833,"2024-05-11","Payment",4,184,"viewed"
13577,31,"2024-02-19","Pricing Page",2,56,"dropped"
13578,1034,"2024-04-04","Plan Selection",3,77,"viewed"
13579,2185,"2024-05-23","Payment",4,122,"clicked"
13580,1567,"2024-02-21","Payment",4,104,"viewed"
13581,1069,"2024-04-04","Plan Selection",3,30,"viewed"
13582,834,"2024-04-25","Pricing Page",2,63,"dropped"
13583,1455,"2024-05-24","Plan Selection",3,58,"viewed"
13584,1216,"2024-01-28","Plan Selection",3,53,"clicked"
13585,2377,"2024-03-30","Home",1,206,"viewed"
13586,604,"2024-01-22","Confirmation",5,128,"converted"
13587,2964,"2024-01-30","Payment",4,174,"clicked"
13588,421,"2024-01-25","Pricing Page",2,56,"clicked"
13589,1455,"2024-04-09","Pricing Page",2,62,"dropped"
13590,2610,"2024-04-05","Home",1,127,"viewed"
13591,1214,"2024-04-04","Pricing Page",2,50,"viewed"
13592,1363,"2024-03-17","Payment",4,117,"clicked"
13593,1107,"2024-04-28","Home",1,193,"dropped"
13594,1644,"2024-04-10","Home",1,16,"viewed"
13595,1760,"2024-05-11","Payment",4,35,"dropped"
13596,2842,"2024-04-06","Payment",4,121,"clicked"
13597,2326,"2024-01-02","Plan Selection",3,117,"clicked"
13598,322,"2024-06-13","Pricing Page",2,48,"dropped"
13599,2298,"2024-02-26","Pricing Page",2,41,"dropped"
13600,1742,"2024-03-23","Plan Selection",3,67,"viewed"
13601,1121,"2024-02-28","Plan Selection",3,123,"clicked"
13602,2565,"2024-03-02","Home",1,135,"viewed"
13603,2753,"2024-02-24","Payment",4,193,"clicked"
13604,2040,"2024-04-07","Plan Selection",3,152,"clicked"
13605,1876,"2024-03-26","Pricing Page",2,38,"clicked"
13606,46,"2024-02-13","Home",1,24,"viewed"
13607,648,"2024-03-16","Pricing Page",2,67,"dropped"
13608,1848,"2024-04-12","Confirmation",5,65,"converted"
13609,1184,"2024-01-26","Plan Selection",3,48,"clicked"
13610,1119,"2024-05-05","Pricing Page",2,59,"dropped"
13611,650,"2024-05-02","Payment",4,134,"viewed"
13612,2155,"2024-06-01","Home",1,161,"viewed"
13613,2383,"2024-01-24","Pricing Page",2,30,"dropped"
13614,2469,"2024-04-22","Plan Selection",3,66,"clicked"
13615,2299,"2024-02-17","Home",1,78,"viewed"
13616,283,"2024-04-18","Payment",4,170,"viewed"
13617,2545,"2024-05-04","Confirmation",5,84,"converted"
13618,611,"2024-06-11","Confirmation",5,160,"converted"
13619,246,"2024-01-29","Plan Selection",3,60,"viewed"
13620,997,"2024-05-26","Home",1,180,"dropped"
13621,2836,"2024-03-16","Pricing Page",2,39,"dropped"
13622,973,"2024-01-22","Plan Selection",3,171,"dropped"
13623,835,"2024-06-24","Home",1,35,"viewed"
13624,2203,"2024-05-24","Payment",4,120,"clicked"
13625,1000,"2024-03-25","Pricing Page",2,47,"dropped"
13626,2813,"2024-06-19","Confirmation",5,142,"converted"
13627,1852,"2024-01-19","Plan Selection",3,196,"viewed"
13628,2476,"2024-06-21","Pricing Page",2,54,"viewed"
13629,142,"2024-03-13","Payment",4,39,"dropped"
13630,581,"2024-04-15","Pricing Page",2,66,"clicked"
13631,2619,"2024-01-23","Confirmation",5,132,"converted"
13632,191,"2024-03-29","Pricing Page",2,61,"dropped"
13633,643,"2024-05-17","Home",1,105,"viewed"
13634,799,"2024-04-02","Payment",4,52,"viewed"
13635,1444,"2024-06-17","Pricing Page",2,46,"clicked"
13636,2989,"2024-05-01","Pricing Page",2,64,"dropped"
13637,1328,"2024-04-15","Plan Selection",3,49,"dropped"
13638,1612,"2024-01-01","Pricing Page",2,31,"viewed"
13639,2338,"2024-06-21","Pricing Page",2,44,"viewed"
13640,2346,"2024-02-11","Payment",4,72,"dropped"
13641,2606,"2024-06-04","Plan Selection",3,186,"clicked"
13642,42,"2024-01-14","Pricing Page",2,42,"dropped"
13643,669,"2024-05-30","Pricing Page",2,67,"dropped"
13644,830,"2024-01-07","Pricing Page",2,50,"dropped"
13645,2254,"2024-04-30","Home",1,79,"clicked"
13646,1989,"2024-05-04","Pricing Page",2,43,"dropped"
13647,1072,"2024-01-07","Home",1,93,"viewed"
13648,1935,"2024-06-08","Pricing Page",2,60,"dropped"
13649,1114,"2024-06-07","Pricing Page",2,59,"clicked"
13650,2945,"2024-03-14","Home",1,43,"viewed"
13651,1583,"2024-05-28","Plan Selection",3,42,"dropped"
13652,2150,"2024-06-04","Home",1,35,"dropped"
13653,2222,"2024-01-05","Confirmation",5,96,"converted"
13654,1351,"2024-06-22","Pricing Page",2,48,"dropped"
13655,284,"2024-02-02","Plan Selection",3,113,"viewed"
13656,658,"2024-05-30","Plan Selection",3,20,"viewed"
13657,1402,"2024-01-30","Pricing Page",2,47,"clicked"
13658,2689,"2024-02-18","Plan Selection",3,92,"dropped"
13659,1396,"2024-06-12","Home",1,184,"dropped"
13660,1291,"2024-01-23","Pricing Page",2,38,"clicked"
13661,1131,"2024-04-07","Plan Selection",3,41,"dropped"
13662,575,"2024-04-10","Pricing Page",2,49,"dropped"
13663,2948,"2024-02-17","Pricing Page",2,59,"viewed"
13664,1915,"2024-03-15","Home",1,95,"viewed"
13665,1364,"2024-01-06","Payment",4,171,"viewed"
13666,268,"2024-03-02","Pricing Page",2,33,"dropped"
13667,2999,"2024-02-06","Home",1,109,"clicked"
13668,1876,"2024-06-03","Pricing Page",2,50,"viewed"
13669,1354,"2024-03-15","Plan Selection",3,76,"clicked"
13670,1687,"2024-02-20","Plan Selection",3,145,"clicked"
13671,1095,"2024-06-27","Payment",4,58,"viewed"
13672,2084,"2024-03-17","Home",1,183,"clicked"
13673,2148,"2024-05-22","Payment",4,116,"clicked"
13674,178,"2024-02-24","Pricing Page",2,51,"clicked"
13675,378,"2024-04-26","Payment",4,60,"viewed"
13676,96,"2024-06-08","Pricing Page",2,67,"viewed"
13677,1252,"2024-03-30","Pricing Page",2,56,"dropped"
13678,1391,"2024-06-13","Home",1,24,"viewed"
13679,464,"2024-01-28","Pricing Page",2,30,"dropped"
13680,363,"2024-06-09","Home",1,140,"dropped"
13681,1443,"2024-01-25","Pricing Page",2,54,"dropped"
13682,296,"2024-04-15","Plan Selection",3,67,"viewed"
13683,708,"2024-02-27","Confirmation",5,110,"converted"
13684,2530,"2024-05-07","Confirmation",5,170,"converted"
13685,191,"2024-06-14","Pricing Page",2,41,"dropped"
13686,48,"2024-04-29","Pricing Page",2,45,"dropped"
13687,173,"2024-04-14","Payment",4,190,"clicked"
13688,2657,"2024-03-27","Plan Selection",3,44,"viewed"
13689,62,"2024-06-26","Payment",4,52,"clicked"
13690,590,"2024-02-21","Payment",4,78,"dropped"
13691,2893,"2024-02-10","Pricing Page",2,43,"clicked"
13692,833,"2024-05-31","Pricing Page",2,45,"dropped"
13693,714,"2024-04-17","Pricing Page",2,52,"clicked"
13694,453,"2024-04-12","Pricing Page",2,42,"clicked"
13695,1779,"2024-01-29","Home",1,117,"viewed"
13696,2500,"2024-01-18","Confirmation",5,135,"converted"
13697,535,"2024-01-03","Plan Selection",3,140,"viewed"
13698,758,"2024-03-02","Confirmation",5,137,"converted"
13699,1192,"2024-01-14","Home",1,141,"viewed"
13700,2545,"2024-06-20","Home",1,34,"dropped"
13701,2303,"2024-05-17","Pricing Page",2,43,"dropped"
13702,2331,"2024-03-27","Home",1,175,"viewed"
13703,1381,"2024-03-01","Pricing Page",2,42,"dropped"
13704,2259,"2024-02-02","Plan Selection",3,141,"clicked"
13705,2541,"2024-01-27","Home",1,111,"viewed"
13706,920,"2024-04-25","Pricing Page",2,50,"dropped"
13707,1383,"2024-02-15","Payment",4,132,"clicked"
13708,1192,"2024-04-26","Home",1,49,"viewed"
13709,2973,"2024-02-06","Home",1,123,"viewed"
13710,2998,"2024-05-19","Payment",4,209,"clicked"
13711,139,"2024-01-01","Confirmation",5,88,"converted"
13712,937,"2024-03-11","Home",1,181,"clicked"
13713,2432,"2024-02-10","Plan Selection",3,154,"clicked"
13714,2281,"2024-01-08","Confirmation",5,111,"converted"
13715,2288,"2024-02-21","Home",1,184,"viewed"
13716,37,"2024-02-20","Pricing Page",2,30,"viewed"
13717,1630,"2024-06-27","Pricing Page",2,52,"dropped"
13718,1244,"2024-03-03","Pricing Page",2,41,"clicked"
13719,1028,"2024-02-06","Confirmation",5,65,"converted"
13720,1366,"2024-03-21","Payment",4,207,"clicked"
13721,2162,"2024-04-17","Payment",4,65,"viewed"
13722,2811,"2024-05-28","Pricing Page",2,38,"dropped"
13723,2610,"2024-05-25","Pricing Page",2,56,"clicked"
13724,896,"2024-01-04","Pricing Page",2,59,"dropped"
13725,2119,"2024-04-03","Pricing Page",2,61,"dropped"
13726,479,"2024-02-24","Home",1,44,"viewed"
13727,1830,"2024-04-13","Home",1,93,"dropped"
13728,2388,"2024-06-20","Pricing Page",2,66,"clicked"
13729,1925,"2024-01-18","Plan Selection",3,122,"dropped"
13730,2431,"2024-05-15","Pricing Page",2,48,"clicked"
13731,172,"2024-05-25","Payment",4,184,"viewed"
13732,999,"2024-02-23","Pricing Page",2,43,"viewed"
13733,2898,"2024-02-12","Pricing Page",2,50,"clicked"
13734,1858,"2024-04-03","Payment",4,31,"clicked"
13735,1284,"2024-01-16","Home",1,98,"viewed"
13736,1926,"2024-05-29","Pricing Page",2,55,"dropped"
13737,2803,"2024-04-24","Pricing Page",2,63,"dropped"
13738,1976,"2024-04-09","Payment",4,55,"viewed"
13739,1105,"2024-03-15","Confirmation",5,110,"converted"
13740,2039,"2024-06-09","Pricing Page",2,46,"dropped"
13741,1198,"2024-02-14","Home",1,104,"dropped"
13742,2325,"2024-01-29","Pricing Page",2,53,"clicked"
13743,2021,"2024-04-07","Plan Selection",3,147,"clicked"
13744,684,"2024-05-18","Home",1,95,"viewed"
13745,740,"2024-01-21","Payment",4,170,"clicked"
13746,550,"2024-03-07","Pricing Page",2,39,"clicked"
13747,1316,"2024-02-03","Plan Selection",3,116,"viewed"
13748,1353,"2024-05-28","Payment",4,79,"clicked"
13749,539,"2024-04-12","Pricing Page",2,60,"viewed"
13750,383,"2024-01-03","Plan Selection",3,87,"viewed"
13751,849,"2024-05-14","Payment",4,30,"viewed"
13752,752,"2024-04-03","Payment",4,138,"viewed"
13753,1579,"2024-04-11","Pricing Page",2,51,"dropped"
13754,626,"2024-04-07","Home",1,143,"dropped"
13755,2513,"2024-05-03","Confirmation",5,111,"converted"
13756,2408,"2024-03-29","Home",1,151,"clicked"
13757,135,"2024-06-16","Pricing Page",2,57,"clicked"
13758,273,"2024-01-05","Payment",4,46,"clicked"
13759,869,"2024-03-02","Payment",4,40,"dropped"
13760,2382,"2024-02-10","Payment",4,207,"viewed"
13761,2401,"2024-05-13","Pricing Page",2,46,"dropped"
13762,1376,"2024-06-17","Pricing Page",2,57,"dropped"
13763,2914,"2024-05-06","Plan Selection",3,180,"clicked"
13764,2703,"2024-01-05","Pricing Page",2,32,"dropped"
13765,1609,"2024-02-04","Pricing Page",2,34,"clicked"
13766,413,"2024-04-06","Pricing Page",2,58,"clicked"
13767,1230,"2024-06-21","Plan Selection",3,165,"clicked"
13768,758,"2024-02-25","Payment",4,206,"clicked"
13769,2702,"2024-05-23","Pricing Page",2,66,"viewed"
13770,2720,"2024-05-02","Plan Selection",3,78,"viewed"
13771,1174,"2024-06-12","Pricing Page",2,39,"dropped"
13772,2246,"2024-02-07","Payment",4,84,"clicked"
13773,563,"2024-04-10","Pricing Page",2,50,"dropped"
13774,2163,"2024-03-20","Home",1,186,"clicked"
13775,2340,"2024-01-09","Confirmation",5,68,"converted"
13776,2399,"2024-01-23","Pricing Page",2,52,"dropped"
13777,569,"2024-05-02","Payment",4,23,"viewed"
13778,418,"2024-01-18","Home",1,10,"viewed"
13779,555,"2024-03-15","Pricing Page",2,45,"clicked"
13780,2763,"2024-03-16","Pricing Page",2,47,"clicked"
13781,459,"2024-06-14","Home",1,175,"viewed"
13782,1350,"2024-06-10","Home",1,191,"dropped"
13783,677,"2024-04-10","Home",1,181,"viewed"
13784,887,"2024-04-10","Confirmation",5,170,"converted"
13785,963,"2024-02-06","Home",1,138,"dropped"
13786,1155,"2024-05-13","Plan Selection",3,98,"viewed"
13787,2318,"2024-01-01","Plan Selection",3,104,"clicked"
13788,2949,"2024-01-13","Pricing Page",2,54,"viewed"
13789,2506,"2024-04-20","Plan Selection",3,183,"viewed"
13790,133,"2024-01-06","Home",1,206,"viewed"
13791,1195,"2024-03-10","Payment",4,102,"dropped"
13792,913,"2024-01-20","Plan Selection",3,179,"clicked"
13793,360,"2024-04-18","Plan Selection",3,96,"dropped"
13794,2347,"2024-02-17","Confirmation",5,28,"converted"
13795,1611,"2024-03-13","Pricing Page",2,54,"viewed"
13796,2228,"2024-02-08","Payment",4,112,"dropped"
13797,2417,"2024-05-29","Plan Selection",3,20,"dropped"
13798,1820,"2024-04-13","Home",1,102,"dropped"
13799,1975,"2024-04-29","Pricing Page",2,59,"dropped"
13800,1123,"2024-03-10","Payment",4,174,"viewed"
13801,614,"2024-05-27","Pricing Page",2,65,"dropped"
13802,2564,"2024-06-17","Home",1,133,"viewed"
13803,1258,"2024-04-05","Pricing Page",2,48,"dropped"
13804,2222,"2024-01-08","Confirmation",5,176,"converted"
13805,527,"2024-03-11","Pricing Page",2,56,"dropped"
13806,932,"2024-06-25","Confirmation",5,168,"converted"
13807,388,"2024-02-18","Confirmation",5,12,"converted"
13808,528,"2024-05-31","Plan Selection",3,164,"viewed"
13809,522,"2024-02-01","Pricing Page",2,35,"viewed"
13810,2312,"2024-02-19","Home",1,112,"clicked"
13811,832,"2024-02-23","Plan Selection",3,76,"viewed"
13812,1942,"2024-01-10","Pricing Page",2,42,"dropped"
13813,1218,"2024-04-26","Confirmation",5,12,"converted"
13814,318,"2024-03-29","Home",1,40,"clicked"
13815,1501,"2024-02-29","Home",1,146,"dropped"
13816,196,"2024-02-16","Home",1,134,"viewed"
13817,1611,"2024-01-08","Plan Selection",3,180,"clicked"
13818,2388,"2024-04-13","Pricing Page",2,56,"clicked"
13819,2007,"2024-02-10","Home",1,192,"dropped"
13820,931,"2024-06-16","Plan Selection",3,139,"dropped"
13821,2973,"2024-03-12","Home",1,176,"dropped"
13822,656,"2024-04-30","Plan Selection",3,88,"viewed"
13823,1390,"2024-04-05","Pricing Page",2,59,"clicked"
13824,2602,"2024-06-16","Home",1,70,"clicked"
13825,1433,"2024-06-21","Pricing Page",2,62,"dropped"
13826,2230,"2024-04-21","Payment",4,100,"viewed"
13827,2976,"2024-06-21","Payment",4,33,"dropped"
13828,1812,"2024-03-22","Pricing Page",2,62,"clicked"
13829,1738,"2024-03-25","Plan Selection",3,134,"clicked"
13830,1888,"2024-02-14","Pricing Page",2,59,"viewed"
13831,661,"2024-04-22","Pricing Page",2,50,"clicked"
13832,60,"2024-01-30","Payment",4,77,"clicked"
13833,2831,"2024-04-08","Confirmation",5,166,"converted"
13834,785,"2024-06-23","Home",1,62,"dropped"
13835,850,"2024-05-20","Home",1,178,"dropped"
13836,2925,"2024-04-14","Confirmation",5,24,"converted"
13837,1468,"2024-02-10","Plan Selection",3,118,"viewed"
13838,931,"2024-02-04","Home",1,110,"clicked"
13839,2433,"2024-04-30","Confirmation",5,108,"converted"
13840,2293,"2024-03-03","Pricing Page",2,34,"clicked"
13841,2807,"2024-02-10","Pricing Page",2,58,"viewed"
13842,2995,"2024-05-03","Pricing Page",2,39,"dropped"
13843,2914,"2024-05-18","Confirmation",5,71,"converted"
13844,2286,"2024-06-10","Home",1,56,"viewed"
13845,1032,"2024-06-11","Pricing Page",2,55,"dropped"
13846,2797,"2024-01-11","Pricing Page",2,39,"dropped"
13847,1407,"2024-01-18","Home",1,18,"dropped"
13848,11,"2024-06-18","Plan Selection",3,111,"clicked"
13849,629,"2024-03-15","Pricing Page",2,64,"dropped"
13850,956,"2024-06-27","Confirmation",5,205,"converted"
13851,2773,"2024-05-04","Plan Selection",3,57,"dropped"
13852,1099,"2024-02-02","Payment",4,108,"dropped"
13853,2086,"2024-03-09","Payment",4,178,"viewed"
13854,1747,"2024-03-22","Pricing Page",2,42,"dropped"
13855,2305,"2024-01-21","Pricing Page",2,59,"dropped"
13856,1463,"2024-02-04","Pricing Page",2,57,"dropped"
13857,1553,"2024-03-21","Plan Selection",3,207,"viewed"
13858,2244,"2024-06-14","Pricing Page",2,66,"clicked"
13859,1546,"2024-04-15","Pricing Page",2,41,"dropped"
13860,744,"2024-04-28","Plan Selection",3,136,"viewed"
13861,390,"2024-05-30","Payment",4,90,"viewed"
13862,540,"2024-06-05","Payment",4,66,"dropped"
13863,1946,"2024-06-19","Payment",4,201,"clicked"
13864,2104,"2024-06-23","Plan Selection",3,150,"clicked"
13865,1949,"2024-02-05","Home",1,117,"viewed"
13866,1418,"2024-04-02","Home",1,37,"clicked"
13867,149,"2024-03-07","Plan Selection",3,78,"viewed"
13868,512,"2024-06-18","Home",1,18,"viewed"
13869,1175,"2024-06-01","Home",1,151,"clicked"
13870,2578,"2024-01-20","Confirmation",5,95,"converted"
13871,855,"2024-01-27","Payment",4,199,"dropped"
13872,2130,"2024-02-08","Confirmation",5,26,"converted"
13873,1717,"2024-04-21","Pricing Page",2,67,"clicked"
13874,2643,"2024-01-24","Home",1,142,"clicked"
13875,1328,"2024-03-04","Pricing Page",2,32,"dropped"
13876,1870,"2024-04-13","Confirmation",5,60,"converted"
13877,842,"2024-04-26","Pricing Page",2,67,"clicked"
13878,2445,"2024-05-28","Plan Selection",3,181,"clicked"
13879,2682,"2024-04-16","Pricing Page",2,54,"viewed"
13880,654,"2024-01-30","Home",1,66,"viewed"
13881,2748,"2024-05-10","Payment",4,33,"dropped"
13882,2195,"2024-04-20","Payment",4,92,"clicked"
13883,1185,"2024-03-11","Payment",4,146,"dropped"
13884,1455,"2024-01-19","Home",1,198,"clicked"
13885,103,"2024-03-22","Home",1,93,"viewed"
13886,2512,"2024-03-01","Home",1,172,"clicked"
13887,1319,"2024-03-25","Home",1,157,"clicked"
13888,2278,"2024-01-03","Payment",4,199,"clicked"
13889,2529,"2024-02-07","Pricing Page",2,56,"viewed"
13890,2696,"2024-05-18","Home",1,84,"clicked"
13891,660,"2024-05-05","Payment",4,200,"clicked"
13892,2625,"2024-03-01","Home",1,53,"viewed"
13893,500,"2024-06-18","Home",1,35,"dropped"
13894,2897,"2024-04-22","Pricing Page",2,43,"dropped"
13895,2410,"2024-02-08","Plan Selection",3,133,"dropped"
13896,2355,"2024-04-08","Pricing Page",2,45,"dropped"
13897,1857,"2024-06-10","Plan Selection",3,86,"dropped"
13898,545,"2024-05-09","Home",1,205,"viewed"
13899,416,"2024-02-15","Payment",4,99,"viewed"
13900,662,"2024-06-24","Home",1,204,"clicked"
13901,2405,"2024-06-25","Pricing Page",2,49,"dropped"
13902,1746,"2024-02-18","Plan Selection",3,31,"viewed"
13903,1848,"2024-05-10","Payment",4,128,"viewed"
13904,2466,"2024-06-20","Pricing Page",2,51,"dropped"
13905,1012,"2024-01-09","Pricing Page",2,58,"dropped"
13906,1787,"2024-05-09","Payment",4,168,"viewed"
13907,1910,"2024-03-08","Confirmation",5,139,"converted"
13908,1135,"2024-06-20","Plan Selection",3,49,"dropped"
13909,733,"2024-05-09","Payment",4,28,"viewed"
13910,1013,"2024-06-14","Plan Selection",3,29,"viewed"
13911,1889,"2024-05-23","Home",1,204,"viewed"
13912,941,"2024-04-24","Pricing Page",2,44,"dropped"
13913,904,"2024-03-03","Payment",4,35,"dropped"
13914,795,"2024-06-18","Confirmation",5,143,"converted"
13915,1952,"2024-02-14","Pricing Page",2,51,"clicked"
13916,268,"2024-04-06","Pricing Page",2,48,"dropped"
13917,2038,"2024-05-20","Payment",4,192,"dropped"
13918,889,"2024-03-25","Pricing Page",2,61,"clicked"
13919,2957,"2024-06-11","Plan Selection",3,206,"clicked"
13920,1637,"2024-05-31","Plan Selection",3,46,"clicked"
13921,2907,"2024-06-17","Payment",4,11,"viewed"
13922,2126,"2024-02-25","Pricing Page",2,34,"clicked"
13923,2388,"2024-04-29","Confirmation",5,121,"converted"
13924,233,"2024-05-08","Pricing Page",2,50,"dropped"
13925,1134,"2024-04-05","Plan Selection",3,201,"clicked"
13926,1208,"2024-02-15","Home",1,104,"dropped"
13927,2094,"2024-05-28","Home",1,133,"dropped"
13928,922,"2024-03-21","Pricing Page",2,42,"clicked"
13929,2106,"2024-01-06","Home",1,50,"viewed"
13930,1592,"2024-02-01","Pricing Page",2,54,"dropped"
13931,363,"2024-04-27","Payment",4,96,"clicked"
13932,1200,"2024-03-09","Plan Selection",3,80,"viewed"
13933,948,"2024-04-09","Payment",4,91,"clicked"
13934,2273,"2024-01-01","Payment",4,140,"dropped"
13935,1081,"2024-04-21","Confirmation",5,29,"converted"
13936,1573,"2024-02-29","Home",1,83,"viewed"
13937,211,"2024-03-21","Home",1,146,"clicked"
13938,2938,"2024-05-03","Pricing Page",2,46,"dropped"
13939,1239,"2024-06-10","Pricing Page",2,50,"dropped"
13940,2865,"2024-03-21","Pricing Page",2,52,"dropped"
13941,2674,"2024-05-02","Plan Selection",3,121,"viewed"
13942,1404,"2024-03-23","Confirmation",5,17,"converted"
13943,1629,"2024-04-18","Pricing Page",2,40,"dropped"
13944,1236,"2024-01-07","Confirmation",5,144,"converted"
13945,1453,"2024-03-14","Plan Selection",3,150,"viewed"
13946,2135,"2024-02-17","Home",1,34,"dropped"
13947,2731,"2024-03-11","Pricing Page",2,56,"viewed"
13948,1418,"2024-06-06","Confirmation",5,29,"converted"
13949,1947,"2024-06-22","Payment",4,81,"dropped"
13950,454,"2024-01-05","Plan Selection",3,57,"dropped"
13951,1008,"2024-01-09","Pricing Page",2,30,"dropped"
13952,1862,"2024-01-23","Payment",4,100,"viewed"
13953,1440,"2024-03-30","Home",1,152,"clicked"
13954,162,"2024-06-22","Plan Selection",3,56,"clicked"
13955,2371,"2024-01-11","Confirmation",5,103,"converted"
13956,1618,"2024-02-24","Confirmation",5,113,"converted"
13957,2828,"2024-01-29","Confirmation",5,68,"converted"
13958,1851,"2024-02-06","Home",1,39,"clicked"
13959,2871,"2024-06-20","Payment",4,113,"viewed"
13960,931,"2024-04-24","Pricing Page",2,45,"dropped"
13961,94,"2024-03-29","Pricing Page",2,47,"dropped"
13962,1550,"2024-01-21","Home",1,148,"clicked"
13963,504,"2024-03-29","Confirmation",5,69,"converted"
13964,1859,"2024-02-07","Home",1,66,"viewed"
13965,1546,"2024-06-22","Pricing Page",2,47,"viewed"
13966,1548,"2024-06-09","Confirmation",5,173,"converted"
13967,1189,"2024-04-05","Pricing Page",2,58,"dropped"
13968,1370,"2024-06-22","Pricing Page",2,44,"clicked"
13969,796,"2024-06-29","Home",1,10,"clicked"
13970,157,"2024-01-05","Confirmation",5,167,"converted"
13971,62,"2024-05-13","Plan Selection",3,199,"viewed"
13972,1059,"2024-02-14","Home",1,36,"dropped"
13973,952,"2024-01-29","Payment",4,143,"viewed"
13974,728,"2024-05-01","Plan Selection",3,25,"clicked"
13975,1411,"2024-05-11","Pricing Page",2,66,"dropped"
13976,2358,"2024-04-04","Pricing Page",2,57,"dropped"
13977,2396,"2024-02-29","Pricing Page",2,39,"viewed"
13978,2935,"2024-04-07","Payment",4,45,"viewed"
13979,1610,"2024-06-01","Plan Selection",3,97,"clicked"
13980,2310,"2024-04-18","Plan Selection",3,132,"dropped"
13981,828,"2024-02-25","Plan Selection",3,140,"dropped"
13982,1987,"2024-06-18","Plan Selection",3,137,"dropped"
13983,1992,"2024-06-25","Confirmation",5,115,"converted"
13984,2887,"2024-02-11","Pricing Page",2,48,"dropped"
13985,1378,"2024-04-05","Pricing Page",2,60,"viewed"
13986,1332,"2024-03-14","Plan Selection",3,68,"clicked"
13987,2611,"2024-02-25","Confirmation",5,140,"converted"
13988,1591,"2024-05-04","Payment",4,44,"clicked"
13989,346,"2024-04-17","Plan Selection",3,79,"viewed"
13990,889,"2024-06-07","Pricing Page",2,60,"dropped"
13991,1998,"2024-01-28","Payment",4,88,"viewed"
13992,128,"2024-02-21","Pricing Page",2,48,"dropped"
13993,2713,"2024-01-17","Payment",4,104,"dropped"
13994,328,"2024-02-12","Payment",4,106,"viewed"
13995,330,"2024-05-26","Payment",4,48,"viewed"
13996,1215,"2024-04-24","Confirmation",5,171,"converted"
13997,665,"2024-05-03","Payment",4,148,"dropped"
13998,50,"2024-03-18","Home",1,33,"clicked"
13999,1195,"2024-06-19","Plan Selection",3,154,"dropped"
14000,661,"2024-06-06","Plan Selection",3,186,"clicked"
14001,2713,"2024-04-16","Pricing Page",2,51,"dropped"
14002,233,"2024-06-20","Pricing Page",2,57,"clicked"
14003,2171,"2024-03-17","Confirmation",5,105,"converted"
14004,1606,"2024-02-14","Plan Selection",3,83,"viewed"
14005,2262,"2024-06-04","Home",1,122,"viewed"
14006,2875,"2024-04-19","Home",1,193,"dropped"
14007,2889,"2024-03-11","Home",1,27,"clicked"
14008,493,"2024-06-23","Pricing Page",2,61,"viewed"
14009,1278,"2024-02-13","Confirmation",5,194,"converted"
14010,2483,"2024-03-07","Pricing Page",2,50,"dropped"
14011,2329,"2024-05-20","Plan Selection",3,88,"clicked"
14012,1473,"2024-03-23","Payment",4,132,"viewed"
14013,1612,"2024-04-30","Plan Selection",3,116,"clicked"
14014,310,"2024-06-11","Home",1,62,"viewed"
14015,2566,"2024-01-17","Confirmation",5,51,"converted"
14016,1025,"2024-01-16","Pricing Page",2,54,"viewed"
14017,2040,"2024-06-16","Plan Selection",3,45,"dropped"
14018,87,"2024-05-26","Confirmation",5,78,"converted"
14019,2542,"2024-02-08","Plan Selection",3,203,"clicked"
14020,1306,"2024-03-09","Plan Selection",3,160,"dropped"
14021,2745,"2024-03-26","Plan Selection",3,135,"clicked"
14022,2130,"2024-04-17","Payment",4,82,"clicked"
14023,1747,"2024-06-13","Payment",4,57,"viewed"
14024,976,"2024-02-07","Home",1,137,"dropped"
14025,796,"2024-02-09","Pricing Page",2,55,"dropped"
14026,2756,"2024-05-13","Confirmation",5,96,"converted"
14027,1102,"2024-04-08","Plan Selection",3,105,"clicked"
14028,459,"2024-02-08","Plan Selection",3,96,"clicked"
14029,873,"2024-03-31","Plan Selection",3,140,"clicked"
14030,2647,"2024-02-25","Confirmation",5,120,"converted"
14031,206,"2024-05-04","Pricing Page",2,42,"dropped"
14032,2225,"2024-04-15","Plan Selection",3,151,"clicked"
14033,607,"2024-04-21","Pricing Page",2,53,"dropped"
14034,514,"2024-03-19","Plan Selection",3,201,"viewed"
14035,827,"2024-06-10","Plan Selection",3,104,"clicked"
14036,2951,"2024-03-26","Pricing Page",2,58,"dropped"
14037,2165,"2024-01-27","Plan Selection",3,80,"dropped"
14038,1204,"2024-05-12","Pricing Page",2,39,"viewed"
14039,650,"2024-03-27","Payment",4,67,"dropped"
14040,346,"2024-06-28","Plan Selection",3,31,"viewed"
14041,214,"2024-02-28","Pricing Page",2,31,"viewed"
14042,2435,"2024-01-19","Home",1,26,"dropped"
14043,1858,"2024-04-14","Home",1,96,"dropped"
14044,86,"2024-06-20","Plan Selection",3,86,"viewed"
14045,2148,"2024-04-30","Home",1,187,"viewed"
14046,2777,"2024-06-06","Plan Selection",3,62,"clicked"
14047,539,"2024-01-21","Home",1,176,"dropped"
14048,2368,"2024-05-19","Pricing Page",2,43,"dropped"
14049,1235,"2024-06-10","Pricing Page",2,51,"dropped"
14050,713,"2024-04-30","Plan Selection",3,15,"clicked"
14051,1562,"2024-04-26","Plan Selection",3,81,"viewed"
14052,88,"2024-05-03","Pricing Page",2,55,"viewed"
14053,2223,"2024-01-06","Confirmation",5,111,"converted"
14054,2350,"2024-03-12","Plan Selection",3,187,"clicked"
14055,949,"2024-05-24","Home",1,161,"viewed"
14056,815,"2024-02-11","Pricing Page",2,57,"clicked"
14057,1490,"2024-04-04","Home",1,22,"viewed"
14058,1563,"2024-05-20","Pricing Page",2,45,"dropped"
14059,1649,"2024-06-27","Pricing Page",2,53,"clicked"
14060,2634,"2024-03-01","Home",1,57,"dropped"
14061,1385,"2024-02-07","Plan Selection",3,127,"dropped"
14062,1052,"2024-05-03","Pricing Page",2,59,"dropped"
14063,2017,"2024-04-27","Pricing Page",2,44,"dropped"
14064,518,"2024-05-20","Pricing Page",2,53,"dropped"
14065,253,"2024-05-27","Payment",4,139,"viewed"
14066,57,"2024-05-09","Plan Selection",3,91,"clicked"
14067,1048,"2024-02-06","Confirmation",5,44,"converted"
14068,2984,"2024-03-23","Pricing Page",2,42,"viewed"
14069,2696,"2024-06-06","Plan Selection",3,131,"dropped"
14070,2113,"2024-02-07","Confirmation",5,13,"converted"
14071,922,"2024-03-27","Pricing Page",2,66,"dropped"
14072,1420,"2024-04-18","Plan Selection",3,18,"clicked"
14073,1240,"2024-04-08","Pricing Page",2,60,"dropped"
14074,657,"2024-02-10","Pricing Page",2,50,"dropped"
14075,757,"2024-01-10","Pricing Page",2,39,"dropped"
14076,2477,"2024-04-25","Plan Selection",3,135,"dropped"
14077,573,"2024-06-13","Confirmation",5,44,"converted"
14078,2747,"2024-01-12","Plan Selection",3,138,"clicked"
14079,1905,"2024-04-25","Pricing Page",2,53,"clicked"
14080,2479,"2024-01-24","Home",1,97,"viewed"
14081,554,"2024-05-28","Plan Selection",3,71,"viewed"
14082,1399,"2024-05-05","Home",1,71,"clicked"
14083,1624,"2024-05-30","Plan Selection",3,47,"clicked"
14084,352,"2024-04-13","Plan Selection",3,181,"viewed"
14085,484,"2024-04-11","Pricing Page",2,66,"clicked"
14086,125,"2024-06-06","Pricing Page",2,52,"clicked"
14087,671,"2024-06-16","Confirmation",5,21,"converted"
14088,1174,"2024-05-20","Plan Selection",3,55,"viewed"
14089,933,"2024-04-11","Payment",4,142,"viewed"
14090,1532,"2024-03-23","Payment",4,87,"viewed"
14091,676,"2024-01-18","Payment",4,156,"dropped"
14092,80,"2024-03-13","Confirmation",5,94,"converted"
14093,1010,"2024-03-16","Home",1,28,"clicked"
14094,2986,"2024-02-08","Home",1,167,"viewed"
14095,134,"2024-02-02","Payment",4,56,"viewed"
14096,2567,"2024-04-08","Home",1,28,"dropped"
14097,2701,"2024-03-12","Pricing Page",2,34,"viewed"
14098,254,"2024-05-10","Pricing Page",2,57,"dropped"
14099,2688,"2024-06-23","Home",1,171,"viewed"
14100,1866,"2024-02-21","Plan Selection",3,203,"dropped"
14101,2313,"2024-03-23","Confirmation",5,92,"converted"
14102,584,"2024-05-13","Home",1,73,"clicked"
14103,1052,"2024-06-25","Payment",4,47,"clicked"
14104,2486,"2024-05-07","Home",1,22,"dropped"
14105,2543,"2024-04-21","Plan Selection",3,179,"viewed"
14106,1800,"2024-01-20","Payment",4,90,"viewed"
14107,1940,"2024-06-15","Plan Selection",3,127,"viewed"
14108,2685,"2024-05-02","Plan Selection",3,104,"clicked"
14109,2754,"2024-05-22","Home",1,110,"viewed"
14110,1473,"2024-03-23","Payment",4,134,"viewed"
14111,2315,"2024-05-01","Home",1,51,"viewed"
14112,2811,"2024-06-19","Confirmation",5,155,"converted"
14113,2730,"2024-03-06","Home",1,67,"dropped"
14114,784,"2024-04-23","Pricing Page",2,64,"dropped"
14115,2629,"2024-03-29","Payment",4,142,"viewed"
14116,480,"2024-02-26","Home",1,99,"dropped"
14117,2212,"2024-04-24","Confirmation",5,188,"converted"
14118,1771,"2024-02-18","Plan Selection",3,29,"viewed"
14119,1193,"2024-05-20","Plan Selection",3,28,"clicked"
14120,2220,"2024-03-30","Pricing Page",2,60,"dropped"
14121,2391,"2024-06-22","Pricing Page",2,41,"dropped"
14122,2210,"2024-03-16","Payment",4,34,"viewed"
14123,1682,"2024-06-02","Plan Selection",3,55,"clicked"
14124,2105,"2024-01-14","Pricing Page",2,34,"viewed"
14125,1250,"2024-01-26","Pricing Page",2,53,"clicked"
14126,2670,"2024-03-28","Payment",4,58,"dropped"
14127,925,"2024-04-03","Plan Selection",3,157,"viewed"
14128,1086,"2024-04-30","Pricing Page",2,43,"dropped"
14129,1718,"2024-02-03","Home",1,98,"viewed"
14130,2192,"2024-05-28","Confirmation",5,26,"converted"
14131,2085,"2024-02-10","Home",1,101,"dropped"
14132,2023,"2024-05-14","Plan Selection",3,66,"clicked"
14133,2101,"2024-04-12","Payment",4,12,"viewed"
14134,294,"2024-01-02","Payment",4,158,"clicked"
14135,2995,"2024-04-29","Pricing Page",2,53,"clicked"
14136,2168,"2024-04-30","Home",1,171,"clicked"
14137,1008,"2024-01-05","Home",1,115,"clicked"
14138,2292,"2024-01-03","Payment",4,177,"viewed"
14139,2473,"2024-04-03","Home",1,204,"clicked"
14140,2529,"2024-04-10","Pricing Page",2,56,"dropped"
14141,2505,"2024-01-28","Pricing Page",2,53,"dropped"
14142,1248,"2024-04-24","Confirmation",5,135,"converted"
14143,1300,"2024-02-20","Home",1,137,"viewed"
14144,1752,"2024-02-10","Pricing Page",2,34,"clicked"
14145,55,"2024-06-28","Confirmation",5,123,"converted"
14146,307,"2024-05-27","Payment",4,82,"clicked"
14147,1769,"2024-03-02","Confirmation",5,136,"converted"
14148,1103,"2024-06-19","Plan Selection",3,55,"clicked"
14149,2479,"2024-02-10","Plan Selection",3,128,"viewed"
14150,612,"2024-01-06","Plan Selection",3,137,"clicked"
14151,2537,"2024-04-13","Pricing Page",2,64,"dropped"
14152,1331,"2024-06-26","Plan Selection",3,194,"viewed"
14153,2117,"2024-06-01","Home",1,204,"clicked"
14154,2722,"2024-05-31","Pricing Page",2,63,"viewed"
14155,2594,"2024-04-27","Plan Selection",3,69,"clicked"
14156,2385,"2024-03-06","Pricing Page",2,32,"dropped"
14157,652,"2024-05-27","Pricing Page",2,57,"dropped"
14158,585,"2024-06-06","Payment",4,59,"viewed"
14159,2537,"2024-03-27","Payment",4,168,"clicked"
14160,2235,"2024-03-23","Home",1,173,"viewed"
14161,1209,"2024-01-19","Pricing Page",2,37,"dropped"
14162,70,"2024-01-06","Home",1,79,"clicked"
14163,900,"2024-01-18","Plan Selection",3,131,"clicked"
14164,1986,"2024-03-17","Home",1,77,"clicked"
14165,1738,"2024-06-19","Confirmation",5,27,"converted"
14166,1465,"2024-02-02","Pricing Page",2,47,"clicked"
14167,672,"2024-03-06","Home",1,121,"clicked"
14168,1202,"2024-05-16","Plan Selection",3,128,"clicked"
14169,1500,"2024-05-12","Home",1,120,"clicked"
14170,2667,"2024-04-04","Confirmation",5,32,"converted"
14171,2307,"2024-03-31","Home",1,103,"viewed"
14172,1241,"2024-05-20","Plan Selection",3,176,"clicked"
14173,2498,"2024-03-07","Pricing Page",2,47,"viewed"
14174,1686,"2024-02-13","Plan Selection",3,193,"dropped"
14175,752,"2024-02-15","Pricing Page",2,52,"dropped"
14176,2787,"2024-06-19","Confirmation",5,172,"converted"
14177,840,"2024-06-22","Confirmation",5,194,"converted"
14178,2194,"2024-06-09","Pricing Page",2,55,"dropped"
14179,62,"2024-04-27","Home",1,194,"dropped"
14180,2113,"2024-02-13","Home",1,145,"dropped"
14181,2056,"2024-06-29","Confirmation",5,150,"converted"
14182,2076,"2024-03-04","Plan Selection",3,87,"viewed"
14183,429,"2024-01-25","Pricing Page",2,54,"dropped"
14184,1279,"2024-06-28","Plan Selection",3,105,"clicked"
14185,382,"2024-05-06","Home",1,105,"dropped"
14186,2407,"2024-06-06","Confirmation",5,20,"converted"
14187,1437,"2024-02-11","Plan Selection",3,186,"clicked"
14188,2056,"2024-04-23","Home",1,113,"clicked"
14189,618,"2024-06-25","Pricing Page",2,47,"clicked"
14190,809,"2024-05-27","Pricing Page",2,64,"dropped"
14191,928,"2024-05-21","Confirmation",5,131,"converted"
14192,219,"2024-04-06","Pricing Page",2,57,"viewed"
14193,1987,"2024-04-06","Plan Selection",3,168,"viewed"
14194,743,"2024-03-25","Plan Selection",3,110,"viewed"
14195,1061,"2024-03-22","Home",1,137,"clicked"
14196,139,"2024-03-23","Home",1,75,"dropped"
14197,256,"2024-05-22","Plan Selection",3,25,"clicked"
14198,1073,"2024-05-31","Home",1,14,"viewed"
14199,2607,"2024-06-27","Pricing Page",2,57,"dropped"
14200,1518,"2024-04-28","Payment",4,167,"viewed"
14201,347,"2024-03-29","Home",1,209,"viewed"
14202,1680,"2024-05-01","Plan Selection",3,71,"clicked"
14203,2518,"2024-04-07","Home",1,55,"viewed"
14204,1506,"2024-04-18","Pricing Page",2,56,"dropped"
14205,462,"2024-06-27","Pricing Page",2,49,"dropped"
14206,380,"2024-02-23","Home",1,125,"viewed"
14207,1035,"2024-06-07","Pricing Page",2,40,"dropped"
14208,2614,"2024-01-13","Plan Selection",3,89,"viewed"
14209,2810,"2024-02-07","Pricing Page",2,45,"viewed"
14210,1981,"2024-05-25","Home",1,162,"viewed"
14211,888,"2024-02-29","Payment",4,157,"clicked"
14212,231,"2024-01-02","Payment",4,24,"viewed"
14213,908,"2024-05-24","Home",1,16,"viewed"
14214,1404,"2024-04-18","Plan Selection",3,32,"viewed"
14215,2254,"2024-02-24","Pricing Page",2,42,"dropped"
14216,131,"2024-03-23","Home",1,78,"clicked"
14217,1335,"2024-03-02","Pricing Page",2,53,"viewed"
14218,2146,"2024-01-27","Plan Selection",3,116,"viewed"
14219,2486,"2024-03-28","Confirmation",5,46,"converted"
14220,410,"2024-01-25","Pricing Page",2,56,"clicked"
14221,2056,"2024-03-16","Home",1,179,"dropped"
14222,1134,"2024-03-01","Plan Selection",3,153,"viewed"
14223,1974,"2024-03-13","Home",1,188,"clicked"
14224,1125,"2024-04-26","Home",1,112,"clicked"
14225,2786,"2024-05-18","Home",1,195,"clicked"
14226,2061,"2024-06-22","Plan Selection",3,155,"clicked"
14227,741,"2024-05-19","Home",1,72,"dropped"
14228,34,"2024-03-28","Pricing Page",2,51,"dropped"
14229,1540,"2024-01-04","Plan Selection",3,150,"viewed"
14230,543,"2024-02-29","Home",1,125,"clicked"
14231,2929,"2024-02-16","Pricing Page",2,30,"viewed"
14232,2200,"2024-05-28","Confirmation",5,28,"converted"
14233,2152,"2024-02-27","Pricing Page",2,35,"clicked"
14234,1806,"2024-01-23","Payment",4,143,"viewed"
14235,1646,"2024-01-03","Pricing Page",2,32,"dropped"
14236,2124,"2024-06-19","Plan Selection",3,23,"viewed"
14237,2488,"2024-02-29","Home",1,157,"clicked"
14238,198,"2024-04-11","Plan Selection",3,89,"dropped"
14239,1338,"2024-06-02","Confirmation",5,13,"converted"
14240,1023,"2024-04-28","Pricing Page",2,47,"clicked"
14241,2776,"2024-02-27","Payment",4,36,"dropped"
14242,1988,"2024-05-02","Pricing Page",2,65,"dropped"
14243,642,"2024-06-12","Payment",4,143,"viewed"
14244,1717,"2024-05-09","Payment",4,33,"dropped"
14245,2330,"2024-05-26","Plan Selection",3,37,"clicked"
14246,1023,"2024-01-10","Pricing Page",2,31,"clicked"
14247,651,"2024-05-04","Payment",4,191,"dropped"
14248,66,"2024-04-30","Pricing Page",2,46,"clicked"
14249,1262,"2024-01-26","Pricing Page",2,52,"clicked"
14250,2808,"2024-03-08","Home",1,47,"viewed"
14251,590,"2024-05-11","Home",1,19,"dropped"
14252,1135,"2024-04-14","Payment",4,14,"viewed"
14253,786,"2024-05-08","Payment",4,140,"dropped"
14254,141,"2024-02-11","Home",1,77,"viewed"
14255,1159,"2024-06-09","Pricing Page",2,60,"viewed"
14256,304,"2024-06-13","Pricing Page",2,52,"clicked"
14257,874,"2024-02-03","Home",1,140,"dropped"
14258,2302,"2024-03-13","Plan Selection",3,69,"clicked"
14259,164,"2024-01-19","Pricing Page",2,43,"dropped"
14260,2259,"2024-01-17","Home",1,146,"viewed"
14261,578,"2024-03-16","Plan Selection",3,62,"viewed"
14262,617,"2024-04-25","Plan Selection",3,191,"viewed"
14263,1452,"2024-06-11","Home",1,112,"clicked"
14264,1947,"2024-06-17","Plan Selection",3,166,"viewed"
14265,1427,"2024-01-16","Confirmation",5,153,"converted"
14266,1796,"2024-06-01","Pricing Page",2,56,"clicked"
14267,2809,"2024-03-18","Pricing Page",2,48,"clicked"
14268,1496,"2024-03-12","Pricing Page",2,35,"clicked"
14269,2301,"2024-03-24","Home",1,135,"dropped"
14270,2263,"2024-03-11","Plan Selection",3,69,"clicked"
14271,397,"2024-03-21","Payment",4,173,"clicked"
14272,1609,"2024-06-09","Payment",4,103,"viewed"
14273,2786,"2024-01-08","Pricing Page",2,59,"clicked"
14274,705,"2024-02-18","Plan Selection",3,94,"dropped"
14275,1707,"2024-03-03","Home",1,21,"dropped"
14276,64,"2024-03-10","Payment",4,44,"clicked"
14277,2359,"2024-01-28","Pricing Page",2,45,"clicked"
14278,1823,"2024-05-12","Payment",4,196,"dropped"
14279,354,"2024-01-08","Payment",4,48,"clicked"
14280,787,"2024-02-07","Pricing Page",2,48,"clicked"
14281,337,"2024-03-05","Pricing Page",2,35,"clicked"
14282,1680,"2024-06-12","Payment",4,111,"dropped"
14283,1472,"2024-03-21","Payment",4,99,"viewed"
14284,1590,"2024-05-10","Home",1,196,"viewed"
14285,631,"2024-02-14","Plan Selection",3,66,"viewed"
14286,531,"2024-01-13","Payment",4,172,"viewed"
14287,2573,"2024-02-25","Confirmation",5,195,"converted"
14288,2179,"2024-06-02","Home",1,159,"clicked"
14289,1791,"2024-02-20","Plan Selection",3,45,"dropped"
14290,2704,"2024-02-13","Plan Selection",3,170,"clicked"
14291,336,"2024-01-08","Confirmation",5,67,"converted"
14292,2332,"2024-01-06","Payment",4,208,"clicked"
14293,1894,"2024-04-16","Home",1,100,"dropped"
14294,920,"2024-01-25","Payment",4,80,"clicked"
14295,1363,"2024-05-18","Pricing Page",2,39,"viewed"
14296,953,"2024-06-08","Pricing Page",2,57,"clicked"
14297,574,"2024-03-30","Confirmation",5,202,"converted"
14298,477,"2024-06-11","Home",1,89,"viewed"
14299,1465,"2024-04-23","Plan Selection",3,114,"clicked"
14300,776,"2024-04-18","Pricing Page",2,46,"clicked"
14301,2813,"2024-03-17","Pricing Page",2,44,"dropped"
14302,409,"2024-02-10","Payment",4,198,"clicked"
14303,2495,"2024-04-12","Pricing Page",2,67,"viewed"
14304,1538,"2024-06-10","Confirmation",5,200,"converted"
14305,2924,"2024-01-04","Home",1,178,"viewed"
14306,2599,"2024-02-22","Payment",4,87,"clicked"
14307,2292,"2024-04-29","Home",1,30,"clicked"
14308,2957,"2024-04-09","Payment",4,81,"clicked"
14309,2413,"2024-06-11","Home",1,145,"dropped"
14310,2391,"2024-03-29","Home",1,159,"viewed"
14311,2542,"2024-03-09","Pricing Page",2,49,"dropped"
14312,2723,"2024-01-05","Pricing Page",2,58,"clicked"
14313,2171,"2024-01-16","Pricing Page",2,59,"dropped"
14314,2138,"2024-02-03","Payment",4,90,"viewed"
14315,2938,"2024-06-27","Confirmation",5,201,"converted"
14316,2549,"2024-03-07","Pricing Page",2,41,"dropped"
14317,603,"2024-05-19","Pricing Page",2,66,"viewed"
14318,2672,"2024-04-23","Pricing Page",2,52,"dropped"
14319,2189,"2024-04-04","Pricing Page",2,52,"dropped"
14320,1773,"2024-02-28","Payment",4,53,"clicked"
14321,780,"2024-04-09","Confirmation",5,47,"converted"
14322,93,"2024-04-17","Confirmation",5,136,"converted"
14323,1508,"2024-04-22","Plan Selection",3,39,"viewed"
14324,497,"2024-01-13","Payment",4,205,"clicked"
14325,3000,"2024-05-31","Home",1,96,"viewed"
14326,2171,"2024-05-24","Payment",4,161,"clicked"
14327,504,"2024-06-25","Pricing Page",2,66,"clicked"
14328,1524,"2024-03-31","Confirmation",5,94,"converted"
14329,470,"2024-04-03","Home",1,204,"clicked"
14330,2627,"2024-05-06","Payment",4,60,"viewed"
14331,1383,"2024-03-09","Plan Selection",3,89,"clicked"
14332,483,"2024-03-11","Pricing Page",2,36,"clicked"
14333,1255,"2024-02-18","Home",1,127,"viewed"
14334,2406,"2024-06-05","Confirmation",5,18,"converted"
14335,1310,"2024-01-09","Confirmation",5,115,"converted"
14336,2479,"2024-04-10","Pricing Page",2,61,"dropped"
14337,2649,"2024-02-19","Payment",4,176,"viewed"
14338,1084,"2024-06-09","Pricing Page",2,41,"dropped"
14339,1103,"2024-02-04","Payment",4,155,"dropped"
14340,299,"2024-02-29","Pricing Page",2,50,"clicked"
14341,839,"2024-06-25","Home",1,73,"clicked"
14342,687,"2024-05-31","Pricing Page",2,66,"dropped"
14343,1388,"2024-04-06","Pricing Page",2,61,"dropped"
14344,2369,"2024-06-10","Home",1,171,"viewed"
14345,841,"2024-02-02","Home",1,166,"viewed"
14346,621,"2024-06-12","Confirmation",5,167,"converted"
14347,718,"2024-05-30","Pricing Page",2,59,"dropped"
14348,816,"2024-03-30","Plan Selection",3,162,"viewed"
14349,43,"2024-03-30","Pricing Page",2,57,"viewed"
14350,2732,"2024-04-25","Pricing Page",2,48,"dropped"
14351,1910,"2024-02-05","Home",1,170,"viewed"
14352,1273,"2024-05-29","Payment",4,174,"clicked"
14353,478,"2024-02-10","Plan Selection",3,113,"viewed"
14354,2571,"2024-02-12","Plan Selection",3,76,"viewed"
14355,498,"2024-03-01","Home",1,184,"viewed"
14356,1770,"2024-03-17","Pricing Page",2,51,"dropped"
14357,1429,"2024-06-13","Home",1,189,"dropped"
14358,2559,"2024-06-18","Home",1,177,"viewed"
14359,1352,"2024-06-07","Home",1,114,"clicked"
14360,177,"2024-05-09","Pricing Page",2,64,"dropped"
14361,1732,"2024-01-23","Confirmation",5,32,"converted"
14362,2583,"2024-06-25","Pricing Page",2,52,"dropped"
14363,1131,"2024-02-04","Payment",4,127,"clicked"
14364,1185,"2024-05-03","Pricing Page",2,40,"clicked"
14365,2176,"2024-02-08","Confirmation",5,175,"converted"
14366,1361,"2024-05-22","Plan Selection",3,109,"viewed"
14367,1174,"2024-04-23","Confirmation",5,184,"converted"
14368,1559,"2024-06-25","Pricing Page",2,58,"dropped"
14369,1367,"2024-05-15","Pricing Page",2,57,"dropped"
14370,2349,"2024-03-23","Confirmation",5,71,"converted"
14371,2223,"2024-05-20","Plan Selection",3,198,"viewed"
14372,2890,"2024-04-07","Payment",4,90,"viewed"
14373,2504,"2024-03-03","Pricing Page",2,31,"clicked"
14374,2039,"2024-05-09","Plan Selection",3,127,"clicked"
14375,2062,"2024-04-12","Payment",4,45,"clicked"
14376,691,"2024-03-30","Payment",4,106,"dropped"
14377,1996,"2024-02-17","Pricing Page",2,52,"viewed"
14378,354,"2024-06-20","Pricing Page",2,40,"dropped"
14379,2845,"2024-01-06","Pricing Page",2,44,"clicked"
14380,369,"2024-01-09","Payment",4,53,"clicked"
14381,2236,"2024-02-21","Home",1,17,"viewed"
14382,383,"2024-05-06","Home",1,99,"viewed"
14383,764,"2024-04-02","Payment",4,95,"viewed"
14384,1620,"2024-03-14","Pricing Page",2,53,"viewed"
14385,1575,"2024-02-19","Payment",4,36,"clicked"
14386,148,"2024-03-09","Payment",4,128,"viewed"
14387,2635,"2024-02-05","Pricing Page",2,33,"clicked"
14388,1440,"2024-05-06","Home",1,49,"viewed"
14389,1422,"2024-06-16","Pricing Page",2,46,"clicked"
14390,847,"2024-06-13","Plan Selection",3,161,"viewed"
14391,681,"2024-01-07","Pricing Page",2,39,"dropped"
14392,94,"2024-04-07","Plan Selection",3,82,"dropped"
14393,89,"2024-01-15","Pricing Page",2,38,"clicked"
14394,2487,"2024-04-04","Home",1,21,"viewed"
14395,1244,"2024-02-27","Pricing Page",2,53,"viewed"
14396,2668,"2024-06-14","Confirmation",5,168,"converted"
14397,724,"2024-05-29","Pricing Page",2,55,"clicked"
14398,2305,"2024-05-09","Pricing Page",2,45,"dropped"
14399,1585,"2024-02-15","Plan Selection",3,131,"dropped"
14400,769,"2024-02-12","Pricing Page",2,40,"clicked"
14401,1297,"2024-05-03","Home",1,109,"dropped"
14402,935,"2024-01-14","Pricing Page",2,30,"clicked"
14403,1909,"2024-06-24","Confirmation",5,162,"converted"
14404,14,"2024-05-13","Plan Selection",3,50,"viewed"
14405,602,"2024-01-22","Confirmation",5,123,"converted"
14406,2631,"2024-05-04","Payment",4,209,"clicked"
14407,2372,"2024-02-20","Home",1,68,"clicked"
14408,11,"2024-06-10","Pricing Page",2,55,"dropped"
14409,198,"2024-04-25","Confirmation",5,18,"converted"
14410,694,"2024-01-07","Pricing Page",2,38,"dropped"
14411,536,"2024-06-05","Payment",4,82,"clicked"
14412,333,"2024-02-12","Payment",4,107,"viewed"
14413,431,"2024-06-21","Pricing Page",2,64,"dropped"
14414,2616,"2024-03-27","Payment",4,88,"viewed"
14415,559,"2024-06-14","Home",1,63,"clicked"
14416,2757,"2024-04-10","Home",1,103,"dropped"
14417,2537,"2024-03-28","Payment",4,188,"viewed"
14418,2017,"2024-05-15","Plan Selection",3,78,"clicked"
14419,2453,"2024-03-09","Pricing Page",2,31,"viewed"
14420,2121,"2024-04-19","Confirmation",5,149,"converted"
14421,2330,"2024-05-23","Plan Selection",3,171,"dropped"
14422,530,"2024-04-05","Home",1,190,"dropped"
14423,1383,"2024-04-18","Plan Selection",3,64,"clicked"
14424,2214,"2024-01-30","Plan Selection",3,103,"clicked"
14425,1206,"2024-02-29","Pricing Page",2,36,"viewed"
14426,972,"2024-02-09","Home",1,201,"clicked"
14427,696,"2024-06-10","Payment",4,52,"viewed"
14428,52,"2024-06-10","Pricing Page",2,47,"dropped"
14429,2884,"2024-04-30","Pricing Page",2,43,"clicked"
14430,1640,"2024-06-06","Plan Selection",3,204,"viewed"
14431,1953,"2024-01-21","Plan Selection",3,149,"viewed"
14432,811,"2024-02-29","Payment",4,54,"clicked"
14433,787,"2024-04-09","Confirmation",5,50,"converted"
14434,280,"2024-06-05","Home",1,125,"viewed"
14435,572,"2024-04-18","Pricing Page",2,48,"dropped"
14436,614,"2024-05-01","Payment",4,161,"clicked"
14437,859,"2024-06-11","Plan Selection",3,108,"clicked"
14438,699,"2024-04-07","Home",1,91,"dropped"
14439,2623,"2024-02-26","Confirmation",5,161,"converted"
14440,2924,"2024-04-18","Home",1,114,"clicked"
14441,1622,"2024-03-20","Plan Selection",3,118,"dropped"
14442,1185,"2024-06-22","Plan Selection",3,40,"viewed"
14443,699,"2024-03-05","Home",1,68,"clicked"
14444,1181,"2024-02-06","Payment",4,124,"clicked"
14445,265,"2024-03-05","Plan Selection",3,102,"viewed"
14446,1690,"2024-03-22","Plan Selection",3,95,"clicked"
14447,348,"2024-01-25","Pricing Page",2,38,"dropped"
14448,2875,"2024-05-11","Payment",4,123,"clicked"
14449,771,"2024-04-02","Payment",4,76,"clicked"
14450,2367,"2024-06-06","Confirmation",5,62,"converted"
14451,1153,"2024-01-26","Plan Selection",3,72,"viewed"
14452,2112,"2024-05-12","Plan Selection",3,120,"dropped"
14453,2700,"2024-01-30","Home",1,38,"clicked"
14454,632,"2024-01-13","Payment",4,89,"viewed"
14455,2866,"2024-02-21","Plan Selection",3,193,"viewed"
14456,2724,"2024-05-14","Confirmation",5,144,"converted"
14457,1259,"2024-01-16","Home",1,123,"clicked"
14458,2937,"2024-06-09","Plan Selection",3,187,"viewed"
14459,2468,"2024-03-17","Plan Selection",3,11,"dropped"
14460,1085,"2024-04-13","Payment",4,49,"viewed"
14461,1645,"2024-06-04","Plan Selection",3,148,"clicked"
14462,1366,"2024-05-16","Pricing Page",2,59,"dropped"
14463,19,"2024-05-10","Plan Selection",3,166,"dropped"
14464,1120,"2024-03-19","Home",1,197,"clicked"
14465,2609,"2024-05-14","Home",1,66,"dropped"
14466,2104,"2024-02-01","Payment",4,76,"clicked"
14467,2290,"2024-05-17","Pricing Page",2,44,"clicked"
14468,1153,"2024-01-17","Pricing Page",2,37,"dropped"
14469,160,"2024-01-31","Plan Selection",3,203,"viewed"
14470,2584,"2024-01-09","Plan Selection",3,29,"clicked"
14471,1228,"2024-03-18","Confirmation",5,64,"converted"
14472,1874,"2024-02-25","Plan Selection",3,92,"dropped"
14473,123,"2024-01-08","Home",1,62,"dropped"
14474,1799,"2024-05-19","Home",1,192,"clicked"
14475,1395,"2024-06-29","Plan Selection",3,208,"dropped"
14476,2558,"2024-05-18","Pricing Page",2,40,"dropped"
14477,1662,"2024-01-19","Payment",4,187,"viewed"
14478,2871,"2024-01-03","Home",1,196,"dropped"
14479,1869,"2024-06-04","Pricing Page",2,55,"clicked"
14480,1083,"2024-06-18","Plan Selection",3,42,"dropped"
14481,2152,"2024-03-23","Home",1,73,"dropped"
14482,2848,"2024-02-06","Home",1,48,"clicked"
14483,2635,"2024-06-14","Confirmation",5,197,"converted"
14484,2642,"2024-04-16","Pricing Page",2,60,"viewed"
14485,671,"2024-03-14","Pricing Page",2,48,"viewed"
14486,2481,"2024-03-04","Pricing Page",2,38,"clicked"
14487,139,"2024-04-02","Pricing Page",2,55,"dropped"
14488,632,"2024-02-24","Payment",4,102,"viewed"
14489,373,"2024-04-02","Home",1,77,"dropped"
14490,2365,"2024-03-25","Confirmation",5,89,"converted"
14491,328,"2024-03-05","Pricing Page",2,35,"clicked"
14492,754,"2024-04-14","Home",1,203,"clicked"
14493,596,"2024-05-12","Home",1,24,"dropped"
14494,2343,"2024-02-25","Pricing Page",2,32,"viewed"
14495,1966,"2024-06-20","Payment",4,11,"viewed"
14496,1769,"2024-05-21","Home",1,85,"clicked"
14497,499,"2024-03-22","Payment",4,84,"viewed"
14498,188,"2024-03-13","Payment",4,194,"dropped"
14499,2584,"2024-06-17","Home",1,129,"viewed"
14500,2858,"2024-04-03","Payment",4,22,"dropped"
14501,1566,"2024-02-03","Pricing Page",2,37,"dropped"
14502,927,"2024-06-09","Plan Selection",3,187,"viewed"
14503,2504,"2024-03-27","Confirmation",5,208,"converted"
14504,950,"2024-04-18","Home",1,94,"viewed"
14505,2033,"2024-03-16","Home",1,11,"viewed"
14506,1199,"2024-03-03","Plan Selection",3,121,"dropped"
14507,1645,"2024-01-01","Pricing Page",2,56,"dropped"
14508,2098,"2024-05-04","Pricing Page",2,59,"dropped"
14509,374,"2024-02-21","Home",1,85,"viewed"
14510,1987,"2024-01-06","Home",1,153,"dropped"
14511,1085,"2024-03-31","Pricing Page",2,54,"dropped"
14512,451,"2024-01-10","Payment",4,188,"dropped"
14513,1420,"2024-02-20","Confirmation",5,11,"converted"
14514,428,"2024-05-03","Confirmation",5,188,"converted"
14515,1469,"2024-05-20","Pricing Page",2,59,"dropped"
14516,2353,"2024-05-15","Pricing Page",2,57,"dropped"
14517,2310,"2024-03-14","Plan Selection",3,79,"clicked"
14518,2807,"2024-06-10","Plan Selection",3,135,"dropped"
14519,2719,"2024-01-10","Plan Selection",3,133,"clicked"
14520,584,"2024-05-15","Home",1,120,"clicked"
14521,2342,"2024-01-07","Payment",4,33,"dropped"
14522,2573,"2024-01-30","Pricing Page",2,53,"dropped"
14523,1078,"2024-03-08","Payment",4,176,"viewed"
14524,1242,"2024-05-11","Pricing Page",2,60,"clicked"
14525,72,"2024-01-23","Plan Selection",3,89,"clicked"
14526,1217,"2024-01-13","Home",1,105,"viewed"
14527,1281,"2024-02-09","Payment",4,95,"viewed"
14528,498,"2024-05-17","Pricing Page",2,43,"dropped"
14529,2297,"2024-04-23","Payment",4,78,"dropped"
14530,2632,"2024-06-01","Plan Selection",3,78,"dropped"
14531,2914,"2024-06-03","Pricing Page",2,44,"viewed"
14532,1054,"2024-05-18","Payment",4,114,"clicked"
14533,152,"2024-02-21","Pricing Page",2,43,"clicked"
14534,50,"2024-04-29","Pricing Page",2,47,"clicked"
14535,2954,"2024-04-12","Confirmation",5,158,"converted"
14536,134,"2024-06-29","Payment",4,52,"clicked"
14537,175,"2024-05-02","Pricing Page",2,38,"dropped"
14538,561,"2024-04-17","Pricing Page",2,47,"dropped"
14539,1318,"2024-03-10","Plan Selection",3,176,"clicked"
14540,1002,"2024-04-13","Payment",4,134,"clicked"
14541,1867,"2024-04-22","Pricing Page",2,47,"viewed"
14542,2187,"2024-05-26","Payment",4,179,"viewed"
14543,2574,"2024-02-14","Plan Selection",3,121,"viewed"
14544,1114,"2024-03-18","Home",1,187,"clicked"
14545,2980,"2024-06-25","Confirmation",5,109,"converted"
14546,2493,"2024-04-30","Payment",4,49,"clicked"
14547,2374,"2024-04-04","Pricing Page",2,56,"dropped"
14548,363,"2024-03-15","Plan Selection",3,57,"dropped"
14549,2518,"2024-06-04","Payment",4,83,"clicked"
14550,586,"2024-04-18","Pricing Page",2,46,"dropped"
14551,2732,"2024-01-19","Payment",4,128,"viewed"
14552,1060,"2024-06-09","Pricing Page",2,43,"clicked"
14553,1944,"2024-05-08","Plan Selection",3,178,"clicked"
14554,1903,"2024-06-07","Pricing Page",2,60,"dropped"
14555,399,"2024-06-04","Confirmation",5,182,"converted"
14556,1958,"2024-05-02","Pricing Page",2,39,"dropped"
14557,555,"2024-05-05","Confirmation",5,107,"converted"
14558,2116,"2024-01-11","Home",1,148,"viewed"
14559,1865,"2024-02-22","Plan Selection",3,21,"clicked"
14560,1337,"2024-04-29","Confirmation",5,177,"converted"
14561,868,"2024-06-18","Payment",4,74,"dropped"
14562,1929,"2024-06-03","Pricing Page",2,40,"dropped"
14563,234,"2024-06-25","Plan Selection",3,78,"viewed"
14564,2065,"2024-02-08","Confirmation",5,81,"converted"
14565,2383,"2024-06-11","Home",1,169,"viewed"
14566,224,"2024-02-23","Pricing Page",2,40,"dropped"
14567,189,"2024-02-13","Home",1,82,"viewed"
14568,2049,"2024-01-29","Payment",4,45,"viewed"
14569,2896,"2024-05-11","Payment",4,119,"clicked"
14570,2571,"2024-05-21","Pricing Page",2,49,"viewed"
14571,857,"2024-05-17","Confirmation",5,102,"converted"
14572,1374,"2024-06-13","Home",1,25,"viewed"
14573,971,"2024-06-08","Pricing Page",2,54,"dropped"
14574,2412,"2024-04-03","Home",1,82,"clicked"
14575,657,"2024-02-26","Confirmation",5,115,"converted"
14576,2883,"2024-02-10","Pricing Page",2,45,"viewed"
14577,1779,"2024-03-31","Plan Selection",3,23,"dropped"
14578,2344,"2024-02-27","Pricing Page",2,38,"clicked"
14579,925,"2024-04-30","Pricing Page",2,39,"viewed"
14580,2178,"2024-05-11","Pricing Page",2,40,"viewed"
14581,2221,"2024-05-13","Pricing Page",2,41,"dropped"
14582,1702,"2024-02-21","Payment",4,171,"viewed"
14583,2285,"2024-02-23","Pricing Page",2,33,"viewed"
14584,1694,"2024-06-06","Plan Selection",3,149,"clicked"
14585,1214,"2024-04-05","Pricing Page",2,52,"dropped"
14586,1445,"2024-06-02","Payment",4,89,"viewed"
14587,2864,"2024-06-08","Plan Selection",3,30,"viewed"
14588,2917,"2024-02-23","Plan Selection",3,193,"viewed"
14589,2322,"2024-01-28","Pricing Page",2,52,"clicked"
14590,193,"2024-06-14","Pricing Page",2,42,"clicked"
14591,1807,"2024-02-02","Home",1,203,"clicked"
14592,2112,"2024-06-22","Plan Selection",3,121,"viewed"
14593,2886,"2024-04-23","Pricing Page",2,49,"dropped"
14594,2456,"2024-03-30","Home",1,126,"viewed"
14595,1782,"2024-03-07","Home",1,44,"viewed"
14596,2868,"2024-05-06","Plan Selection",3,209,"dropped"
14597,2023,"2024-06-24","Payment",4,61,"viewed"
14598,445,"2024-03-11","Plan Selection",3,77,"dropped"
14599,2688,"2024-06-18","Confirmation",5,39,"converted"
14600,2277,"2024-03-05","Plan Selection",3,97,"viewed"
14601,423,"2024-04-24","Payment",4,160,"clicked"
14602,1753,"2024-02-09","Pricing Page",2,32,"dropped"
14603,1318,"2024-02-05","Plan Selection",3,163,"viewed"
14604,2367,"2024-03-29","Home",1,200,"clicked"
14605,2148,"2024-01-06","Home",1,204,"viewed"
14606,438,"2024-02-23","Home",1,69,"clicked"
14607,2940,"2024-05-20","Confirmation",5,92,"converted"
14608,660,"2024-06-04","Plan Selection",3,128,"dropped"
14609,1527,"2024-03-08","Pricing Page",2,47,"viewed"
14610,2782,"2024-05-26","Pricing Page",2,65,"clicked"
14611,2887,"2024-04-18","Home",1,159,"clicked"
14612,2357,"2024-05-09","Pricing Page",2,65,"viewed"
14613,2352,"2024-02-09","Payment",4,22,"dropped"
14614,724,"2024-06-20","Home",1,48,"viewed"
14615,533,"2024-01-06","Plan Selection",3,15,"clicked"
14616,847,"2024-04-16","Home",1,152,"clicked"
14617,810,"2024-03-31","Plan Selection",3,10,"viewed"
14618,1623,"2024-06-25","Pricing Page",2,47,"clicked"
14619,461,"2024-02-27","Home",1,135,"viewed"
14620,355,"2024-02-04","Plan Selection",3,82,"dropped"
14621,502,"2024-05-04","Confirmation",5,124,"converted"
14622,260,"2024-05-09","Pricing Page",2,50,"dropped"
14623,1422,"2024-06-18","Pricing Page",2,52,"clicked"
14624,2822,"2024-04-27","Pricing Page",2,44,"clicked"
14625,142,"2024-01-07","Home",1,33,"clicked"
14626,2597,"2024-06-29","Pricing Page",2,38,"clicked"
14627,97,"2024-05-13","Plan Selection",3,167,"dropped"
14628,987,"2024-02-11","Home",1,21,"viewed"
14629,63,"2024-04-17","Confirmation",5,150,"converted"
14630,2476,"2024-01-04","Plan Selection",3,18,"clicked"
14631,1852,"2024-01-08","Pricing Page",2,49,"dropped"
14632,2541,"2024-05-19","Pricing Page",2,44,"dropped"
14633,2952,"2024-04-11","Payment",4,120,"dropped"
14634,1353,"2024-04-16","Plan Selection",3,56,"clicked"
14635,284,"2024-03-12","Plan Selection",3,76,"clicked"
14636,2209,"2024-01-08","Confirmation",5,179,"converted"
14637,768,"2024-05-13","Confirmation",5,84,"converted"
14638,369,"2024-03-29","Home",1,196,"clicked"
14639,814,"2024-01-22","Payment",4,119,"clicked"
14640,1078,"2024-04-17","Confirmation",5,139,"converted"
14641,1750,"2024-06-24","Home",1,139,"viewed"
14642,1520,"2024-06-05","Payment",4,105,"viewed"
14643,830,"2024-04-10","Confirmation",5,27,"converted"
14644,1758,"2024-04-30","Plan Selection",3,182,"clicked"
14645,1102,"2024-01-12","Pricing Page",2,58,"dropped"
14646,810,"2024-02-23","Plan Selection",3,99,"dropped"
14647,2530,"2024-04-01","Confirmation",5,99,"converted"
14648,816,"2024-01-02","Pricing Page",2,33,"viewed"
14649,874,"2024-04-28","Pricing Page",2,40,"dropped"
14650,1654,"2024-02-21","Payment",4,17,"viewed"
14651,503,"2024-02-18","Payment",4,78,"dropped"
14652,201,"2024-05-03","Pricing Page",2,38,"dropped"
14653,375,"2024-02-28","Pricing Page",2,37,"clicked"
14654,67,"2024-03-18","Home",1,30,"clicked"
14655,336,"2024-05-07","Home",1,176,"viewed"
14656,1536,"2024-05-15","Pricing Page",2,62,"dropped"
14657,2995,"2024-03-31","Plan Selection",3,14,"viewed"
14658,2813,"2024-06-09","Plan Selection",3,87,"dropped"
14659,1083,"2024-03-30","Pricing Page",2,51,"dropped"
14660,806,"2024-06-21","Confirmation",5,209,"converted"
14661,207,"2024-03-04","Plan Selection",3,148,"viewed"
14662,2887,"2024-03-11","Home",1,42,"viewed"
14663,1719,"2024-01-06","Pricing Page",2,30,"viewed"
14664,325,"2024-01-08","Confirmation",5,71,"converted"
14665,2599,"2024-03-16","Pricing Page",2,42,"dropped"
14666,798,"2024-02-21","Plan Selection",3,64,"clicked"
14667,1923,"2024-05-11","Plan Selection",3,83,"viewed"
14668,1338,"2024-01-19","Home",1,112,"dropped"
14669,2512,"2024-06-22","Pricing Page",2,55,"dropped"
14670,933,"2024-04-05","Plan Selection",3,207,"viewed"
14671,2911,"2024-03-30","Plan Selection",3,72,"viewed"
14672,1499,"2024-05-31","Plan Selection",3,185,"clicked"
14673,458,"2024-05-05","Home",1,197,"viewed"
14674,1865,"2024-01-08","Pricing Page",2,48,"dropped"
14675,1816,"2024-05-11","Payment",4,188,"dropped"
14676,1387,"2024-02-10","Payment",4,204,"viewed"
14677,1457,"2024-03-10","Pricing Page",2,35,"clicked"
14678,2448,"2024-05-02","Confirmation",5,150,"converted"
14679,1996,"2024-02-09","Home",1,183,"dropped"
14680,1611,"2024-04-18","Pricing Page",2,40,"dropped"
14681,573,"2024-01-17","Confirmation",5,41,"converted"
14682,381,"2024-01-30","Pricing Page",2,50,"dropped"
14683,707,"2024-01-06","Pricing Page",2,35,"clicked"
14684,1225,"2024-02-14","Home",1,64,"clicked"
14685,49,"2024-06-25","Payment",4,54,"viewed"
14686,1373,"2024-03-15","Plan Selection",3,48,"viewed"
14687,2728,"2024-06-04","Plan Selection",3,56,"clicked"
14688,1963,"2024-06-05","Pricing Page",2,44,"viewed"
14689,644,"2024-01-30","Home",1,92,"clicked"
14690,1051,"2024-02-05","Confirmation",5,33,"converted"
14691,2284,"2024-03-22","Confirmation",5,116,"converted"
14692,2175,"2024-01-06","Confirmation",5,166,"converted"
14693,2947,"2024-04-12","Confirmation",5,165,"converted"
14694,608,"2024-05-02","Payment",4,179,"viewed"
14695,78,"2024-03-10","Payment",4,33,"dropped"
14696,2274,"2024-05-10","Pricing Page",2,53,"dropped"
14697,1258,"2024-02-25","Pricing Page",2,42,"dropped"
14698,803,"2024-03-16","Pricing Page",2,43,"dropped"
14699,2515,"2024-06-20","Pricing Page",2,45,"clicked"
14700,1001,"2024-05-26","Home",1,163,"viewed"
14701,828,"2024-02-12","Pricing Page",2,31,"dropped"
14702,112,"2024-03-23","Home",1,92,"clicked"
14703,2214,"2024-06-12","Pricing Page",2,63,"dropped"
14704,350,"2024-04-13","Plan Selection",3,175,"viewed"
14705,1731,"2024-01-09","Plan Selection",3,93,"clicked"
14706,1371,"2024-04-29","Confirmation",5,155,"converted"
14707,2430,"2024-06-05","Confirmation",5,187,"converted"
14708,2232,"2024-01-11","Home",1,38,"clicked"
14709,658,"2024-04-01","Payment",4,169,"clicked"
14710,1926,"2024-06-27","Home",1,24,"clicked"
14711,1374,"2024-02-22","Home",1,102,"dropped"
14712,609,"2024-04-29","Plan Selection",3,104,"clicked"
14713,213,"2024-03-23","Home",1,12,"viewed"
14714,325,"2024-01-10","Confirmation",5,125,"converted"
14715,109,"2024-03-23","Home",1,96,"viewed"
14716,413,"2024-04-23","Plan Selection",3,153,"clicked"
14717,64,"2024-05-24","Confirmation",5,61,"converted"
14718,1460,"2024-04-30","Payment",4,78,"dropped"
14719,1563,"2024-02-19","Payment",4,59,"viewed"
14720,542,"2024-04-10","Pricing Page",2,51,"clicked"
14721,2118,"2024-05-03","Pricing Page",2,51,"dropped"
14722,841,"2024-03-19","Pricing Page",2,48,"clicked"
14723,1533,"2024-03-20","Plan Selection",3,11,"dropped"
14724,575,"2024-05-29","Plan Selection",3,79,"dropped"
14725,451,"2024-04-24","Payment",4,153,"clicked"
14726,2830,"2024-03-23","Pricing Page",2,64,"dropped"
14727,1507,"2024-03-20","Plan Selection",3,25,"clicked"
14728,1517,"2024-03-29","Confirmation",5,43,"converted"
14729,205,"2024-05-30","Confirmation",5,58,"converted"
14730,1142,"2024-01-31","Plan Selection",3,17,"dropped"
14731,509,"2024-05-02","Confirmation",5,88,"converted"
14732,889,"2024-02-26","Plan Selection",3,83,"viewed"
14733,513,"2024-02-23","Confirmation",5,186,"converted"
14734,1657,"2024-01-22","Confirmation",5,64,"converted"
14735,1791,"2024-01-30","Home",1,130,"viewed"
14736,78,"2024-02-10","Home",1,124,"viewed"
14737,2507,"2024-01-09","Payment",4,113,"clicked"
14738,1096,"2024-05-02","Pricing Page",2,51,"dropped"
14739,1102,"2024-05-27","Confirmation",5,87,"converted"
14740,109,"2024-01-04","Confirmation",5,194,"converted"
14741,1844,"2024-02-26","Plan Selection",3,130,"viewed"
14742,1893,"2024-03-30","Plan Selection",3,90,"clicked"
14743,555,"2024-01-17","Confirmation",5,54,"converted"
14744,1258,"2024-03-18","Payment",4,25,"viewed"
14745,1980,"2024-06-23","Payment",4,65,"viewed"
14746,1829,"2024-03-10","Home",1,61,"dropped"
14747,1301,"2024-01-09","Confirmation",5,114,"converted"
14748,2451,"2024-04-03","Home",1,25,"dropped"
14749,2573,"2024-02-11","Plan Selection",3,55,"clicked"
14750,835,"2024-02-08","Pricing Page",2,43,"clicked"
14751,2841,"2024-05-11","Payment",4,173,"viewed"
14752,50,"2024-06-29","Confirmation",5,148,"converted"
14753,1973,"2024-02-07","Home",1,146,"dropped"
14754,246,"2024-05-12","Pricing Page",2,65,"dropped"
14755,44,"2024-06-28","Confirmation",5,141,"converted"
14756,1541,"2024-04-16","Pricing Page",2,44,"viewed"
14757,2580,"2024-04-17","Pricing Page",2,41,"dropped"
14758,2104,"2024-02-23","Pricing Page",2,58,"clicked"
14759,538,"2024-01-19","Confirmation",5,112,"converted"
14760,2052,"2024-06-07","Pricing Page",2,67,"dropped"
14761,173,"2024-02-16","Home",1,178,"viewed"
14762,1904,"2024-05-02","Pricing Page",2,50,"dropped"
14763,2126,"2024-05-20","Payment",4,101,"dropped"
14764,1977,"2024-02-20","Pricing Page",2,37,"dropped"
14765,1557,"2024-03-14","Pricing Page",2,34,"dropped"
14766,1295,"2024-01-01","Payment",4,139,"dropped"
14767,717,"2024-01-16","Plan Selection",3,74,"clicked"
14768,1167,"2024-04-05","Pricing Page",2,60,"dropped"
14769,1657,"2024-05-02","Payment",4,128,"viewed"
14770,584,"2024-04-16","Pricing Page",2,38,"viewed"
14771,2681,"2024-04-03","Confirmation",5,191,"converted"
14772,2614,"2024-04-24","Plan Selection",3,170,"clicked"
14773,1746,"2024-05-09","Payment",4,209,"clicked"
14774,1624,"2024-02-03","Pricing Page",2,57,"clicked"
14775,2128,"2024-03-27","Pricing Page",2,62,"dropped"
14776,1101,"2024-05-12","Plan Selection",3,128,"clicked"
14777,2019,"2024-03-30","Pricing Page",2,61,"dropped"
14778,1625,"2024-06-23","Home",1,18,"viewed"
14779,317,"2024-04-17","Plan Selection",3,99,"clicked"
14780,412,"2024-05-25","Plan Selection",3,125,"dropped"
14781,2275,"2024-03-30","Pricing Page",2,54,"dropped"
14782,2867,"2024-03-16","Pricing Page",2,62,"dropped"
14783,157,"2024-05-12","Plan Selection",3,77,"dropped"
14784,2426,"2024-04-09","Pricing Page",2,67,"viewed"
14785,4,"2024-01-02","Home",1,44,"viewed"
14786,691,"2024-06-11","Payment",4,74,"dropped"
14787,115,"2024-04-16","Payment",4,77,"dropped"
14788,520,"2024-01-28","Pricing Page",2,51,"viewed"
14789,850,"2024-05-16","Confirmation",5,75,"converted"
14790,2642,"2024-03-17","Pricing Page",2,41,"dropped"
14791,950,"2024-02-04","Home",1,102,"clicked"
14792,94,"2024-02-25","Pricing Page",2,39,"dropped"
14793,484,"2024-01-27","Pricing Page",2,54,"dropped"
14794,2776,"2024-05-29","Pricing Page",2,47,"dropped"
14795,2195,"2024-01-07","Confirmation",5,163,"converted"
14796,2759,"2024-02-22","Plan Selection",3,139,"dropped"
14797,1953,"2024-06-11","Plan Selection",3,18,"clicked"
14798,2067,"2024-05-16","Plan Selection",3,69,"clicked"
14799,2545,"2024-02-05","Pricing Page",2,48,"clicked"
14800,2296,"2024-05-01","Home",1,79,"clicked"
14801,1688,"2024-02-14","Plan Selection",3,207,"clicked"
14802,1762,"2024-01-01","Pricing Page",2,36,"clicked"
14803,1148,"2024-04-30","Home",1,196,"dropped"
14804,2114,"2024-02-10","Confirmation",5,76,"converted"
14805,1964,"2024-02-20","Pricing Page",2,40,"clicked"
14806,580,"2024-04-20","Pricing Page",2,55,"dropped"
14807,2007,"2024-06-08","Pricing Page",2,50,"clicked"
14808,2268,"2024-03-12","Plan Selection",3,80,"viewed"
14809,298,"2024-04-19","Payment",4,179,"dropped"
14810,1878,"2024-01-06","Pricing Page",2,38,"clicked"
14811,83,"2024-03-16","Home",1,171,"dropped"
14812,1734,"2024-06-09","Plan Selection",3,182,"dropped"
14813,1254,"2024-03-28","Home",1,85,"clicked"
14814,2354,"2024-05-20","Plan Selection",3,67,"viewed"
14815,1577,"2024-06-28","Pricing Page",2,65,"dropped"
14816,1868,"2024-05-02","Plan Selection",3,118,"dropped"
14817,798,"2024-05-22","Home",1,80,"clicked"
14818,1934,"2024-02-05","Home",1,143,"dropped"
14819,2858,"2024-02-03","Home",1,166,"viewed"
14820,568,"2024-05-29","Plan Selection",3,74,"viewed"
14821,2182,"2024-05-27","Confirmation",5,19,"converted"
14822,1598,"2024-04-05","Home",1,123,"viewed"
14823,138,"2024-06-26","Payment",4,186,"dropped"
14824,2916,"2024-03-28","Plan Selection",3,27,"viewed"
14825,931,"2024-05-25","Home",1,26,"dropped"
14826,879,"2024-01-26","Payment",4,157,"dropped"
14827,2284,"2024-02-09","Payment",4,89,"clicked"
14828,1683,"2024-01-28","Home",1,206,"viewed"
14829,783,"2024-03-09","Home",1,103,"viewed"
14830,1388,"2024-03-11","Plan Selection",3,148,"viewed"
14831,1838,"2024-06-02","Pricing Page",2,53,"dropped"
14832,787,"2024-02-08","Pricing Page",2,53,"dropped"
14833,2164,"2024-04-16","Payment",4,26,"dropped"
14834,807,"2024-01-07","Pricing Page",2,53,"viewed"
14835,1311,"2024-06-16","Pricing Page",2,60,"clicked"
14836,2801,"2024-01-29","Confirmation",5,105,"converted"
14837,1270,"2024-05-02","Home",1,127,"clicked"
14838,194,"2024-04-23","Confirmation",5,169,"converted"
14839,539,"2024-04-01","Confirmation",5,101,"converted"
14840,906,"2024-01-25","Payment",4,102,"viewed"
14841,1720,"2024-06-09","Payment",4,200,"clicked"
14842,254,"2024-04-29","Home",1,57,"dropped"
14843,1712,"2024-05-03","Plan Selection",3,107,"clicked"
14844,242,"2024-03-27","Home",1,76,"dropped"
14845,36,"2024-03-22","Pricing Page",2,61,"dropped"
14846,2048,"2024-05-25","Confirmation",5,105,"converted"
14847,1334,"2024-05-23","Plan Selection",3,173,"dropped"
14848,1073,"2024-02-24","Pricing Page",2,39,"dropped"
14849,898,"2024-05-14","Payment",4,188,"viewed"
14850,737,"2024-02-19","Plan Selection",3,83,"viewed"
14851,1434,"2024-04-26","Payment",4,207,"clicked"
14852,34,"2024-02-18","Pricing Page",2,51,"clicked"
14853,435,"2024-05-16","Pricing Page",2,50,"dropped"
14854,180,"2024-01-22","Pricing Page",2,52,"clicked"
14855,81,"2024-05-21","Payment",4,168,"clicked"
14856,27,"2024-04-21","Home",1,84,"viewed"
14857,1706,"2024-04-23","Pricing Page",2,47,"dropped"
14858,1177,"2024-01-28","Plan Selection",3,101,"clicked"
14859,1009,"2024-01-10","Pricing Page",2,35,"dropped"
14860,2192,"2024-04-01","Pricing Page",2,44,"dropped"
14861,1753,"2024-05-20","Home",1,74,"dropped"
14862,524,"2024-02-03","Pricing Page",2,42,"viewed"
14863,1641,"2024-05-30","Plan Selection",3,16,"viewed"
14864,455,"2024-05-26","Plan Selection",3,113,"viewed"
14865,1660,"2024-02-24","Payment",4,82,"clicked"
14866,603,"2024-02-11","Plan Selection",3,207,"clicked"
14867,2135,"2024-04-10","Plan Selection",3,111,"viewed"
14868,2046,"2024-03-28","Pricing Page",2,50,"viewed"
14869,1745,"2024-01-02","Pricing Page",2,43,"dropped"
14870,509,"2024-06-23","Pricing Page",2,59,"clicked"
14871,2740,"2024-05-11","Confirmation",5,75,"converted"
14872,2786,"2024-04-29","Plan Selection",3,131,"clicked"
14873,1724,"2024-03-20","Pricing Page",2,67,"dropped"
14874,2358,"2024-02-21","Home",1,105,"dropped"
14875,1517,"2024-06-23","Pricing Page",2,57,"dropped"
14876,1904,"2024-02-10","Pricing Page",2,42,"clicked"
14877,2520,"2024-06-21","Pricing Page",2,47,"viewed"
14878,1337,"2024-04-17","Plan Selection",3,79,"viewed"
14879,730,"2024-04-27","Plan Selection",3,127,"clicked"
14880,945,"2024-02-29","Plan Selection",3,115,"clicked"
14881,270,"2024-06-01","Confirmation",5,46,"converted"
14882,246,"2024-06-05","Home",1,169,"viewed"
14883,1034,"2024-03-28","Pricing Page",2,51,"dropped"
14884,323,"2024-02-19","Home",1,89,"viewed"
14885,163,"2024-05-11","Pricing Page",2,43,"dropped"
14886,2212,"2024-03-01","Pricing Page",2,38,"dropped"
14887,1112,"2024-05-10","Pricing Page",2,47,"dropped"
14888,887,"2024-03-04","Payment",4,74,"viewed"
14889,2949,"2024-06-19","Payment",4,200,"clicked"
14890,1896,"2024-04-30","Pricing Page",2,43,"dropped"
14891,827,"2024-05-07","Plan Selection",3,72,"clicked"
14892,1824,"2024-04-02","Payment",4,42,"viewed"
14893,1529,"2024-05-15","Pricing Page",2,61,"dropped"
14894,2699,"2024-05-19","Home",1,111,"dropped"
14895,2190,"2024-03-30","Pricing Page",2,65,"clicked"
14896,2668,"2024-02-18","Plan Selection",3,131,"viewed"
14897,241,"2024-03-24","Home",1,203,"viewed"
14898,581,"2024-01-21","Confirmation",5,124,"converted"
14899,2720,"2024-05-28","Pricing Page",2,52,"dropped"
14900,2560,"2024-03-27","Payment",4,149,"dropped"
14901,2821,"2024-05-03","Plan Selection",3,193,"viewed"
14902,777,"2024-06-10","Plan Selection",3,150,"clicked"
14903,1018,"2024-02-11","Home",1,194,"dropped"
14904,1338,"2024-04-01","Home",1,89,"clicked"
14905,112,"2024-06-02","Home",1,23,"viewed"
14906,1964,"2024-03-06","Payment",4,28,"viewed"
14907,1506,"2024-04-26","Plan Selection",3,136,"dropped"
14908,607,"2024-06-21","Home",1,199,"clicked"
14909,1271,"2024-03-05","Plan Selection",3,114,"dropped"
14910,2146,"2024-03-14","Payment",4,46,"clicked"
14911,2578,"2024-03-22","Plan Selection",3,205,"viewed"
14912,1654,"2024-01-12","Plan Selection",3,41,"viewed"
14913,1172,"2024-04-25","Home",1,38,"viewed"
14914,2963,"2024-06-09","Pricing Page",2,59,"dropped"
14915,1589,"2024-02-15","Plan Selection",3,120,"viewed"
14916,851,"2024-01-09","Pricing Page",2,54,"viewed"
14917,652,"2024-02-19","Plan Selection",3,158,"clicked"
14918,2034,"2024-04-26","Home",1,207,"clicked"
14919,2996,"2024-05-27","Home",1,190,"clicked"
14920,2576,"2024-03-04","Home",1,178,"viewed"
14921,2426,"2024-01-09","Payment",4,182,"viewed"
14922,2944,"2024-01-30","Confirmation",5,192,"converted"
14923,2762,"2024-06-05","Plan Selection",3,44,"dropped"
14924,1541,"2024-06-20","Pricing Page",2,43,"dropped"
14925,2419,"2024-02-11","Payment",4,201,"clicked"
14926,259,"2024-04-29","Home",1,54,"viewed"
14927,782,"2024-03-04","Confirmation",5,161,"converted"
14928,2734,"2024-02-20","Plan Selection",3,104,"clicked"
14929,1369,"2024-01-29","Pricing Page",2,48,"viewed"
14930,1555,"2024-06-20","Home",1,32,"viewed"
14931,1648,"2024-05-28","Pricing Page",2,61,"dropped"
14932,897,"2024-06-16","Payment",4,186,"dropped"
14933,1373,"2024-04-22","Payment",4,176,"viewed"
14934,563,"2024-01-24","Home",1,17,"viewed"
14935,1526,"2024-05-20","Pricing Page",2,49,"viewed"
14936,1805,"2024-01-24","Payment",4,173,"clicked"
14937,1251,"2024-03-05","Plan Selection",3,135,"clicked"
14938,1960,"2024-05-15","Payment",4,146,"dropped"
14939,586,"2024-05-30","Plan Selection",3,88,"dropped"
14940,2877,"2024-01-21","Plan Selection",3,31,"clicked"
14941,143,"2024-05-27","Confirmation",5,42,"converted"
14942,177,"2024-05-25","Payment",4,161,"clicked"
14943,670,"2024-02-08","Pricing Page",2,40,"clicked"
14944,2416,"2024-02-25","Home",1,135,"viewed"
14945,564,"2024-03-30","Confirmation",5,27,"converted"
14946,2073,"2024-02-04","Confirmation",5,187,"converted"
14947,2257,"2024-01-19","Pricing Page",2,58,"viewed"
14948,363,"2024-04-22","Payment",4,188,"dropped"
14949,989,"2024-01-09","Pricing Page",2,31,"clicked"
14950,1352,"2024-05-07","Home",1,145,"viewed"
14951,1740,"2024-01-24","Confirmation",5,43,"converted"
14952,282,"2024-06-25","Plan Selection",3,207,"dropped"
14953,132,"2024-04-20","Confirmation",5,171,"converted"
14954,764,"2024-06-02","Pricing Page",2,63,"clicked"
14955,1130,"2024-04-07","Plan Selection",3,56,"clicked"
14956,1781,"2024-04-16","Home",1,24,"viewed"
14957,268,"2024-06-04","Home",1,126,"viewed"
14958,1058,"2024-02-24","Pricing Page",2,39,"dropped"
14959,947,"2024-05-28","Home",1,62,"viewed"
14960,1814,"2024-03-11","Home",1,107,"dropped"
14961,2383,"2024-05-27","Plan Selection",3,207,"viewed"
14962,1366,"2024-04-22","Payment",4,188,"dropped"
14963,1165,"2024-02-23","Pricing Page",2,51,"clicked"
14964,504,"2024-05-29","Plan Selection",3,145,"clicked"
14965,1246,"2024-04-20","Payment",4,42,"clicked"
14966,1919,"2024-06-15","Plan Selection",3,134,"dropped"
14967,1614,"2024-03-22","Plan Selection",3,169,"dropped"
14968,300,"2024-02-07","Payment",4,11,"viewed"
14969,964,"2024-06-29","Home",1,36,"clicked"
14970,1523,"2024-05-24","Pricing Page",2,65,"dropped"
14971,1623,"2024-06-12","Confirmation",5,153,"converted"
14972,2823,"2024-04-09","Confirmation",5,195,"converted"
14973,2719,"2024-05-14","Confirmation",5,153,"converted"
14974,1869,"2024-06-22","Confirmation",5,169,"converted"
14975,548,"2024-04-03","Home",1,143,"dropped"
14976,164,"2024-04-24","Home",1,39,"viewed"
14977,362,"2024-03-24","Confirmation",5,77,"converted"
14978,2596,"2024-02-25","Confirmation",5,161,"converted"
14979,2932,"2024-04-21","Home",1,190,"dropped"
14980,1895,"2024-06-21","Payment",4,102,"viewed"
14981,547,"2024-05-20","Pricing Page",2,46,"dropped"
14982,1270,"2024-05-16","Pricing Page",2,43,"dropped"
14983,2791,"2024-01-26","Confirmation",5,46,"converted"
14984,469,"2024-02-10","Plan Selection",3,136,"dropped"
14985,2935,"2024-03-07","Confirmation",5,87,"converted"
14986,765,"2024-01-19","Payment",4,106,"dropped"
14987,740,"2024-05-27","Pricing Page",2,43,"dropped"
14988,1408,"2024-02-25","Home",1,145,"dropped"
14989,377,"2024-04-06","Pricing Page",2,63,"dropped"
14990,469,"2024-05-20","Pricing Page",2,59,"dropped"
14991,1827,"2024-06-28","Home",1,149,"dropped"
14992,1051,"2024-03-28","Pricing Page",2,48,"clicked"
14993,1420,"2024-02-12","Payment",4,28,"dropped"
14994,1846,"2024-04-08","Payment",4,150,"viewed"
14995,1367,"2024-04-07","Pricing Page",2,39,"dropped"
14996,808,"2024-03-27","Plan Selection",3,98,"clicked"
14997,497,"2024-02-29","Home",1,156,"dropped"
14998,2830,"2024-01-07","Pricing Page",2,47,"viewed"
14999,2776,"2024-05-26","Pricing Page",2,64,"clicked"
15000,1756,"2024-06-26","Home",1,157,"clicked"
