"subscription_id","user_id","plan_type","start_date","end_date","cancellation_reason","churn_flag"
1,769,"Monthly_499","2024-03-12","","",0
2,2003,"Quarterly_1299","2024-05-17","","",0
3,579,"Monthly_499","2024-05-26","","",0
4,253,"Monthly_499","2024-05-12","","",0
5,726,"Quarterly_1299","2024-04-01","2024-04-17","Found Better App",1
6,790,"Monthly_499","2024-04-21","","",0
7,777,"Monthly_499","2024-03-14","2024-04-28","Hard to Cancel",1
8,348,"Monthly_499","2024-02-27","2024-04-06","Too Expensive",1
9,2823,"Monthly_499","2024-01-14","","",0
10,2662,"Annual_3999","2024-06-16","2024-07-07","Too Expensive",1
11,192,"Annual_3999","2024-02-11","2024-04-13","Found Better App",1
12,2337,"Annual_3999","2024-01-10","","",0
13,1182,"Monthly_499","2024-05-03","2024-05-13","Too Expensive",1
14,2983,"Quarterly_1299","2024-01-30","","",0
15,1863,"Monthly_499","2024-02-16","2024-03-30","Hard to Cancel",1
16,331,"Monthly_499","2024-03-01","","",0
17,2145,"Monthly_499","2024-02-26","2024-03-26","Found Better App",1
18,249,"Monthly_499","2024-04-03","2024-06-06","Found Better App",1
19,2429,"Monthly_499","2024-01-27","2024-02-27","Too Expensive",1
20,1358,"Monthly_499","2024-04-02","2024-05-25","Hard to Cancel",1
21,1963,"Monthly_499","2024-06-11","","",0
22,2853,"Monthly_499","2024-01-10","","",0
23,498,"Monthly_499","2024-02-05","","",0
24,2599,"Monthly_499","2024-05-11","","",0
25,1876,"Quarterly_1299","2024-02-26","2024-03-25","Found Better App",1
26,1151,"Monthly_499","2024-03-24","","",0
27,2188,"Monthly_499","2024-02-25","","",0
28,182,"Monthly_499","2024-05-31","","",0
29,2043,"Quarterly_1299","2024-05-20","","",0
30,1965,"Annual_3999","2024-05-22","2024-07-08","Found Better App",1
31,342,"Annual_3999","2024-06-05","","",0
32,2445,"Monthly_499","2024-06-29","","",0
33,668,"Monthly_499","2024-05-21","","",0
34,1085,"Quarterly_1299","2024-03-09","","",0
35,2942,"Monthly_499","2024-02-19","","",0
36,227,"Quarterly_1299","2024-04-15","","",0
37,1488,"Monthly_499","2024-03-01","","",0
38,8,"Monthly_499","2024-02-21","2024-04-22","Not Using App",1
39,1795,"Monthly_499","2024-06-06","2024-07-21","Too Expensive",1
40,1112,"Monthly_499","2024-02-10","","",0
41,2664,"Quarterly_1299","2024-02-21","","",0
42,1709,"Annual_3999","2024-06-16","","",0
43,1136,"Annual_3999","2024-03-14","2024-05-20","Not Using App",1
44,1359,"Monthly_499","2024-01-20","","",0
45,1068,"Monthly_499","2024-01-08","","",0
46,962,"Annual_3999","2024-06-24","","",0
47,415,"Monthly_499","2024-06-29","","",0
48,1221,"Quarterly_1299","2024-04-15","","",0
49,1142,"Monthly_499","2024-05-31","","",0
50,1663,"Monthly_499","2024-04-08","","",0
51,721,"Annual_3999","2024-01-26","","",0
52,1469,"Monthly_499","2024-06-27","2024-08-11","Hard to Cancel",1
53,740,"Quarterly_1299","2024-06-09","","",0
54,2363,"Quarterly_1299","2024-04-24","2024-05-20","Too Expensive",1
55,1734,"Monthly_499","2024-06-26","","",0
56,14,"Monthly_499","2024-02-27","","",0
57,2369,"Annual_3999","2024-02-14","","",0
58,1283,"Monthly_499","2024-02-27","2024-05-03","Found Better App",1
59,2256,"Annual_3999","2024-06-01","2024-06-28","Hard to Cancel",1
60,2012,"Quarterly_1299","2024-06-21","","",0
61,980,"Monthly_499","2024-06-07","","",0
62,1973,"Annual_3999","2024-02-01","","",0
63,373,"Monthly_499","2024-05-12","2024-06-19","Hard to Cancel",1
64,524,"Monthly_499","2024-05-11","","",0
65,1644,"Monthly_499","2024-04-20","2024-06-29","Hard to Cancel",1
66,2104,"Monthly_499","2024-06-16","","",0
67,2268,"Monthly_499","2024-02-01","","",0
68,1304,"Annual_3999","2024-06-02","2024-08-15","Too Expensive",1
69,2995,"Quarterly_1299","2024-06-17","","",0
70,2399,"Monthly_499","2024-02-25","","",0
71,1231,"Monthly_499","2024-05-17","2024-08-09","Hard to Cancel",1
72,2174,"Monthly_499","2024-02-25","","",0
73,469,"Quarterly_1299","2024-02-15","2024-05-02","Too Expensive",1
74,2147,"Monthly_499","2024-02-13","","",0
75,1148,"Annual_3999","2024-03-14","2024-04-10","Not Using App",1
76,876,"Monthly_499","2024-05-04","","",0
77,89,"Monthly_499","2024-06-15","","",0
78,1409,"Monthly_499","2024-06-19","","",0
79,2012,"Annual_3999","2024-02-04","2024-04-26","Hard to Cancel",1
80,2345,"Quarterly_1299","2024-04-18","","",0
81,1606,"Monthly_499","2024-01-30","2024-03-05","Found Better App",1
82,298,"Monthly_499","2024-01-12","","",0
83,1153,"Monthly_499","2024-02-17","2024-04-29","Not Using App",1
84,851,"Monthly_499","2024-02-14","2024-03-30","Found Better App",1
85,249,"Monthly_499","2024-05-19","","",0
86,1956,"Annual_3999","2024-02-03","","",0
87,2483,"Annual_3999","2024-01-13","2024-01-27","Found Better App",1
88,684,"Quarterly_1299","2024-04-01","","",0
89,2280,"Annual_3999","2024-06-02","2024-06-27","Hard to Cancel",1
90,93,"Annual_3999","2024-02-05","","",0
91,2279,"Monthly_499","2024-01-24","","",0
92,2955,"Monthly_499","2024-05-04","2024-06-03","Hard to Cancel",1
93,1663,"Monthly_499","2024-06-25","2024-07-20","Hard to Cancel",1
94,2187,"Monthly_499","2024-02-16","","",0
95,602,"Annual_3999","2024-06-14","2024-08-21","Hard to Cancel",1
96,532,"Quarterly_1299","2024-01-11","","",0
97,2167,"Annual_3999","2024-05-28","2024-07-01","Found Better App",1
98,1293,"Monthly_499","2024-04-07","2024-06-25","Hard to Cancel",1
99,2437,"Quarterly_1299","2024-05-27","","",0
100,1695,"Monthly_499","2024-05-17","2024-08-10","Found Better App",1
101,23,"Quarterly_1299","2024-01-24","","",0
102,2813,"Monthly_499","2024-03-11","2024-06-03","Too Expensive",1
103,1743,"Quarterly_1299","2024-01-15","2024-02-04","Not Using App",1
104,2140,"Monthly_499","2024-05-05","2024-07-24","Not Using App",1
105,2545,"Monthly_499","2024-01-25","2024-02-10","Too Expensive",1
106,435,"Monthly_499","2024-02-24","","",0
107,445,"Monthly_499","2024-02-26","","",0
108,374,"Monthly_499","2024-04-03","2024-06-07","Hard to Cancel",1
109,1357,"Monthly_499","2024-06-17","","",0
110,2431,"Quarterly_1299","2024-05-26","2024-06-24","Hard to Cancel",1
111,284,"Quarterly_1299","2024-03-10","2024-04-09","Too Expensive",1
112,322,"Quarterly_1299","2024-01-03","","",0
113,423,"Annual_3999","2024-05-03","","",0
114,1786,"Monthly_499","2024-02-11","2024-04-18","Hard to Cancel",1
115,745,"Monthly_499","2024-01-01","2024-03-27","Not Using App",1
116,2022,"Monthly_499","2024-02-14","2024-05-11","Found Better App",1
117,1350,"Annual_3999","2024-04-25","2024-05-18","Not Using App",1
118,1458,"Quarterly_1299","2024-01-07","","",0
119,1471,"Quarterly_1299","2024-06-01","2024-08-08","Hard to Cancel",1
120,845,"Quarterly_1299","2024-01-21","2024-02-21","Too Expensive",1
121,1698,"Monthly_499","2024-03-14","","",0
122,868,"Monthly_499","2024-01-13","2024-02-19","Too Expensive",1
123,921,"Quarterly_1299","2024-05-12","2024-05-25","Found Better App",1
124,995,"Annual_3999","2024-06-25","","",0
125,2384,"Monthly_499","2024-04-01","2024-06-03","Not Using App",1
126,1456,"Monthly_499","2024-02-27","","",0
127,1096,"Quarterly_1299","2024-04-09","2024-06-30","Not Using App",1
128,1530,"Monthly_499","2024-01-02","","",0
129,2736,"Quarterly_1299","2024-01-21","","",0
130,1458,"Quarterly_1299","2024-01-10","","",0
131,2287,"Monthly_499","2024-02-27","","",0
132,371,"Monthly_499","2024-05-20","2024-07-17","Hard to Cancel",1
133,2600,"Monthly_499","2024-02-29","2024-05-16","Not Using App",1
134,2057,"Monthly_499","2024-03-31","","",0
135,1009,"Monthly_499","2024-03-26","","",0
136,2248,"Monthly_499","2024-04-28","2024-07-05","Hard to Cancel",1
137,1835,"Monthly_499","2024-04-14","","",0
138,2172,"Monthly_499","2024-06-06","2024-08-14","Found Better App",1
139,1885,"Monthly_499","2024-02-10","","",0
140,1664,"Monthly_499","2024-03-20","2024-04-27","Too Expensive",1
141,2819,"Quarterly_1299","2024-06-09","2024-06-25","Hard to Cancel",1
142,523,"Monthly_499","2024-01-02","","",0
143,1457,"Monthly_499","2024-04-15","2024-05-29","Hard to Cancel",1
144,340,"Monthly_499","2024-01-21","","",0
145,706,"Monthly_499","2024-05-30","","",0
146,1434,"Monthly_499","2024-01-16","","",0
147,2417,"Monthly_499","2024-05-12","2024-07-10","Found Better App",1
148,1352,"Annual_3999","2024-04-30","","",0
149,2239,"Monthly_499","2024-06-12","","",0
150,1511,"Monthly_499","2024-04-04","","",0
151,752,"Annual_3999","2024-04-06","","",0
152,558,"Monthly_499","2024-06-23","","",0
153,1462,"Quarterly_1299","2024-01-11","","",0
154,269,"Monthly_499","2024-05-11","","",0
155,569,"Monthly_499","2024-06-24","2024-09-01","Hard to Cancel",1
156,1374,"Monthly_499","2024-06-09","2024-08-20","Hard to Cancel",1
157,1051,"Quarterly_1299","2024-03-02","2024-04-04","Not Using App",1
158,2107,"Quarterly_1299","2024-03-06","","",0
159,2497,"Monthly_499","2024-01-03","","",0
160,1526,"Monthly_499","2024-06-29","2024-07-15","Too Expensive",1
161,996,"Quarterly_1299","2024-01-23","","",0
162,2922,"Quarterly_1299","2024-04-09","","",0
163,499,"Quarterly_1299","2024-02-10","","",0
164,196,"Quarterly_1299","2024-02-04","2024-04-24","Not Using App",1
165,2434,"Monthly_499","2024-06-28","","",0
166,1739,"Monthly_499","2024-01-03","","",0
167,148,"Annual_3999","2024-03-17","2024-06-11","Hard to Cancel",1
168,1353,"Annual_3999","2024-01-12","","",0
169,459,"Monthly_499","2024-06-20","","",0
170,2728,"Quarterly_1299","2024-06-11","2024-07-25","Not Using App",1
171,1018,"Monthly_499","2024-04-02","2024-04-17","Found Better App",1
172,1269,"Monthly_499","2024-03-03","","",0
173,2661,"Quarterly_1299","2024-05-02","","",0
174,2739,"Quarterly_1299","2024-05-06","","",0
175,660,"Monthly_499","2024-06-29","","",0
176,1342,"Monthly_499","2024-01-29","","",0
177,1707,"Quarterly_1299","2024-03-29","2024-06-20","Found Better App",1
178,2539,"Quarterly_1299","2024-03-25","","",0
179,1120,"Annual_3999","2024-02-10","2024-03-23","Too Expensive",1
180,2790,"Annual_3999","2024-06-21","","",0
181,2732,"Quarterly_1299","2024-05-02","2024-07-27","Hard to Cancel",1
182,1250,"Monthly_499","2024-02-26","2024-03-08","Too Expensive",1
183,1946,"Monthly_499","2024-02-09","2024-04-30","Too Expensive",1
184,1959,"Monthly_499","2024-03-25","2024-04-29","Hard to Cancel",1
185,1708,"Annual_3999","2024-04-07","2024-05-30","Not Using App",1
186,1204,"Quarterly_1299","2024-04-17","2024-04-28","Found Better App",1
187,984,"Monthly_499","2024-01-04","","",0
188,175,"Monthly_499","2024-06-05","2024-07-15","Hard to Cancel",1
189,2894,"Quarterly_1299","2024-04-09","","",0
190,1095,"Monthly_499","2024-01-16","2024-01-27","Found Better App",1
191,931,"Quarterly_1299","2024-06-18","","",0
192,1648,"Quarterly_1299","2024-06-04","2024-07-01","Hard to Cancel",1
193,1330,"Monthly_499","2024-04-09","","",0
194,404,"Quarterly_1299","2024-02-10","","",0
195,638,"Quarterly_1299","2024-03-24","2024-04-06","Hard to Cancel",1
196,1895,"Quarterly_1299","2024-05-07","2024-06-15","Too Expensive",1
197,622,"Quarterly_1299","2024-01-11","2024-03-18","Too Expensive",1
198,2247,"Quarterly_1299","2024-02-05","2024-03-05","Found Better App",1
199,2803,"Monthly_499","2024-06-07","2024-08-17","Found Better App",1
200,647,"Monthly_499","2024-03-08","","",0
201,969,"Monthly_499","2024-04-21","","",0
202,741,"Quarterly_1299","2024-01-15","2024-03-05","Too Expensive",1
203,1900,"Monthly_499","2024-03-26","","",0
204,2662,"Quarterly_1299","2024-06-10","2024-06-24","Hard to Cancel",1
205,2500,"Monthly_499","2024-06-25","","",0
206,1870,"Monthly_499","2024-02-18","2024-03-22","Found Better App",1
207,1358,"Annual_3999","2024-04-28","","",0
208,601,"Quarterly_1299","2024-02-14","2024-05-13","Found Better App",1
209,1206,"Quarterly_1299","2024-03-07","2024-04-29","Too Expensive",1
210,1864,"Annual_3999","2024-05-15","2024-06-12","Too Expensive",1
211,1329,"Monthly_499","2024-02-29","","",0
212,545,"Monthly_499","2024-01-03","","",0
213,1153,"Monthly_499","2024-01-26","2024-02-09","Too Expensive",1
214,561,"Annual_3999","2024-01-21","","",0
215,735,"Quarterly_1299","2024-02-21","","",0
216,2593,"Monthly_499","2024-04-12","2024-06-09","Too Expensive",1
217,1445,"Quarterly_1299","2024-03-17","2024-04-29","Not Using App",1
218,2635,"Annual_3999","2024-06-14","","",0
219,2426,"Annual_3999","2024-02-20","2024-03-19","Hard to Cancel",1
220,1768,"Monthly_499","2024-05-21","2024-06-11","Not Using App",1
221,2005,"Monthly_499","2024-06-06","2024-08-14","Hard to Cancel",1
222,2724,"Monthly_499","2024-06-04","2024-07-29","Hard to Cancel",1
223,2174,"Quarterly_1299","2024-03-06","2024-05-11","Too Expensive",1
224,2202,"Monthly_499","2024-01-27","2024-03-19","Hard to Cancel",1
225,1184,"Quarterly_1299","2024-06-24","","",0
226,292,"Annual_3999","2024-02-11","2024-03-20","Hard to Cancel",1
227,523,"Monthly_499","2024-05-09","2024-06-30","Hard to Cancel",1
228,1602,"Monthly_499","2024-06-29","","",0
229,1288,"Quarterly_1299","2024-03-13","2024-06-07","Too Expensive",1
230,1763,"Monthly_499","2024-03-25","2024-05-23","Too Expensive",1
231,1812,"Annual_3999","2024-06-19","","",0
232,1914,"Monthly_499","2024-02-04","","",0
233,2463,"Monthly_499","2024-03-05","","",0
234,2738,"Monthly_499","2024-05-28","","",0
235,1546,"Quarterly_1299","2024-04-23","2024-07-07","Not Using App",1
236,398,"Monthly_499","2024-04-02","2024-05-26","Hard to Cancel",1
237,866,"Monthly_499","2024-06-05","","",0
238,786,"Quarterly_1299","2024-01-21","","",0
239,1459,"Monthly_499","2024-05-12","","",0
240,1669,"Quarterly_1299","2024-02-19","","",0
241,1097,"Quarterly_1299","2024-05-14","","",0
242,1020,"Annual_3999","2024-02-05","2024-05-02","Too Expensive",1
243,2919,"Quarterly_1299","2024-05-11","2024-07-21","Not Using App",1
244,640,"Monthly_499","2024-06-21","","",0
245,1359,"Monthly_499","2024-06-24","","",0
246,241,"Monthly_499","2024-06-09","2024-08-25","Hard to Cancel",1
247,726,"Monthly_499","2024-01-29","","",0
248,2450,"Monthly_499","2024-05-06","2024-06-18","Not Using App",1
249,1490,"Quarterly_1299","2024-02-13","","",0
250,12,"Quarterly_1299","2024-04-07","","",0
251,376,"Monthly_499","2024-01-19","","",0
252,1983,"Monthly_499","2024-01-08","2024-02-26","Too Expensive",1
253,685,"Annual_3999","2024-01-22","2024-02-29","Hard to Cancel",1
254,1744,"Quarterly_1299","2024-04-02","2024-04-17","Not Using App",1
255,2989,"Monthly_499","2024-03-25","2024-05-15","Too Expensive",1
256,2315,"Annual_3999","2024-06-05","2024-06-16","Found Better App",1
257,1249,"Quarterly_1299","2024-03-12","2024-05-29","Hard to Cancel",1
258,2708,"Monthly_499","2024-02-10","","",0
259,1833,"Annual_3999","2024-06-21","","",0
260,1031,"Monthly_499","2024-02-10","","",0
261,1204,"Annual_3999","2024-05-29","2024-08-12","Not Using App",1
262,1082,"Monthly_499","2024-04-01","","",0
263,913,"Quarterly_1299","2024-02-29","2024-03-21","Not Using App",1
264,291,"Monthly_499","2024-03-08","","",0
265,205,"Monthly_499","2024-01-12","","",0
266,1593,"Monthly_499","2024-04-06","","",0
267,1591,"Monthly_499","2024-03-14","2024-05-28","Found Better App",1
268,1319,"Monthly_499","2024-02-17","2024-03-12","Too Expensive",1
269,936,"Monthly_499","2024-01-10","2024-02-16","Too Expensive",1
270,1563,"Annual_3999","2024-05-03","2024-06-21","Not Using App",1
271,1858,"Monthly_499","2024-04-26","","",0
272,1101,"Quarterly_1299","2024-01-29","","",0
273,2021,"Quarterly_1299","2024-04-06","","",0
274,729,"Quarterly_1299","2024-02-24","2024-05-06","Found Better App",1
275,2226,"Monthly_499","2024-02-16","","",0
276,2066,"Monthly_499","2024-05-06","2024-05-19","Hard to Cancel",1
277,2649,"Monthly_499","2024-03-15","","",0
278,2190,"Monthly_499","2024-02-21","2024-05-07","Too Expensive",1
279,2091,"Quarterly_1299","2024-05-19","2024-06-15","Too Expensive",1
280,1036,"Monthly_499","2024-06-15","2024-08-15","Found Better App",1
281,216,"Quarterly_1299","2024-03-06","","",0
282,2331,"Monthly_499","2024-01-25","","",0
283,1989,"Monthly_499","2024-02-21","","",0
284,1271,"Monthly_499","2024-01-13","2024-03-11","Not Using App",1
285,2563,"Quarterly_1299","2024-04-30","","",0
286,2718,"Monthly_499","2024-01-01","2024-02-17","Found Better App",1
287,1023,"Monthly_499","2024-06-02","","",0
288,2736,"Monthly_499","2024-01-07","2024-01-30","Not Using App",1
289,374,"Annual_3999","2024-01-11","2024-01-25","Too Expensive",1
290,2946,"Monthly_499","2024-02-08","","",0
291,1703,"Quarterly_1299","2024-06-06","","",0
292,182,"Monthly_499","2024-04-02","2024-06-13","Not Using App",1
293,1016,"Monthly_499","2024-03-29","2024-06-16","Hard to Cancel",1
294,2219,"Monthly_499","2024-02-22","2024-05-13","Not Using App",1
295,2703,"Monthly_499","2024-06-20","2024-08-11","Too Expensive",1
296,2609,"Quarterly_1299","2024-02-17","","",0
297,1431,"Quarterly_1299","2024-02-13","2024-03-02","Too Expensive",1
298,692,"Monthly_499","2024-02-09","2024-04-12","Too Expensive",1
299,2948,"Quarterly_1299","2024-02-28","","",0
300,2889,"Monthly_499","2024-04-22","2024-06-21","Hard to Cancel",1
301,2719,"Monthly_499","2024-03-23","2024-05-17","Hard to Cancel",1
302,2012,"Quarterly_1299","2024-06-17","","",0
303,700,"Quarterly_1299","2024-06-05","2024-08-12","Hard to Cancel",1
304,728,"Monthly_499","2024-06-21","2024-08-29","Too Expensive",1
305,1977,"Quarterly_1299","2024-04-11","2024-04-24","Too Expensive",1
306,567,"Monthly_499","2024-06-22","2024-08-23","Hard to Cancel",1
307,1088,"Monthly_499","2024-03-16","","",0
308,2250,"Monthly_499","2024-03-31","","",0
309,2487,"Monthly_499","2024-01-03","","",0
310,1813,"Monthly_499","2024-03-15","","",0
311,126,"Quarterly_1299","2024-03-06","","",0
312,1220,"Quarterly_1299","2024-02-02","","",0
313,229,"Monthly_499","2024-06-17","2024-07-13","Hard to Cancel",1
314,559,"Quarterly_1299","2024-03-22","2024-04-19","Found Better App",1
315,814,"Monthly_499","2024-03-09","2024-06-06","Too Expensive",1
316,696,"Monthly_499","2024-03-18","","",0
317,1085,"Annual_3999","2024-06-28","2024-07-28","Hard to Cancel",1
318,2909,"Monthly_499","2024-03-15","2024-04-04","Hard to Cancel",1
319,168,"Annual_3999","2024-01-04","2024-01-17","Not Using App",1
320,1728,"Monthly_499","2024-02-15","","",0
321,2203,"Monthly_499","2024-01-17","","",0
322,486,"Quarterly_1299","2024-06-04","2024-06-18","Not Using App",1
323,2140,"Monthly_499","2024-02-13","2024-04-04","Found Better App",1
324,1283,"Monthly_499","2024-01-27","","",0
325,1799,"Monthly_499","2024-04-25","2024-05-06","Found Better App",1
326,2452,"Monthly_499","2024-01-30","","",0
327,2175,"Monthly_499","2024-04-03","2024-05-17","Too Expensive",1
328,1012,"Monthly_499","2024-01-22","2024-04-02","Too Expensive",1
329,1452,"Monthly_499","2024-03-03","2024-05-22","Too Expensive",1
330,707,"Monthly_499","2024-01-10","2024-02-24","Too Expensive",1
331,1229,"Quarterly_1299","2024-01-01","","",0
332,1199,"Monthly_499","2024-01-24","","",0
333,2545,"Monthly_499","2024-05-12","2024-07-08","Not Using App",1
334,710,"Monthly_499","2024-05-19","2024-07-15","Not Using App",1
335,2823,"Monthly_499","2024-03-27","2024-04-17","Too Expensive",1
336,1823,"Monthly_499","2024-02-10","","",0
337,451,"Monthly_499","2024-02-29","","",0
338,906,"Monthly_499","2024-04-15","2024-05-23","Found Better App",1
339,2006,"Monthly_499","2024-04-01","2024-06-29","Too Expensive",1
340,685,"Monthly_499","2024-02-07","2024-04-04","Not Using App",1
341,298,"Monthly_499","2024-05-19","2024-07-25","Hard to Cancel",1
342,1844,"Monthly_499","2024-04-20","2024-06-12","Found Better App",1
343,1037,"Quarterly_1299","2024-05-15","2024-06-10","Hard to Cancel",1
344,1681,"Quarterly_1299","2024-01-18","","",0
345,1043,"Monthly_499","2024-03-26","2024-06-14","Found Better App",1
346,2515,"Monthly_499","2024-04-01","2024-06-18","Too Expensive",1
347,120,"Monthly_499","2024-04-25","2024-07-18","Hard to Cancel",1
348,457,"Monthly_499","2024-04-16","","",0
349,2155,"Monthly_499","2024-05-06","","",0
350,2959,"Quarterly_1299","2024-01-24","2024-02-13","Not Using App",1
351,1310,"Monthly_499","2024-03-26","","",0
352,644,"Monthly_499","2024-03-19","2024-04-17","Hard to Cancel",1
353,2206,"Quarterly_1299","2024-03-14","","",0
354,2462,"Monthly_499","2024-04-09","","",0
355,2651,"Monthly_499","2024-02-04","","",0
356,1661,"Annual_3999","2024-01-21","2024-02-27","Hard to Cancel",1
357,865,"Monthly_499","2024-02-15","2024-02-25","Too Expensive",1
358,1861,"Quarterly_1299","2024-01-20","2024-02-21","Too Expensive",1
359,765,"Monthly_499","2024-04-21","","",0
360,1558,"Monthly_499","2024-04-06","","",0
361,1344,"Monthly_499","2024-03-07","2024-04-29","Not Using App",1
362,2593,"Monthly_499","2024-05-27","2024-07-19","Not Using App",1
363,2880,"Monthly_499","2024-04-25","","",0
364,1271,"Monthly_499","2024-01-17","","",0
365,1667,"Annual_3999","2024-06-16","2024-07-17","Hard to Cancel",1
366,1067,"Monthly_499","2024-01-17","","",0
367,374,"Annual_3999","2024-04-28","2024-07-21","Hard to Cancel",1
368,1571,"Quarterly_1299","2024-03-19","","",0
369,2637,"Monthly_499","2024-01-31","","",0
370,74,"Quarterly_1299","2024-04-06","2024-05-05","Hard to Cancel",1
371,930,"Quarterly_1299","2024-04-03","","",0
372,1163,"Monthly_499","2024-06-21","2024-09-07","Found Better App",1
373,2462,"Annual_3999","2024-03-27","2024-04-10","Not Using App",1
374,2342,"Monthly_499","2024-04-06","2024-05-15","Too Expensive",1
375,2790,"Monthly_499","2024-05-30","","",0
376,2198,"Monthly_499","2024-04-09","2024-06-28","Hard to Cancel",1
377,2247,"Monthly_499","2024-04-02","2024-05-02","Hard to Cancel",1
378,294,"Monthly_499","2024-06-23","","",0
379,13,"Monthly_499","2024-06-08","2024-07-31","Too Expensive",1
380,2422,"Monthly_499","2024-06-23","2024-08-12","Hard to Cancel",1
381,2547,"Quarterly_1299","2024-01-06","","",0
382,220,"Quarterly_1299","2024-03-15","","",0
383,1077,"Monthly_499","2024-06-04","","",0
384,557,"Monthly_499","2024-02-05","2024-04-03","Too Expensive",1
385,1912,"Quarterly_1299","2024-02-25","","",0
386,845,"Quarterly_1299","2024-05-06","2024-08-01","Hard to Cancel",1
387,1395,"Monthly_499","2024-04-01","2024-04-22","Hard to Cancel",1
388,1710,"Monthly_499","2024-04-28","","",0
389,1603,"Monthly_499","2024-01-26","2024-02-11","Too Expensive",1
390,2080,"Monthly_499","2024-06-11","2024-08-11","Hard to Cancel",1
391,1559,"Monthly_499","2024-02-28","","",0
392,1907,"Monthly_499","2024-01-14","2024-04-04","Too Expensive",1
393,2417,"Monthly_499","2024-01-27","2024-03-28","Found Better App",1
394,1300,"Monthly_499","2024-04-09","","",0
395,1288,"Monthly_499","2024-03-31","2024-04-18","Found Better App",1
396,721,"Monthly_499","2024-03-23","2024-05-07","Found Better App",1
397,1526,"Quarterly_1299","2024-04-23","2024-05-21","Hard to Cancel",1
398,2203,"Annual_3999","2024-02-09","","",0
399,1492,"Monthly_499","2024-06-24","","",0
400,217,"Monthly_499","2024-06-11","2024-07-30","Hard to Cancel",1
401,2745,"Annual_3999","2024-01-26","2024-04-14","Too Expensive",1
402,2505,"Monthly_499","2024-02-27","","",0
403,489,"Monthly_499","2024-03-05","","",0
404,627,"Monthly_499","2024-05-21","2024-07-09","Hard to Cancel",1
405,2669,"Monthly_499","2024-04-22","2024-05-11","Not Using App",1
406,1143,"Monthly_499","2024-04-30","","",0
407,14,"Monthly_499","2024-02-23","2024-05-01","Too Expensive",1
408,2212,"Monthly_499","2024-04-05","","",0
409,1298,"Monthly_499","2024-04-07","2024-06-06","Hard to Cancel",1
410,1057,"Monthly_499","2024-04-22","","",0
411,2247,"Quarterly_1299","2024-04-19","2024-05-20","Found Better App",1
412,224,"Annual_3999","2024-03-20","2024-05-16","Too Expensive",1
413,2194,"Monthly_499","2024-01-26","2024-04-14","Hard to Cancel",1
414,355,"Monthly_499","2024-01-27","","",0
415,858,"Annual_3999","2024-06-23","","",0
416,1409,"Monthly_499","2024-05-16","","",0
417,2608,"Monthly_499","2024-04-09","2024-04-26","Hard to Cancel",1
418,1314,"Monthly_499","2024-05-16","2024-07-21","Hard to Cancel",1
419,813,"Quarterly_1299","2024-06-16","2024-06-27","Hard to Cancel",1
420,2827,"Quarterly_1299","2024-01-22","2024-02-20","Not Using App",1
421,1802,"Monthly_499","2024-01-02","2024-01-26","Too Expensive",1
422,735,"Monthly_499","2024-01-28","","",0
423,1366,"Monthly_499","2024-01-26","2024-02-25","Not Using App",1
424,2373,"Quarterly_1299","2024-03-17","","",0
425,614,"Monthly_499","2024-04-08","","",0
426,351,"Monthly_499","2024-06-17","","",0
427,1644,"Quarterly_1299","2024-05-03","","",0
428,1236,"Monthly_499","2024-06-03","","",0
429,2560,"Annual_3999","2024-03-31","2024-05-01","Too Expensive",1
430,1547,"Monthly_499","2024-04-17","2024-05-22","Too Expensive",1
431,1145,"Monthly_499","2024-06-11","","",0
432,2706,"Monthly_499","2024-04-12","","",0
433,1236,"Quarterly_1299","2024-02-01","","",0
434,552,"Annual_3999","2024-01-15","2024-03-22","Too Expensive",1
435,2785,"Monthly_499","2024-03-11","","",0
436,1740,"Quarterly_1299","2024-01-14","","",0
437,1962,"Quarterly_1299","2024-04-09","2024-05-13","Too Expensive",1
438,2150,"Quarterly_1299","2024-06-28","2024-09-22","Too Expensive",1
439,2759,"Quarterly_1299","2024-06-15","","",0
440,1987,"Monthly_499","2024-01-01","2024-03-04","Found Better App",1
441,971,"Monthly_499","2024-01-06","","",0
442,974,"Quarterly_1299","2024-02-28","2024-03-20","Hard to Cancel",1
443,2901,"Monthly_499","2024-04-18","2024-05-13","Found Better App",1
444,2409,"Monthly_499","2024-03-09","2024-04-06","Hard to Cancel",1
445,2823,"Quarterly_1299","2024-02-27","","",0
446,1050,"Quarterly_1299","2024-06-18","2024-08-28","Found Better App",1
447,2992,"Monthly_499","2024-03-13","","",0
448,805,"Annual_3999","2024-05-16","","",0
449,489,"Monthly_499","2024-06-22","","",0
450,444,"Monthly_499","2024-06-15","","",0
451,1386,"Monthly_499","2024-03-07","2024-04-21","Not Using App",1
452,1054,"Quarterly_1299","2024-04-08","","",0
453,2283,"Monthly_499","2024-04-04","2024-05-25","Hard to Cancel",1
454,2552,"Monthly_499","2024-03-14","2024-05-05","Hard to Cancel",1
455,1930,"Monthly_499","2024-01-16","2024-03-06","Found Better App",1
456,308,"Monthly_499","2024-05-15","","",0
457,1742,"Monthly_499","2024-06-20","2024-09-04","Too Expensive",1
458,2135,"Monthly_499","2024-04-25","2024-07-05","Too Expensive",1
459,264,"Quarterly_1299","2024-03-13","","",0
460,263,"Monthly_499","2024-01-13","2024-04-04","Found Better App",1
461,988,"Monthly_499","2024-02-10","2024-04-20","Not Using App",1
462,320,"Monthly_499","2024-04-01","2024-06-20","Found Better App",1
463,2481,"Quarterly_1299","2024-03-24","","",0
464,929,"Monthly_499","2024-02-18","2024-03-09","Found Better App",1
465,2529,"Quarterly_1299","2024-04-29","","",0
466,957,"Monthly_499","2024-05-23","","",0
467,434,"Quarterly_1299","2024-05-30","2024-08-01","Not Using App",1
468,523,"Monthly_499","2024-03-05","2024-03-28","Too Expensive",1
469,71,"Annual_3999","2024-02-04","","",0
470,2474,"Monthly_499","2024-03-15","","",0
471,2714,"Quarterly_1299","2024-02-25","2024-04-10","Not Using App",1
472,18,"Monthly_499","2024-01-06","2024-02-27","Found Better App",1
473,2466,"Annual_3999","2024-03-24","","",0
474,2545,"Monthly_499","2024-04-17","2024-05-23","Not Using App",1
475,1866,"Quarterly_1299","2024-06-17","2024-07-19","Hard to Cancel",1
476,669,"Quarterly_1299","2024-01-15","2024-01-31","Hard to Cancel",1
477,2370,"Monthly_499","2024-06-18","","",0
478,2561,"Monthly_499","2024-06-28","","",0
479,2368,"Monthly_499","2024-06-23","2024-08-16","Too Expensive",1
480,1703,"Quarterly_1299","2024-06-09","","",0
481,2223,"Monthly_499","2024-05-15","2024-06-04","Too Expensive",1
482,2882,"Monthly_499","2024-05-20","","",0
483,1793,"Monthly_499","2024-05-25","","",0
484,401,"Monthly_499","2024-03-06","","",0
485,1222,"Monthly_499","2024-02-19","","",0
486,2564,"Monthly_499","2024-05-10","2024-05-29","Hard to Cancel",1
487,2714,"Monthly_499","2024-01-30","2024-04-08","Not Using App",1
488,923,"Monthly_499","2024-03-14","2024-04-24","Found Better App",1
489,1354,"Monthly_499","2024-03-27","","",0
490,1785,"Annual_3999","2024-05-16","","",0
491,1435,"Monthly_499","2024-02-27","","",0
492,2602,"Annual_3999","2024-05-09","","",0
493,2264,"Monthly_499","2024-04-11","2024-06-01","Too Expensive",1
494,133,"Monthly_499","2024-04-28","","",0
495,547,"Monthly_499","2024-05-17","","",0
496,2803,"Monthly_499","2024-06-07","2024-08-12","Too Expensive",1
497,329,"Quarterly_1299","2024-04-21","","",0
498,433,"Monthly_499","2024-01-18","","",0
499,1627,"Annual_3999","2024-06-13","","",0
500,1052,"Monthly_499","2024-02-26","","",0
501,1024,"Annual_3999","2024-01-01","","",0
502,2002,"Quarterly_1299","2024-04-11","2024-05-02","Not Using App",1
503,1768,"Annual_3999","2024-04-06","","",0
504,1678,"Quarterly_1299","2024-02-17","","",0
505,255,"Annual_3999","2024-02-10","","",0
506,2243,"Monthly_499","2024-05-11","","",0
507,1553,"Monthly_499","2024-03-11","","",0
508,2769,"Annual_3999","2024-01-26","2024-03-25","Too Expensive",1
509,955,"Monthly_499","2024-06-08","","",0
510,2251,"Monthly_499","2024-06-09","2024-08-03","Hard to Cancel",1
511,887,"Monthly_499","2024-06-06","","",0
512,605,"Quarterly_1299","2024-06-02","2024-06-22","Found Better App",1
513,2844,"Quarterly_1299","2024-01-23","","",0
514,608,"Annual_3999","2024-03-30","","",0
515,2041,"Monthly_499","2024-05-30","2024-08-21","Hard to Cancel",1
516,1670,"Monthly_499","2024-03-11","2024-03-29","Hard to Cancel",1
517,2094,"Monthly_499","2024-03-26","","",0
518,1669,"Monthly_499","2024-02-04","","",0
519,632,"Monthly_499","2024-04-24","","",0
520,573,"Annual_3999","2024-05-03","2024-06-17","Too Expensive",1
521,2035,"Annual_3999","2024-04-17","","",0
522,2199,"Monthly_499","2024-06-18","2024-08-01","Hard to Cancel",1
523,2542,"Monthly_499","2024-06-22","","",0
524,300,"Quarterly_1299","2024-03-11","2024-05-09","Not Using App",1
525,2821,"Monthly_499","2024-03-15","","",0
526,408,"Monthly_499","2024-05-17","2024-06-26","Not Using App",1
527,2272,"Annual_3999","2024-03-19","2024-04-23","Found Better App",1
528,2487,"Annual_3999","2024-02-21","","",0
529,887,"Monthly_499","2024-01-04","","",0
530,506,"Monthly_499","2024-06-26","","",0
531,2497,"Monthly_499","2024-01-30","2024-04-08","Too Expensive",1
532,378,"Quarterly_1299","2024-05-28","2024-07-25","Too Expensive",1
533,196,"Quarterly_1299","2024-04-16","2024-06-24","Not Using App",1
534,985,"Monthly_499","2024-04-01","2024-05-22","Found Better App",1
535,2790,"Annual_3999","2024-06-21","2024-07-21","Hard to Cancel",1
536,464,"Monthly_499","2024-02-07","2024-04-03","Hard to Cancel",1
537,2741,"Monthly_499","2024-01-31","","",0
538,1626,"Monthly_499","2024-05-27","","",0
539,2561,"Monthly_499","2024-05-11","2024-08-01","Found Better App",1
540,1677,"Monthly_499","2024-02-09","2024-04-30","Too Expensive",1
541,552,"Monthly_499","2024-03-14","2024-04-19","Too Expensive",1
542,2889,"Monthly_499","2024-02-14","2024-02-24","Hard to Cancel",1
543,10,"Annual_3999","2024-06-29","","",0
544,1835,"Quarterly_1299","2024-02-28","","",0
545,1557,"Quarterly_1299","2024-04-29","","",0
546,1324,"Quarterly_1299","2024-01-01","","",0
547,984,"Annual_3999","2024-02-03","2024-04-10","Too Expensive",1
548,985,"Quarterly_1299","2024-05-15","","",0
549,823,"Monthly_499","2024-06-04","","",0
550,1410,"Quarterly_1299","2024-01-04","2024-03-28","Too Expensive",1
551,1224,"Monthly_499","2024-05-10","","",0
552,2341,"Monthly_499","2024-04-05","","",0
553,1610,"Monthly_499","2024-01-07","","",0
554,2645,"Quarterly_1299","2024-02-17","","",0
555,2660,"Quarterly_1299","2024-05-04","","",0
556,2010,"Quarterly_1299","2024-06-22","2024-09-11","Hard to Cancel",1
557,2712,"Monthly_499","2024-04-12","","",0
558,1191,"Monthly_499","2024-01-20","","",0
559,2703,"Monthly_499","2024-03-04","2024-05-22","Not Using App",1
560,388,"Monthly_499","2024-03-12","","",0
561,485,"Quarterly_1299","2024-03-20","2024-06-16","Hard to Cancel",1
562,577,"Annual_3999","2024-02-22","2024-04-27","Hard to Cancel",1
563,1257,"Quarterly_1299","2024-05-23","2024-07-26","Found Better App",1
564,1875,"Quarterly_1299","2024-02-27","","",0
565,2986,"Monthly_499","2024-01-16","2024-03-22","Too Expensive",1
566,697,"Monthly_499","2024-05-17","2024-07-26","Hard to Cancel",1
567,1684,"Quarterly_1299","2024-02-24","2024-04-18","Too Expensive",1
568,297,"Annual_3999","2024-01-08","","",0
569,1156,"Monthly_499","2024-04-29","","",0
570,427,"Monthly_499","2024-04-14","2024-06-03","Not Using App",1
571,1609,"Monthly_499","2024-02-13","2024-03-27","Too Expensive",1
572,2149,"Quarterly_1299","2024-03-11","","",0
573,2213,"Quarterly_1299","2024-02-07","","",0
574,2756,"Monthly_499","2024-01-31","","",0
575,968,"Monthly_499","2024-06-06","2024-07-01","Hard to Cancel",1
576,686,"Quarterly_1299","2024-04-30","2024-05-24","Hard to Cancel",1
577,1667,"Annual_3999","2024-01-23","","",0
578,1030,"Quarterly_1299","2024-03-08","2024-05-18","Not Using App",1
579,313,"Monthly_499","2024-03-26","","",0
580,292,"Monthly_499","2024-06-17","2024-09-10","Too Expensive",1
581,1953,"Annual_3999","2024-01-31","","",0
582,693,"Monthly_499","2024-02-05","","",0
583,1421,"Monthly_499","2024-05-16","","",0
584,1956,"Monthly_499","2024-04-20","","",0
585,654,"Monthly_499","2024-06-22","","",0
586,2806,"Monthly_499","2024-01-08","","",0
587,460,"Monthly_499","2024-01-29","2024-04-11","Not Using App",1
588,802,"Annual_3999","2024-05-13","2024-06-14","Not Using App",1
589,1202,"Monthly_499","2024-03-24","2024-04-26","Hard to Cancel",1
590,2149,"Annual_3999","2024-02-09","2024-04-05","Not Using App",1
591,1453,"Annual_3999","2024-03-28","2024-04-24","Not Using App",1
592,930,"Annual_3999","2024-02-01","2024-02-19","Found Better App",1
593,1806,"Monthly_499","2024-01-10","2024-01-29","Too Expensive",1
594,811,"Monthly_499","2024-03-07","2024-04-08","Hard to Cancel",1
595,2675,"Monthly_499","2024-01-05","2024-03-13","Found Better App",1
596,1945,"Quarterly_1299","2024-03-03","","",0
597,2936,"Monthly_499","2024-02-24","","",0
598,565,"Monthly_499","2024-06-27","","",0
599,771,"Monthly_499","2024-05-01","","",0
600,2610,"Monthly_499","2024-04-12","","",0
601,1744,"Annual_3999","2024-04-07","2024-06-27","Hard to Cancel",1
602,1384,"Quarterly_1299","2024-02-08","","",0
603,2770,"Monthly_499","2024-02-10","2024-03-10","Hard to Cancel",1
604,1922,"Annual_3999","2024-06-24","","",0
605,2367,"Quarterly_1299","2024-05-26","","",0
606,2102,"Monthly_499","2024-05-01","2024-06-12","Hard to Cancel",1
607,1471,"Quarterly_1299","2024-03-17","","",0
608,74,"Monthly_499","2024-01-24","2024-03-31","Hard to Cancel",1
609,1425,"Monthly_499","2024-06-29","","",0
610,847,"Monthly_499","2024-01-08","","",0
611,871,"Monthly_499","2024-03-18","2024-05-21","Hard to Cancel",1
612,1511,"Monthly_499","2024-02-03","","",0
613,489,"Monthly_499","2024-03-11","2024-03-28","Too Expensive",1
614,2509,"Annual_3999","2024-03-31","2024-05-05","Hard to Cancel",1
615,53,"Monthly_499","2024-04-02","2024-06-02","Hard to Cancel",1
616,1889,"Monthly_499","2024-05-26","","",0
617,291,"Monthly_499","2024-04-12","","",0
618,713,"Quarterly_1299","2024-02-22","","",0
619,2019,"Monthly_499","2024-01-10","2024-02-28","Too Expensive",1
620,611,"Monthly_499","2024-01-02","2024-02-15","Not Using App",1
621,1172,"Monthly_499","2024-05-12","2024-07-15","Not Using App",1
622,2008,"Monthly_499","2024-01-21","","",0
623,1080,"Annual_3999","2024-04-18","","",0
624,657,"Annual_3999","2024-05-08","2024-07-31","Too Expensive",1
625,2006,"Monthly_499","2024-02-18","","",0
626,798,"Monthly_499","2024-05-20","2024-05-31","Found Better App",1
627,2402,"Annual_3999","2024-01-15","","",0
628,1565,"Monthly_499","2024-04-04","","",0
629,14,"Quarterly_1299","2024-01-28","2024-02-28","Too Expensive",1
630,708,"Monthly_499","2024-06-23","","",0
631,2803,"Quarterly_1299","2024-05-09","","",0
632,993,"Monthly_499","2024-03-24","2024-06-07","Too Expensive",1
633,2206,"Quarterly_1299","2024-05-19","","",0
634,1436,"Monthly_499","2024-05-17","2024-07-07","Hard to Cancel",1
635,1971,"Quarterly_1299","2024-01-28","2024-02-19","Too Expensive",1
636,2792,"Monthly_499","2024-05-25","","",0
637,2560,"Monthly_499","2024-01-28","","",0
638,878,"Quarterly_1299","2024-05-08","2024-06-04","Hard to Cancel",1
639,285,"Quarterly_1299","2024-03-17","","",0
640,2132,"Monthly_499","2024-01-10","","",0
641,40,"Monthly_499","2024-04-24","2024-07-22","Found Better App",1
642,2422,"Monthly_499","2024-01-31","","",0
643,2510,"Monthly_499","2024-02-26","2024-04-15","Too Expensive",1
644,2746,"Annual_3999","2024-01-25","2024-03-16","Found Better App",1
645,1294,"Monthly_499","2024-05-18","","",0
646,623,"Monthly_499","2024-06-22","","",0
647,668,"Quarterly_1299","2024-02-21","","",0
648,1547,"Annual_3999","2024-05-05","","",0
649,2358,"Quarterly_1299","2024-03-14","2024-05-21","Too Expensive",1
650,2459,"Annual_3999","2024-03-29","2024-05-22","Hard to Cancel",1
651,1706,"Quarterly_1299","2024-01-19","","",0
652,798,"Quarterly_1299","2024-01-21","2024-02-09","Hard to Cancel",1
653,1107,"Annual_3999","2024-03-15","","",0
654,1870,"Monthly_499","2024-04-26","","",0
655,2677,"Annual_3999","2024-01-20","2024-03-12","Not Using App",1
656,465,"Monthly_499","2024-01-25","","",0
657,1548,"Annual_3999","2024-05-06","2024-06-18","Hard to Cancel",1
658,892,"Annual_3999","2024-01-30","2024-04-27","Too Expensive",1
659,663,"Monthly_499","2024-05-26","2024-07-14","Not Using App",1
660,2260,"Annual_3999","2024-02-12","","",0
661,1386,"Quarterly_1299","2024-05-24","2024-07-05","Hard to Cancel",1
662,955,"Monthly_499","2024-02-17","","",0
663,2412,"Monthly_499","2024-01-19","2024-04-11","Found Better App",1
664,1039,"Monthly_499","2024-02-20","","",0
665,1800,"Monthly_499","2024-02-06","","",0
666,2216,"Monthly_499","2024-02-16","","",0
667,2108,"Quarterly_1299","2024-05-18","2024-06-06","Not Using App",1
668,2553,"Monthly_499","2024-05-12","2024-07-09","Not Using App",1
669,1121,"Quarterly_1299","2024-03-05","","",0
670,1349,"Monthly_499","2024-03-06","2024-05-27","Not Using App",1
671,95,"Monthly_499","2024-06-12","2024-08-16","Hard to Cancel",1
672,878,"Monthly_499","2024-04-27","","",0
673,857,"Monthly_499","2024-05-24","2024-06-18","Hard to Cancel",1
674,1278,"Monthly_499","2024-01-22","2024-02-21","Not Using App",1
675,106,"Monthly_499","2024-03-29","2024-04-13","Too Expensive",1
676,805,"Monthly_499","2024-02-16","","",0
677,2376,"Quarterly_1299","2024-01-03","","",0
678,2686,"Quarterly_1299","2024-02-25","2024-05-13","Too Expensive",1
679,2006,"Monthly_499","2024-01-02","2024-02-16","Found Better App",1
680,875,"Monthly_499","2024-05-02","","",0
681,2898,"Quarterly_1299","2024-03-02","2024-05-02","Too Expensive",1
682,2948,"Annual_3999","2024-03-06","2024-05-02","Too Expensive",1
683,1252,"Quarterly_1299","2024-03-08","","",0
684,70,"Annual_3999","2024-02-03","","",0
685,485,"Monthly_499","2024-04-11","","",0
686,1464,"Monthly_499","2024-05-21","","",0
687,893,"Monthly_499","2024-05-04","","",0
688,1707,"Annual_3999","2024-06-17","","",0
689,2937,"Monthly_499","2024-06-28","2024-08-26","Too Expensive",1
690,1482,"Quarterly_1299","2024-03-25","","",0
691,1692,"Monthly_499","2024-03-06","","",0
692,1127,"Annual_3999","2024-02-09","2024-02-29","Hard to Cancel",1
693,2432,"Monthly_499","2024-06-15","2024-06-26","Not Using App",1
694,2576,"Monthly_499","2024-06-18","","",0
695,972,"Monthly_499","2024-03-18","2024-05-07","Not Using App",1
696,149,"Monthly_499","2024-01-19","","",0
697,1220,"Monthly_499","2024-04-07","","",0
698,1161,"Monthly_499","2024-04-26","2024-07-08","Not Using App",1
699,1727,"Quarterly_1299","2024-03-30","2024-06-19","Not Using App",1
700,1224,"Quarterly_1299","2024-04-14","","",0
701,2590,"Monthly_499","2024-04-20","2024-05-03","Not Using App",1
702,1810,"Monthly_499","2024-05-21","2024-06-30","Hard to Cancel",1
703,830,"Annual_3999","2024-06-19","","",0
704,365,"Monthly_499","2024-06-22","2024-07-20","Hard to Cancel",1
705,1444,"Monthly_499","2024-05-06","2024-06-28","Hard to Cancel",1
706,2451,"Quarterly_1299","2024-02-10","","",0
707,1299,"Monthly_499","2024-01-17","","",0
708,875,"Monthly_499","2024-05-21","","",0
709,2618,"Monthly_499","2024-06-28","","",0
710,1929,"Monthly_499","2024-01-03","","",0
711,2426,"Monthly_499","2024-01-21","2024-02-20","Too Expensive",1
712,2081,"Annual_3999","2024-04-16","","",0
713,62,"Quarterly_1299","2024-04-09","","",0
714,2735,"Monthly_499","2024-01-31","2024-04-26","Not Using App",1
715,403,"Annual_3999","2024-06-06","2024-08-21","Not Using App",1
716,1048,"Monthly_499","2024-03-18","2024-06-02","Hard to Cancel",1
717,2752,"Annual_3999","2024-01-25","2024-02-20","Too Expensive",1
718,2059,"Monthly_499","2024-01-09","","",0
719,2772,"Monthly_499","2024-04-13","","",0
720,841,"Monthly_499","2024-02-21","2024-03-26","Not Using App",1
721,1868,"Monthly_499","2024-04-17","","",0
722,1094,"Annual_3999","2024-04-21","2024-06-15","Too Expensive",1
723,2846,"Annual_3999","2024-01-26","","",0
724,2822,"Monthly_499","2024-06-25","2024-09-02","Too Expensive",1
725,1558,"Monthly_499","2024-06-20","2024-09-08","Hard to Cancel",1
726,392,"Monthly_499","2024-02-02","2024-03-27","Not Using App",1
727,2590,"Monthly_499","2024-02-07","2024-04-09","Not Using App",1
728,1650,"Monthly_499","2024-02-11","","",0
729,1900,"Monthly_499","2024-05-02","2024-07-05","Hard to Cancel",1
730,1378,"Quarterly_1299","2024-06-29","2024-08-15","Hard to Cancel",1
731,998,"Monthly_499","2024-02-10","","",0
732,1698,"Monthly_499","2024-06-02","2024-06-20","Hard to Cancel",1
733,607,"Annual_3999","2024-05-06","2024-07-21","Hard to Cancel",1
734,2484,"Monthly_499","2024-03-05","2024-06-01","Found Better App",1
735,270,"Annual_3999","2024-01-05","2024-03-07","Not Using App",1
736,1801,"Monthly_499","2024-03-25","2024-05-28","Too Expensive",1
737,782,"Quarterly_1299","2024-02-26","","",0
738,1063,"Quarterly_1299","2024-06-23","","",0
739,1069,"Annual_3999","2024-06-28","","",0
740,1446,"Monthly_499","2024-01-26","","",0
741,1166,"Monthly_499","2024-03-24","2024-04-23","Hard to Cancel",1
742,1751,"Quarterly_1299","2024-01-19","","",0
743,1169,"Monthly_499","2024-02-29","2024-04-08","Not Using App",1
744,2365,"Quarterly_1299","2024-04-19","","",0
745,1381,"Quarterly_1299","2024-05-31","","",0
746,32,"Monthly_499","2024-04-20","2024-05-28","Found Better App",1
747,1976,"Monthly_499","2024-03-21","","",0
748,2657,"Monthly_499","2024-04-25","","",0
749,1251,"Annual_3999","2024-04-27","2024-05-23","Found Better App",1
750,2739,"Monthly_499","2024-06-02","","",0
751,750,"Monthly_499","2024-03-13","2024-05-23","Not Using App",1
752,756,"Annual_3999","2024-05-10","2024-05-22","Not Using App",1
753,2914,"Monthly_499","2024-03-14","","",0
754,1641,"Monthly_499","2024-04-16","","",0
755,2881,"Monthly_499","2024-03-25","","",0
756,221,"Monthly_499","2024-05-06","2024-06-15","Hard to Cancel",1
757,2875,"Quarterly_1299","2024-01-22","2024-02-12","Found Better App",1
758,525,"Monthly_499","2024-01-21","","",0
759,901,"Monthly_499","2024-05-31","","",0
760,2325,"Monthly_499","2024-01-17","2024-02-28","Found Better App",1
761,2031,"Monthly_499","2024-03-20","2024-06-13","Hard to Cancel",1
762,1388,"Monthly_499","2024-04-07","","",0
763,2233,"Monthly_499","2024-06-14","","",0
764,2373,"Annual_3999","2024-01-12","","",0
765,2803,"Monthly_499","2024-06-29","","",0
766,983,"Monthly_499","2024-05-04","2024-07-03","Too Expensive",1
767,2856,"Monthly_499","2024-01-09","","",0
768,2702,"Monthly_499","2024-01-10","","",0
769,2210,"Annual_3999","2024-04-21","2024-06-27","Hard to Cancel",1
770,41,"Quarterly_1299","2024-03-05","2024-05-29","Found Better App",1
771,459,"Monthly_499","2024-03-10","2024-04-28","Found Better App",1
772,232,"Monthly_499","2024-04-29","2024-06-29","Hard to Cancel",1
773,2088,"Monthly_499","2024-01-17","","",0
774,2709,"Quarterly_1299","2024-05-05","","",0
775,963,"Monthly_499","2024-03-21","","",0
776,2805,"Monthly_499","2024-06-03","","",0
777,1803,"Monthly_499","2024-04-16","","",0
778,1110,"Quarterly_1299","2024-06-23","","",0
779,501,"Quarterly_1299","2024-06-03","2024-07-06","Hard to Cancel",1
780,1628,"Quarterly_1299","2024-02-17","","",0
781,40,"Monthly_499","2024-02-12","2024-04-09","Found Better App",1
782,182,"Quarterly_1299","2024-03-11","","",0
783,361,"Monthly_499","2024-04-07","2024-05-15","Too Expensive",1
784,2011,"Monthly_499","2024-05-08","2024-06-17","Hard to Cancel",1
785,1062,"Monthly_499","2024-03-25","","",0
786,2775,"Monthly_499","2024-05-22","","",0
787,1631,"Annual_3999","2024-04-04","2024-05-26","Not Using App",1
788,1352,"Quarterly_1299","2024-05-27","2024-08-18","Found Better App",1
789,2319,"Monthly_499","2024-01-28","","",0
790,1489,"Monthly_499","2024-02-03","","",0
791,1822,"Quarterly_1299","2024-02-25","","",0
792,203,"Annual_3999","2024-03-16","2024-06-13","Too Expensive",1
793,2732,"Monthly_499","2024-05-29","","",0
794,1773,"Monthly_499","2024-02-17","","",0
795,2754,"Monthly_499","2024-06-06","2024-08-30","Too Expensive",1
796,1822,"Monthly_499","2024-06-25","2024-08-16","Too Expensive",1
797,1635,"Quarterly_1299","2024-06-02","","",0
798,1907,"Quarterly_1299","2024-05-07","","",0
799,2665,"Monthly_499","2024-04-20","2024-05-10","Too Expensive",1
800,515,"Monthly_499","2024-02-26","2024-04-11","Too Expensive",1
801,194,"Monthly_499","2024-03-27","","",0
802,2652,"Monthly_499","2024-06-22","","",0
803,2876,"Quarterly_1299","2024-01-26","","",0
804,504,"Quarterly_1299","2024-04-26","","",0
805,2796,"Monthly_499","2024-05-29","2024-06-08","Hard to Cancel",1
806,2998,"Annual_3999","2024-05-23","","",0
807,1519,"Annual_3999","2024-01-14","2024-03-17","Too Expensive",1
808,209,"Monthly_499","2024-05-06","2024-07-08","Hard to Cancel",1
809,388,"Monthly_499","2024-03-08","2024-05-18","Too Expensive",1
810,1408,"Annual_3999","2024-06-06","2024-08-18","Too Expensive",1
811,1298,"Monthly_499","2024-03-28","2024-05-19","Hard to Cancel",1
812,2762,"Quarterly_1299","2024-02-23","","",0
813,1376,"Monthly_499","2024-01-21","","",0
814,1996,"Quarterly_1299","2024-03-07","2024-03-18","Found Better App",1
815,2614,"Monthly_499","2024-06-28","2024-08-25","Found Better App",1
816,1358,"Monthly_499","2024-05-06","","",0
817,2298,"Monthly_499","2024-06-12","2024-06-23","Hard to Cancel",1
818,1634,"Monthly_499","2024-03-05","","",0
819,110,"Monthly_499","2024-01-15","2024-02-24","Hard to Cancel",1
820,1280,"Quarterly_1299","2024-05-25","2024-06-06","Hard to Cancel",1
821,360,"Annual_3999","2024-02-17","","",0
822,2796,"Monthly_499","2024-05-23","","",0
823,2678,"Monthly_499","2024-01-04","","",0
824,2030,"Monthly_499","2024-03-21","2024-05-31","Not Using App",1
825,2317,"Quarterly_1299","2024-03-16","2024-04-30","Too Expensive",1
826,2145,"Monthly_499","2024-05-13","","",0
827,2555,"Monthly_499","2024-05-19","2024-06-07","Found Better App",1
828,1545,"Quarterly_1299","2024-04-27","2024-07-18","Not Using App",1
829,2589,"Monthly_499","2024-01-29","","",0
830,601,"Annual_3999","2024-02-25","","",0
831,2300,"Monthly_499","2024-05-08","2024-07-08","Hard to Cancel",1
832,401,"Quarterly_1299","2024-04-22","","",0
833,1361,"Monthly_499","2024-01-19","2024-03-31","Not Using App",1
834,1675,"Monthly_499","2024-01-08","","",0
835,764,"Annual_3999","2024-04-08","2024-04-27","Found Better App",1
836,1265,"Annual_3999","2024-02-15","2024-03-08","Hard to Cancel",1
837,190,"Quarterly_1299","2024-06-28","","",0
838,2407,"Monthly_499","2024-04-12","","",0
839,223,"Monthly_499","2024-06-19","2024-08-06","Too Expensive",1
840,2702,"Quarterly_1299","2024-03-29","2024-06-10","Hard to Cancel",1
841,1593,"Annual_3999","2024-04-01","2024-06-18","Found Better App",1
842,2876,"Monthly_499","2024-01-13","2024-03-05","Hard to Cancel",1
843,2526,"Monthly_499","2024-06-18","2024-08-20","Hard to Cancel",1
844,541,"Monthly_499","2024-02-03","2024-04-26","Too Expensive",1
845,2335,"Monthly_499","2024-06-26","","",0
846,2429,"Monthly_499","2024-03-02","2024-05-04","Too Expensive",1
847,1259,"Annual_3999","2024-04-25","","",0
848,2275,"Monthly_499","2024-05-02","2024-05-19","Hard to Cancel",1
849,2349,"Monthly_499","2024-06-09","","",0
850,1061,"Monthly_499","2024-04-22","2024-07-04","Not Using App",1
851,1574,"Annual_3999","2024-02-22","2024-05-02","Too Expensive",1
852,1796,"Monthly_499","2024-06-06","2024-06-18","Not Using App",1
853,1665,"Monthly_499","2024-04-17","","",0
854,2619,"Quarterly_1299","2024-01-16","","",0
855,1273,"Quarterly_1299","2024-05-28","2024-08-11","Hard to Cancel",1
856,453,"Monthly_499","2024-03-11","2024-03-26","Too Expensive",1
857,2333,"Monthly_499","2024-05-07","","",0
858,1521,"Annual_3999","2024-01-18","","",0
859,2561,"Monthly_499","2024-04-20","","",0
860,2109,"Annual_3999","2024-04-19","","",0
861,2660,"Quarterly_1299","2024-02-18","2024-03-07","Not Using App",1
862,2641,"Quarterly_1299","2024-03-27","2024-04-17","Found Better App",1
863,329,"Quarterly_1299","2024-05-28","","",0
864,1801,"Monthly_499","2024-06-04","","",0
865,2991,"Monthly_499","2024-02-23","","",0
866,801,"Quarterly_1299","2024-05-06","","",0
867,2454,"Monthly_499","2024-06-20","2024-09-07","Not Using App",1
868,2801,"Annual_3999","2024-04-10","2024-06-29","Found Better App",1
869,474,"Monthly_499","2024-06-12","","",0
870,574,"Monthly_499","2024-04-15","","",0
871,2215,"Annual_3999","2024-05-31","2024-08-05","Too Expensive",1
872,2201,"Monthly_499","2024-06-21","2024-07-26","Too Expensive",1
873,2431,"Monthly_499","2024-03-13","2024-04-19","Found Better App",1
874,1486,"Monthly_499","2024-05-17","2024-07-07","Not Using App",1
875,387,"Quarterly_1299","2024-03-17","2024-05-23","Hard to Cancel",1
876,12,"Quarterly_1299","2024-05-12","2024-06-06","Found Better App",1
877,2745,"Quarterly_1299","2024-06-07","2024-08-05","Too Expensive",1
878,246,"Monthly_499","2024-04-27","2024-06-17","Hard to Cancel",1
879,2458,"Annual_3999","2024-02-17","","",0
880,2447,"Quarterly_1299","2024-04-28","2024-06-09","Hard to Cancel",1
881,570,"Annual_3999","2024-04-02","","",0
882,164,"Monthly_499","2024-01-12","","",0
883,763,"Monthly_499","2024-04-29","","",0
884,2248,"Monthly_499","2024-05-14","2024-06-23","Hard to Cancel",1
885,2879,"Quarterly_1299","2024-04-06","2024-05-05","Hard to Cancel",1
886,1524,"Monthly_499","2024-05-25","2024-08-06","Not Using App",1
887,1742,"Annual_3999","2024-04-06","","",0
888,710,"Monthly_499","2024-02-03","2024-02-20","Found Better App",1
889,2048,"Monthly_499","2024-01-08","","",0
890,424,"Monthly_499","2024-04-02","2024-04-24","Hard to Cancel",1
891,2440,"Monthly_499","2024-05-06","2024-06-29","Hard to Cancel",1
892,279,"Quarterly_1299","2024-03-15","","",0
893,248,"Monthly_499","2024-03-04","2024-05-17","Not Using App",1
894,2600,"Monthly_499","2024-03-05","","",0
895,1385,"Monthly_499","2024-06-15","2024-07-01","Hard to Cancel",1
896,1513,"Annual_3999","2024-03-27","","",0
897,2721,"Monthly_499","2024-05-30","","",0
898,718,"Monthly_499","2024-01-11","","",0
899,1853,"Quarterly_1299","2024-01-18","","",0
900,1111,"Monthly_499","2024-02-24","2024-05-20","Not Using App",1
901,2190,"Monthly_499","2024-03-29","","",0
902,706,"Monthly_499","2024-05-21","","",0
903,1654,"Quarterly_1299","2024-06-07","2024-08-31","Too Expensive",1
904,1098,"Monthly_499","2024-06-13","2024-07-07","Hard to Cancel",1
905,1594,"Monthly_499","2024-03-13","","",0
906,261,"Annual_3999","2024-05-31","2024-08-10","Too Expensive",1
907,824,"Monthly_499","2024-05-29","2024-07-01","Hard to Cancel",1
908,2840,"Monthly_499","2024-04-23","2024-05-03","Hard to Cancel",1
909,1651,"Monthly_499","2024-05-25","2024-06-19","Too Expensive",1
910,851,"Quarterly_1299","2024-05-06","2024-07-15","Hard to Cancel",1
911,1573,"Monthly_499","2024-04-08","2024-05-14","Hard to Cancel",1
912,2511,"Annual_3999","2024-05-04","","",0
913,76,"Monthly_499","2024-03-22","2024-06-09","Found Better App",1
914,241,"Quarterly_1299","2024-04-15","","",0
915,1002,"Monthly_499","2024-04-24","","",0
916,2890,"Annual_3999","2024-01-29","2024-03-06","Not Using App",1
917,1194,"Monthly_499","2024-06-19","","",0
918,2992,"Monthly_499","2024-06-08","2024-08-16","Too Expensive",1
919,1748,"Monthly_499","2024-02-08","","",0
920,2543,"Monthly_499","2024-03-04","2024-04-21","Too Expensive",1
921,403,"Monthly_499","2024-05-12","2024-07-03","Hard to Cancel",1
922,2345,"Monthly_499","2024-03-29","2024-06-13","Hard to Cancel",1
923,69,"Annual_3999","2024-05-23","2024-08-13","Hard to Cancel",1
924,302,"Quarterly_1299","2024-01-03","","",0
925,1578,"Monthly_499","2024-03-03","","",0
926,799,"Quarterly_1299","2024-01-16","","",0
927,1947,"Quarterly_1299","2024-04-03","2024-04-16","Hard to Cancel",1
928,725,"Monthly_499","2024-05-21","","",0
929,411,"Monthly_499","2024-01-16","","",0
930,996,"Monthly_499","2024-01-02","2024-03-09","Hard to Cancel",1
931,691,"Annual_3999","2024-06-16","","",0
932,2878,"Quarterly_1299","2024-06-14","2024-07-25","Found Better App",1
933,1066,"Monthly_499","2024-01-09","","",0
934,723,"Annual_3999","2024-06-18","","",0
935,2451,"Monthly_499","2024-02-22","2024-04-24","Found Better App",1
936,1331,"Monthly_499","2024-04-13","","",0
937,315,"Monthly_499","2024-05-07","","",0
938,165,"Monthly_499","2024-03-24","2024-05-01","Too Expensive",1
939,1104,"Quarterly_1299","2024-05-21","","",0
940,2904,"Monthly_499","2024-05-26","2024-06-23","Hard to Cancel",1
941,133,"Quarterly_1299","2024-05-20","2024-07-19","Hard to Cancel",1
942,1368,"Annual_3999","2024-01-11","","",0
943,1541,"Monthly_499","2024-02-04","","",0
944,504,"Monthly_499","2024-03-13","2024-06-08","Found Better App",1
945,2998,"Monthly_499","2024-01-09","","",0
946,839,"Monthly_499","2024-03-17","2024-06-07","Hard to Cancel",1
947,2197,"Quarterly_1299","2024-03-10","","",0
948,182,"Quarterly_1299","2024-06-25","2024-08-06","Too Expensive",1
949,1777,"Monthly_499","2024-02-19","2024-05-10","Hard to Cancel",1
950,2301,"Monthly_499","2024-04-10","","",0
951,506,"Annual_3999","2024-05-03","2024-07-06","Found Better App",1
952,2714,"Monthly_499","2024-04-08","2024-07-02","Too Expensive",1
953,2731,"Quarterly_1299","2024-06-12","2024-08-22","Hard to Cancel",1
954,1679,"Quarterly_1299","2024-02-19","","",0
955,221,"Monthly_499","2024-03-28","2024-06-18","Hard to Cancel",1
956,1643,"Monthly_499","2024-04-14","","",0
957,1691,"Monthly_499","2024-03-23","2024-06-17","Hard to Cancel",1
958,2979,"Monthly_499","2024-03-21","","",0
959,1517,"Monthly_499","2024-01-01","","",0
960,2927,"Monthly_499","2024-03-11","","",0
961,1917,"Annual_3999","2024-03-08","","",0
962,209,"Annual_3999","2024-04-21","","",0
963,302,"Annual_3999","2024-06-04","2024-08-20","Hard to Cancel",1
964,544,"Quarterly_1299","2024-03-26","","",0
965,551,"Annual_3999","2024-05-08","","",0
966,680,"Monthly_499","2024-04-20","","",0
967,2402,"Annual_3999","2024-01-14","","",0
968,796,"Monthly_499","2024-03-16","2024-04-01","Not Using App",1
969,2521,"Monthly_499","2024-05-17","2024-08-04","Found Better App",1
970,2959,"Annual_3999","2024-01-31","","",0
971,136,"Quarterly_1299","2024-03-12","2024-05-08","Found Better App",1
972,2311,"Monthly_499","2024-01-21","","",0
973,2828,"Monthly_499","2024-06-09","2024-08-28","Hard to Cancel",1
974,1164,"Monthly_499","2024-05-09","","",0
975,1616,"Monthly_499","2024-05-26","","",0
976,1044,"Quarterly_1299","2024-04-10","","",0
977,2068,"Monthly_499","2024-04-04","2024-04-29","Hard to Cancel",1
978,2236,"Monthly_499","2024-02-29","2024-04-02","Hard to Cancel",1
979,2339,"Monthly_499","2024-03-31","","",0
980,719,"Monthly_499","2024-01-27","","",0
981,204,"Monthly_499","2024-03-27","","",0
982,2422,"Quarterly_1299","2024-04-23","","",0
983,996,"Annual_3999","2024-04-13","","",0
984,1282,"Monthly_499","2024-02-28","","",0
985,1990,"Monthly_499","2024-01-19","","",0
986,2438,"Quarterly_1299","2024-02-14","2024-05-08","Found Better App",1
987,1256,"Monthly_499","2024-04-13","2024-06-05","Found Better App",1
988,2695,"Monthly_499","2024-05-21","","",0
989,2673,"Monthly_499","2024-03-03","2024-05-16","Too Expensive",1
990,2816,"Monthly_499","2024-02-20","2024-03-28","Not Using App",1
991,952,"Annual_3999","2024-04-16","2024-06-26","Hard to Cancel",1
992,2014,"Annual_3999","2024-02-02","","",0
993,2627,"Quarterly_1299","2024-04-27","2024-07-20","Hard to Cancel",1
994,591,"Monthly_499","2024-03-09","","",0
995,453,"Monthly_499","2024-04-01","","",0
996,2454,"Annual_3999","2024-05-04","","",0
997,1035,"Quarterly_1299","2024-01-27","2024-04-23","Found Better App",1
998,882,"Quarterly_1299","2024-06-19","","",0
999,186,"Quarterly_1299","2024-03-10","","",0
1000,1042,"Monthly_499","2024-02-08","2024-02-28","Too Expensive",1
1001,1345,"Monthly_499","2024-01-24","2024-03-20","Not Using App",1
1002,1287,"Annual_3999","2024-02-12","","",0
1003,350,"Monthly_499","2024-02-24","","",0
1004,546,"Annual_3999","2024-01-18","","",0
1005,2859,"Quarterly_1299","2024-05-11","","",0
1006,247,"Quarterly_1299","2024-03-08","","",0
1007,2886,"Quarterly_1299","2024-06-16","","",0
1008,784,"Monthly_499","2024-04-24","","",0
1009,2117,"Monthly_499","2024-04-25","2024-07-08","Not Using App",1
1010,2415,"Monthly_499","2024-03-29","","",0
1011,544,"Monthly_499","2024-06-22","2024-09-13","Too Expensive",1
1012,871,"Monthly_499","2024-04-23","2024-05-17","Not Using App",1
1013,452,"Monthly_499","2024-04-07","","",0
1014,468,"Quarterly_1299","2024-01-11","","",0
1015,680,"Annual_3999","2024-02-27","","",0
1016,227,"Monthly_499","2024-05-08","2024-06-30","Hard to Cancel",1
1017,1397,"Annual_3999","2024-04-29","","",0
1018,452,"Quarterly_1299","2024-01-04","2024-03-28","Hard to Cancel",1
1019,2550,"Quarterly_1299","2024-06-05","2024-06-25","Not Using App",1
1020,1615,"Monthly_499","2024-02-29","2024-04-25","Not Using App",1
1021,2342,"Quarterly_1299","2024-03-12","","",0
1022,2744,"Quarterly_1299","2024-05-05","","",0
1023,1276,"Quarterly_1299","2024-04-14","2024-06-23","Not Using App",1
1024,2830,"Monthly_499","2024-02-02","","",0
1025,231,"Quarterly_1299","2024-05-22","2024-08-13","Found Better App",1
1026,2945,"Monthly_499","2024-01-13","","",0
1027,1895,"Monthly_499","2024-06-06","2024-06-27","Too Expensive",1
1028,1397,"Monthly_499","2024-04-18","2024-05-05","Found Better App",1
1029,1369,"Quarterly_1299","2024-03-19","","",0
1030,914,"Monthly_499","2024-02-20","","",0
1031,1576,"Monthly_499","2024-05-30","2024-07-20","Hard to Cancel",1
1032,1602,"Monthly_499","2024-01-03","2024-01-22","Not Using App",1
1033,2881,"Monthly_499","2024-05-27","2024-06-30","Not Using App",1
1034,2529,"Monthly_499","2024-06-24","","",0
1035,722,"Quarterly_1299","2024-02-25","2024-03-24","Found Better App",1
1036,619,"Quarterly_1299","2024-05-03","","",0
1037,32,"Monthly_499","2024-03-20","","",0
1038,2821,"Monthly_499","2024-02-15","","",0
1039,1805,"Quarterly_1299","2024-06-08","2024-06-26","Hard to Cancel",1
1040,1895,"Monthly_499","2024-06-26","2024-08-10","Found Better App",1
1041,1332,"Monthly_499","2024-03-03","","",0
1042,2024,"Monthly_499","2024-03-20","","",0
1043,1205,"Annual_3999","2024-02-12","2024-02-27","Not Using App",1
1044,1083,"Monthly_499","2024-05-01","","",0
1045,325,"Monthly_499","2024-03-07","","",0
1046,2740,"Quarterly_1299","2024-01-15","2024-02-29","Found Better App",1
1047,1195,"Monthly_499","2024-01-29","","",0
1048,1825,"Monthly_499","2024-04-21","","",0
1049,989,"Annual_3999","2024-03-12","","",0
1050,2250,"Monthly_499","2024-04-05","2024-05-28","Too Expensive",1
1051,2501,"Annual_3999","2024-01-17","","",0
1052,2436,"Quarterly_1299","2024-03-20","","",0
1053,2831,"Monthly_499","2024-03-13","","",0
1054,2481,"Monthly_499","2024-01-23","2024-02-19","Hard to Cancel",1
1055,2997,"Annual_3999","2024-04-17","2024-05-19","Hard to Cancel",1
1056,1995,"Monthly_499","2024-03-17","2024-04-06","Not Using App",1
1057,1144,"Monthly_499","2024-04-28","2024-07-09","Hard to Cancel",1
1058,2429,"Monthly_499","2024-06-21","","",0
1059,556,"Monthly_499","2024-03-13","2024-06-05","Not Using App",1
1060,2207,"Monthly_499","2024-01-28","2024-03-30","Too Expensive",1
1061,1620,"Monthly_499","2024-02-06","","",0
1062,1207,"Monthly_499","2024-01-15","","",0
1063,583,"Annual_3999","2024-05-05","2024-05-15","Hard to Cancel",1
1064,722,"Monthly_499","2024-01-08","2024-01-20","Too Expensive",1
1065,456,"Quarterly_1299","2024-01-04","2024-03-25","Found Better App",1
1066,385,"Monthly_499","2024-05-17","","",0
1067,2073,"Monthly_499","2024-01-18","","",0
1068,1647,"Quarterly_1299","2024-03-27","2024-05-03","Not Using App",1
1069,2495,"Quarterly_1299","2024-05-30","","",0
1070,817,"Monthly_499","2024-05-22","2024-06-04","Hard to Cancel",1
1071,2255,"Quarterly_1299","2024-04-21","2024-05-06","Hard to Cancel",1
1072,2446,"Annual_3999","2024-06-05","","",0
1073,341,"Monthly_499","2024-03-02","","",0
1074,2583,"Monthly_499","2024-06-18","","",0
1075,284,"Annual_3999","2024-03-20","2024-05-26","Not Using App",1
1076,1298,"Quarterly_1299","2024-01-01","","",0
1077,1349,"Monthly_499","2024-05-09","","",0
1078,345,"Monthly_499","2024-05-08","","",0
1079,54,"Monthly_499","2024-02-23","2024-05-05","Too Expensive",1
1080,567,"Monthly_499","2024-01-03","","",0
1081,2502,"Monthly_499","2024-05-18","2024-07-22","Hard to Cancel",1
1082,470,"Quarterly_1299","2024-03-22","2024-04-18","Too Expensive",1
1083,933,"Annual_3999","2024-05-18","2024-06-14","Too Expensive",1
1084,255,"Quarterly_1299","2024-05-21","","",0
1085,1772,"Monthly_499","2024-02-11","2024-04-12","Not Using App",1
1086,2645,"Annual_3999","2024-01-23","","",0
1087,2107,"Monthly_499","2024-06-16","","",0
1088,1373,"Monthly_499","2024-06-09","2024-06-19","Hard to Cancel",1
1089,1873,"Quarterly_1299","2024-05-12","","",0
1090,714,"Monthly_499","2024-01-07","2024-04-04","Hard to Cancel",1
1091,868,"Quarterly_1299","2024-02-26","","",0
1092,1053,"Monthly_499","2024-02-27","","",0
1093,2580,"Monthly_499","2024-02-12","","",0
1094,1704,"Monthly_499","2024-01-05","2024-01-21","Too Expensive",1
1095,1784,"Monthly_499","2024-03-27","","",0
1096,104,"Monthly_499","2024-03-26","","",0
1097,1963,"Monthly_499","2024-04-20","","",0
1098,1728,"Monthly_499","2024-02-05","","",0
1099,1621,"Monthly_499","2024-05-12","","",0
1100,2008,"Monthly_499","2024-03-30","","",0
1101,2121,"Monthly_499","2024-01-16","2024-02-19","Found Better App",1
1102,420,"Annual_3999","2024-02-17","","",0
1103,2518,"Quarterly_1299","2024-01-14","","",0
1104,1400,"Monthly_499","2024-03-01","2024-03-16","Too Expensive",1
1105,2672,"Monthly_499","2024-05-22","","",0
1106,55,"Annual_3999","2024-02-06","2024-02-25","Found Better App",1
1107,1486,"Monthly_499","2024-04-14","2024-07-06","Found Better App",1
1108,2982,"Monthly_499","2024-01-22","","",0
1109,1294,"Quarterly_1299","2024-02-09","","",0
1110,1140,"Annual_3999","2024-05-29","2024-07-07","Hard to Cancel",1
1111,394,"Monthly_499","2024-02-26","","",0
1112,2559,"Quarterly_1299","2024-04-30","","",0
1113,2836,"Monthly_499","2024-02-01","","",0
1114,423,"Monthly_499","2024-05-17","","",0
1115,2088,"Annual_3999","2024-05-25","2024-06-27","Not Using App",1
1116,730,"Annual_3999","2024-05-14","2024-07-03","Hard to Cancel",1
1117,2635,"Monthly_499","2024-06-19","","",0
1118,1548,"Monthly_499","2024-06-18","","",0
1119,2308,"Monthly_499","2024-03-05","2024-03-21","Not Using App",1
1120,1066,"Annual_3999","2024-02-07","2024-03-23","Too Expensive",1
1121,1952,"Monthly_499","2024-01-11","","",0
1122,2058,"Annual_3999","2024-05-24","2024-07-15","Found Better App",1
1123,2065,"Monthly_499","2024-06-07","","",0
1124,1672,"Annual_3999","2024-01-20","","",0
1125,1141,"Monthly_499","2024-06-15","2024-07-15","Not Using App",1
1126,2297,"Monthly_499","2024-05-07","2024-06-27","Hard to Cancel",1
1127,2623,"Annual_3999","2024-06-12","","",0
1128,74,"Monthly_499","2024-06-13","2024-08-08","Hard to Cancel",1
1129,2752,"Monthly_499","2024-02-03","","",0
1130,297,"Monthly_499","2024-04-03","","",0
1131,1752,"Monthly_499","2024-02-15","","",0
1132,760,"Monthly_499","2024-01-03","","",0
1133,1661,"Quarterly_1299","2024-02-21","","",0
1134,978,"Monthly_499","2024-06-07","2024-08-31","Hard to Cancel",1
1135,505,"Quarterly_1299","2024-04-26","","",0
1136,370,"Annual_3999","2024-04-27","","",0
1137,1780,"Monthly_499","2024-04-23","","",0
1138,1360,"Monthly_499","2024-04-09","2024-05-23","Hard to Cancel",1
1139,2197,"Annual_3999","2024-01-07","","",0
1140,105,"Quarterly_1299","2024-05-22","","",0
1141,1803,"Annual_3999","2024-04-07","","",0
1142,836,"Monthly_499","2024-01-09","","",0
1143,2557,"Quarterly_1299","2024-06-03","","",0
1144,2279,"Monthly_499","2024-06-06","","",0
1145,1586,"Monthly_499","2024-03-12","","",0
1146,2328,"Monthly_499","2024-03-31","2024-04-30","Hard to Cancel",1
1147,819,"Annual_3999","2024-05-15","2024-07-31","Hard to Cancel",1
1148,2851,"Monthly_499","2024-06-03","2024-06-23","Hard to Cancel",1
1149,2603,"Monthly_499","2024-04-14","","",0
1150,2518,"Monthly_499","2024-06-22","2024-08-18","Too Expensive",1
1151,2657,"Monthly_499","2024-05-29","","",0
1152,2436,"Monthly_499","2024-04-07","","",0
1153,2295,"Monthly_499","2024-05-03","2024-06-27","Hard to Cancel",1
1154,2105,"Monthly_499","2024-02-16","2024-03-11","Too Expensive",1
1155,2076,"Monthly_499","2024-01-23","","",0
1156,1229,"Quarterly_1299","2024-05-23","2024-07-05","Hard to Cancel",1
1157,876,"Quarterly_1299","2024-01-24","2024-04-20","Too Expensive",1
1158,1533,"Annual_3999","2024-01-19","","",0
1159,2875,"Monthly_499","2024-01-11","","",0
1160,765,"Monthly_499","2024-04-14","","",0
1161,2348,"Annual_3999","2024-03-21","2024-05-28","Hard to Cancel",1
1162,2560,"Quarterly_1299","2024-01-09","2024-01-27","Found Better App",1
1163,147,"Annual_3999","2024-04-21","","",0
1164,765,"Monthly_499","2024-06-01","","",0
1165,1202,"Monthly_499","2024-05-13","2024-07-20","Found Better App",1
1166,1306,"Quarterly_1299","2024-03-13","2024-05-02","Not Using App",1
1167,532,"Annual_3999","2024-02-20","","",0
1168,1789,"Quarterly_1299","2024-05-04","2024-05-24","Found Better App",1
1169,1708,"Quarterly_1299","2024-06-06","2024-08-30","Found Better App",1
1170,433,"Monthly_499","2024-05-14","2024-05-27","Too Expensive",1
1171,717,"Monthly_499","2024-02-02","2024-02-21","Not Using App",1
1172,2312,"Monthly_499","2024-06-24","","",0
1173,1044,"Quarterly_1299","2024-03-05","","",0
1174,2552,"Monthly_499","2024-03-16","2024-05-05","Hard to Cancel",1
1175,2743,"Quarterly_1299","2024-05-06","","",0
1176,530,"Monthly_499","2024-05-26","2024-07-13","Not Using App",1
1177,1451,"Quarterly_1299","2024-01-10","","",0
1178,2741,"Monthly_499","2024-06-25","","",0
1179,580,"Monthly_499","2024-05-28","2024-06-27","Not Using App",1
1180,391,"Monthly_499","2024-02-26","","",0
1181,2949,"Monthly_499","2024-02-10","2024-04-08","Too Expensive",1
1182,2904,"Annual_3999","2024-05-17","2024-06-14","Too Expensive",1
1183,794,"Annual_3999","2024-04-10","2024-06-01","Not Using App",1
1184,177,"Monthly_499","2024-01-20","","",0
1185,1719,"Monthly_499","2024-02-14","","",0
1186,2094,"Monthly_499","2024-06-18","2024-09-11","Hard to Cancel",1
1187,1507,"Monthly_499","2024-05-10","","",0
1188,1284,"Monthly_499","2024-01-18","","",0
1189,368,"Monthly_499","2024-03-06","2024-04-15","Too Expensive",1
1190,359,"Annual_3999","2024-02-15","","",0
1191,2461,"Monthly_499","2024-01-02","","",0
1192,1913,"Annual_3999","2024-04-11","","",0
1193,605,"Quarterly_1299","2024-05-03","","",0
1194,1555,"Monthly_499","2024-04-23","2024-06-08","Hard to Cancel",1
1195,1091,"Quarterly_1299","2024-03-10","","",0
1196,835,"Annual_3999","2024-04-09","","",0
1197,2854,"Quarterly_1299","2024-06-17","2024-08-24","Found Better App",1
1198,1982,"Annual_3999","2024-03-11","","",0
1199,967,"Monthly_499","2024-05-04","2024-07-30","Hard to Cancel",1
1200,755,"Monthly_499","2024-01-29","","",0
1201,1290,"Quarterly_1299","2024-01-05","2024-01-19","Found Better App",1
1202,1310,"Quarterly_1299","2024-03-18","","",0
1203,2696,"Monthly_499","2024-06-03","2024-08-20","Hard to Cancel",1
1204,147,"Monthly_499","2024-02-20","2024-03-13","Not Using App",1
1205,2290,"Monthly_499","2024-06-08","","",0
1206,388,"Monthly_499","2024-06-26","2024-08-11","Hard to Cancel",1
1207,154,"Annual_3999","2024-05-26","2024-07-17","Too Expensive",1
1208,95,"Quarterly_1299","2024-04-15","2024-05-20","Too Expensive",1
1209,1947,"Monthly_499","2024-05-03","2024-05-16","Hard to Cancel",1
1210,1607,"Quarterly_1299","2024-05-04","2024-07-17","Found Better App",1
1211,2861,"Quarterly_1299","2024-01-26","","",0
1212,1136,"Quarterly_1299","2024-04-10","2024-06-08","Too Expensive",1
1213,2910,"Annual_3999","2024-01-30","2024-03-15","Hard to Cancel",1
1214,668,"Monthly_499","2024-05-22","","",0
1215,451,"Monthly_499","2024-05-19","","",0
1216,1272,"Monthly_499","2024-06-16","2024-07-12","Not Using App",1
1217,1734,"Monthly_499","2024-03-08","","",0
1218,952,"Quarterly_1299","2024-06-22","2024-09-19","Hard to Cancel",1
1219,1103,"Monthly_499","2024-04-23","2024-06-11","Too Expensive",1
1220,283,"Monthly_499","2024-06-14","","",0
1221,2696,"Monthly_499","2024-02-07","2024-03-30","Too Expensive",1
1222,169,"Monthly_499","2024-02-21","","",0
1223,205,"Monthly_499","2024-02-18","","",0
1224,2384,"Annual_3999","2024-03-25","2024-06-19","Not Using App",1
1225,2073,"Monthly_499","2024-02-25","2024-05-08","Not Using App",1
1226,2116,"Monthly_499","2024-05-04","2024-06-25","Hard to Cancel",1
1227,951,"Monthly_499","2024-01-07","2024-03-01","Not Using App",1
1228,1432,"Monthly_499","2024-03-31","","",0
1229,2719,"Quarterly_1299","2024-01-14","2024-02-03","Not Using App",1
1230,2297,"Monthly_499","2024-06-16","","",0
1231,550,"Quarterly_1299","2024-03-18","","",0
1232,2371,"Monthly_499","2024-05-23","","",0
1233,760,"Monthly_499","2024-03-20","","",0
1234,2556,"Monthly_499","2024-05-20","2024-07-22","Hard to Cancel",1
1235,2344,"Quarterly_1299","2024-05-29","","",0
1236,2741,"Monthly_499","2024-02-06","","",0
1237,233,"Annual_3999","2024-01-07","","",0
1238,1649,"Quarterly_1299","2024-05-04","","",0
1239,461,"Quarterly_1299","2024-01-09","","",0
1240,559,"Quarterly_1299","2024-05-31","","",0
1241,1409,"Monthly_499","2024-02-27","","",0
1242,2868,"Quarterly_1299","2024-01-19","","",0
1243,2493,"Annual_3999","2024-02-20","","",0
1244,1691,"Quarterly_1299","2024-06-05","2024-08-28","Found Better App",1
1245,2826,"Monthly_499","2024-06-07","2024-08-30","Hard to Cancel",1
1246,2221,"Quarterly_1299","2024-05-21","2024-07-12","Hard to Cancel",1
1247,2771,"Quarterly_1299","2024-05-06","","",0
1248,1608,"Quarterly_1299","2024-01-09","","",0
1249,2835,"Monthly_499","2024-06-01","2024-08-07","Hard to Cancel",1
1250,771,"Monthly_499","2024-05-31","2024-07-08","Hard to Cancel",1
1251,126,"Quarterly_1299","2024-04-10","","",0
1252,2153,"Annual_3999","2024-01-02","","",0
1253,1995,"Monthly_499","2024-06-12","","",0
1254,2787,"Annual_3999","2024-06-20","","",0
1255,2081,"Quarterly_1299","2024-05-14","","",0
1256,1800,"Quarterly_1299","2024-02-27","","",0
1257,1799,"Monthly_499","2024-01-04","","",0
1258,157,"Monthly_499","2024-01-21","","",0
1259,908,"Monthly_499","2024-03-12","2024-05-04","Too Expensive",1
1260,2319,"Quarterly_1299","2024-01-04","","",0
1261,2007,"Quarterly_1299","2024-06-22","2024-08-31","Not Using App",1
1262,1176,"Quarterly_1299","2024-05-17","","",0
1263,1228,"Monthly_499","2024-03-26","2024-05-26","Too Expensive",1
1264,649,"Monthly_499","2024-02-03","","",0
1265,492,"Quarterly_1299","2024-03-20","2024-05-27","Hard to Cancel",1
1266,2256,"Quarterly_1299","2024-02-02","","",0
1267,1751,"Monthly_499","2024-05-24","","",0
1268,807,"Annual_3999","2024-06-21","","",0
1269,2810,"Monthly_499","2024-05-21","2024-07-05","Not Using App",1
1270,1367,"Quarterly_1299","2024-01-03","","",0
1271,804,"Quarterly_1299","2024-06-14","2024-06-24","Not Using App",1
1272,576,"Quarterly_1299","2024-03-21","","",0
1273,1031,"Quarterly_1299","2024-01-31","","",0
1274,747,"Monthly_499","2024-04-26","2024-06-20","Too Expensive",1
1275,2026,"Quarterly_1299","2024-03-03","","",0
1276,87,"Monthly_499","2024-06-09","2024-07-01","Too Expensive",1
1277,2801,"Monthly_499","2024-04-23","","",0
1278,2556,"Monthly_499","2024-06-21","2024-08-13","Hard to Cancel",1
1279,1198,"Quarterly_1299","2024-06-24","2024-09-20","Not Using App",1
1280,2097,"Monthly_499","2024-02-25","2024-03-15","Not Using App",1
1281,1113,"Annual_3999","2024-04-20","","",0
1282,855,"Monthly_499","2024-06-26","2024-08-24","Hard to Cancel",1
1283,700,"Quarterly_1299","2024-01-20","","",0
1284,2680,"Monthly_499","2024-05-27","2024-07-14","Not Using App",1
1285,1501,"Monthly_499","2024-01-26","2024-03-13","Not Using App",1
1286,420,"Monthly_499","2024-01-29","","",0
1287,2907,"Annual_3999","2024-04-14","2024-04-24","Hard to Cancel",1
1288,950,"Annual_3999","2024-02-01","2024-04-07","Too Expensive",1
1289,2984,"Monthly_499","2024-02-27","2024-04-03","Not Using App",1
1290,2922,"Monthly_499","2024-01-16","2024-04-12","Found Better App",1
1291,2560,"Monthly_499","2024-03-14","2024-04-01","Too Expensive",1
1292,2456,"Quarterly_1299","2024-03-15","","",0
1293,770,"Monthly_499","2024-05-29","2024-08-01","Hard to Cancel",1
1294,1554,"Quarterly_1299","2024-04-30","","",0
1295,2619,"Quarterly_1299","2024-06-05","","",0
1296,1243,"Monthly_499","2024-03-07","","",0
1297,1023,"Monthly_499","2024-02-15","","",0
1298,1125,"Monthly_499","2024-04-23","2024-07-20","Hard to Cancel",1
1299,1440,"Monthly_499","2024-04-08","","",0
1300,184,"Quarterly_1299","2024-06-22","2024-07-08","Found Better App",1
1301,154,"Monthly_499","2024-05-02","2024-07-27","Hard to Cancel",1
1302,573,"Annual_3999","2024-05-08","","",0
1303,1876,"Monthly_499","2024-01-03","","",0
1304,2823,"Monthly_499","2024-01-01","","",0
1305,380,"Quarterly_1299","2024-05-27","2024-06-19","Too Expensive",1
1306,2554,"Quarterly_1299","2024-02-14","","",0
1307,585,"Quarterly_1299","2024-01-08","","",0
1308,2809,"Monthly_499","2024-05-26","","",0
1309,936,"Quarterly_1299","2024-01-23","2024-02-15","Not Using App",1
1310,70,"Annual_3999","2024-01-01","","",0
1311,1848,"Monthly_499","2024-01-04","2024-02-09","Found Better App",1
1312,2903,"Monthly_499","2024-06-05","","",0
1313,109,"Monthly_499","2024-05-29","","",0
1314,167,"Annual_3999","2024-03-14","2024-04-05","Too Expensive",1
1315,140,"Monthly_499","2024-02-29","","",0
1316,2951,"Monthly_499","2024-03-19","","",0
1317,1660,"Monthly_499","2024-02-09","2024-02-29","Too Expensive",1
1318,1988,"Monthly_499","2024-05-02","","",0
1319,1882,"Monthly_499","2024-02-13","","",0
1320,1261,"Monthly_499","2024-03-26","2024-04-30","Hard to Cancel",1
1321,527,"Monthly_499","2024-02-04","","",0
1322,785,"Monthly_499","2024-05-26","","",0
1323,1261,"Quarterly_1299","2024-04-17","","",0
1324,2765,"Monthly_499","2024-01-29","","",0
1325,2987,"Quarterly_1299","2024-01-28","2024-04-17","Hard to Cancel",1
1326,2283,"Monthly_499","2024-04-10","","",0
1327,2198,"Monthly_499","2024-01-21","2024-03-18","Too Expensive",1
1328,2632,"Monthly_499","2024-03-11","","",0
1329,687,"Monthly_499","2024-05-29","","",0
1330,1331,"Monthly_499","2024-06-20","2024-08-12","Hard to Cancel",1
1331,2017,"Annual_3999","2024-04-16","","",0
1332,1376,"Monthly_499","2024-05-17","","",0
1333,2413,"Monthly_499","2024-04-16","","",0
1334,2042,"Monthly_499","2024-06-03","","",0
1335,725,"Monthly_499","2024-03-22","2024-05-24","Too Expensive",1
1336,305,"Annual_3999","2024-04-25","","",0
1337,2713,"Monthly_499","2024-06-27","2024-09-17","Hard to Cancel",1
1338,741,"Monthly_499","2024-04-29","","",0
1339,1258,"Annual_3999","2024-04-25","","",0
1340,2345,"Monthly_499","2024-05-20","2024-06-11","Not Using App",1
1341,290,"Monthly_499","2024-03-03","2024-05-01","Too Expensive",1
1342,1928,"Quarterly_1299","2024-05-10","2024-06-10","Too Expensive",1
1343,2864,"Quarterly_1299","2024-01-21","2024-03-29","Too Expensive",1
1344,1873,"Monthly_499","2024-04-23","","",0
1345,819,"Annual_3999","2024-01-25","","",0
1346,105,"Annual_3999","2024-03-11","2024-05-30","Hard to Cancel",1
1347,2933,"Quarterly_1299","2024-04-04","","",0
1348,814,"Annual_3999","2024-05-16","","",0
1349,2466,"Annual_3999","2024-03-29","2024-06-23","Too Expensive",1
1350,1405,"Monthly_499","2024-03-02","","",0
1351,1056,"Monthly_499","2024-03-17","","",0
1352,2255,"Quarterly_1299","2024-05-28","","",0
1353,768,"Monthly_499","2024-01-02","2024-03-20","Too Expensive",1
1354,2390,"Monthly_499","2024-01-31","","",0
1355,665,"Monthly_499","2024-06-26","2024-08-09","Too Expensive",1
1356,593,"Quarterly_1299","2024-03-28","","",0
1357,2659,"Monthly_499","2024-03-16","","",0
1358,2924,"Quarterly_1299","2024-03-01","","",0
1359,1295,"Monthly_499","2024-06-21","","",0
1360,148,"Quarterly_1299","2024-05-19","2024-08-10","Found Better App",1
1361,106,"Monthly_499","2024-02-26","2024-03-13","Not Using App",1
1362,1700,"Monthly_499","2024-01-27","","",0
1363,1426,"Quarterly_1299","2024-02-12","2024-03-01","Too Expensive",1
1364,522,"Monthly_499","2024-06-25","","",0
1365,881,"Monthly_499","2024-06-01","2024-07-30","Not Using App",1
1366,2557,"Monthly_499","2024-01-06","","",0
1367,1872,"Monthly_499","2024-03-26","2024-06-15","Hard to Cancel",1
1368,1610,"Monthly_499","2024-06-20","","",0
1369,1426,"Annual_3999","2024-01-14","","",0
1370,1455,"Quarterly_1299","2024-01-10","","",0
1371,2330,"Monthly_499","2024-03-10","","",0
1372,102,"Monthly_499","2024-06-12","2024-08-14","Hard to Cancel",1
1373,2800,"Quarterly_1299","2024-01-19","2024-02-01","Not Using App",1
1374,1610,"Quarterly_1299","2024-01-14","","",0
1375,2239,"Monthly_499","2024-06-12","","",0
1376,1336,"Monthly_499","2024-02-18","2024-03-15","Too Expensive",1
1377,2256,"Monthly_499","2024-06-19","","",0
1378,2948,"Monthly_499","2024-03-30","2024-04-19","Hard to Cancel",1
1379,2368,"Quarterly_1299","2024-02-12","2024-03-01","Not Using App",1
1380,2153,"Quarterly_1299","2024-05-20","2024-06-24","Not Using App",1
1381,1908,"Monthly_499","2024-01-03","","",0
1382,877,"Monthly_499","2024-02-06","2024-04-11","Too Expensive",1
1383,117,"Monthly_499","2024-06-16","","",0
1384,1227,"Monthly_499","2024-05-02","","",0
1385,185,"Annual_3999","2024-02-08","","",0
1386,2997,"Monthly_499","2024-05-29","2024-07-23","Hard to Cancel",1
1387,2007,"Monthly_499","2024-04-02","2024-05-23","Found Better App",1
1388,2353,"Monthly_499","2024-02-28","","",0
1389,219,"Annual_3999","2024-02-12","2024-03-30","Too Expensive",1
1390,1168,"Monthly_499","2024-03-24","2024-04-19","Hard to Cancel",1
1391,1871,"Annual_3999","2024-06-25","2024-07-30","Hard to Cancel",1
1392,61,"Monthly_499","2024-06-15","","",0
1393,736,"Quarterly_1299","2024-02-22","","",0
1394,1489,"Annual_3999","2024-02-21","","",0
1395,966,"Quarterly_1299","2024-01-24","2024-02-18","Found Better App",1
1396,1170,"Quarterly_1299","2024-04-14","","",0
1397,2626,"Monthly_499","2024-06-26","","",0
1398,1958,"Quarterly_1299","2024-05-15","","",0
1399,2808,"Quarterly_1299","2024-05-09","","",0
1400,434,"Quarterly_1299","2024-04-28","2024-07-06","Found Better App",1
1401,1348,"Annual_3999","2024-03-21","2024-05-26","Hard to Cancel",1
1402,1621,"Annual_3999","2024-05-06","2024-07-22","Hard to Cancel",1
1403,442,"Monthly_499","2024-05-11","","",0
1404,830,"Monthly_499","2024-01-14","","",0
1405,2788,"Quarterly_1299","2024-01-19","2024-02-22","Not Using App",1
1406,1259,"Monthly_499","2024-01-16","","",0
1407,1803,"Quarterly_1299","2024-01-23","","",0
1408,231,"Monthly_499","2024-02-18","","",0
1409,1956,"Monthly_499","2024-06-02","","",0
1410,990,"Quarterly_1299","2024-01-29","2024-03-03","Found Better App",1
1411,1496,"Quarterly_1299","2024-06-02","2024-08-24","Found Better App",1
1412,1778,"Monthly_499","2024-03-05","","",0
1413,2637,"Monthly_499","2024-03-21","","",0
1414,1248,"Monthly_499","2024-01-29","2024-03-12","Not Using App",1
1415,692,"Monthly_499","2024-04-28","","",0
1416,2202,"Quarterly_1299","2024-01-02","2024-01-18","Hard to Cancel",1
1417,408,"Quarterly_1299","2024-03-22","","",0
1418,2029,"Monthly_499","2024-06-06","","",0
1419,2851,"Monthly_499","2024-05-26","","",0
1420,366,"Monthly_499","2024-06-27","","",0
1421,2478,"Monthly_499","2024-03-13","2024-04-22","Not Using App",1
1422,1712,"Monthly_499","2024-04-23","2024-07-09","Too Expensive",1
1423,937,"Monthly_499","2024-06-02","2024-06-20","Hard to Cancel",1
1424,330,"Monthly_499","2024-01-19","","",0
1425,1535,"Monthly_499","2024-05-10","2024-07-01","Hard to Cancel",1
1426,1802,"Quarterly_1299","2024-02-21","2024-03-16","Too Expensive",1
1427,2852,"Monthly_499","2024-06-04","2024-08-06","Too Expensive",1
1428,2173,"Quarterly_1299","2024-06-28","","",0
1429,924,"Quarterly_1299","2024-05-15","","",0
1430,2916,"Monthly_499","2024-02-03","","",0
1431,1283,"Monthly_499","2024-04-30","2024-07-17","Not Using App",1
1432,2976,"Monthly_499","2024-05-27","2024-06-17","Hard to Cancel",1
1433,2204,"Quarterly_1299","2024-03-08","2024-03-28","Found Better App",1
1434,1201,"Monthly_499","2024-01-24","","",0
1435,2761,"Monthly_499","2024-01-08","2024-01-30","Not Using App",1
1436,232,"Monthly_499","2024-06-02","","",0
1437,1301,"Monthly_499","2024-05-05","","",0
1438,1285,"Monthly_499","2024-05-19","","",0
1439,2400,"Monthly_499","2024-04-02","2024-06-05","Not Using App",1
1440,1470,"Monthly_499","2024-03-02","2024-05-15","Not Using App",1
1441,1046,"Monthly_499","2024-03-27","2024-05-20","Not Using App",1
1442,1438,"Monthly_499","2024-06-11","2024-08-27","Hard to Cancel",1
1443,1422,"Monthly_499","2024-01-31","","",0
1444,1609,"Monthly_499","2024-01-04","","",0
1445,1522,"Monthly_499","2024-03-04","2024-04-29","Found Better App",1
1446,570,"Monthly_499","2024-04-14","","",0
1447,1261,"Monthly_499","2024-03-25","2024-06-04","Found Better App",1
1448,2815,"Annual_3999","2024-01-25","","",0
1449,564,"Quarterly_1299","2024-01-10","2024-02-27","Too Expensive",1
1450,2463,"Monthly_499","2024-05-16","2024-07-01","Hard to Cancel",1
1451,2927,"Monthly_499","2024-03-24","2024-05-27","Not Using App",1
1452,1575,"Quarterly_1299","2024-03-26","2024-04-20","Hard to Cancel",1
1453,1892,"Monthly_499","2024-05-29","","",0
1454,2104,"Monthly_499","2024-03-26","","",0
1455,1288,"Annual_3999","2024-04-25","","",0
1456,1350,"Monthly_499","2024-03-02","","",0
1457,1560,"Quarterly_1299","2024-03-25","","",0
1458,2537,"Monthly_499","2024-06-19","2024-09-09","Hard to Cancel",1
1459,1650,"Monthly_499","2024-06-27","2024-08-20","Hard to Cancel",1
1460,2897,"Monthly_499","2024-06-02","2024-08-06","Hard to Cancel",1
1461,629,"Quarterly_1299","2024-06-06","","",0
1462,1920,"Quarterly_1299","2024-03-01","","",0
1463,1515,"Quarterly_1299","2024-02-18","","",0
1464,845,"Annual_3999","2024-03-02","2024-05-08","Found Better App",1
1465,2613,"Monthly_499","2024-06-20","","",0
1466,1365,"Monthly_499","2024-06-27","","",0
1467,1349,"Monthly_499","2024-05-20","2024-06-25","Hard to Cancel",1
1468,1268,"Monthly_499","2024-04-29","2024-06-27","Too Expensive",1
1469,1887,"Monthly_499","2024-01-09","","",0
1470,2700,"Annual_3999","2024-05-13","2024-07-15","Hard to Cancel",1
1471,2325,"Quarterly_1299","2024-03-15","2024-05-27","Not Using App",1
1472,1409,"Quarterly_1299","2024-01-09","","",0
1473,1089,"Monthly_499","2024-06-15","","",0
1474,1367,"Monthly_499","2024-06-08","","",0
1475,2617,"Monthly_499","2024-04-08","","",0
1476,668,"Monthly_499","2024-03-10","2024-05-16","Too Expensive",1
1477,1353,"Monthly_499","2024-02-21","","",0
1478,1319,"Quarterly_1299","2024-04-17","2024-05-15","Found Better App",1
1479,1938,"Monthly_499","2024-04-22","2024-06-12","Too Expensive",1
1480,741,"Monthly_499","2024-04-10","","",0
1481,1354,"Monthly_499","2024-05-10","2024-07-21","Too Expensive",1
1482,1648,"Monthly_499","2024-01-02","","",0
1483,2252,"Quarterly_1299","2024-05-19","","",0
1484,2744,"Quarterly_1299","2024-02-27","2024-05-17","Not Using App",1
1485,243,"Quarterly_1299","2024-05-19","","",0
1486,167,"Monthly_499","2024-06-17","","",0
1487,1552,"Monthly_499","2024-05-28","2024-08-12","Hard to Cancel",1
1488,2334,"Monthly_499","2024-01-24","2024-02-13","Found Better App",1
1489,1483,"Monthly_499","2024-04-09","","",0
1490,1305,"Annual_3999","2024-02-15","","",0
1491,277,"Monthly_499","2024-03-31","","",0
1492,1330,"Monthly_499","2024-03-03","","",0
1493,1446,"Quarterly_1299","2024-04-20","2024-05-26","Found Better App",1
1494,2247,"Monthly_499","2024-06-11","","",0
1495,330,"Quarterly_1299","2024-05-29","","",0
1496,2940,"Monthly_499","2024-03-30","2024-04-26","Too Expensive",1
1497,1433,"Monthly_499","2024-03-31","","",0
1498,2973,"Monthly_499","2024-03-20","","",0
1499,368,"Monthly_499","2024-03-05","2024-05-19","Hard to Cancel",1
1500,2323,"Monthly_499","2024-05-13","","",0
1501,2357,"Quarterly_1299","2024-02-09","","",0
1502,2297,"Annual_3999","2024-06-04","2024-08-26","Hard to Cancel",1
1503,1531,"Monthly_499","2024-02-05","","",0
1504,2391,"Monthly_499","2024-01-21","2024-02-01","Not Using App",1
1505,2719,"Monthly_499","2024-05-15","","",0
1506,557,"Monthly_499","2024-03-10","","",0
1507,852,"Monthly_499","2024-03-11","","",0
1508,989,"Monthly_499","2024-05-01","","",0
1509,36,"Annual_3999","2024-04-16","","",0
1510,960,"Quarterly_1299","2024-01-29","","",0
1511,2305,"Monthly_499","2024-06-11","2024-08-03","Hard to Cancel",1
1512,1806,"Monthly_499","2024-06-08","2024-08-16","Not Using App",1
1513,2415,"Quarterly_1299","2024-04-19","2024-06-04","Hard to Cancel",1
1514,107,"Quarterly_1299","2024-05-14","","",0
1515,895,"Monthly_499","2024-01-03","","",0
1516,1213,"Monthly_499","2024-05-04","2024-06-23","Hard to Cancel",1
1517,2086,"Quarterly_1299","2024-01-27","","",0
1518,2337,"Monthly_499","2024-05-04","2024-07-16","Not Using App",1
1519,760,"Quarterly_1299","2024-01-15","2024-02-04","Not Using App",1
1520,1792,"Monthly_499","2024-02-04","2024-04-26","Not Using App",1
1521,2138,"Monthly_499","2024-03-31","2024-05-12","Hard to Cancel",1
1522,1670,"Annual_3999","2024-02-26","2024-05-13","Not Using App",1
1523,2978,"Monthly_499","2024-06-03","","",0
1524,1821,"Annual_3999","2024-03-03","2024-05-15","Too Expensive",1
1525,2394,"Monthly_499","2024-05-05","2024-05-20","Too Expensive",1
1526,2120,"Quarterly_1299","2024-05-22","","",0
1527,2897,"Monthly_499","2024-05-24","2024-08-20","Not Using App",1
1528,2719,"Monthly_499","2024-02-09","2024-04-14","Found Better App",1
1529,2592,"Monthly_499","2024-03-06","","",0
1530,448,"Annual_3999","2024-06-09","2024-06-30","Hard to Cancel",1
1531,2809,"Monthly_499","2024-03-24","2024-04-25","Found Better App",1
1532,2173,"Monthly_499","2024-06-08","","",0
1533,190,"Monthly_499","2024-04-26","2024-07-24","Hard to Cancel",1
1534,1673,"Quarterly_1299","2024-06-06","","",0
1535,2673,"Quarterly_1299","2024-01-18","","",0
1536,1321,"Monthly_499","2024-06-06","","",0
1537,2320,"Monthly_499","2024-01-24","","",0
1538,1507,"Monthly_499","2024-04-18","","",0
1539,2009,"Monthly_499","2024-03-26","2024-06-18","Hard to Cancel",1
1540,1175,"Monthly_499","2024-04-27","2024-06-24","Found Better App",1
1541,2995,"Monthly_499","2024-01-18","2024-03-11","Hard to Cancel",1
1542,2711,"Monthly_499","2024-02-03","2024-03-01","Too Expensive",1
1543,2959,"Quarterly_1299","2024-06-21","2024-08-26","Not Using App",1
1544,2834,"Quarterly_1299","2024-02-23","2024-04-22","Too Expensive",1
1545,63,"Quarterly_1299","2024-04-14","","",0
1546,1479,"Annual_3999","2024-02-21","","",0
1547,1095,"Monthly_499","2024-02-27","2024-03-28","Not Using App",1
1548,1177,"Monthly_499","2024-01-11","2024-03-24","Not Using App",1
1549,233,"Monthly_499","2024-02-24","2024-04-28","Found Better App",1
1550,1189,"Monthly_499","2024-02-27","2024-03-08","Found Better App",1
1551,1625,"Monthly_499","2024-06-24","2024-08-09","Too Expensive",1
1552,2142,"Monthly_499","2024-05-08","","",0
1553,977,"Monthly_499","2024-06-11","","",0
1554,2529,"Monthly_499","2024-04-15","2024-06-22","Hard to Cancel",1
1555,1538,"Monthly_499","2024-01-24","2024-03-24","Not Using App",1
1556,2599,"Quarterly_1299","2024-05-03","","",0
1557,1648,"Monthly_499","2024-05-18","2024-06-15","Hard to Cancel",1
1558,2384,"Monthly_499","2024-03-29","","",0
1559,2952,"Monthly_499","2024-03-17","","",0
1560,186,"Quarterly_1299","2024-05-23","","",0
1561,1440,"Annual_3999","2024-05-04","","",0
1562,1858,"Quarterly_1299","2024-02-29","","",0
1563,1563,"Quarterly_1299","2024-04-29","","",0
1564,1483,"Quarterly_1299","2024-02-11","","",0
1565,900,"Quarterly_1299","2024-04-02","","",0
1566,2489,"Quarterly_1299","2024-06-05","2024-07-04","Too Expensive",1
1567,309,"Quarterly_1299","2024-05-28","","",0
1568,1065,"Monthly_499","2024-01-21","2024-02-28","Too Expensive",1
1569,863,"Monthly_499","2024-04-22","2024-07-10","Hard to Cancel",1
1570,1412,"Monthly_499","2024-01-18","2024-02-21","Too Expensive",1
1571,590,"Annual_3999","2024-02-24","","",0
1572,2512,"Monthly_499","2024-01-03","","",0
1573,542,"Monthly_499","2024-04-14","2024-05-04","Too Expensive",1
1574,1135,"Annual_3999","2024-02-09","2024-05-03","Hard to Cancel",1
1575,2816,"Monthly_499","2024-02-17","","",0
1576,2378,"Quarterly_1299","2024-01-03","2024-03-17","Found Better App",1
1577,338,"Annual_3999","2024-06-03","2024-07-18","Hard to Cancel",1
1578,264,"Quarterly_1299","2024-02-05","","",0
1579,2197,"Monthly_499","2024-05-13","2024-08-09","Hard to Cancel",1
1580,552,"Quarterly_1299","2024-05-31","","",0
1581,784,"Monthly_499","2024-03-16","2024-05-15","Hard to Cancel",1
1582,384,"Quarterly_1299","2024-01-06","","",0
1583,1022,"Quarterly_1299","2024-04-05","","",0
1584,1478,"Annual_3999","2024-01-13","2024-02-14","Found Better App",1
1585,1623,"Quarterly_1299","2024-01-12","2024-02-07","Too Expensive",1
1586,1899,"Monthly_499","2024-03-17","","",0
1587,1166,"Monthly_499","2024-04-04","","",0
1588,63,"Monthly_499","2024-01-16","","",0
1589,1938,"Monthly_499","2024-04-17","2024-06-29","Not Using App",1
1590,2169,"Quarterly_1299","2024-01-29","","",0
1591,1032,"Annual_3999","2024-05-22","2024-06-28","Hard to Cancel",1
1592,492,"Monthly_499","2024-05-08","2024-07-28","Not Using App",1
1593,697,"Monthly_499","2024-05-28","","",0
1594,2601,"Quarterly_1299","2024-03-24","2024-05-10","Hard to Cancel",1
1595,1935,"Monthly_499","2024-02-04","","",0
1596,1727,"Quarterly_1299","2024-02-23","","",0
1597,576,"Quarterly_1299","2024-02-21","2024-03-19","Hard to Cancel",1
1598,1552,"Annual_3999","2024-03-29","2024-05-11","Hard to Cancel",1
1599,2455,"Quarterly_1299","2024-01-10","","",0
1600,2700,"Annual_3999","2024-06-14","2024-07-23","Hard to Cancel",1
1601,901,"Monthly_499","2024-02-14","","",0
1602,2191,"Quarterly_1299","2024-05-25","2024-06-17","Too Expensive",1
1603,2122,"Annual_3999","2024-04-20","","",0
1604,1271,"Quarterly_1299","2024-04-14","2024-04-26","Hard to Cancel",1
1605,137,"Monthly_499","2024-01-25","","",0
1606,294,"Annual_3999","2024-03-19","2024-06-04","Found Better App",1
1607,325,"Monthly_499","2024-05-17","2024-07-31","Found Better App",1
1608,1133,"Quarterly_1299","2024-06-27","2024-07-08","Not Using App",1
1609,373,"Monthly_499","2024-01-20","","",0
1610,2697,"Quarterly_1299","2024-01-13","2024-02-10","Hard to Cancel",1
1611,1896,"Annual_3999","2024-06-22","2024-07-14","Hard to Cancel",1
1612,2887,"Annual_3999","2024-04-10","","",0
1613,728,"Monthly_499","2024-06-05","2024-07-02","Found Better App",1
1614,2123,"Monthly_499","2024-06-16","","",0
1615,120,"Monthly_499","2024-01-16","2024-02-21","Found Better App",1
1616,2130,"Monthly_499","2024-05-09","2024-06-04","Not Using App",1
1617,2818,"Annual_3999","2024-04-10","2024-06-01","Hard to Cancel",1
1618,1418,"Monthly_499","2024-01-24","","",0
1619,1146,"Monthly_499","2024-03-20","","",0
1620,2108,"Quarterly_1299","2024-04-15","2024-07-12","Hard to Cancel",1
1621,1476,"Monthly_499","2024-02-04","","",0
1622,1347,"Monthly_499","2024-06-17","","",0
1623,221,"Monthly_499","2024-06-20","","",0
1624,2753,"Annual_3999","2024-04-05","","",0
1625,2175,"Quarterly_1299","2024-06-26","","",0
1626,887,"Monthly_499","2024-03-11","2024-05-09","Not Using App",1
1627,641,"Monthly_499","2024-02-09","","",0
1628,2138,"Monthly_499","2024-05-09","2024-05-27","Hard to Cancel",1
1629,46,"Monthly_499","2024-02-19","","",0
1630,2582,"Monthly_499","2024-01-04","2024-03-28","Too Expensive",1
1631,32,"Annual_3999","2024-04-14","","",0
1632,1049,"Annual_3999","2024-06-26","2024-07-13","Hard to Cancel",1
1633,2973,"Monthly_499","2024-04-18","2024-06-15","Hard to Cancel",1
1634,1029,"Monthly_499","2024-04-20","2024-05-28","Found Better App",1
1635,1882,"Quarterly_1299","2024-02-26","","",0
1636,771,"Quarterly_1299","2024-06-13","2024-07-19","Hard to Cancel",1
1637,1261,"Annual_3999","2024-02-14","2024-04-14","Found Better App",1
1638,946,"Monthly_499","2024-01-09","2024-03-10","Too Expensive",1
1639,1626,"Monthly_499","2024-05-30","2024-07-15","Too Expensive",1
1640,2130,"Monthly_499","2024-05-08","","",0
1641,1203,"Annual_3999","2024-02-10","","",0
1642,2856,"Quarterly_1299","2024-06-16","2024-06-28","Found Better App",1
1643,2027,"Monthly_499","2024-04-03","2024-05-22","Not Using App",1
1644,1261,"Monthly_499","2024-05-16","2024-08-12","Found Better App",1
1645,2950,"Annual_3999","2024-06-23","2024-08-19","Too Expensive",1
1646,1193,"Monthly_499","2024-01-17","","",0
1647,711,"Monthly_499","2024-02-03","","",0
1648,234,"Monthly_499","2024-05-14","2024-07-04","Found Better App",1
1649,1183,"Annual_3999","2024-01-02","2024-03-24","Not Using App",1
1650,1069,"Quarterly_1299","2024-06-19","","",0
1651,2979,"Monthly_499","2024-05-27","","",0
1652,2012,"Annual_3999","2024-03-13","","",0
1653,1843,"Quarterly_1299","2024-06-18","2024-07-22","Hard to Cancel",1
1654,1151,"Monthly_499","2024-04-05","","",0
1655,24,"Quarterly_1299","2024-03-02","2024-05-02","Too Expensive",1
1656,818,"Monthly_499","2024-04-24","","",0
1657,737,"Monthly_499","2024-04-26","","",0
1658,351,"Quarterly_1299","2024-01-06","","",0
1659,571,"Monthly_499","2024-02-04","","",0
1660,2200,"Monthly_499","2024-04-04","","",0
1661,183,"Monthly_499","2024-06-19","","",0
1662,1565,"Monthly_499","2024-01-26","2024-04-21","Found Better App",1
1663,2402,"Quarterly_1299","2024-02-08","","",0
1664,950,"Monthly_499","2024-04-19","","",0
1665,1987,"Annual_3999","2024-04-13","","",0
1666,1443,"Monthly_499","2024-04-10","2024-05-09","Hard to Cancel",1
1667,1779,"Monthly_499","2024-05-17","","",0
1668,885,"Monthly_499","2024-05-31","2024-06-23","Not Using App",1
1669,1324,"Annual_3999","2024-05-31","","",0
1670,1565,"Monthly_499","2024-01-24","2024-02-09","Too Expensive",1
1671,2066,"Monthly_499","2024-06-09","2024-08-07","Too Expensive",1
1672,1243,"Monthly_499","2024-01-22","2024-02-02","Found Better App",1
1673,804,"Annual_3999","2024-05-12","2024-05-28","Found Better App",1
1674,1872,"Monthly_499","2024-02-07","2024-04-15","Found Better App",1
1675,733,"Monthly_499","2024-04-12","","",0
1676,1537,"Annual_3999","2024-02-22","","",0
1677,2560,"Annual_3999","2024-01-19","2024-02-13","Not Using App",1
1678,731,"Annual_3999","2024-06-15","","",0
1679,842,"Monthly_499","2024-05-01","","",0
1680,1491,"Quarterly_1299","2024-04-25","","",0
1681,2191,"Quarterly_1299","2024-06-23","2024-07-20","Hard to Cancel",1
1682,1708,"Quarterly_1299","2024-04-02","","",0
1683,2990,"Monthly_499","2024-06-04","","",0
1684,2130,"Quarterly_1299","2024-05-22","","",0
1685,2200,"Quarterly_1299","2024-05-23","","",0
1686,2964,"Annual_3999","2024-04-12","","",0
1687,1254,"Monthly_499","2024-02-23","2024-03-25","Found Better App",1
1688,771,"Monthly_499","2024-06-01","","",0
1689,2640,"Quarterly_1299","2024-03-30","","",0
1690,2877,"Quarterly_1299","2024-05-09","2024-07-04","Found Better App",1
1691,2698,"Quarterly_1299","2024-05-06","","",0
1692,364,"Monthly_499","2024-06-10","","",0
1693,2236,"Monthly_499","2024-02-25","","",0
1694,2142,"Annual_3999","2024-01-05","","",0
1695,1512,"Quarterly_1299","2024-05-28","2024-08-21","Hard to Cancel",1
1696,1313,"Quarterly_1299","2024-01-06","2024-01-23","Hard to Cancel",1
1697,613,"Monthly_499","2024-05-11","","",0
1698,2168,"Monthly_499","2024-05-11","2024-06-14","Hard to Cancel",1
1699,2121,"Quarterly_1299","2024-01-28","","",0
1700,2641,"Annual_3999","2024-01-21","2024-03-21","Too Expensive",1
1701,2072,"Monthly_499","2024-03-31","","",0
1702,179,"Monthly_499","2024-02-20","2024-04-06","Not Using App",1
1703,2485,"Quarterly_1299","2024-02-09","","",0
1704,167,"Quarterly_1299","2024-01-28","","",0
1705,2967,"Monthly_499","2024-02-17","","",0
1706,2165,"Monthly_499","2024-05-15","","",0
1707,1159,"Monthly_499","2024-01-13","","",0
1708,197,"Monthly_499","2024-01-28","","",0
1709,453,"Quarterly_1299","2024-04-27","","",0
1710,1430,"Monthly_499","2024-03-30","2024-04-30","Hard to Cancel",1
1711,2178,"Monthly_499","2024-05-10","","",0
1712,1959,"Monthly_499","2024-02-23","","",0
1713,247,"Quarterly_1299","2024-02-09","","",0
1714,801,"Monthly_499","2024-04-29","","",0
1715,2749,"Annual_3999","2024-01-27","2024-03-22","Too Expensive",1
1716,2521,"Annual_3999","2024-02-20","","",0
1717,1,"Monthly_499","2024-03-19","","",0
1718,2903,"Annual_3999","2024-03-08","","",0
1719,2443,"Quarterly_1299","2024-05-29","","",0
1720,2703,"Quarterly_1299","2024-04-02","","",0
1721,11,"Monthly_499","2024-06-09","","",0
1722,758,"Annual_3999","2024-05-11","2024-06-18","Hard to Cancel",1
1723,2434,"Monthly_499","2024-04-07","","",0
1724,1199,"Monthly_499","2024-01-21","","",0
1725,1020,"Monthly_499","2024-02-13","2024-03-12","Not Using App",1
1726,2850,"Annual_3999","2024-04-09","","",0
1727,2134,"Monthly_499","2024-06-10","2024-06-21","Hard to Cancel",1
1728,735,"Monthly_499","2024-01-10","2024-03-14","Hard to Cancel",1
1729,859,"Monthly_499","2024-02-11","","",0
1730,176,"Monthly_499","2024-06-16","2024-08-30","Not Using App",1
1731,1972,"Monthly_499","2024-05-27","2024-08-12","Hard to Cancel",1
1732,863,"Quarterly_1299","2024-06-18","2024-07-09","Not Using App",1
1733,902,"Monthly_499","2024-02-17","2024-05-13","Hard to Cancel",1
1734,1917,"Monthly_499","2024-06-08","","",0
1735,1398,"Monthly_499","2024-06-25","2024-07-11","Found Better App",1
1736,373,"Quarterly_1299","2024-01-01","2024-01-13","Not Using App",1
1737,2433,"Monthly_499","2024-02-26","","",0
1738,980,"Annual_3999","2024-03-11","","",0
1739,933,"Monthly_499","2024-04-25","","",0
1740,471,"Quarterly_1299","2024-04-22","2024-06-21","Hard to Cancel",1
1741,1159,"Quarterly_1299","2024-01-28","","",0
1742,274,"Monthly_499","2024-05-07","2024-05-19","Too Expensive",1
1743,656,"Annual_3999","2024-01-21","2024-02-25","Found Better App",1
1744,2583,"Monthly_499","2024-03-15","2024-05-06","Hard to Cancel",1
1745,1820,"Quarterly_1299","2024-06-15","2024-08-04","Hard to Cancel",1
1746,1681,"Monthly_499","2024-05-15","2024-06-23","Too Expensive",1
1747,1302,"Annual_3999","2024-04-25","","",0
1748,2226,"Monthly_499","2024-02-21","2024-03-23","Found Better App",1
1749,376,"Monthly_499","2024-02-20","","",0
1750,333,"Annual_3999","2024-06-05","","",0
1751,2487,"Quarterly_1299","2024-01-12","","",0
1752,930,"Monthly_499","2024-05-01","2024-05-19","Hard to Cancel",1
1753,558,"Quarterly_1299","2024-01-07","","",0
1754,335,"Monthly_499","2024-04-13","","",0
1755,411,"Quarterly_1299","2024-06-01","","",0
1756,2707,"Annual_3999","2024-01-25","","",0
1757,1058,"Annual_3999","2024-03-13","","",0
1758,2485,"Monthly_499","2024-04-07","","",0
1759,1692,"Quarterly_1299","2024-03-31","","",0
1760,855,"Monthly_499","2024-05-24","2024-06-04","Hard to Cancel",1
1761,78,"Monthly_499","2024-03-29","2024-06-19","Hard to Cancel",1
1762,2547,"Annual_3999","2024-02-24","","",0
1763,2237,"Monthly_499","2024-06-18","","",0
1764,2878,"Monthly_499","2024-03-13","2024-05-11","Found Better App",1
1765,1806,"Annual_3999","2024-03-03","","",0
1766,2555,"Annual_3999","2024-05-08","","",0
1767,886,"Quarterly_1299","2024-06-12","","",0
1768,705,"Quarterly_1299","2024-06-13","2024-08-14","Found Better App",1
1769,2971,"Annual_3999","2024-06-25","","",0
1770,1061,"Monthly_499","2024-06-15","","",0
1771,149,"Monthly_499","2024-03-22","2024-05-02","Too Expensive",1
1772,1919,"Monthly_499","2024-03-31","2024-05-16","Found Better App",1
1773,853,"Monthly_499","2024-04-25","","",0
1774,2171,"Quarterly_1299","2024-03-11","","",0
1775,351,"Monthly_499","2024-04-05","","",0
1776,1582,"Monthly_499","2024-06-28","","",0
1777,937,"Monthly_499","2024-06-12","2024-07-18","Found Better App",1
1778,2837,"Monthly_499","2024-05-19","","",0
1779,2404,"Monthly_499","2024-05-05","2024-06-03","Hard to Cancel",1
1780,2867,"Annual_3999","2024-05-18","2024-07-09","Hard to Cancel",1
1781,1382,"Annual_3999","2024-05-02","","",0
1782,2014,"Quarterly_1299","2024-04-13","","",0
1783,2873,"Quarterly_1299","2024-02-23","2024-03-06","Not Using App",1
1784,2987,"Quarterly_1299","2024-01-24","","",0
1785,2615,"Monthly_499","2024-03-16","2024-04-20","Hard to Cancel",1
1786,2470,"Quarterly_1299","2024-04-25","","",0
1787,869,"Monthly_499","2024-03-09","","",0
1788,1939,"Monthly_499","2024-03-16","","",0
1789,579,"Monthly_499","2024-03-06","2024-05-16","Not Using App",1
1790,1316,"Monthly_499","2024-04-09","","",0
1791,780,"Monthly_499","2024-05-18","","",0
1792,1697,"Monthly_499","2024-01-01","","",0
1793,2868,"Monthly_499","2024-01-06","2024-01-18","Found Better App",1
1794,2687,"Quarterly_1299","2024-03-29","2024-04-16","Not Using App",1
1795,984,"Monthly_499","2024-03-22","","",0
1796,61,"Monthly_499","2024-02-09","2024-03-22","Not Using App",1
1797,1390,"Monthly_499","2024-05-07","2024-06-14","Hard to Cancel",1
1798,1451,"Monthly_499","2024-01-18","","",0
1799,140,"Quarterly_1299","2024-05-18","2024-08-01","Too Expensive",1
1800,1195,"Monthly_499","2024-02-18","","",0
