"user_id","signup_date","device_type","acquisition_channel","city_tier","age_group"
1,"2024-04-14","Android","Organic","Tier-3","45+"
2,"2024-03-01","Web","Organic","Tier-2","35-44"
3,"2024-02-07","iOS","YouTube","Tier-1","45+"
4,"2024-04-03","Android","YouTube","Tier-1","18-24"
5,"2024-05-05","Android","Instagram","Tier-1","35-44"
6,"2024-01-27","Android","Google Ads","Tier-1","25-34"
7,"2024-02-07","iOS","Google Ads","Tier-2","35-44"
8,"2024-04-09","Android","YouTube","Tier-3","25-34"
9,"2024-01-09","Android","Google Ads","Tier-2","45+"
10,"2024-06-17","iOS","Google Ads","Tier-1","18-24"
11,"2024-06-16","Android","YouTube","Tier-2","25-34"
12,"2024-04-04","iOS","Organic","Tier-3","18-24"
13,"2024-06-18","iOS","Organic","Tier-1","25-34"
14,"2024-05-01","iOS","Instagram","Tier-2","25-34"
15,"2024-03-21","Android","Organic","Tier-1","35-44"
16,"2024-02-02","Android","YouTube","Tier-3","25-34"
17,"2024-05-31","iOS","Instagram","Tier-1","25-34"
18,"2024-01-13","Android","Instagram","Tier-2","35-44"
19,"2024-03-16","iOS","YouTube","Tier-1","25-34"
20,"2024-05-27","Android","YouTube","Tier-3","25-34"
21,"2024-04-30","Android","Organic","Tier-1","18-24"
22,"2024-03-22","iOS","Google Ads","Tier-2","45+"
23,"2024-06-01","iOS","Organic","Tier-1","25-34"
24,"2024-05-26","Web","Google Ads","Tier-1","18-24"
25,"2024-05-02","Web","Instagram","Tier-3","35-44"
26,"2024-05-24","Android","Google Ads","Tier-2","18-24"
27,"2024-03-13","iOS","Organic","Tier-2","35-44"
28,"2024-03-06","iOS","Google Ads","Tier-3","18-24"
29,"2024-03-01","Android","Google Ads","Tier-2","18-24"
30,"2024-04-25","Android","Instagram","Tier-1","18-24"
31,"2024-05-08","Web","Instagram","Tier-3","18-24"
32,"2024-06-11","iOS","YouTube","Tier-3","25-34"
33,"2024-05-18","Android","Organic","Tier-2","18-24"
34,"2024-06-08","Android","YouTube","Tier-1","18-24"
35,"2024-04-18","Web","Organic","Tier-3","18-24"
36,"2024-03-13","iOS","YouTube","Tier-2","18-24"
37,"2024-03-20","Web","Instagram","Tier-2","25-34"
38,"2024-03-09","iOS","Google Ads","Tier-1","18-24"
39,"2024-01-15","Android","YouTube","Tier-3","45+"
40,"2024-01-14","Web","Instagram","Tier-1","18-24"
41,"2024-04-03","Web","Instagram","Tier-3","45+"
42,"2024-02-23","Android","Instagram","Tier-2","35-44"
43,"2024-02-07","iOS","YouTube","Tier-1","18-24"
44,"2024-05-25","Android","YouTube","Tier-1","35-44"
45,"2024-02-12","Web","YouTube","Tier-1","18-24"
46,"2024-03-31","Web","Google Ads","Tier-2","18-24"
47,"2024-05-23","Web","Google Ads","Tier-1","25-34"
48,"2024-03-28","iOS","Google Ads","Tier-3","25-34"
49,"2024-06-07","Android","Instagram","Tier-2","18-24"
50,"2024-05-06","Android","Instagram","Tier-1","18-24"
51,"2024-03-10","Web","Google Ads","Tier-1","45+"
52,"2024-06-18","iOS","Organic","Tier-1","18-24"
53,"2024-04-13","iOS","Instagram","Tier-2","18-24"
54,"2024-02-19","Web","Google Ads","Tier-1","25-34"
55,"2024-01-01","Android","Google Ads","Tier-2","45+"
56,"2024-06-18","Android","YouTube","Tier-3","35-44"
57,"2024-04-09","Android","Google Ads","Tier-1","35-44"
58,"2024-04-08","Web","Google Ads","Tier-2","45+"
59,"2024-05-10","Web","YouTube","Tier-1","18-24"
60,"2024-05-12","iOS","Instagram","Tier-2","45+"
61,"2024-02-13","Web","Instagram","Tier-3","35-44"
62,"2024-02-25","Android","YouTube","Tier-3","25-34"
63,"2024-02-04","Android","YouTube","Tier-3","25-34"
64,"2024-05-11","iOS","Google Ads","Tier-2","25-34"
65,"2024-02-01","Android","YouTube","Tier-2","18-24"
66,"2024-02-05","Web","YouTube","Tier-1","25-34"
67,"2024-03-05","Web","Google Ads","Tier-2","35-44"
68,"2024-04-19","Web","Instagram","Tier-2","45+"
69,"2024-05-09","Android","Google Ads","Tier-3","45+"
70,"2024-06-15","iOS","Google Ads","Tier-1","25-34"
71,"2024-05-29","Web","Google Ads","Tier-2","18-24"
72,"2024-03-28","Android","Google Ads","Tier-3","25-34"
73,"2024-05-12","Android","YouTube","Tier-2","45+"
74,"2024-05-19","Web","Instagram","Tier-2","18-24"
75,"2024-01-30","Android","Instagram","Tier-1","18-24"
76,"2024-06-26","Android","Instagram","Tier-2","25-34"
77,"2024-04-16","Android","Instagram","Tier-2","18-24"
78,"2024-06-24","Android","Google Ads","Tier-2","45+"
79,"2024-03-05","Android","YouTube","Tier-2","45+"
80,"2024-02-02","Web","Instagram","Tier-1","35-44"
81,"2024-02-13","Web","Instagram","Tier-3","18-24"
82,"2024-02-16","Web","Google Ads","Tier-1","18-24"
83,"2024-06-16","Android","YouTube","Tier-2","18-24"
84,"2024-06-29","iOS","Google Ads","Tier-1","45+"
85,"2024-03-02","Android","Instagram","Tier-1","18-24"
86,"2024-02-11","Android","YouTube","Tier-3","18-24"
87,"2024-02-23","Android","Google Ads","Tier-3","18-24"
88,"2024-02-13","iOS","Instagram","Tier-2","35-44"
89,"2024-04-17","Android","YouTube","Tier-1","18-24"
90,"2024-06-12","Android","Instagram","Tier-3","25-34"
91,"2024-01-23","Android","YouTube","Tier-2","35-44"
92,"2024-06-07","Android","YouTube","Tier-2","25-34"
93,"2024-05-01","Android","Google Ads","Tier-2","25-34"
94,"2024-02-16","iOS","Organic","Tier-3","18-24"
95,"2024-01-31","Android","Google Ads","Tier-2","45+"
96,"2024-03-16","Web","Instagram","Tier-1","18-24"
97,"2024-02-16","iOS","YouTube","Tier-3","35-44"
98,"2024-02-02","Android","Organic","Tier-2","25-34"
99,"2024-02-22","iOS","Instagram","Tier-1","35-44"
100,"2024-03-30","iOS","Instagram","Tier-3","45+"
101,"2024-02-23","iOS","YouTube","Tier-3","25-34"
102,"2024-03-19","Android","Organic","Tier-1","35-44"
103,"2024-01-02","Android","Google Ads","Tier-2","18-24"
104,"2024-04-06","Android","Instagram","Tier-3","18-24"
105,"2024-04-06","Android","Instagram","Tier-1","25-34"
106,"2024-04-05","iOS","Instagram","Tier-2","45+"
107,"2024-03-06","Web","Instagram","Tier-1","45+"
108,"2024-02-29","Android","Google Ads","Tier-3","25-34"
109,"2024-05-13","Android","YouTube","Tier-1","25-34"
110,"2024-02-11","iOS","Organic","Tier-1","18-24"
111,"2024-03-12","Android","Organic","Tier-2","25-34"
112,"2024-04-11","Android","Google Ads","Tier-1","45+"
113,"2024-03-15","Android","Instagram","Tier-1","35-44"
114,"2024-01-14","Android","Organic","Tier-1","45+"
115,"2024-05-07","Web","Organic","Tier-3","35-44"
116,"2024-04-22","iOS","Instagram","Tier-3","35-44"
117,"2024-04-22","Web","Organic","Tier-2","25-34"
118,"2024-06-10","iOS","Organic","Tier-1","25-34"
119,"2024-05-31","iOS","Instagram","Tier-3","25-34"
120,"2024-04-30","iOS","Instagram","Tier-2","18-24"
121,"2024-03-12","Android","YouTube","Tier-3","45+"
122,"2024-06-20","Android","YouTube","Tier-3","35-44"
123,"2024-05-24","Web","Instagram","Tier-1","18-24"
124,"2024-03-28","Android","YouTube","Tier-2","35-44"
125,"2024-05-29","Android","Organic","Tier-1","18-24"
126,"2024-01-18","iOS","YouTube","Tier-3","18-24"
127,"2024-06-14","iOS","Google Ads","Tier-1","18-24"
128,"2024-02-23","Web","Organic","Tier-1","25-34"
129,"2024-06-07","Web","Instagram","Tier-1","18-24"
130,"2024-04-05","Android","Google Ads","Tier-2","35-44"
131,"2024-03-05","Android","YouTube","Tier-3","35-44"
132,"2024-04-07","iOS","Instagram","Tier-3","25-34"
133,"2024-04-21","Android","Organic","Tier-3","35-44"
134,"2024-04-08","Web","YouTube","Tier-1","18-24"
135,"2024-01-26","Web","Organic","Tier-3","25-34"
136,"2024-05-27","Web","YouTube","Tier-3","18-24"
137,"2024-04-18","iOS","YouTube","Tier-3","35-44"
138,"2024-06-23","Android","Instagram","Tier-2","25-34"
139,"2024-04-03","Android","Google Ads","Tier-3","25-34"
140,"2024-03-31","Android","Google Ads","Tier-1","45+"
141,"2024-03-24","Web","Google Ads","Tier-1","45+"
142,"2024-06-11","iOS","Organic","Tier-3","45+"
143,"2024-05-20","Android","YouTube","Tier-2","25-34"
144,"2024-03-01","Web","YouTube","Tier-3","45+"
145,"2024-05-02","Web","Instagram","Tier-2","18-24"
146,"2024-01-02","iOS","YouTube","Tier-3","18-24"
147,"2024-06-29","iOS","Instagram","Tier-2","25-34"
148,"2024-05-05","Web","Instagram","Tier-1","35-44"
149,"2024-04-30","Android","Google Ads","Tier-1","45+"
150,"2024-02-05","Web","Instagram","Tier-1","35-44"
151,"2024-05-04","Web","Google Ads","Tier-1","25-34"
152,"2024-05-24","Web","Google Ads","Tier-3","35-44"
153,"2024-04-30","iOS","Instagram","Tier-3","18-24"
154,"2024-06-02","iOS","YouTube","Tier-3","18-24"
155,"2024-02-24","iOS","Organic","Tier-1","45+"
156,"2024-01-13","Web","Google Ads","Tier-2","18-24"
157,"2024-02-12","Android","Google Ads","Tier-3","35-44"
158,"2024-05-17","Android","Google Ads","Tier-2","18-24"
159,"2024-01-07","iOS","Google Ads","Tier-2","25-34"
160,"2024-02-21","iOS","YouTube","Tier-2","45+"
161,"2024-02-19","Web","Instagram","Tier-3","35-44"
162,"2024-02-10","iOS","YouTube","Tier-3","35-44"
163,"2024-01-19","Web","Google Ads","Tier-2","45+"
164,"2024-03-11","Web","YouTube","Tier-3","35-44"
165,"2024-06-10","Android","Google Ads","Tier-3","35-44"
166,"2024-05-30","Android","YouTube","Tier-1","18-24"
167,"2024-06-26","iOS","YouTube","Tier-3","18-24"
168,"2024-05-23","Android","Instagram","Tier-2","45+"
169,"2024-01-08","iOS","Google Ads","Tier-3","45+"
170,"2024-01-20","iOS","Google Ads","Tier-1","35-44"
171,"2024-02-12","iOS","Instagram","Tier-1","35-44"
172,"2024-01-01","Android","Organic","Tier-3","18-24"
173,"2024-04-17","Android","YouTube","Tier-2","35-44"
174,"2024-02-22","iOS","YouTube","Tier-3","35-44"
175,"2024-01-12","iOS","Organic","Tier-1","35-44"
176,"2024-02-15","Android","Google Ads","Tier-1","45+"
177,"2024-06-10","iOS","Organic","Tier-3","35-44"
178,"2024-04-06","iOS","YouTube","Tier-2","45+"
179,"2024-05-08","iOS","Instagram","Tier-3","35-44"
180,"2024-03-27","iOS","YouTube","Tier-1","18-24"
181,"2024-03-05","Android","Google Ads","Tier-3","25-34"
182,"2024-01-23","Web","Organic","Tier-2","45+"
183,"2024-05-08","Web","Instagram","Tier-3","25-34"
184,"2024-04-11","Web","YouTube","Tier-1","45+"
185,"2024-02-24","Android","Organic","Tier-3","18-24"
186,"2024-04-17","Android","YouTube","Tier-2","25-34"
187,"2024-03-01","Web","Instagram","Tier-1","45+"
188,"2024-03-21","Android","Google Ads","Tier-1","45+"
189,"2024-04-28","iOS","Instagram","Tier-1","18-24"
190,"2024-05-23","Android","Organic","Tier-2","25-34"
191,"2024-03-20","Web","Google Ads","Tier-2","18-24"
192,"2024-01-11","Web","Google Ads","Tier-1","18-24"
193,"2024-04-17","Android","Google Ads","Tier-1","45+"
194,"2024-03-24","Android","YouTube","Tier-2","25-34"
195,"2024-01-16","Android","Instagram","Tier-3","25-34"
196,"2024-01-12","Android","YouTube","Tier-2","25-34"
197,"2024-05-18","Android","Organic","Tier-3","45+"
198,"2024-02-28","Web","Google Ads","Tier-2","25-34"
199,"2024-03-29","iOS","Organic","Tier-3","45+"
200,"2024-05-31","iOS","Organic","Tier-1","35-44"
201,"2024-05-10","Android","Instagram","Tier-1","35-44"
202,"2024-01-11","Web","Instagram","Tier-2","45+"
203,"2024-05-21","iOS","Google Ads","Tier-1","25-34"
204,"2024-04-01","Android","YouTube","Tier-2","35-44"
205,"2024-06-24","Android","YouTube","Tier-2","35-44"
206,"2024-02-20","Android","YouTube","Tier-2","18-24"
207,"2024-05-31","Android","Instagram","Tier-3","35-44"
208,"2024-01-23","Android","Organic","Tier-3","35-44"
209,"2024-06-11","Android","Organic","Tier-1","18-24"
210,"2024-01-22","Web","Organic","Tier-3","25-34"
211,"2024-05-12","Web","YouTube","Tier-2","35-44"
212,"2024-03-29","iOS","Google Ads","Tier-3","35-44"
213,"2024-06-17","Android","YouTube","Tier-3","25-34"
214,"2024-03-29","Android","Instagram","Tier-3","18-24"
215,"2024-06-07","iOS","YouTube","Tier-2","45+"
216,"2024-06-22","Web","Google Ads","Tier-2","25-34"
217,"2024-04-07","Android","Instagram","Tier-2","25-34"
218,"2024-03-16","Android","YouTube","Tier-2","35-44"
219,"2024-05-11","Web","YouTube","Tier-2","18-24"
220,"2024-06-28","Web","Organic","Tier-2","18-24"
221,"2024-02-22","Web","Google Ads","Tier-3","45+"
222,"2024-03-08","Web","Organic","Tier-2","18-24"
223,"2024-04-04","iOS","Instagram","Tier-3","45+"
224,"2024-05-19","iOS","Instagram","Tier-3","18-24"
225,"2024-02-12","iOS","Organic","Tier-1","18-24"
226,"2024-05-14","iOS","Organic","Tier-2","18-24"
227,"2024-03-28","Android","Instagram","Tier-1","25-34"
228,"2024-04-04","Android","Google Ads","Tier-2","18-24"
229,"2024-02-27","Android","YouTube","Tier-2","35-44"
230,"2024-02-13","iOS","Google Ads","Tier-3","45+"
231,"2024-03-29","Android","Instagram","Tier-1","45+"
232,"2024-04-28","iOS","Organic","Tier-1","18-24"
233,"2024-06-18","iOS","Instagram","Tier-2","25-34"
234,"2024-02-13","Android","Instagram","Tier-3","45+"
235,"2024-06-04","Android","Organic","Tier-3","18-24"
236,"2024-03-03","Android","Google Ads","Tier-3","35-44"
237,"2024-02-20","iOS","YouTube","Tier-1","18-24"
238,"2024-04-05","Android","Instagram","Tier-1","18-24"
239,"2024-01-14","iOS","YouTube","Tier-3","25-34"
240,"2024-02-25","Web","Google Ads","Tier-2","25-34"
241,"2024-05-21","iOS","Instagram","Tier-2","25-34"
242,"2024-05-08","iOS","Organic","Tier-3","35-44"
243,"2024-06-04","Android","Organic","Tier-1","25-34"
244,"2024-05-30","iOS","Instagram","Tier-3","18-24"
245,"2024-04-24","iOS","Google Ads","Tier-1","25-34"
246,"2024-02-09","Web","Google Ads","Tier-2","18-24"
247,"2024-05-11","iOS","Instagram","Tier-2","45+"
248,"2024-06-11","Web","Google Ads","Tier-2","18-24"
249,"2024-04-15","Web","Organic","Tier-3","45+"
250,"2024-06-24","Android","YouTube","Tier-1","25-34"
251,"2024-04-24","Android","Organic","Tier-1","18-24"
252,"2024-01-05","iOS","Instagram","Tier-3","25-34"
253,"2024-05-01","Android","Instagram","Tier-2","25-34"
254,"2024-03-22","iOS","Google Ads","Tier-2","25-34"
255,"2024-01-25","iOS","Google Ads","Tier-1","35-44"
256,"2024-03-08","iOS","Google Ads","Tier-3","18-24"
257,"2024-06-29","Android","Google Ads","Tier-3","18-24"
258,"2024-05-12","Android","Instagram","Tier-2","18-24"
259,"2024-05-01","Web","Instagram","Tier-3","18-24"
260,"2024-03-20","iOS","YouTube","Tier-2","35-44"
261,"2024-05-21","Android","Google Ads","Tier-1","18-24"
262,"2024-05-16","Web","Instagram","Tier-3","18-24"
263,"2024-03-29","Android","Organic","Tier-1","35-44"
264,"2024-03-07","Android","Google Ads","Tier-1","18-24"
265,"2024-01-31","Web","Google Ads","Tier-3","25-34"
266,"2024-01-12","iOS","Instagram","Tier-3","18-24"
267,"2024-03-17","Web","Google Ads","Tier-2","25-34"
268,"2024-04-09","iOS","Google Ads","Tier-3","25-34"
269,"2024-01-25","Android","Organic","Tier-3","35-44"
270,"2024-06-07","Android","Google Ads","Tier-2","45+"
271,"2024-03-29","Web","Google Ads","Tier-3","18-24"
272,"2024-04-09","Android","Google Ads","Tier-2","25-34"
273,"2024-01-13","Android","Organic","Tier-3","18-24"
274,"2024-02-22","Web","Instagram","Tier-2","35-44"
275,"2024-05-23","Android","Organic","Tier-3","18-24"
276,"2024-05-02","Android","YouTube","Tier-2","18-24"
277,"2024-01-08","iOS","YouTube","Tier-2","18-24"
278,"2024-05-04","Web","Organic","Tier-3","35-44"
279,"2024-06-12","iOS","Instagram","Tier-1","25-34"
280,"2024-04-16","Web","Organic","Tier-3","25-34"
281,"2024-04-11","iOS","Instagram","Tier-1","18-24"
282,"2024-01-22","iOS","Organic","Tier-1","25-34"
283,"2024-02-29","Web","Google Ads","Tier-3","25-34"
284,"2024-01-04","Android","YouTube","Tier-1","18-24"
285,"2024-05-25","Web","YouTube","Tier-3","35-44"
286,"2024-06-14","Android","Instagram","Tier-1","25-34"
287,"2024-01-25","Web","YouTube","Tier-3","25-34"
288,"2024-02-28","Android","Instagram","Tier-2","18-24"
289,"2024-01-28","iOS","Instagram","Tier-1","45+"
290,"2024-01-08","Web","YouTube","Tier-1","18-24"
291,"2024-02-16","Web","Instagram","Tier-3","35-44"
292,"2024-06-04","Android","Instagram","Tier-2","25-34"
293,"2024-03-05","iOS","Google Ads","Tier-2","18-24"
294,"2024-06-07","Android","Google Ads","Tier-2","35-44"
295,"2024-02-13","Android","YouTube","Tier-2","25-34"
296,"2024-02-27","Android","Instagram","Tier-1","25-34"
297,"2024-01-16","Android","Google Ads","Tier-1","18-24"
298,"2024-03-08","Android","Instagram","Tier-2","35-44"
299,"2024-04-13","iOS","YouTube","Tier-2","35-44"
300,"2024-01-24","iOS","YouTube","Tier-2","35-44"
301,"2024-05-20","Web","Organic","Tier-3","45+"
302,"2024-03-08","Web","YouTube","Tier-1","18-24"
303,"2024-03-18","Web","Instagram","Tier-2","35-44"
304,"2024-05-25","Android","Instagram","Tier-3","45+"
305,"2024-04-05","iOS","YouTube","Tier-1","45+"
306,"2024-05-06","Android","YouTube","Tier-1","25-34"
307,"2024-03-25","Android","Instagram","Tier-1","25-34"
308,"2024-02-04","iOS","Google Ads","Tier-2","35-44"
309,"2024-03-12","Web","Google Ads","Tier-2","45+"
310,"2024-04-26","Android","Organic","Tier-2","35-44"
311,"2024-01-11","Android","YouTube","Tier-2","18-24"
312,"2024-04-09","iOS","Google Ads","Tier-3","45+"
313,"2024-06-20","Web","Google Ads","Tier-2","25-34"
314,"2024-05-20","iOS","Organic","Tier-2","18-24"
315,"2024-02-05","Android","Instagram","Tier-3","18-24"
316,"2024-03-15","Android","YouTube","Tier-2","18-24"
317,"2024-02-06","iOS","YouTube","Tier-2","45+"
318,"2024-01-24","iOS","Google Ads","Tier-1","25-34"
319,"2024-03-31","Web","YouTube","Tier-3","18-24"
320,"2024-03-02","Android","Instagram","Tier-1","18-24"
321,"2024-05-27","Android","Google Ads","Tier-1","25-34"
322,"2024-03-17","Android","YouTube","Tier-2","35-44"
323,"2024-06-20","Android","Organic","Tier-2","25-34"
324,"2024-04-14","Android","YouTube","Tier-2","35-44"
325,"2024-05-06","Android","YouTube","Tier-2","45+"
326,"2024-05-29","Web","Google Ads","Tier-1","35-44"
327,"2024-06-28","Android","Instagram","Tier-1","18-24"
328,"2024-03-10","Android","Organic","Tier-3","25-34"
329,"2024-03-03","iOS","YouTube","Tier-3","18-24"
330,"2024-01-03","iOS","YouTube","Tier-1","25-34"
331,"2024-05-07","iOS","Instagram","Tier-3","25-34"
332,"2024-03-29","Android","Organic","Tier-3","25-34"
333,"2024-04-29","Android","YouTube","Tier-1","25-34"
334,"2024-05-12","iOS","Instagram","Tier-3","18-24"
335,"2024-05-07","Web","Instagram","Tier-3","45+"
336,"2024-01-13","Android","Google Ads","Tier-3","35-44"
337,"2024-05-29","Web","Instagram","Tier-1","18-24"
338,"2024-06-04","Web","Google Ads","Tier-2","35-44"
339,"2024-02-18","Web","Organic","Tier-1","18-24"
340,"2024-01-31","Web","Organic","Tier-2","45+"
341,"2024-01-14","Web","Google Ads","Tier-2","25-34"
342,"2024-02-04","iOS","YouTube","Tier-2","18-24"
343,"2024-03-27","Android","YouTube","Tier-1","25-34"
344,"2024-03-05","iOS","Google Ads","Tier-2","18-24"
345,"2024-01-04","Android","Google Ads","Tier-3","18-24"
346,"2024-05-19","iOS","Google Ads","Tier-1","35-44"
347,"2024-01-29","iOS","Organic","Tier-2","18-24"
348,"2024-06-19","Android","Organic","Tier-2","35-44"
349,"2024-05-03","Web","Organic","Tier-2","45+"
350,"2024-04-16","Web","Google Ads","Tier-2","18-24"
351,"2024-02-24","iOS","Instagram","Tier-3","45+"
352,"2024-01-16","Android","YouTube","Tier-2","25-34"
353,"2024-02-05","Android","Organic","Tier-1","25-34"
354,"2024-06-07","Android","Instagram","Tier-2","45+"
355,"2024-06-17","iOS","YouTube","Tier-1","18-24"
356,"2024-06-13","Web","Google Ads","Tier-1","45+"
357,"2024-05-17","Web","Instagram","Tier-2","35-44"
358,"2024-01-09","Web","Organic","Tier-3","18-24"
359,"2024-05-12","iOS","Google Ads","Tier-3","18-24"
360,"2024-05-24","Android","YouTube","Tier-3","25-34"
361,"2024-05-02","Web","Instagram","Tier-3","35-44"
362,"2024-03-19","Android","Google Ads","Tier-1","25-34"
363,"2024-01-01","iOS","Organic","Tier-1","45+"
364,"2024-05-21","Android","YouTube","Tier-3","35-44"
365,"2024-01-22","Android","Organic","Tier-3","45+"
366,"2024-02-27","Web","Google Ads","Tier-2","25-34"
367,"2024-02-02","Web","Organic","Tier-3","25-34"
368,"2024-04-24","Web","Organic","Tier-2","35-44"
369,"2024-01-25","Web","Google Ads","Tier-3","25-34"
370,"2024-03-17","iOS","YouTube","Tier-1","25-34"
371,"2024-03-05","iOS","Organic","Tier-1","25-34"
372,"2024-05-06","Android","Instagram","Tier-2","35-44"
373,"2024-06-25","iOS","Google Ads","Tier-1","35-44"
374,"2024-02-26","iOS","Instagram","Tier-1","18-24"
375,"2024-05-04","iOS","Instagram","Tier-3","45+"
376,"2024-05-04","iOS","YouTube","Tier-1","25-34"
377,"2024-02-28","Android","Instagram","Tier-2","18-24"
378,"2024-06-07","Web","Instagram","Tier-2","35-44"
379,"2024-02-17","Android","Organic","Tier-1","25-34"
380,"2024-06-18","iOS","Google Ads","Tier-1","18-24"
381,"2024-03-04","Web","Google Ads","Tier-3","45+"
382,"2024-05-13","Android","Google Ads","Tier-3","35-44"
383,"2024-06-10","iOS","YouTube","Tier-2","45+"
384,"2024-03-27","iOS","Instagram","Tier-1","18-24"
385,"2024-03-21","Android","YouTube","Tier-3","25-34"
386,"2024-04-20","Web","Google Ads","Tier-3","25-34"
387,"2024-02-06","Android","Google Ads","Tier-3","45+"
388,"2024-06-28","Android","Instagram","Tier-1","25-34"
389,"2024-04-03","Web","Google Ads","Tier-2","18-24"
390,"2024-01-26","iOS","Google Ads","Tier-2","25-34"
391,"2024-04-28","Android","Google Ads","Tier-3","18-24"
392,"2024-01-25","iOS","Instagram","Tier-3","18-24"
393,"2024-03-16","Android","Google Ads","Tier-1","25-34"
394,"2024-03-18","iOS","Google Ads","Tier-2","45+"
395,"2024-06-26","Android","Google Ads","Tier-3","25-34"
396,"2024-02-10","iOS","Instagram","Tier-1","25-34"
397,"2024-06-24","iOS","Instagram","Tier-1","18-24"
398,"2024-05-21","Android","Organic","Tier-1","45+"
399,"2024-01-31","Android","Organic","Tier-3","45+"
400,"2024-06-29","Android","Google Ads","Tier-3","18-24"
401,"2024-04-13","Web","Google Ads","Tier-1","18-24"
402,"2024-05-12","iOS","Google Ads","Tier-2","45+"
403,"2024-01-11","iOS","YouTube","Tier-2","18-24"
404,"2024-03-12","iOS","Google Ads","Tier-2","45+"
405,"2024-06-19","Android","Organic","Tier-2","35-44"
406,"2024-01-14","iOS","Instagram","Tier-1","25-34"
407,"2024-02-10","Android","Instagram","Tier-3","25-34"
408,"2024-03-18","Web","Instagram","Tier-1","45+"
409,"2024-05-17","iOS","Google Ads","Tier-2","25-34"
410,"2024-01-02","Android","Instagram","Tier-2","25-34"
411,"2024-05-27","iOS","Google Ads","Tier-2","25-34"
412,"2024-06-24","iOS","Instagram","Tier-1","35-44"
413,"2024-04-23","Web","Instagram","Tier-3","18-24"
414,"2024-02-02","Android","YouTube","Tier-2","18-24"
415,"2024-06-16","Android","YouTube","Tier-3","18-24"
416,"2024-02-10","Web","Google Ads","Tier-2","45+"
417,"2024-01-15","iOS","YouTube","Tier-1","25-34"
418,"2024-05-16","Web","Instagram","Tier-2","25-34"
419,"2024-02-02","Android","YouTube","Tier-1","35-44"
420,"2024-05-06","Android","YouTube","Tier-2","25-34"
421,"2024-03-22","iOS","Instagram","Tier-3","35-44"
422,"2024-04-30","Android","YouTube","Tier-2","35-44"
423,"2024-05-15","Android","YouTube","Tier-2","25-34"
424,"2024-01-30","iOS","Instagram","Tier-3","18-24"
425,"2024-06-12","Android","YouTube","Tier-3","35-44"
426,"2024-01-01","Android","Google Ads","Tier-3","45+"
427,"2024-04-04","Android","Instagram","Tier-3","45+"
428,"2024-03-23","Android","YouTube","Tier-2","35-44"
429,"2024-06-25","Android","YouTube","Tier-2","35-44"
430,"2024-04-30","Web","Organic","Tier-3","45+"
431,"2024-03-19","Web","Organic","Tier-1","18-24"
432,"2024-06-25","iOS","Instagram","Tier-1","45+"
433,"2024-03-14","Android","YouTube","Tier-2","18-24"
434,"2024-03-17","iOS","Google Ads","Tier-3","35-44"
435,"2024-05-23","Android","Google Ads","Tier-3","25-34"
436,"2024-05-28","iOS","Instagram","Tier-2","45+"
437,"2024-01-21","Android","Google Ads","Tier-2","18-24"
438,"2024-04-10","Android","Google Ads","Tier-1","25-34"
439,"2024-03-06","Web","Google Ads","Tier-2","25-34"
440,"2024-06-28","iOS","YouTube","Tier-1","45+"
441,"2024-06-25","iOS","Google Ads","Tier-3","35-44"
442,"2024-02-24","iOS","Instagram","Tier-1","25-34"
443,"2024-05-12","iOS","Instagram","Tier-3","18-24"
444,"2024-06-15","Web","Google Ads","Tier-1","18-24"
445,"2024-05-29","Web","Google Ads","Tier-3","35-44"
446,"2024-01-06","Web","YouTube","Tier-1","18-24"
447,"2024-04-27","Web","YouTube","Tier-3","35-44"
448,"2024-04-22","Android","Instagram","Tier-3","25-34"
449,"2024-03-17","Android","Organic","Tier-1","18-24"
450,"2024-06-01","iOS","Organic","Tier-2","25-34"
451,"2024-02-29","Android","YouTube","Tier-2","18-24"
452,"2024-03-11","Android","YouTube","Tier-2","18-24"
453,"2024-02-29","iOS","Instagram","Tier-2","18-24"
454,"2024-05-06","iOS","Organic","Tier-2","25-34"
455,"2024-01-21","Web","Instagram","Tier-1","25-34"
456,"2024-04-06","Web","YouTube","Tier-2","18-24"
457,"2024-02-14","Android","Google Ads","Tier-1","18-24"
458,"2024-01-16","iOS","Google Ads","Tier-1","25-34"
459,"2024-02-23","Web","YouTube","Tier-2","18-24"
460,"2024-06-09","iOS","Google Ads","Tier-2","18-24"
461,"2024-05-14","Web","Google Ads","Tier-3","25-34"
462,"2024-02-22","Android","Instagram","Tier-1","25-34"
463,"2024-05-23","Web","Instagram","Tier-3","35-44"
464,"2024-01-31","Android","YouTube","Tier-3","25-34"
465,"2024-02-12","Android","Google Ads","Tier-1","18-24"
466,"2024-05-02","iOS","Organic","Tier-1","25-34"
467,"2024-02-12","Web","Organic","Tier-3","18-24"
468,"2024-02-08","Android","Instagram","Tier-3","18-24"
469,"2024-04-16","iOS","Google Ads","Tier-2","45+"
470,"2024-05-01","Android","Instagram","Tier-3","25-34"
471,"2024-04-11","iOS","Organic","Tier-1","25-34"
472,"2024-05-31","Android","Instagram","Tier-1","18-24"
473,"2024-06-08","Web","Instagram","Tier-1","18-24"
474,"2024-03-26","iOS","Organic","Tier-3","45+"
475,"2024-01-25","iOS","Organic","Tier-3","35-44"
476,"2024-01-22","iOS","Organic","Tier-1","25-34"
477,"2024-02-10","iOS","Google Ads","Tier-2","25-34"
478,"2024-04-25","iOS","YouTube","Tier-3","18-24"
479,"2024-04-26","iOS","Google Ads","Tier-2","35-44"
480,"2024-01-30","Android","Instagram","Tier-3","35-44"
481,"2024-06-06","iOS","Organic","Tier-1","35-44"
482,"2024-01-25","Android","Google Ads","Tier-2","35-44"
483,"2024-05-13","Web","Instagram","Tier-3","25-34"
484,"2024-05-13","Android","Organic","Tier-2","18-24"
485,"2024-01-30","Android","Instagram","Tier-1","18-24"
486,"2024-01-31","iOS","Instagram","Tier-3","35-44"
487,"2024-05-07","iOS","Google Ads","Tier-2","18-24"
488,"2024-06-22","iOS","Google Ads","Tier-3","45+"
489,"2024-04-16","Android","Google Ads","Tier-2","25-34"
490,"2024-03-04","Android","Google Ads","Tier-3","35-44"
491,"2024-04-11","Web","Instagram","Tier-2","45+"
492,"2024-04-18","Web","Instagram","Tier-3","25-34"
493,"2024-03-01","iOS","Google Ads","Tier-3","35-44"
494,"2024-04-04","Android","Organic","Tier-2","25-34"
495,"2024-01-11","Web","Instagram","Tier-3","45+"
496,"2024-01-08","Web","Google Ads","Tier-2","35-44"
497,"2024-02-08","Android","Instagram","Tier-2","25-34"
498,"2024-02-19","iOS","Google Ads","Tier-2","18-24"
499,"2024-03-02","Android","YouTube","Tier-3","18-24"
500,"2024-03-26","Android","Instagram","Tier-2","35-44"
501,"2024-01-10","Web","YouTube","Tier-1","35-44"
502,"2024-04-22","Android","Google Ads","Tier-3","18-24"
503,"2024-04-15","Web","Google Ads","Tier-1","35-44"
504,"2024-01-18","Android","Google Ads","Tier-1","45+"
505,"2024-03-25","Android","Organic","Tier-2","45+"
506,"2024-04-24","Web","Google Ads","Tier-1","35-44"
507,"2024-04-10","Android","Instagram","Tier-1","25-34"
508,"2024-04-14","iOS","Instagram","Tier-3","45+"
509,"2024-05-21","iOS","YouTube","Tier-1","18-24"
510,"2024-06-23","Web","Google Ads","Tier-2","18-24"
511,"2024-06-13","Android","Google Ads","Tier-3","45+"
512,"2024-01-25","Web","Google Ads","Tier-2","45+"
513,"2024-04-12","Web","Google Ads","Tier-2","18-24"
514,"2024-01-13","Web","Google Ads","Tier-1","25-34"
515,"2024-03-28","Android","Instagram","Tier-3","25-34"
516,"2024-05-08","Android","Google Ads","Tier-1","45+"
517,"2024-01-04","Web","Google Ads","Tier-3","35-44"
518,"2024-01-15","Android","Google Ads","Tier-2","18-24"
519,"2024-02-02","Web","Google Ads","Tier-3","45+"
520,"2024-05-25","Android","Organic","Tier-1","18-24"
521,"2024-06-14","Android","Instagram","Tier-2","45+"
522,"2024-05-11","iOS","Google Ads","Tier-1","45+"
523,"2024-06-06","Web","Organic","Tier-1","25-34"
524,"2024-05-20","iOS","YouTube","Tier-1","18-24"
525,"2024-06-16","Android","Instagram","Tier-2","18-24"
526,"2024-01-14","Web","Google Ads","Tier-1","18-24"
527,"2024-05-07","Web","Google Ads","Tier-1","45+"
528,"2024-04-28","Web","Instagram","Tier-1","25-34"
529,"2024-03-11","Android","Instagram","Tier-2","18-24"
530,"2024-01-13","Android","Instagram","Tier-3","25-34"
531,"2024-03-27","Web","YouTube","Tier-1","18-24"
532,"2024-02-01","Android","Organic","Tier-3","45+"
533,"2024-02-07","Android","YouTube","Tier-2","25-34"
534,"2024-05-27","iOS","YouTube","Tier-2","35-44"
535,"2024-02-22","Web","Instagram","Tier-2","25-34"
536,"2024-03-10","Android","Instagram","Tier-2","18-24"
537,"2024-03-13","Android","Google Ads","Tier-2","25-34"
538,"2024-04-09","Web","Google Ads","Tier-3","25-34"
539,"2024-05-04","Android","Instagram","Tier-2","25-34"
540,"2024-01-29","Web","Google Ads","Tier-3","35-44"
541,"2024-03-27","Web","Google Ads","Tier-3","18-24"
542,"2024-03-16","Android","Google Ads","Tier-3","25-34"
543,"2024-01-02","Android","Instagram","Tier-2","35-44"
544,"2024-06-22","Android","Google Ads","Tier-2","18-24"
545,"2024-02-20","Web","Organic","Tier-1","18-24"
546,"2024-01-20","iOS","Organic","Tier-3","45+"
547,"2024-01-21","Android","Organic","Tier-2","18-24"
548,"2024-03-27","Web","Instagram","Tier-2","25-34"
549,"2024-04-15","iOS","Google Ads","Tier-1","18-24"
550,"2024-01-17","iOS","Instagram","Tier-3","45+"
551,"2024-02-24","Android","Organic","Tier-3","35-44"
552,"2024-04-17","iOS","Google Ads","Tier-3","18-24"
553,"2024-01-01","iOS","YouTube","Tier-1","18-24"
554,"2024-02-02","Web","Google Ads","Tier-3","18-24"
555,"2024-03-13","iOS","Instagram","Tier-3","35-44"
556,"2024-01-19","Web","YouTube","Tier-3","25-34"
557,"2024-05-04","Web","Instagram","Tier-2","18-24"
558,"2024-05-28","iOS","YouTube","Tier-2","35-44"
559,"2024-05-30","Android","Organic","Tier-2","45+"
560,"2024-01-20","Android","Instagram","Tier-3","45+"
561,"2024-03-21","Web","Organic","Tier-2","35-44"
562,"2024-02-08","Android","Organic","Tier-1","18-24"
563,"2024-01-20","Android","Google Ads","Tier-2","45+"
564,"2024-03-09","Web","Google Ads","Tier-1","35-44"
565,"2024-04-24","Web","Google Ads","Tier-2","18-24"
566,"2024-02-29","Web","Google Ads","Tier-3","18-24"
567,"2024-02-06","Android","Google Ads","Tier-2","45+"
568,"2024-04-19","Android","Organic","Tier-3","18-24"
569,"2024-03-10","Web","Google Ads","Tier-3","45+"
570,"2024-06-09","iOS","Organic","Tier-1","18-24"
571,"2024-04-30","iOS","Google Ads","Tier-3","18-24"
572,"2024-02-06","iOS","Google Ads","Tier-3","25-34"
573,"2024-03-24","Android","Google Ads","Tier-2","18-24"
574,"2024-02-25","iOS","Google Ads","Tier-1","25-34"
575,"2024-04-08","Android","YouTube","Tier-3","45+"
576,"2024-03-05","Web","Google Ads","Tier-3","25-34"
577,"2024-05-22","Android","Instagram","Tier-1","25-34"
578,"2024-05-06","iOS","Organic","Tier-3","18-24"
579,"2024-04-02","iOS","Google Ads","Tier-1","25-34"
580,"2024-06-17","iOS","YouTube","Tier-1","18-24"
581,"2024-03-07","Web","Google Ads","Tier-3","18-24"
582,"2024-04-17","iOS","Instagram","Tier-3","18-24"
583,"2024-03-23","Web","Organic","Tier-2","18-24"
584,"2024-04-27","Android","Google Ads","Tier-2","35-44"
585,"2024-01-23","Web","Organic","Tier-2","25-34"
586,"2024-03-26","iOS","Instagram","Tier-2","25-34"
587,"2024-02-13","Android","Google Ads","Tier-1","25-34"
588,"2024-05-16","Android","YouTube","Tier-3","18-24"
589,"2024-05-15","iOS","Instagram","Tier-2","25-34"
590,"2024-05-11","Android","YouTube","Tier-2","18-24"
591,"2024-06-10","Android","YouTube","Tier-3","25-34"
592,"2024-05-16","Web","YouTube","Tier-1","18-24"
593,"2024-01-01","iOS","Google Ads","Tier-3","45+"
594,"2024-02-21","Android","Organic","Tier-3","18-24"
595,"2024-01-05","Android","Organic","Tier-2","25-34"
596,"2024-01-07","Web","Instagram","Tier-2","18-24"
597,"2024-05-09","Android","Instagram","Tier-3","18-24"
598,"2024-03-10","Android","Instagram","Tier-3","18-24"
599,"2024-01-03","Android","Organic","Tier-3","45+"
600,"2024-02-02","Android","YouTube","Tier-1","35-44"
601,"2024-01-01","iOS","Instagram","Tier-1","25-34"
602,"2024-05-24","Web","Instagram","Tier-2","18-24"
603,"2024-01-13","Android","Instagram","Tier-2","18-24"
604,"2024-01-27","Web","Instagram","Tier-3","18-24"
605,"2024-01-07","iOS","Instagram","Tier-1","25-34"
606,"2024-05-24","Web","Instagram","Tier-2","18-24"
607,"2024-02-04","Android","YouTube","Tier-1","18-24"
608,"2024-02-13","iOS","Google Ads","Tier-2","18-24"
609,"2024-06-04","Android","Google Ads","Tier-2","18-24"
610,"2024-02-19","Android","Organic","Tier-2","18-24"
611,"2024-04-15","iOS","YouTube","Tier-3","45+"
612,"2024-02-03","Web","Organic","Tier-2","25-34"
613,"2024-04-12","iOS","Google Ads","Tier-1","35-44"
614,"2024-02-23","Web","Google Ads","Tier-2","25-34"
615,"2024-04-29","Web","Google Ads","Tier-3","45+"
616,"2024-06-09","Android","Organic","Tier-1","45+"
617,"2024-06-18","iOS","Organic","Tier-1","25-34"
618,"2024-03-09","iOS","YouTube","Tier-3","25-34"
619,"2024-01-01","iOS","YouTube","Tier-2","18-24"
620,"2024-02-08","Android","Google Ads","Tier-2","45+"
621,"2024-03-22","Android","Google Ads","Tier-2","25-34"
622,"2024-06-19","Web","YouTube","Tier-1","18-24"
623,"2024-03-20","iOS","Google Ads","Tier-2","35-44"
624,"2024-02-12","Android","YouTube","Tier-2","35-44"
625,"2024-05-27","Web","Instagram","Tier-2","35-44"
626,"2024-06-05","Android","Organic","Tier-2","35-44"
627,"2024-03-30","Android","Organic","Tier-3","45+"
628,"2024-01-14","iOS","Instagram","Tier-2","25-34"
629,"2024-03-01","Web","Organic","Tier-2","45+"
630,"2024-04-26","Android","YouTube","Tier-2","45+"
631,"2024-01-20","iOS","Organic","Tier-2","35-44"
632,"2024-06-29","iOS","Google Ads","Tier-1","45+"
633,"2024-06-27","Android","Instagram","Tier-3","18-24"
634,"2024-01-05","iOS","Instagram","Tier-2","18-24"
635,"2024-04-22","iOS","Organic","Tier-1","18-24"
636,"2024-02-25","iOS","Instagram","Tier-2","25-34"
637,"2024-06-01","iOS","Google Ads","Tier-3","45+"
638,"2024-03-16","Android","YouTube","Tier-1","25-34"
639,"2024-03-02","iOS","Instagram","Tier-3","35-44"
640,"2024-05-12","iOS","Instagram","Tier-3","35-44"
641,"2024-04-14","Android","Instagram","Tier-1","45+"
642,"2024-04-27","iOS","Instagram","Tier-2","25-34"
643,"2024-02-23","Android","Instagram","Tier-3","25-34"
644,"2024-04-14","Web","Instagram","Tier-1","45+"
645,"2024-01-23","Android","YouTube","Tier-1","45+"
646,"2024-06-21","iOS","Instagram","Tier-3","25-34"
647,"2024-01-25","iOS","Instagram","Tier-3","18-24"
648,"2024-02-17","Android","Google Ads","Tier-3","18-24"
649,"2024-06-04","iOS","YouTube","Tier-1","25-34"
650,"2024-03-16","iOS","Instagram","Tier-1","35-44"
651,"2024-03-29","Android","Organic","Tier-3","25-34"
652,"2024-03-29","Web","Google Ads","Tier-1","35-44"
653,"2024-01-27","iOS","Organic","Tier-1","45+"
654,"2024-01-19","Android","Instagram","Tier-1","45+"
655,"2024-05-06","Web","YouTube","Tier-3","25-34"
656,"2024-02-23","Web","YouTube","Tier-3","25-34"
657,"2024-01-25","Web","Google Ads","Tier-2","18-24"
658,"2024-01-17","Android","Instagram","Tier-2","35-44"
659,"2024-01-09","Android","Organic","Tier-1","18-24"
660,"2024-05-12","Web","Organic","Tier-3","25-34"
661,"2024-05-25","iOS","Organic","Tier-3","35-44"
662,"2024-04-08","Web","Organic","Tier-1","18-24"
663,"2024-01-04","Web","Google Ads","Tier-1","35-44"
664,"2024-02-02","iOS","Instagram","Tier-1","18-24"
665,"2024-06-02","Android","Google Ads","Tier-3","45+"
666,"2024-06-11","iOS","Google Ads","Tier-1","35-44"
667,"2024-01-02","iOS","YouTube","Tier-3","35-44"
668,"2024-03-03","Android","Google Ads","Tier-3","25-34"
669,"2024-01-22","iOS","Instagram","Tier-3","25-34"
670,"2024-03-07","Web","YouTube","Tier-3","35-44"
671,"2024-02-25","iOS","YouTube","Tier-1","45+"
672,"2024-05-25","Android","Instagram","Tier-2","25-34"
673,"2024-04-29","Android","Instagram","Tier-2","35-44"
674,"2024-06-08","Android","Google Ads","Tier-1","25-34"
675,"2024-03-04","iOS","Instagram","Tier-1","18-24"
676,"2024-02-19","iOS","YouTube","Tier-2","18-24"
677,"2024-06-02","Web","Google Ads","Tier-2","35-44"
678,"2024-03-31","Android","YouTube","Tier-2","18-24"
679,"2024-04-26","iOS","Organic","Tier-2","18-24"
680,"2024-06-03","iOS","YouTube","Tier-3","45+"
681,"2024-01-21","Web","Google Ads","Tier-3","45+"
682,"2024-06-13","iOS","Instagram","Tier-2","25-34"
683,"2024-01-24","Android","Organic","Tier-3","35-44"
684,"2024-06-16","iOS","Organic","Tier-1","25-34"
685,"2024-02-19","iOS","Instagram","Tier-2","18-24"
686,"2024-04-24","iOS","Instagram","Tier-2","35-44"
687,"2024-03-21","Web","Instagram","Tier-3","25-34"
688,"2024-01-21","Web","Organic","Tier-1","35-44"
689,"2024-01-12","iOS","YouTube","Tier-2","35-44"
690,"2024-01-29","Android","Google Ads","Tier-3","45+"
691,"2024-02-28","Android","Organic","Tier-2","25-34"
692,"2024-02-11","Android","Instagram","Tier-1","25-34"
693,"2024-04-05","iOS","Organic","Tier-1","45+"
694,"2024-02-12","Web","Google Ads","Tier-3","18-24"
695,"2024-04-11","iOS","Google Ads","Tier-2","35-44"
696,"2024-06-21","Web","Instagram","Tier-2","18-24"
697,"2024-02-22","Android","YouTube","Tier-3","35-44"
698,"2024-02-04","Android","Instagram","Tier-2","25-34"
699,"2024-03-20","iOS","Organic","Tier-2","35-44"
700,"2024-04-11","Web","Instagram","Tier-2","25-34"
701,"2024-01-02","Android","YouTube","Tier-2","45+"
702,"2024-01-01","iOS","YouTube","Tier-2","45+"
703,"2024-03-22","iOS","Instagram","Tier-2","45+"
704,"2024-02-14","Web","Instagram","Tier-1","35-44"
705,"2024-04-28","Web","Google Ads","Tier-1","18-24"
706,"2024-06-21","Android","YouTube","Tier-1","18-24"
707,"2024-05-01","Web","Instagram","Tier-1","25-34"
708,"2024-02-18","Android","YouTube","Tier-2","35-44"
709,"2024-04-08","Web","Organic","Tier-2","25-34"
710,"2024-02-14","Android","Instagram","Tier-3","25-34"
711,"2024-06-08","Web","Google Ads","Tier-3","35-44"
712,"2024-05-30","Android","Instagram","Tier-3","18-24"
713,"2024-01-24","iOS","Instagram","Tier-3","45+"
714,"2024-03-22","Android","Organic","Tier-1","45+"
715,"2024-06-09","Android","Instagram","Tier-1","18-24"
716,"2024-03-03","Web","Instagram","Tier-2","25-34"
717,"2024-04-18","Android","Google Ads","Tier-1","35-44"
718,"2024-01-05","iOS","YouTube","Tier-1","18-24"
719,"2024-05-21","Android","Google Ads","Tier-2","45+"
720,"2024-06-13","iOS","Google Ads","Tier-3","45+"
721,"2024-01-07","Web","Google Ads","Tier-2","25-34"
722,"2024-02-23","iOS","Instagram","Tier-2","18-24"
723,"2024-01-13","Android","Google Ads","Tier-2","25-34"
724,"2024-03-07","Android","Instagram","Tier-2","35-44"
725,"2024-04-20","iOS","YouTube","Tier-1","25-34"
726,"2024-04-02","iOS","Instagram","Tier-1","18-24"
727,"2024-02-12","iOS","Instagram","Tier-3","18-24"
728,"2024-02-10","iOS","Google Ads","Tier-1","25-34"
729,"2024-05-06","Web","Organic","Tier-1","45+"
730,"2024-05-07","Web","Instagram","Tier-3","18-24"
731,"2024-06-19","iOS","Google Ads","Tier-3","35-44"
732,"2024-03-19","iOS","YouTube","Tier-1","45+"
733,"2024-04-04","iOS","Google Ads","Tier-2","25-34"
734,"2024-03-18","Web","Google Ads","Tier-2","45+"
735,"2024-01-11","iOS","Instagram","Tier-1","25-34"
736,"2024-01-04","iOS","Instagram","Tier-2","35-44"
737,"2024-01-09","Web","YouTube","Tier-3","18-24"
738,"2024-06-19","iOS","Google Ads","Tier-1","35-44"
739,"2024-02-20","Web","YouTube","Tier-2","25-34"
740,"2024-05-04","Android","Instagram","Tier-1","18-24"
741,"2024-06-05","iOS","Google Ads","Tier-2","18-24"
742,"2024-05-27","Android","YouTube","Tier-2","18-24"
743,"2024-01-20","Android","Organic","Tier-2","35-44"
744,"2024-02-23","iOS","Google Ads","Tier-2","18-24"
745,"2024-03-18","Web","Google Ads","Tier-2","18-24"
746,"2024-05-01","iOS","Instagram","Tier-3","18-24"
747,"2024-03-21","Android","Google Ads","Tier-3","35-44"
748,"2024-02-04","Web","Google Ads","Tier-1","25-34"
749,"2024-01-06","Android","Instagram","Tier-1","45+"
750,"2024-03-20","iOS","Instagram","Tier-1","35-44"
751,"2024-05-22","Android","Organic","Tier-3","45+"
752,"2024-05-28","Web","YouTube","Tier-3","25-34"
753,"2024-06-13","iOS","YouTube","Tier-1","25-34"
754,"2024-01-23","iOS","YouTube","Tier-2","35-44"
755,"2024-06-10","Android","Google Ads","Tier-3","18-24"
756,"2024-04-03","Android","Instagram","Tier-3","35-44"
757,"2024-01-06","iOS","Instagram","Tier-1","18-24"
758,"2024-05-19","iOS","Google Ads","Tier-3","25-34"
759,"2024-01-26","iOS","Instagram","Tier-3","25-34"
760,"2024-06-28","iOS","YouTube","Tier-3","35-44"
761,"2024-04-06","iOS","YouTube","Tier-2","45+"
762,"2024-06-09","Android","Google Ads","Tier-2","25-34"
763,"2024-05-01","iOS","Google Ads","Tier-3","25-34"
764,"2024-04-17","Web","YouTube","Tier-3","35-44"
765,"2024-04-07","Android","Organic","Tier-1","25-34"
766,"2024-04-01","Android","Organic","Tier-1","18-24"
767,"2024-04-10","Web","Organic","Tier-1","35-44"
768,"2024-03-05","Android","Google Ads","Tier-1","35-44"
769,"2024-06-15","Web","Organic","Tier-2","25-34"
770,"2024-02-13","Android","Google Ads","Tier-1","45+"
771,"2024-04-13","Web","Google Ads","Tier-3","45+"
772,"2024-06-13","Android","YouTube","Tier-3","25-34"
773,"2024-05-13","iOS","Google Ads","Tier-3","25-34"
774,"2024-04-11","iOS","YouTube","Tier-2","25-34"
775,"2024-04-08","Web","Google Ads","Tier-2","35-44"
776,"2024-06-05","iOS","YouTube","Tier-2","35-44"
777,"2024-01-23","iOS","Organic","Tier-3","18-24"
778,"2024-03-19","Web","Instagram","Tier-3","25-34"
779,"2024-06-19","Android","Organic","Tier-3","35-44"
780,"2024-02-03","Web","YouTube","Tier-1","35-44"
781,"2024-02-19","Web","Google Ads","Tier-2","25-34"
782,"2024-02-07","iOS","Google Ads","Tier-3","45+"
783,"2024-03-23","Android","Google Ads","Tier-2","25-34"
784,"2024-01-04","Android","YouTube","Tier-3","25-34"
785,"2024-03-30","Android","Google Ads","Tier-1","25-34"
786,"2024-03-31","iOS","YouTube","Tier-2","35-44"
787,"2024-01-07","Android","Organic","Tier-2","25-34"
788,"2024-01-14","Web","Google Ads","Tier-1","25-34"
789,"2024-06-12","Web","Instagram","Tier-3","25-34"
790,"2024-04-19","Web","Google Ads","Tier-1","35-44"
791,"2024-06-12","iOS","Organic","Tier-3","18-24"
792,"2024-05-31","Android","Organic","Tier-1","45+"
793,"2024-06-10","iOS","Google Ads","Tier-3","35-44"
794,"2024-02-03","Android","YouTube","Tier-3","45+"
795,"2024-03-18","iOS","Google Ads","Tier-2","25-34"
796,"2024-02-18","Android","Organic","Tier-2","18-24"
797,"2024-06-07","Android","Organic","Tier-1","25-34"
798,"2024-01-03","iOS","Instagram","Tier-3","35-44"
799,"2024-02-29","Android","Google Ads","Tier-3","35-44"
800,"2024-05-24","Android","Organic","Tier-3","45+"
801,"2024-04-16","iOS","YouTube","Tier-2","25-34"
802,"2024-04-30","Android","Google Ads","Tier-1","25-34"
803,"2024-02-23","Android","Instagram","Tier-2","35-44"
804,"2024-02-27","Android","Organic","Tier-2","18-24"
805,"2024-06-01","Web","YouTube","Tier-3","18-24"
806,"2024-05-02","Web","YouTube","Tier-1","18-24"
807,"2024-04-23","iOS","YouTube","Tier-2","25-34"
808,"2024-04-27","iOS","Google Ads","Tier-2","18-24"
809,"2024-04-11","iOS","YouTube","Tier-3","25-34"
810,"2024-06-02","Android","Instagram","Tier-3","18-24"
811,"2024-01-06","iOS","Organic","Tier-3","18-24"
812,"2024-01-03","Android","Instagram","Tier-3","18-24"
813,"2024-02-13","Android","Organic","Tier-2","18-24"
814,"2024-02-01","Android","Organic","Tier-2","18-24"
815,"2024-01-15","Android","Google Ads","Tier-1","25-34"
816,"2024-03-08","Web","Instagram","Tier-1","25-34"
817,"2024-06-16","iOS","Instagram","Tier-2","18-24"
818,"2024-01-15","iOS","YouTube","Tier-1","18-24"
819,"2024-03-09","iOS","Instagram","Tier-3","35-44"
820,"2024-04-02","iOS","Google Ads","Tier-1","25-34"
821,"2024-04-06","Web","YouTube","Tier-1","25-34"
822,"2024-02-13","iOS","Organic","Tier-1","45+"
823,"2024-02-15","Android","Google Ads","Tier-3","35-44"
824,"2024-03-30","Web","Organic","Tier-3","35-44"
825,"2024-03-19","Android","Google Ads","Tier-2","18-24"
826,"2024-05-08","Web","Instagram","Tier-3","35-44"
827,"2024-04-13","Android","Organic","Tier-1","25-34"
828,"2024-06-17","Android","Google Ads","Tier-2","35-44"
829,"2024-04-09","iOS","Instagram","Tier-3","45+"
830,"2024-06-24","Android","Google Ads","Tier-1","18-24"
831,"2024-06-06","Android","Google Ads","Tier-1","35-44"
832,"2024-04-23","Android","Instagram","Tier-3","18-24"
833,"2024-02-06","iOS","Organic","Tier-2","45+"
834,"2024-01-13","Android","Instagram","Tier-1","18-24"
835,"2024-04-06","Android","Organic","Tier-1","18-24"
836,"2024-03-15","Android","Organic","Tier-1","35-44"
837,"2024-05-16","Web","Google Ads","Tier-2","35-44"
838,"2024-04-27","Web","Google Ads","Tier-1","35-44"
839,"2024-01-31","Web","Google Ads","Tier-1","18-24"
840,"2024-01-12","Android","Instagram","Tier-3","45+"
841,"2024-05-06","iOS","Organic","Tier-3","25-34"
842,"2024-01-21","Android","YouTube","Tier-1","18-24"
843,"2024-04-18","iOS","Google Ads","Tier-2","25-34"
844,"2024-05-10","Android","YouTube","Tier-3","45+"
845,"2024-06-12","Web","Instagram","Tier-1","35-44"
846,"2024-06-15","iOS","YouTube","Tier-2","45+"
847,"2024-05-22","Android","YouTube","Tier-3","45+"
848,"2024-04-06","iOS","Organic","Tier-1","35-44"
849,"2024-05-23","Android","YouTube","Tier-2","25-34"
850,"2024-02-17","iOS","Instagram","Tier-3","35-44"
851,"2024-01-16","Android","Organic","Tier-1","45+"
852,"2024-03-11","iOS","YouTube","Tier-1","35-44"
853,"2024-01-29","Android","YouTube","Tier-3","18-24"
854,"2024-01-15","Android","Instagram","Tier-1","18-24"
855,"2024-06-17","Android","Organic","Tier-1","25-34"
856,"2024-01-15","Android","Google Ads","Tier-2","25-34"
857,"2024-05-06","Android","YouTube","Tier-2","25-34"
858,"2024-04-12","iOS","Google Ads","Tier-1","18-24"
859,"2024-05-17","Android","Google Ads","Tier-1","18-24"
860,"2024-06-07","iOS","Google Ads","Tier-1","35-44"
861,"2024-04-03","Android","Instagram","Tier-2","35-44"
862,"2024-01-04","iOS","Google Ads","Tier-2","45+"
863,"2024-01-31","iOS","Google Ads","Tier-3","25-34"
864,"2024-06-28","Web","Organic","Tier-1","35-44"
865,"2024-06-12","Web","Organic","Tier-2","35-44"
866,"2024-03-05","iOS","Google Ads","Tier-3","35-44"
867,"2024-05-04","iOS","YouTube","Tier-3","25-34"
868,"2024-04-20","iOS","YouTube","Tier-2","45+"
869,"2024-05-09","Android","Organic","Tier-3","25-34"
870,"2024-01-05","Android","YouTube","Tier-2","25-34"
871,"2024-01-08","Android","Instagram","Tier-2","35-44"
872,"2024-06-03","Web","YouTube","Tier-1","25-34"
873,"2024-05-01","Android","YouTube","Tier-2","25-34"
874,"2024-03-25","iOS","Instagram","Tier-1","18-24"
875,"2024-04-26","iOS","YouTube","Tier-2","35-44"
876,"2024-05-07","Android","Instagram","Tier-3","45+"
877,"2024-02-18","iOS","YouTube","Tier-2","18-24"
878,"2024-05-06","iOS","Organic","Tier-3","18-24"
879,"2024-05-26","Android","YouTube","Tier-1","18-24"
880,"2024-05-14","Web","YouTube","Tier-1","18-24"
881,"2024-01-07","Android","YouTube","Tier-2","45+"
882,"2024-03-10","iOS","YouTube","Tier-1","18-24"
883,"2024-05-02","Android","Google Ads","Tier-2","45+"
884,"2024-03-06","iOS","Google Ads","Tier-2","18-24"
885,"2024-06-23","iOS","YouTube","Tier-2","45+"
886,"2024-06-09","Web","YouTube","Tier-2","25-34"
887,"2024-04-29","Web","Organic","Tier-2","45+"
888,"2024-05-31","Web","YouTube","Tier-1","45+"
889,"2024-05-08","iOS","Google Ads","Tier-2","45+"
890,"2024-02-02","Android","Organic","Tier-2","18-24"
891,"2024-01-25","Android","Google Ads","Tier-1","45+"
892,"2024-04-23","Web","Instagram","Tier-3","35-44"
893,"2024-03-09","Android","YouTube","Tier-3","45+"
894,"2024-02-14","Web","Instagram","Tier-2","35-44"
895,"2024-06-29","Web","YouTube","Tier-1","35-44"
896,"2024-05-15","Android","Instagram","Tier-3","35-44"
897,"2024-05-12","iOS","Instagram","Tier-3","18-24"
898,"2024-06-17","iOS","Google Ads","Tier-3","35-44"
899,"2024-03-19","iOS","YouTube","Tier-3","25-34"
900,"2024-03-03","iOS","YouTube","Tier-2","25-34"
901,"2024-04-28","iOS","Instagram","Tier-3","35-44"
902,"2024-04-24","Web","Instagram","Tier-1","25-34"
903,"2024-04-23","iOS","Instagram","Tier-2","45+"
904,"2024-05-31","Android","Google Ads","Tier-2","45+"
905,"2024-01-24","Android","YouTube","Tier-1","18-24"
906,"2024-02-05","iOS","Instagram","Tier-1","25-34"
907,"2024-02-02","iOS","Organic","Tier-1","25-34"
908,"2024-01-15","Android","YouTube","Tier-1","35-44"
909,"2024-06-14","Android","Google Ads","Tier-1","25-34"
910,"2024-06-02","Web","Google Ads","Tier-1","18-24"
911,"2024-06-04","Android","YouTube","Tier-2","18-24"
912,"2024-04-23","iOS","YouTube","Tier-1","18-24"
913,"2024-03-15","Web","Instagram","Tier-1","35-44"
914,"2024-01-10","Android","Google Ads","Tier-3","18-24"
915,"2024-03-03","iOS","Google Ads","Tier-1","25-34"
916,"2024-05-12","Android","Instagram","Tier-2","45+"
917,"2024-03-14","iOS","Google Ads","Tier-1","35-44"
918,"2024-06-29","Web","Google Ads","Tier-2","25-34"
919,"2024-04-25","iOS","YouTube","Tier-2","25-34"
920,"2024-04-29","Web","YouTube","Tier-2","25-34"
921,"2024-01-11","Web","Instagram","Tier-2","45+"
922,"2024-04-22","Web","Google Ads","Tier-3","25-34"
923,"2024-03-26","iOS","Google Ads","Tier-2","45+"
924,"2024-04-03","Web","YouTube","Tier-3","25-34"
925,"2024-02-04","iOS","YouTube","Tier-2","35-44"
926,"2024-04-10","Android","Google Ads","Tier-1","18-24"
927,"2024-06-13","Android","Instagram","Tier-3","45+"
928,"2024-04-25","Web","Google Ads","Tier-1","45+"
929,"2024-06-24","iOS","Instagram","Tier-3","18-24"
930,"2024-03-09","Android","Google Ads","Tier-3","25-34"
931,"2024-06-23","Web","YouTube","Tier-3","25-34"
932,"2024-04-15","Android","Google Ads","Tier-2","18-24"
933,"2024-02-15","Android","YouTube","Tier-2","25-34"
934,"2024-05-15","Web","Google Ads","Tier-1","45+"
935,"2024-02-08","Android","Google Ads","Tier-1","18-24"
936,"2024-06-18","Web","Instagram","Tier-3","25-34"
937,"2024-05-02","Android","YouTube","Tier-2","45+"
938,"2024-06-19","Web","Instagram","Tier-2","45+"
939,"2024-05-28","Android","Google Ads","Tier-3","45+"
940,"2024-01-06","iOS","Google Ads","Tier-1","18-24"
941,"2024-01-14","iOS","Organic","Tier-2","18-24"
942,"2024-02-08","iOS","Instagram","Tier-1","25-34"
943,"2024-05-13","Android","Organic","Tier-3","45+"
944,"2024-05-18","Android","Google Ads","Tier-1","25-34"
945,"2024-03-01","Web","YouTube","Tier-1","45+"
946,"2024-01-02","Android","Organic","Tier-3","25-34"
947,"2024-06-26","iOS","Organic","Tier-2","35-44"
948,"2024-02-24","Web","Organic","Tier-1","25-34"
949,"2024-01-23","Web","Organic","Tier-1","45+"
950,"2024-03-01","Android","YouTube","Tier-1","35-44"
951,"2024-02-25","iOS","Organic","Tier-3","18-24"
952,"2024-02-11","Android","Organic","Tier-2","25-34"
953,"2024-04-11","Web","YouTube","Tier-2","45+"
954,"2024-02-20","Android","Organic","Tier-2","18-24"
955,"2024-05-08","Android","Organic","Tier-3","25-34"
956,"2024-06-15","Android","YouTube","Tier-1","45+"
957,"2024-03-29","Web","Google Ads","Tier-2","25-34"
958,"2024-06-13","Android","Instagram","Tier-3","25-34"
959,"2024-04-27","Android","YouTube","Tier-2","18-24"
960,"2024-06-20","Android","Google Ads","Tier-1","35-44"
961,"2024-06-24","iOS","Instagram","Tier-2","18-24"
962,"2024-01-09","Android","Google Ads","Tier-3","25-34"
963,"2024-06-06","Android","Google Ads","Tier-3","18-24"
964,"2024-03-16","Web","YouTube","Tier-3","35-44"
965,"2024-03-04","Web","Google Ads","Tier-1","35-44"
966,"2024-05-29","Web","Instagram","Tier-1","25-34"
967,"2024-03-16","iOS","Google Ads","Tier-1","18-24"
968,"2024-06-11","Web","Google Ads","Tier-2","35-44"
969,"2024-02-17","Android","Google Ads","Tier-1","18-24"
970,"2024-01-16","iOS","YouTube","Tier-3","18-24"
971,"2024-05-12","iOS","YouTube","Tier-1","18-24"
972,"2024-03-17","Web","Instagram","Tier-3","25-34"
973,"2024-01-15","Android","Instagram","Tier-1","18-24"
974,"2024-06-05","Android","Google Ads","Tier-3","25-34"
975,"2024-06-28","Android","Instagram","Tier-1","45+"
976,"2024-02-14","Android","Google Ads","Tier-1","18-24"
977,"2024-04-07","Web","YouTube","Tier-1","18-24"
978,"2024-05-10","Android","Instagram","Tier-1","45+"
979,"2024-04-12","Android","Google Ads","Tier-2","25-34"
980,"2024-04-27","iOS","YouTube","Tier-1","25-34"
981,"2024-01-04","Web","Instagram","Tier-2","18-24"
982,"2024-02-01","Android","YouTube","Tier-1","45+"
983,"2024-02-20","Web","Organic","Tier-1","18-24"
984,"2024-04-11","Web","Google Ads","Tier-2","35-44"
985,"2024-04-16","iOS","YouTube","Tier-1","18-24"
986,"2024-01-12","Android","Google Ads","Tier-1","18-24"
987,"2024-01-24","iOS","Instagram","Tier-2","18-24"
988,"2024-01-25","Web","Instagram","Tier-2","25-34"
989,"2024-05-01","Android","Instagram","Tier-2","45+"
990,"2024-04-08","iOS","Instagram","Tier-2","45+"
991,"2024-02-28","Web","YouTube","Tier-2","25-34"
992,"2024-02-03","iOS","Instagram","Tier-3","25-34"
993,"2024-06-24","iOS","YouTube","Tier-1","18-24"
994,"2024-03-31","Android","Organic","Tier-1","35-44"
995,"2024-01-14","iOS","Google Ads","Tier-2","18-24"
996,"2024-06-08","Web","Google Ads","Tier-1","25-34"
997,"2024-04-04","Web","Organic","Tier-3","18-24"
998,"2024-04-06","Android","Organic","Tier-3","45+"
999,"2024-03-09","Android","YouTube","Tier-1","45+"
1000,"2024-02-24","iOS","Google Ads","Tier-3","18-24"
1001,"2024-02-08","Web","Google Ads","Tier-1","25-34"
1002,"2024-05-07","iOS","Google Ads","Tier-3","35-44"
1003,"2024-01-22","iOS","YouTube","Tier-2","18-24"
1004,"2024-03-22","Web","Google Ads","Tier-3","25-34"
1005,"2024-03-03","iOS","Instagram","Tier-3","35-44"
1006,"2024-01-21","iOS","YouTube","Tier-3","18-24"
1007,"2024-03-25","Android","Instagram","Tier-2","18-24"
1008,"2024-02-05","Android","Organic","Tier-1","18-24"
1009,"2024-04-06","iOS","YouTube","Tier-1","18-24"
1010,"2024-02-24","Web","YouTube","Tier-1","18-24"
1011,"2024-02-04","Web","Instagram","Tier-2","18-24"
1012,"2024-01-25","Android","Instagram","Tier-2","18-24"
1013,"2024-02-11","Android","Instagram","Tier-2","25-34"
1014,"2024-06-25","iOS","YouTube","Tier-3","25-34"
1015,"2024-03-27","Web","Google Ads","Tier-1","25-34"
1016,"2024-03-28","Android","Instagram","Tier-1","25-34"
1017,"2024-04-12","Android","Organic","Tier-3","35-44"
1018,"2024-01-29","Web","Instagram","Tier-3","25-34"
1019,"2024-03-21","iOS","Organic","Tier-3","45+"
1020,"2024-02-27","Web","Instagram","Tier-2","25-34"
1021,"2024-02-18","Android","Google Ads","Tier-3","25-34"
1022,"2024-01-28","Android","YouTube","Tier-1","18-24"
1023,"2024-01-12","iOS","Google Ads","Tier-2","25-34"
1024,"2024-03-04","iOS","Instagram","Tier-3","35-44"
1025,"2024-05-04","Web","Organic","Tier-3","18-24"
1026,"2024-04-21","Web","Instagram","Tier-2","18-24"
1027,"2024-04-25","iOS","Organic","Tier-3","25-34"
1028,"2024-02-09","Web","Instagram","Tier-3","25-34"
1029,"2024-06-18","iOS","Instagram","Tier-3","18-24"
1030,"2024-01-04","Android","Instagram","Tier-3","35-44"
1031,"2024-06-06","Web","Organic","Tier-1","35-44"
1032,"2024-06-24","iOS","Google Ads","Tier-3","35-44"
1033,"2024-02-08","Web","YouTube","Tier-2","35-44"
1034,"2024-03-21","Android","Instagram","Tier-1","25-34"
1035,"2024-06-27","Web","Instagram","Tier-2","45+"
1036,"2024-02-18","Android","Google Ads","Tier-2","45+"
1037,"2024-02-22","Web","Instagram","Tier-1","45+"
1038,"2024-05-28","Android","YouTube","Tier-2","35-44"
1039,"2024-03-21","Android","Instagram","Tier-3","25-34"
1040,"2024-04-01","Android","Organic","Tier-3","45+"
1041,"2024-02-11","iOS","Google Ads","Tier-2","25-34"
1042,"2024-06-26","Web","Google Ads","Tier-1","35-44"
1043,"2024-03-27","Android","Google Ads","Tier-1","35-44"
1044,"2024-06-13","Android","Google Ads","Tier-3","18-24"
1045,"2024-05-15","iOS","Instagram","Tier-3","35-44"
1046,"2024-04-30","Android","Instagram","Tier-3","45+"
1047,"2024-02-17","iOS","Google Ads","Tier-3","18-24"
1048,"2024-01-12","iOS","YouTube","Tier-3","35-44"
1049,"2024-04-02","Android","Google Ads","Tier-2","25-34"
1050,"2024-04-22","Android","Google Ads","Tier-2","45+"
1051,"2024-05-20","Android","Instagram","Tier-2","25-34"
1052,"2024-01-13","Android","YouTube","Tier-1","35-44"
1053,"2024-03-02","iOS","Google Ads","Tier-3","18-24"
1054,"2024-03-04","Android","Instagram","Tier-3","45+"
1055,"2024-06-09","Android","Organic","Tier-2","35-44"
1056,"2024-04-02","Android","Organic","Tier-1","25-34"
1057,"2024-06-13","Android","YouTube","Tier-3","25-34"
1058,"2024-02-25","iOS","YouTube","Tier-2","45+"
1059,"2024-06-15","Android","Instagram","Tier-3","25-34"
1060,"2024-01-13","Web","YouTube","Tier-2","25-34"
1061,"2024-05-10","Android","Instagram","Tier-2","35-44"
1062,"2024-01-08","iOS","YouTube","Tier-2","45+"
1063,"2024-06-10","iOS","Google Ads","Tier-3","45+"
1064,"2024-01-17","iOS","Organic","Tier-1","25-34"
1065,"2024-05-24","Android","YouTube","Tier-1","18-24"
1066,"2024-03-03","Android","Google Ads","Tier-2","18-24"
1067,"2024-06-08","iOS","Google Ads","Tier-1","18-24"
1068,"2024-05-27","Web","Organic","Tier-1","45+"
1069,"2024-03-16","iOS","Organic","Tier-2","25-34"
1070,"2024-04-26","Android","Instagram","Tier-3","45+"
1071,"2024-01-27","iOS","Instagram","Tier-3","18-24"
1072,"2024-05-03","iOS","Instagram","Tier-2","25-34"
1073,"2024-03-29","Android","YouTube","Tier-2","18-24"
1074,"2024-02-29","Android","Google Ads","Tier-2","35-44"
1075,"2024-06-07","iOS","Google Ads","Tier-3","45+"
1076,"2024-01-19","iOS","Google Ads","Tier-1","35-44"
1077,"2024-02-28","iOS","Organic","Tier-2","18-24"
1078,"2024-04-28","Web","Organic","Tier-3","35-44"
1079,"2024-05-31","Android","Google Ads","Tier-1","25-34"
1080,"2024-02-07","Android","Google Ads","Tier-1","18-24"
1081,"2024-02-18","Web","YouTube","Tier-2","18-24"
1082,"2024-04-03","Web","Google Ads","Tier-2","35-44"
1083,"2024-02-03","iOS","YouTube","Tier-2","18-24"
1084,"2024-02-24","iOS","Organic","Tier-1","18-24"
1085,"2024-05-20","Web","Organic","Tier-3","35-44"
1086,"2024-04-01","Web","YouTube","Tier-1","35-44"
1087,"2024-04-06","Android","YouTube","Tier-1","25-34"
1088,"2024-03-18","iOS","Instagram","Tier-3","35-44"
1089,"2024-03-17","Android","Organic","Tier-3","25-34"
1090,"2024-05-29","iOS","Google Ads","Tier-3","45+"
1091,"2024-01-08","iOS","Instagram","Tier-3","35-44"
1092,"2024-05-27","Web","YouTube","Tier-1","18-24"
1093,"2024-05-11","iOS","Google Ads","Tier-3","18-24"
1094,"2024-06-11","iOS","Google Ads","Tier-3","25-34"
1095,"2024-06-08","Web","Instagram","Tier-2","45+"
1096,"2024-05-07","iOS","Instagram","Tier-3","25-34"
1097,"2024-06-27","Android","YouTube","Tier-3","35-44"
1098,"2024-02-16","Web","Instagram","Tier-1","35-44"
1099,"2024-05-19","iOS","Google Ads","Tier-1","25-34"
1100,"2024-06-14","Android","Organic","Tier-2","45+"
1101,"2024-06-14","Web","YouTube","Tier-1","35-44"
1102,"2024-06-11","Web","Google Ads","Tier-3","25-34"
1103,"2024-04-06","Web","Instagram","Tier-3","25-34"
1104,"2024-05-19","Android","Organic","Tier-3","35-44"
1105,"2024-04-27","Web","YouTube","Tier-3","18-24"
1106,"2024-04-01","Android","Google Ads","Tier-2","25-34"
1107,"2024-03-20","iOS","Organic","Tier-2","25-34"
1108,"2024-05-09","Android","Google Ads","Tier-2","25-34"
1109,"2024-04-05","Web","Google Ads","Tier-3","35-44"
1110,"2024-06-09","Android","Organic","Tier-2","25-34"
1111,"2024-01-20","iOS","Organic","Tier-2","35-44"
1112,"2024-04-04","Android","YouTube","Tier-2","25-34"
1113,"2024-04-26","Web","Google Ads","Tier-1","35-44"
1114,"2024-02-22","Android","Instagram","Tier-2","45+"
1115,"2024-06-17","iOS","YouTube","Tier-1","18-24"
1116,"2024-04-03","Web","Organic","Tier-2","35-44"
1117,"2024-01-09","Android","Instagram","Tier-2","18-24"
1118,"2024-01-18","Android","YouTube","Tier-1","35-44"
1119,"2024-02-06","iOS","Instagram","Tier-3","35-44"
1120,"2024-02-06","Android","Google Ads","Tier-3","25-34"
1121,"2024-06-29","iOS","YouTube","Tier-3","18-24"
1122,"2024-06-16","Android","Organic","Tier-1","25-34"
1123,"2024-06-26","Web","Organic","Tier-3","35-44"
1124,"2024-04-02","iOS","YouTube","Tier-3","25-34"
1125,"2024-01-11","Web","YouTube","Tier-3","18-24"
1126,"2024-06-16","Web","Instagram","Tier-3","18-24"
1127,"2024-04-26","Android","Organic","Tier-3","25-34"
1128,"2024-03-27","Android","Google Ads","Tier-1","25-34"
1129,"2024-03-03","Android","Instagram","Tier-3","18-24"
1130,"2024-04-06","iOS","YouTube","Tier-1","35-44"
1131,"2024-01-02","iOS","Instagram","Tier-3","45+"
1132,"2024-02-02","iOS","YouTube","Tier-1","45+"
1133,"2024-02-08","Android","Instagram","Tier-1","25-34"
1134,"2024-05-20","Web","Google Ads","Tier-2","18-24"
1135,"2024-03-06","Web","Organic","Tier-3","25-34"
1136,"2024-03-05","Web","Instagram","Tier-2","45+"
1137,"2024-03-02","Android","Organic","Tier-1","35-44"
1138,"2024-03-11","iOS","YouTube","Tier-2","35-44"
1139,"2024-04-23","Android","Google Ads","Tier-1","45+"
1140,"2024-06-11","iOS","Instagram","Tier-3","18-24"
1141,"2024-06-11","Web","Instagram","Tier-3","25-34"
1142,"2024-04-22","iOS","Google Ads","Tier-2","18-24"
1143,"2024-03-25","iOS","Organic","Tier-3","18-24"
1144,"2024-04-23","Android","Instagram","Tier-1","45+"
1145,"2024-03-11","Android","Instagram","Tier-1","35-44"
1146,"2024-02-07","iOS","YouTube","Tier-1","25-34"
1147,"2024-06-10","Android","Instagram","Tier-3","35-44"
1148,"2024-04-06","Android","Instagram","Tier-3","25-34"
1149,"2024-02-01","Android","Instagram","Tier-1","18-24"
1150,"2024-04-25","iOS","Instagram","Tier-1","45+"
1151,"2024-03-01","iOS","YouTube","Tier-1","25-34"
1152,"2024-06-06","Web","Instagram","Tier-1","18-24"
1153,"2024-02-18","Android","Organic","Tier-2","18-24"
1154,"2024-06-11","iOS","Organic","Tier-2","25-34"
1155,"2024-02-15","iOS","Google Ads","Tier-2","25-34"
1156,"2024-03-19","Android","YouTube","Tier-2","35-44"
1157,"2024-05-24","Web","Instagram","Tier-1","25-34"
1158,"2024-05-10","Android","YouTube","Tier-1","45+"
1159,"2024-03-10","Web","YouTube","Tier-3","25-34"
1160,"2024-02-20","iOS","YouTube","Tier-2","35-44"
1161,"2024-05-04","Android","Google Ads","Tier-1","35-44"
1162,"2024-05-01","Android","Organic","Tier-3","25-34"
1163,"2024-04-12","Android","YouTube","Tier-1","18-24"
1164,"2024-06-26","Android","Instagram","Tier-1","35-44"
1165,"2024-03-31","Web","Google Ads","Tier-1","25-34"
1166,"2024-06-16","iOS","Organic","Tier-3","45+"
1167,"2024-02-22","iOS","YouTube","Tier-3","35-44"
1168,"2024-05-31","iOS","Organic","Tier-1","18-24"
1169,"2024-04-05","Web","Google Ads","Tier-2","18-24"
1170,"2024-02-04","Android","Organic","Tier-1","45+"
1171,"2024-06-20","Android","Instagram","Tier-2","25-34"
1172,"2024-05-06","Android","Instagram","Tier-2","18-24"
1173,"2024-06-29","Web","Google Ads","Tier-3","18-24"
1174,"2024-02-06","Web","Organic","Tier-1","25-34"
1175,"2024-06-10","iOS","Instagram","Tier-3","25-34"
1176,"2024-01-06","iOS","YouTube","Tier-3","25-34"
1177,"2024-05-01","Web","Google Ads","Tier-3","45+"
1178,"2024-01-02","Web","YouTube","Tier-1","25-34"
1179,"2024-01-05","Web","Google Ads","Tier-2","18-24"
1180,"2024-05-18","iOS","Instagram","Tier-3","45+"
1181,"2024-06-27","Android","Instagram","Tier-3","45+"
1182,"2024-01-30","iOS","YouTube","Tier-2","25-34"
1183,"2024-06-28","Android","Google Ads","Tier-2","18-24"
1184,"2024-02-17","iOS","Organic","Tier-1","18-24"
1185,"2024-03-13","iOS","Instagram","Tier-1","45+"
1186,"2024-02-17","iOS","Instagram","Tier-3","35-44"
1187,"2024-03-01","Android","Google Ads","Tier-1","25-34"
1188,"2024-03-03","iOS","Organic","Tier-3","18-24"
1189,"2024-04-13","iOS","Instagram","Tier-1","18-24"
1190,"2024-05-18","Android","Google Ads","Tier-2","18-24"
1191,"2024-02-29","iOS","Google Ads","Tier-3","18-24"
1192,"2024-02-28","Web","YouTube","Tier-2","35-44"
1193,"2024-06-26","iOS","Instagram","Tier-2","18-24"
1194,"2024-03-07","iOS","Instagram","Tier-3","18-24"
1195,"2024-01-07","iOS","Google Ads","Tier-3","45+"
1196,"2024-03-02","Web","Instagram","Tier-2","35-44"
1197,"2024-04-16","iOS","Google Ads","Tier-1","18-24"
1198,"2024-04-23","Android","Organic","Tier-3","18-24"
1199,"2024-02-20","iOS","YouTube","Tier-1","18-24"
1200,"2024-04-01","Android","Instagram","Tier-2","25-34"
1201,"2024-05-04","Android","YouTube","Tier-1","25-34"
1202,"2024-05-27","Web","Organic","Tier-3","35-44"
1203,"2024-01-04","Android","Organic","Tier-3","25-34"
1204,"2024-06-16","Web","Google Ads","Tier-3","18-24"
1205,"2024-01-12","Web","Google Ads","Tier-1","25-34"
1206,"2024-02-06","Web","Organic","Tier-2","45+"
1207,"2024-06-27","iOS","Organic","Tier-1","25-34"
1208,"2024-05-05","iOS","YouTube","Tier-2","25-34"
1209,"2024-04-22","Android","Organic","Tier-1","35-44"
1210,"2024-05-11","Android","YouTube","Tier-2","45+"
1211,"2024-05-07","Web","Instagram","Tier-3","18-24"
1212,"2024-03-14","Android","Instagram","Tier-1","45+"
1213,"2024-01-22","iOS","Organic","Tier-2","18-24"
1214,"2024-03-16","Android","Google Ads","Tier-2","18-24"
1215,"2024-04-10","iOS","Organic","Tier-2","45+"
1216,"2024-04-18","Android","YouTube","Tier-3","25-34"
1217,"2024-02-08","Android","YouTube","Tier-1","35-44"
1218,"2024-05-25","iOS","Instagram","Tier-3","18-24"
1219,"2024-05-04","iOS","Google Ads","Tier-1","25-34"
1220,"2024-01-02","iOS","YouTube","Tier-2","18-24"
1221,"2024-04-13","iOS","Google Ads","Tier-2","35-44"
1222,"2024-04-22","iOS","Instagram","Tier-2","18-24"
1223,"2024-04-15","Android","YouTube","Tier-1","35-44"
1224,"2024-03-16","Web","Google Ads","Tier-2","45+"
1225,"2024-05-02","iOS","Google Ads","Tier-2","45+"
1226,"2024-02-15","Web","YouTube","Tier-3","18-24"
1227,"2024-02-25","Android","YouTube","Tier-3","35-44"
1228,"2024-05-07","Android","Organic","Tier-1","25-34"
1229,"2024-01-17","Web","Organic","Tier-2","25-34"
1230,"2024-01-31","Android","Organic","Tier-2","35-44"
1231,"2024-06-29","iOS","Instagram","Tier-3","25-34"
1232,"2024-05-07","iOS","YouTube","Tier-1","45+"
1233,"2024-04-14","iOS","Google Ads","Tier-1","18-24"
1234,"2024-06-26","iOS","Google Ads","Tier-3","45+"
1235,"2024-04-04","Android","Instagram","Tier-2","45+"
1236,"2024-05-30","Web","YouTube","Tier-2","45+"
1237,"2024-01-08","Android","Google Ads","Tier-3","18-24"
1238,"2024-05-14","iOS","Google Ads","Tier-2","25-34"
1239,"2024-01-23","Web","YouTube","Tier-1","25-34"
1240,"2024-02-29","Android","Google Ads","Tier-3","25-34"
1241,"2024-04-27","Web","YouTube","Tier-3","25-34"
1242,"2024-04-28","Android","YouTube","Tier-3","25-34"
1243,"2024-03-16","iOS","Instagram","Tier-2","18-24"
1244,"2024-06-06","Android","Google Ads","Tier-1","25-34"
1245,"2024-05-26","iOS","YouTube","Tier-3","18-24"
1246,"2024-06-01","Android","Instagram","Tier-1","25-34"
1247,"2024-06-19","Web","Instagram","Tier-1","45+"
1248,"2024-04-24","Web","Organic","Tier-2","35-44"
1249,"2024-04-07","Android","Instagram","Tier-1","25-34"
1250,"2024-06-17","Android","Instagram","Tier-1","25-34"
1251,"2024-03-15","Android","Organic","Tier-3","18-24"
1252,"2024-01-08","iOS","YouTube","Tier-2","45+"
1253,"2024-01-08","iOS","Google Ads","Tier-2","18-24"
1254,"2024-01-01","Web","Instagram","Tier-2","18-24"
1255,"2024-02-13","Android","Organic","Tier-1","35-44"
1256,"2024-03-30","Android","Instagram","Tier-1","25-34"
1257,"2024-03-17","Web","YouTube","Tier-2","45+"
1258,"2024-06-17","Android","YouTube","Tier-2","25-34"
1259,"2024-02-24","iOS","YouTube","Tier-1","25-34"
1260,"2024-02-29","iOS","Instagram","Tier-3","35-44"
1261,"2024-02-14","iOS","Instagram","Tier-2","45+"
1262,"2024-05-16","iOS","Organic","Tier-1","35-44"
1263,"2024-03-08","Web","Instagram","Tier-1","45+"
1264,"2024-01-29","Web","Instagram","Tier-1","18-24"
1265,"2024-01-16","Android","Google Ads","Tier-2","18-24"
1266,"2024-06-18","Android","Google Ads","Tier-3","18-24"
1267,"2024-03-16","Android","YouTube","Tier-3","25-34"
1268,"2024-04-11","Android","YouTube","Tier-1","25-34"
1269,"2024-06-21","iOS","YouTube","Tier-1","25-34"
1270,"2024-01-28","Android","Organic","Tier-2","18-24"
1271,"2024-03-17","Web","YouTube","Tier-2","25-34"
1272,"2024-05-14","iOS","YouTube","Tier-1","25-34"
1273,"2024-01-31","Android","Instagram","Tier-3","45+"
1274,"2024-02-06","Android","Instagram","Tier-3","18-24"
1275,"2024-01-14","iOS","Google Ads","Tier-3","25-34"
1276,"2024-04-30","Android","Instagram","Tier-3","25-34"
1277,"2024-04-12","Android","Google Ads","Tier-1","18-24"
1278,"2024-03-25","Web","Google Ads","Tier-2","25-34"
1279,"2024-04-13","Android","Google Ads","Tier-2","25-34"
1280,"2024-01-19","Web","Instagram","Tier-3","25-34"
1281,"2024-03-27","iOS","YouTube","Tier-2","25-34"
1282,"2024-04-04","Android","Instagram","Tier-1","25-34"
1283,"2024-03-30","iOS","Instagram","Tier-3","45+"
1284,"2024-06-18","Web","Instagram","Tier-3","18-24"
1285,"2024-06-29","iOS","YouTube","Tier-3","25-34"
1286,"2024-05-29","Web","YouTube","Tier-2","25-34"
1287,"2024-05-24","iOS","YouTube","Tier-2","45+"
1288,"2024-05-27","iOS","Instagram","Tier-1","18-24"
1289,"2024-01-17","iOS","Google Ads","Tier-1","18-24"
1290,"2024-05-12","Android","Organic","Tier-1","45+"
1291,"2024-04-16","Web","Google Ads","Tier-3","18-24"
1292,"2024-04-08","Android","Organic","Tier-2","35-44"
1293,"2024-04-01","Web","Instagram","Tier-3","45+"
1294,"2024-04-16","iOS","YouTube","Tier-3","45+"
1295,"2024-03-18","Android","Google Ads","Tier-3","25-34"
1296,"2024-03-14","Web","YouTube","Tier-1","18-24"
1297,"2024-06-01","Web","YouTube","Tier-1","45+"
1298,"2024-06-10","iOS","Google Ads","Tier-3","25-34"
1299,"2024-04-03","Android","YouTube","Tier-3","45+"
1300,"2024-03-07","Android","Organic","Tier-1","25-34"
1301,"2024-06-16","iOS","Organic","Tier-1","18-24"
1302,"2024-01-22","Android","YouTube","Tier-2","45+"
1303,"2024-01-19","iOS","Organic","Tier-2","25-34"
1304,"2024-03-06","Android","Google Ads","Tier-2","45+"
1305,"2024-06-14","Web","YouTube","Tier-3","18-24"
1306,"2024-06-13","Web","Instagram","Tier-3","45+"
1307,"2024-03-31","Web","Google Ads","Tier-1","35-44"
1308,"2024-04-03","Android","Organic","Tier-2","18-24"
1309,"2024-05-12","Web","Instagram","Tier-2","45+"
1310,"2024-03-15","Android","Google Ads","Tier-1","25-34"
1311,"2024-01-24","Android","Organic","Tier-3","35-44"
1312,"2024-04-17","iOS","Google Ads","Tier-1","18-24"
1313,"2024-04-10","Web","Google Ads","Tier-3","18-24"
1314,"2024-03-01","Android","Instagram","Tier-2","45+"
1315,"2024-05-31","Web","YouTube","Tier-3","25-34"
1316,"2024-01-15","Web","Organic","Tier-2","45+"
1317,"2024-01-24","iOS","YouTube","Tier-2","45+"
1318,"2024-01-04","iOS","Organic","Tier-3","35-44"
1319,"2024-06-20","Android","Google Ads","Tier-1","25-34"
1320,"2024-05-25","Android","Google Ads","Tier-2","35-44"
1321,"2024-03-27","Web","YouTube","Tier-3","45+"
1322,"2024-03-21","iOS","Google Ads","Tier-2","45+"
1323,"2024-06-11","iOS","YouTube","Tier-2","35-44"
1324,"2024-01-29","Android","Google Ads","Tier-3","35-44"
1325,"2024-03-07","iOS","Google Ads","Tier-2","18-24"
1326,"2024-03-19","Android","YouTube","Tier-3","35-44"
1327,"2024-01-18","Web","Instagram","Tier-1","35-44"
1328,"2024-01-24","iOS","Organic","Tier-1","45+"
1329,"2024-01-01","Web","YouTube","Tier-3","18-24"
1330,"2024-01-03","Web","YouTube","Tier-2","25-34"
1331,"2024-05-31","iOS","Google Ads","Tier-3","35-44"
1332,"2024-01-30","Web","Google Ads","Tier-2","18-24"
1333,"2024-04-18","iOS","Google Ads","Tier-3","35-44"
1334,"2024-03-28","Android","Instagram","Tier-1","25-34"
1335,"2024-05-30","Android","YouTube","Tier-2","35-44"
1336,"2024-03-31","Android","Organic","Tier-2","35-44"
1337,"2024-05-05","Android","Google Ads","Tier-3","45+"
1338,"2024-05-16","iOS","Instagram","Tier-2","25-34"
1339,"2024-01-03","Android","YouTube","Tier-1","35-44"
1340,"2024-02-07","Android","Google Ads","Tier-2","35-44"
1341,"2024-02-10","iOS","Instagram","Tier-1","18-24"
1342,"2024-02-22","iOS","Google Ads","Tier-3","35-44"
1343,"2024-06-29","Android","Google Ads","Tier-1","45+"
1344,"2024-01-02","Android","Instagram","Tier-2","35-44"
1345,"2024-04-18","Android","Instagram","Tier-3","35-44"
1346,"2024-02-10","iOS","Organic","Tier-3","25-34"
1347,"2024-05-31","Web","YouTube","Tier-1","25-34"
1348,"2024-01-13","Android","YouTube","Tier-3","18-24"
1349,"2024-01-02","Web","Organic","Tier-3","45+"
1350,"2024-05-31","Android","Organic","Tier-3","18-24"
1351,"2024-02-03","iOS","Google Ads","Tier-2","35-44"
1352,"2024-01-22","Android","Organic","Tier-1","18-24"
1353,"2024-01-25","Android","Organic","Tier-3","18-24"
1354,"2024-04-04","iOS","Instagram","Tier-2","25-34"
1355,"2024-05-30","Android","Organic","Tier-2","18-24"
1356,"2024-04-24","iOS","Google Ads","Tier-3","25-34"
1357,"2024-04-26","iOS","YouTube","Tier-3","25-34"
1358,"2024-03-20","Web","Organic","Tier-1","45+"
1359,"2024-02-29","Android","Google Ads","Tier-1","45+"
1360,"2024-01-22","Android","YouTube","Tier-2","18-24"
1361,"2024-03-15","Android","Instagram","Tier-1","18-24"
1362,"2024-06-18","Web","Organic","Tier-3","18-24"
1363,"2024-05-22","Web","Google Ads","Tier-2","35-44"
1364,"2024-05-23","iOS","YouTube","Tier-1","35-44"
1365,"2024-01-15","Android","Organic","Tier-1","35-44"
1366,"2024-05-03","iOS","Google Ads","Tier-3","25-34"
1367,"2024-02-23","Android","YouTube","Tier-1","35-44"
1368,"2024-03-02","iOS","Organic","Tier-2","35-44"
1369,"2024-06-14","iOS","Instagram","Tier-2","25-34"
1370,"2024-06-02","Android","Google Ads","Tier-2","18-24"
1371,"2024-03-30","Web","Google Ads","Tier-3","18-24"
1372,"2024-04-12","Android","YouTube","Tier-3","25-34"
1373,"2024-05-20","Web","Instagram","Tier-2","45+"
1374,"2024-04-26","Android","Instagram","Tier-3","25-34"
1375,"2024-01-31","Web","Organic","Tier-2","35-44"
1376,"2024-05-21","iOS","YouTube","Tier-1","35-44"
1377,"2024-04-11","Web","YouTube","Tier-1","25-34"
1378,"2024-04-22","Web","Instagram","Tier-1","35-44"
1379,"2024-02-18","Android","Google Ads","Tier-3","18-24"
1380,"2024-03-17","iOS","Organic","Tier-1","25-34"
1381,"2024-06-09","iOS","YouTube","Tier-2","18-24"
1382,"2024-02-05","iOS","Google Ads","Tier-2","18-24"
1383,"2024-06-15","Web","Instagram","Tier-1","18-24"
1384,"2024-03-14","Web","Instagram","Tier-2","18-24"
1385,"2024-03-15","Web","YouTube","Tier-1","25-34"
1386,"2024-06-05","Android","Instagram","Tier-3","18-24"
1387,"2024-06-03","Android","Instagram","Tier-3","25-34"
1388,"2024-02-12","Android","Google Ads","Tier-1","45+"
1389,"2024-03-22","Android","YouTube","Tier-3","25-34"
1390,"2024-06-08","Android","Instagram","Tier-3","25-34"
1391,"2024-05-10","Android","Instagram","Tier-3","25-34"
1392,"2024-04-24","iOS","YouTube","Tier-3","18-24"
1393,"2024-03-17","Web","Instagram","Tier-1","25-34"
1394,"2024-05-12","Web","Instagram","Tier-2","18-24"
1395,"2024-06-24","Web","Instagram","Tier-3","25-34"
1396,"2024-04-06","Web","Organic","Tier-1","45+"
1397,"2024-05-20","iOS","Google Ads","Tier-3","25-34"
1398,"2024-05-02","Android","Instagram","Tier-3","25-34"
1399,"2024-04-11","Android","Google Ads","Tier-1","25-34"
1400,"2024-01-06","Android","Google Ads","Tier-1","18-24"
1401,"2024-03-09","Android","YouTube","Tier-3","35-44"
1402,"2024-01-07","Web","Instagram","Tier-2","45+"
1403,"2024-05-28","iOS","Instagram","Tier-3","35-44"
1404,"2024-06-13","iOS","Google Ads","Tier-3","45+"
1405,"2024-01-12","iOS","Organic","Tier-2","18-24"
1406,"2024-03-07","Web","Instagram","Tier-3","18-24"
1407,"2024-01-30","Android","Instagram","Tier-3","18-24"
1408,"2024-03-10","Android","Instagram","Tier-1","45+"
1409,"2024-05-11","Web","YouTube","Tier-3","45+"
1410,"2024-01-04","Web","Instagram","Tier-2","45+"
1411,"2024-03-31","Android","Instagram","Tier-1","18-24"
1412,"2024-06-27","iOS","Instagram","Tier-2","45+"
1413,"2024-04-12","iOS","Instagram","Tier-2","18-24"
1414,"2024-05-25","iOS","YouTube","Tier-2","18-24"
1415,"2024-02-27","Android","Google Ads","Tier-1","25-34"
1416,"2024-02-21","Android","Google Ads","Tier-3","25-34"
1417,"2024-03-31","Android","YouTube","Tier-2","25-34"
1418,"2024-06-26","Web","Google Ads","Tier-2","35-44"
1419,"2024-03-24","Web","Google Ads","Tier-1","25-34"
1420,"2024-03-09","Android","YouTube","Tier-3","25-34"
1421,"2024-02-28","Android","Google Ads","Tier-1","45+"
1422,"2024-05-28","Web","YouTube","Tier-1","18-24"
1423,"2024-04-21","Web","YouTube","Tier-2","25-34"
1424,"2024-06-20","Web","Google Ads","Tier-2","18-24"
1425,"2024-03-27","iOS","Google Ads","Tier-3","18-24"
1426,"2024-05-21","Web","YouTube","Tier-1","35-44"
1427,"2024-03-19","Web","Google Ads","Tier-1","45+"
1428,"2024-05-06","iOS","YouTube","Tier-3","25-34"
1429,"2024-01-27","iOS","YouTube","Tier-1","18-24"
1430,"2024-02-15","Android","Instagram","Tier-2","18-24"
1431,"2024-06-22","iOS","Google Ads","Tier-2","45+"
1432,"2024-05-20","Android","Organic","Tier-2","25-34"
1433,"2024-02-13","iOS","Organic","Tier-3","18-24"
1434,"2024-06-15","Web","YouTube","Tier-1","25-34"
1435,"2024-04-18","Web","Instagram","Tier-1","18-24"
1436,"2024-06-15","Android","Instagram","Tier-3","45+"
1437,"2024-02-22","Web","Google Ads","Tier-1","45+"
1438,"2024-05-26","iOS","Instagram","Tier-2","25-34"
1439,"2024-06-29","Web","Instagram","Tier-3","25-34"
1440,"2024-02-12","iOS","YouTube","Tier-1","25-34"
1441,"2024-05-18","Web","Organic","Tier-3","18-24"
1442,"2024-04-12","Android","YouTube","Tier-2","18-24"
1443,"2024-02-12","Android","Instagram","Tier-1","35-44"
1444,"2024-03-29","Android","Organic","Tier-1","25-34"
1445,"2024-02-01","Android","Instagram","Tier-1","25-34"
1446,"2024-05-08","Web","Google Ads","Tier-3","18-24"
1447,"2024-04-18","Android","YouTube","Tier-1","25-34"
1448,"2024-05-06","Web","Google Ads","Tier-3","45+"
1449,"2024-01-05","Web","Instagram","Tier-1","35-44"
1450,"2024-02-27","Android","Google Ads","Tier-2","25-34"
1451,"2024-02-29","Android","Organic","Tier-3","25-34"
1452,"2024-01-10","Android","Google Ads","Tier-1","25-34"
1453,"2024-02-21","iOS","Google Ads","Tier-2","45+"
1454,"2024-01-08","iOS","Instagram","Tier-3","25-34"
1455,"2024-02-19","iOS","Google Ads","Tier-3","25-34"
1456,"2024-05-29","iOS","YouTube","Tier-3","25-34"
1457,"2024-02-20","iOS","Instagram","Tier-1","45+"
1458,"2024-04-12","iOS","YouTube","Tier-2","35-44"
1459,"2024-05-02","iOS","Instagram","Tier-2","18-24"
1460,"2024-06-21","iOS","Instagram","Tier-1","45+"
1461,"2024-06-23","Android","YouTube","Tier-3","45+"
1462,"2024-01-20","Android","Google Ads","Tier-3","18-24"
1463,"2024-02-12","Web","Google Ads","Tier-2","25-34"
1464,"2024-06-17","Android","Google Ads","Tier-2","18-24"
1465,"2024-04-20","Android","Instagram","Tier-3","45+"
1466,"2024-03-10","Android","Organic","Tier-2","25-34"
1467,"2024-06-26","Android","Google Ads","Tier-2","18-24"
1468,"2024-01-18","Android","Google Ads","Tier-3","35-44"
1469,"2024-06-14","iOS","Instagram","Tier-3","18-24"
1470,"2024-03-03","Web","Organic","Tier-3","45+"
1471,"2024-01-17","Android","Google Ads","Tier-1","18-24"
1472,"2024-01-18","Web","Google Ads","Tier-2","25-34"
1473,"2024-02-28","Android","Organic","Tier-2","18-24"
1474,"2024-04-17","iOS","Google Ads","Tier-1","25-34"
1475,"2024-04-02","iOS","YouTube","Tier-1","45+"
1476,"2024-06-03","iOS","Organic","Tier-2","45+"
1477,"2024-06-25","iOS","YouTube","Tier-2","35-44"
1478,"2024-03-31","Web","Google Ads","Tier-1","18-24"
1479,"2024-03-12","Android","YouTube","Tier-3","18-24"
1480,"2024-05-07","Android","YouTube","Tier-1","18-24"
1481,"2024-01-29","Web","Organic","Tier-2","25-34"
1482,"2024-03-10","Web","Organic","Tier-1","18-24"
1483,"2024-05-17","Android","Google Ads","Tier-1","25-34"
1484,"2024-05-02","Android","YouTube","Tier-2","25-34"
1485,"2024-03-06","Android","Google Ads","Tier-3","18-24"
1486,"2024-05-16","Android","Organic","Tier-3","18-24"
1487,"2024-03-20","Android","Instagram","Tier-3","18-24"
1488,"2024-02-11","iOS","Google Ads","Tier-3","45+"
1489,"2024-03-25","Android","Google Ads","Tier-1","18-24"
1490,"2024-04-25","Web","Instagram","Tier-3","45+"
1491,"2024-06-19","iOS","Organic","Tier-2","18-24"
1492,"2024-03-29","iOS","Google Ads","Tier-3","35-44"
1493,"2024-03-08","iOS","Instagram","Tier-1","45+"
1494,"2024-05-28","Web","Instagram","Tier-3","45+"
1495,"2024-06-21","iOS","Google Ads","Tier-2","25-34"
1496,"2024-06-09","iOS","YouTube","Tier-2","25-34"
1497,"2024-01-24","iOS","Instagram","Tier-3","45+"
1498,"2024-02-02","Android","Organic","Tier-2","25-34"
1499,"2024-05-07","iOS","Organic","Tier-1","25-34"
1500,"2024-05-10","Android","Organic","Tier-3","25-34"
1501,"2024-01-19","Web","Instagram","Tier-1","45+"
1502,"2024-03-08","Web","Instagram","Tier-1","18-24"
1503,"2024-01-21","iOS","Organic","Tier-1","45+"
1504,"2024-04-01","iOS","Instagram","Tier-2","45+"
1505,"2024-03-27","Web","YouTube","Tier-2","35-44"
1506,"2024-02-05","Android","Google Ads","Tier-1","18-24"
1507,"2024-03-24","iOS","YouTube","Tier-1","25-34"
1508,"2024-04-26","Android","Google Ads","Tier-3","35-44"
1509,"2024-03-19","Android","Google Ads","Tier-3","25-34"
1510,"2024-06-15","iOS","Organic","Tier-3","25-34"
1511,"2024-03-04","iOS","YouTube","Tier-2","18-24"
1512,"2024-01-19","iOS","Instagram","Tier-1","45+"
1513,"2024-06-18","Android","Google Ads","Tier-3","35-44"
1514,"2024-04-09","Android","Instagram","Tier-2","25-34"
1515,"2024-05-18","iOS","Google Ads","Tier-2","45+"
1516,"2024-05-08","Android","Organic","Tier-3","18-24"
1517,"2024-06-07","iOS","Google Ads","Tier-3","18-24"
1518,"2024-03-25","iOS","YouTube","Tier-2","45+"
1519,"2024-04-06","Android","Instagram","Tier-3","35-44"
1520,"2024-06-24","iOS","Organic","Tier-1","45+"
1521,"2024-04-27","Android","Google Ads","Tier-2","25-34"
1522,"2024-02-25","Android","Instagram","Tier-1","18-24"
1523,"2024-03-21","iOS","Instagram","Tier-3","35-44"
1524,"2024-01-28","Android","Organic","Tier-2","35-44"
1525,"2024-05-05","Web","Organic","Tier-1","25-34"
1526,"2024-01-10","Web","YouTube","Tier-3","18-24"
1527,"2024-06-02","iOS","Google Ads","Tier-2","25-34"
1528,"2024-01-25","iOS","YouTube","Tier-1","18-24"
1529,"2024-05-16","Android","Google Ads","Tier-3","45+"
1530,"2024-02-13","Android","YouTube","Tier-1","25-34"
1531,"2024-01-14","Android","YouTube","Tier-2","45+"
1532,"2024-06-06","Web","Instagram","Tier-1","18-24"
1533,"2024-02-06","Android","Organic","Tier-3","45+"
1534,"2024-01-27","Android","Instagram","Tier-2","25-34"
1535,"2024-01-04","Android","Instagram","Tier-2","18-24"
1536,"2024-05-07","Android","Organic","Tier-1","25-34"
1537,"2024-06-16","Web","Instagram","Tier-3","18-24"
1538,"2024-04-08","Android","Instagram","Tier-2","18-24"
1539,"2024-04-07","iOS","YouTube","Tier-1","45+"
1540,"2024-03-29","Android","Instagram","Tier-1","18-24"
1541,"2024-02-08","iOS","Organic","Tier-2","25-34"
1542,"2024-04-07","Web","Google Ads","Tier-2","25-34"
1543,"2024-01-12","Android","Organic","Tier-1","35-44"
1544,"2024-06-05","Android","Organic","Tier-3","45+"
1545,"2024-04-08","Web","Instagram","Tier-1","45+"
1546,"2024-02-11","Web","Google Ads","Tier-1","25-34"
1547,"2024-05-09","Android","YouTube","Tier-1","18-24"
1548,"2024-02-01","Android","Instagram","Tier-1","45+"
1549,"2024-04-08","Web","Organic","Tier-1","18-24"
1550,"2024-01-26","iOS","Instagram","Tier-1","45+"
1551,"2024-05-28","Web","Google Ads","Tier-1","45+"
1552,"2024-01-05","Android","Instagram","Tier-2","35-44"
1553,"2024-05-22","Web","Instagram","Tier-3","25-34"
1554,"2024-02-10","Android","Google Ads","Tier-3","35-44"
1555,"2024-05-29","Web","Instagram","Tier-3","18-24"
1556,"2024-05-29","Android","Organic","Tier-2","25-34"
1557,"2024-05-02","Web","Google Ads","Tier-2","18-24"
1558,"2024-03-22","Android","YouTube","Tier-1","45+"
1559,"2024-01-29","iOS","Organic","Tier-2","18-24"
1560,"2024-06-13","iOS","YouTube","Tier-3","18-24"
1561,"2024-04-20","Web","YouTube","Tier-3","45+"
1562,"2024-06-19","iOS","Organic","Tier-3","45+"
1563,"2024-02-01","Web","YouTube","Tier-3","25-34"
1564,"2024-03-04","Android","Google Ads","Tier-1","45+"
1565,"2024-03-27","Web","YouTube","Tier-3","18-24"
1566,"2024-06-10","Android","Instagram","Tier-3","18-24"
1567,"2024-02-11","Web","Organic","Tier-1","18-24"
1568,"2024-03-18","Android","Google Ads","Tier-2","25-34"
1569,"2024-03-24","iOS","Organic","Tier-3","25-34"
1570,"2024-05-06","Android","Google Ads","Tier-3","18-24"
1571,"2024-05-26","iOS","YouTube","Tier-1","35-44"
1572,"2024-01-11","Web","YouTube","Tier-3","18-24"
1573,"2024-04-17","Web","Instagram","Tier-2","45+"
1574,"2024-04-07","Android","Instagram","Tier-2","35-44"
1575,"2024-04-26","iOS","Instagram","Tier-3","18-24"
1576,"2024-03-22","Web","Google Ads","Tier-3","45+"
1577,"2024-06-01","iOS","Organic","Tier-2","18-24"
1578,"2024-02-16","iOS","Google Ads","Tier-1","18-24"
1579,"2024-05-08","Android","Google Ads","Tier-2","45+"
1580,"2024-02-19","Web","Google Ads","Tier-3","35-44"
1581,"2024-04-10","Android","Organic","Tier-2","18-24"
1582,"2024-03-09","Web","Google Ads","Tier-1","25-34"
1583,"2024-02-24","iOS","YouTube","Tier-2","35-44"
1584,"2024-02-28","iOS","Instagram","Tier-3","25-34"
1585,"2024-06-08","iOS","Instagram","Tier-3","35-44"
1586,"2024-02-08","Android","Organic","Tier-3","18-24"
1587,"2024-06-07","iOS","YouTube","Tier-1","18-24"
1588,"2024-02-20","Android","Organic","Tier-1","25-34"
1589,"2024-06-21","iOS","YouTube","Tier-2","25-34"
1590,"2024-01-07","iOS","Organic","Tier-1","45+"
1591,"2024-06-25","iOS","Organic","Tier-2","18-24"
1592,"2024-06-20","iOS","Instagram","Tier-2","18-24"
1593,"2024-05-03","Android","YouTube","Tier-3","45+"
1594,"2024-04-26","iOS","Instagram","Tier-1","18-24"
1595,"2024-01-22","iOS","YouTube","Tier-1","18-24"
1596,"2024-06-20","iOS","Instagram","Tier-1","25-34"
1597,"2024-02-29","iOS","YouTube","Tier-2","18-24"
1598,"2024-06-28","Web","Instagram","Tier-1","35-44"
1599,"2024-06-12","Android","YouTube","Tier-2","35-44"
1600,"2024-05-27","Android","Google Ads","Tier-1","18-24"
1601,"2024-01-14","Android","YouTube","Tier-3","45+"
1602,"2024-01-15","iOS","Google Ads","Tier-3","25-34"
1603,"2024-06-15","Web","Google Ads","Tier-3","25-34"
1604,"2024-04-01","Web","YouTube","Tier-1","25-34"
1605,"2024-04-27","Web","Instagram","Tier-1","35-44"
1606,"2024-02-19","Android","Instagram","Tier-2","45+"
1607,"2024-03-26","Web","Organic","Tier-2","18-24"
1608,"2024-05-08","iOS","Organic","Tier-1","25-34"
1609,"2024-01-01","Android","Organic","Tier-2","25-34"
1610,"2024-06-18","Android","YouTube","Tier-2","25-34"
1611,"2024-03-29","Android","Google Ads","Tier-1","18-24"
1612,"2024-05-15","Web","Instagram","Tier-2","25-34"
1613,"2024-06-19","iOS","YouTube","Tier-2","35-44"
1614,"2024-03-11","iOS","Google Ads","Tier-1","35-44"
1615,"2024-02-07","iOS","YouTube","Tier-3","35-44"
1616,"2024-06-11","Web","Organic","Tier-1","45+"
1617,"2024-05-20","Web","YouTube","Tier-1","25-34"
1618,"2024-02-03","Android","Instagram","Tier-1","25-34"
1619,"2024-03-11","Android","Google Ads","Tier-3","18-24"
1620,"2024-05-16","iOS","YouTube","Tier-1","25-34"
1621,"2024-05-11","Android","YouTube","Tier-1","18-24"
1622,"2024-06-27","iOS","Google Ads","Tier-3","25-34"
1623,"2024-01-31","Web","Instagram","Tier-3","25-34"
1624,"2024-05-16","iOS","Organic","Tier-3","18-24"
1625,"2024-02-03","Android","Instagram","Tier-3","45+"
1626,"2024-04-05","iOS","YouTube","Tier-2","25-34"
1627,"2024-01-09","Web","Google Ads","Tier-3","25-34"
1628,"2024-01-17","Web","Google Ads","Tier-2","18-24"
1629,"2024-06-12","Web","Instagram","Tier-2","35-44"
1630,"2024-04-30","iOS","Instagram","Tier-3","35-44"
1631,"2024-03-17","iOS","Instagram","Tier-1","45+"
1632,"2024-03-25","iOS","Google Ads","Tier-2","18-24"
1633,"2024-05-11","iOS","Instagram","Tier-2","25-34"
1634,"2024-02-09","Android","YouTube","Tier-1","25-34"
1635,"2024-04-13","Android","Google Ads","Tier-2","45+"
1636,"2024-02-12","iOS","Instagram","Tier-2","45+"
1637,"2024-01-13","Android","YouTube","Tier-3","35-44"
1638,"2024-05-01","Android","Instagram","Tier-2","45+"
1639,"2024-01-07","Web","Organic","Tier-2","18-24"
1640,"2024-03-04","Android","YouTube","Tier-1","25-34"
1641,"2024-03-11","iOS","Google Ads","Tier-3","25-34"
1642,"2024-05-09","Web","Google Ads","Tier-3","45+"
1643,"2024-03-08","Android","YouTube","Tier-1","35-44"
1644,"2024-03-20","Web","Google Ads","Tier-1","18-24"
1645,"2024-06-20","iOS","YouTube","Tier-2","45+"
1646,"2024-03-06","Web","YouTube","Tier-1","25-34"
1647,"2024-01-20","Android","Instagram","Tier-3","18-24"
1648,"2024-04-02","Web","Instagram","Tier-3","35-44"
1649,"2024-02-12","iOS","YouTube","Tier-3","18-24"
1650,"2024-06-18","Web","Google Ads","Tier-2","18-24"
1651,"2024-06-24","Android","Google Ads","Tier-2","25-34"
1652,"2024-05-07","Web","YouTube","Tier-3","18-24"
1653,"2024-02-14","Android","Organic","Tier-2","35-44"
1654,"2024-06-15","Android","Google Ads","Tier-2","25-34"
1655,"2024-02-28","Android","Google Ads","Tier-2","18-24"
1656,"2024-03-26","Web","Organic","Tier-2","35-44"
1657,"2024-01-04","Android","Instagram","Tier-1","25-34"
1658,"2024-01-22","Android","Organic","Tier-3","35-44"
1659,"2024-03-16","iOS","Google Ads","Tier-1","18-24"
1660,"2024-06-07","Android","Instagram","Tier-3","25-34"
1661,"2024-06-29","Android","Google Ads","Tier-2","35-44"
1662,"2024-01-24","Android","Instagram","Tier-3","35-44"
1663,"2024-06-13","iOS","Google Ads","Tier-3","18-24"
1664,"2024-05-30","Web","YouTube","Tier-3","45+"
1665,"2024-04-06","iOS","Google Ads","Tier-3","25-34"
1666,"2024-05-30","Android","YouTube","Tier-1","18-24"
1667,"2024-04-22","iOS","Organic","Tier-3","45+"
1668,"2024-04-28","Android","Instagram","Tier-2","35-44"
1669,"2024-01-06","Web","Instagram","Tier-3","18-24"
1670,"2024-06-01","Web","Instagram","Tier-2","35-44"
1671,"2024-04-13","Web","YouTube","Tier-1","25-34"
1672,"2024-02-21","iOS","Instagram","Tier-2","35-44"
1673,"2024-02-22","iOS","YouTube","Tier-2","45+"
1674,"2024-02-27","Web","Google Ads","Tier-3","35-44"
1675,"2024-01-14","iOS","YouTube","Tier-3","18-24"
1676,"2024-03-17","Android","Instagram","Tier-3","18-24"
1677,"2024-03-09","Android","Instagram","Tier-2","18-24"
1678,"2024-05-30","iOS","Organic","Tier-2","18-24"
1679,"2024-04-17","iOS","Google Ads","Tier-2","25-34"
1680,"2024-06-12","Web","Organic","Tier-1","45+"
1681,"2024-01-31","iOS","Instagram","Tier-2","25-34"
1682,"2024-01-27","Web","Instagram","Tier-1","25-34"
1683,"2024-06-20","Android","YouTube","Tier-3","18-24"
1684,"2024-02-23","Android","Instagram","Tier-3","35-44"
1685,"2024-04-19","iOS","YouTube","Tier-2","18-24"
1686,"2024-01-14","Web","Organic","Tier-2","45+"
1687,"2024-06-11","iOS","Organic","Tier-2","18-24"
1688,"2024-02-09","Android","Google Ads","Tier-1","45+"
1689,"2024-06-15","iOS","Instagram","Tier-2","18-24"
1690,"2024-01-30","Android","Google Ads","Tier-2","35-44"
1691,"2024-06-13","Web","Instagram","Tier-2","18-24"
1692,"2024-06-12","Web","Organic","Tier-2","25-34"
1693,"2024-02-21","Web","YouTube","Tier-2","25-34"
1694,"2024-06-02","iOS","YouTube","Tier-3","18-24"
1695,"2024-01-06","Android","Google Ads","Tier-3","45+"
1696,"2024-05-01","Android","YouTube","Tier-2","18-24"
1697,"2024-01-29","Android","Google Ads","Tier-2","18-24"
1698,"2024-03-16","Web","YouTube","Tier-2","18-24"
1699,"2024-02-29","iOS","Organic","Tier-2","18-24"
1700,"2024-01-17","iOS","Organic","Tier-3","25-34"
1701,"2024-02-17","iOS","YouTube","Tier-2","45+"
1702,"2024-02-13","Web","Google Ads","Tier-2","25-34"
1703,"2024-05-31","Web","Google Ads","Tier-3","18-24"
1704,"2024-06-12","Web","YouTube","Tier-1","18-24"
1705,"2024-05-15","Android","Google Ads","Tier-3","18-24"
1706,"2024-04-10","Android","Instagram","Tier-2","18-24"
1707,"2024-03-18","Android","Google Ads","Tier-1","25-34"
1708,"2024-03-11","iOS","Instagram","Tier-3","25-34"
1709,"2024-05-18","iOS","Organic","Tier-3","18-24"
1710,"2024-04-11","Android","Google Ads","Tier-1","25-34"
1711,"2024-06-20","Android","Organic","Tier-1","25-34"
1712,"2024-01-16","Android","Instagram","Tier-3","45+"
1713,"2024-02-12","Web","Google Ads","Tier-2","25-34"
1714,"2024-03-20","iOS","Organic","Tier-2","18-24"
1715,"2024-01-06","iOS","Instagram","Tier-1","25-34"
1716,"2024-02-15","iOS","Google Ads","Tier-1","45+"
1717,"2024-01-19","iOS","Instagram","Tier-3","18-24"
1718,"2024-06-24","Web","Instagram","Tier-2","18-24"
1719,"2024-01-06","iOS","Google Ads","Tier-3","45+"
1720,"2024-04-04","iOS","YouTube","Tier-1","45+"
1721,"2024-04-05","Android","YouTube","Tier-2","25-34"
1722,"2024-01-22","Android","YouTube","Tier-3","35-44"
1723,"2024-04-11","iOS","Instagram","Tier-1","45+"
1724,"2024-03-12","Android","Google Ads","Tier-2","18-24"
1725,"2024-06-15","iOS","Organic","Tier-2","45+"
1726,"2024-02-16","iOS","Google Ads","Tier-2","35-44"
1727,"2024-04-01","Android","Google Ads","Tier-2","18-24"
1728,"2024-02-06","Android","Organic","Tier-2","18-24"
1729,"2024-03-22","Android","Google Ads","Tier-2","45+"
1730,"2024-04-16","iOS","YouTube","Tier-3","25-34"
1731,"2024-03-05","Web","Google Ads","Tier-1","18-24"
1732,"2024-06-13","Android","Google Ads","Tier-1","25-34"
1733,"2024-01-21","Web","Google Ads","Tier-3","18-24"
1734,"2024-04-02","Android","YouTube","Tier-3","35-44"
1735,"2024-03-04","iOS","Organic","Tier-1","45+"
1736,"2024-02-22","Web","YouTube","Tier-3","45+"
1737,"2024-06-12","Web","Organic","Tier-3","45+"
1738,"2024-06-17","Android","Instagram","Tier-2","45+"
1739,"2024-01-28","Android","Google Ads","Tier-3","35-44"
1740,"2024-04-30","iOS","Organic","Tier-2","25-34"
1741,"2024-06-29","iOS","Google Ads","Tier-1","18-24"
1742,"2024-03-22","Android","Google Ads","Tier-1","18-24"
1743,"2024-02-02","iOS","YouTube","Tier-2","18-24"
1744,"2024-04-05","Web","Instagram","Tier-1","25-34"
1745,"2024-06-28","iOS","Google Ads","Tier-3","25-34"
1746,"2024-04-20","Android","Google Ads","Tier-2","45+"
1747,"2024-01-06","Android","YouTube","Tier-3","25-34"
1748,"2024-05-16","Android","YouTube","Tier-2","25-34"
1749,"2024-05-25","iOS","Organic","Tier-3","18-24"
1750,"2024-01-30","iOS","Organic","Tier-3","45+"
1751,"2024-05-28","Android","YouTube","Tier-1","18-24"
1752,"2024-06-25","Web","YouTube","Tier-1","45+"
1753,"2024-04-21","Web","Instagram","Tier-1","25-34"
1754,"2024-03-10","iOS","YouTube","Tier-2","25-34"
1755,"2024-03-28","Android","Organic","Tier-1","25-34"
1756,"2024-06-20","Web","Google Ads","Tier-3","25-34"
1757,"2024-02-11","iOS","YouTube","Tier-3","35-44"
1758,"2024-01-18","Android","Organic","Tier-3","18-24"
1759,"2024-04-22","iOS","Google Ads","Tier-1","35-44"
1760,"2024-04-06","Web","Organic","Tier-1","35-44"
1761,"2024-05-25","iOS","Instagram","Tier-1","18-24"
1762,"2024-04-13","Web","Instagram","Tier-2","18-24"
1763,"2024-01-22","Web","Google Ads","Tier-1","18-24"
1764,"2024-02-01","Android","Organic","Tier-1","18-24"
1765,"2024-04-04","Android","YouTube","Tier-1","25-34"
1766,"2024-04-06","Web","Organic","Tier-1","25-34"
1767,"2024-04-19","iOS","Organic","Tier-1","25-34"
1768,"2024-01-10","iOS","Instagram","Tier-1","45+"
1769,"2024-03-15","iOS","YouTube","Tier-2","35-44"
1770,"2024-05-10","Android","Instagram","Tier-2","18-24"
1771,"2024-06-23","Android","Google Ads","Tier-1","35-44"
1772,"2024-01-09","Web","YouTube","Tier-3","18-24"
1773,"2024-04-28","iOS","YouTube","Tier-2","35-44"
1774,"2024-04-22","Android","Instagram","Tier-3","18-24"
1775,"2024-02-15","Web","Organic","Tier-3","35-44"
1776,"2024-01-01","Android","Instagram","Tier-2","18-24"
1777,"2024-04-24","Android","Google Ads","Tier-2","45+"
1778,"2024-05-09","iOS","YouTube","Tier-1","25-34"
1779,"2024-04-18","Android","Instagram","Tier-3","25-34"
1780,"2024-06-24","iOS","Google Ads","Tier-3","18-24"
1781,"2024-05-28","Android","Instagram","Tier-3","45+"
1782,"2024-02-04","Android","YouTube","Tier-3","25-34"
1783,"2024-05-09","iOS","Google Ads","Tier-3","25-34"
1784,"2024-03-16","Web","YouTube","Tier-3","25-34"
1785,"2024-02-17","Android","YouTube","Tier-1","18-24"
1786,"2024-06-06","Android","YouTube","Tier-3","45+"
1787,"2024-06-14","Android","Google Ads","Tier-1","25-34"
1788,"2024-01-27","iOS","YouTube","Tier-3","25-34"
1789,"2024-02-20","iOS","Organic","Tier-1","18-24"
1790,"2024-01-26","Android","YouTube","Tier-1","45+"
1791,"2024-03-20","Web","Instagram","Tier-2","35-44"
1792,"2024-03-14","Web","Instagram","Tier-1","18-24"
1793,"2024-02-23","Android","Google Ads","Tier-2","25-34"
1794,"2024-02-20","Android","Google Ads","Tier-1","35-44"
1795,"2024-01-30","Android","YouTube","Tier-1","35-44"
1796,"2024-04-26","iOS","Instagram","Tier-2","35-44"
1797,"2024-02-06","Android","Instagram","Tier-3","18-24"
1798,"2024-04-04","iOS","Instagram","Tier-2","45+"
1799,"2024-04-14","Web","YouTube","Tier-3","25-34"
1800,"2024-04-06","Android","Organic","Tier-2","45+"
1801,"2024-05-13","Web","Organic","Tier-3","25-34"
1802,"2024-03-30","Android","YouTube","Tier-2","18-24"
1803,"2024-05-04","iOS","Organic","Tier-3","45+"
1804,"2024-01-19","Web","Google Ads","Tier-2","18-24"
1805,"2024-02-23","Web","Google Ads","Tier-2","45+"
1806,"2024-06-09","Android","YouTube","Tier-2","25-34"
1807,"2024-02-08","Android","YouTube","Tier-1","18-24"
1808,"2024-03-08","Web","YouTube","Tier-2","45+"
1809,"2024-05-25","Android","Instagram","Tier-3","25-34"
1810,"2024-04-23","iOS","Instagram","Tier-3","18-24"
1811,"2024-04-10","Android","Google Ads","Tier-1","35-44"
1812,"2024-05-24","iOS","Instagram","Tier-1","35-44"
1813,"2024-06-10","Android","Instagram","Tier-2","25-34"
1814,"2024-02-22","Web","Google Ads","Tier-1","45+"
1815,"2024-03-23","iOS","YouTube","Tier-2","35-44"
1816,"2024-04-04","Android","Instagram","Tier-1","18-24"
1817,"2024-05-22","Web","Instagram","Tier-1","18-24"
1818,"2024-01-14","iOS","Google Ads","Tier-3","35-44"
1819,"2024-05-25","iOS","YouTube","Tier-2","25-34"
1820,"2024-03-15","Android","Google Ads","Tier-3","18-24"
1821,"2024-01-14","Web","Instagram","Tier-2","45+"
1822,"2024-06-10","Web","Google Ads","Tier-1","35-44"
1823,"2024-05-16","Android","Instagram","Tier-2","25-34"
1824,"2024-06-06","iOS","Organic","Tier-2","18-24"
1825,"2024-02-17","iOS","Organic","Tier-3","25-34"
1826,"2024-01-13","Android","Google Ads","Tier-1","25-34"
1827,"2024-02-27","iOS","Organic","Tier-1","18-24"
1828,"2024-02-21","iOS","Google Ads","Tier-1","18-24"
1829,"2024-04-03","iOS","Google Ads","Tier-1","45+"
1830,"2024-03-17","Web","Organic","Tier-1","25-34"
1831,"2024-06-29","iOS","YouTube","Tier-1","25-34"
1832,"2024-05-10","iOS","Google Ads","Tier-3","25-34"
1833,"2024-02-14","iOS","Google Ads","Tier-1","35-44"
1834,"2024-05-04","Android","Google Ads","Tier-2","18-24"
1835,"2024-04-04","Web","YouTube","Tier-2","25-34"
1836,"2024-02-17","Android","Organic","Tier-3","25-34"
1837,"2024-05-15","iOS","Organic","Tier-2","25-34"
1838,"2024-02-10","iOS","Google Ads","Tier-2","25-34"
1839,"2024-06-13","Web","Instagram","Tier-3","35-44"
1840,"2024-02-14","Android","YouTube","Tier-1","18-24"
1841,"2024-05-21","Android","Google Ads","Tier-2","18-24"
1842,"2024-06-06","Web","YouTube","Tier-1","25-34"
1843,"2024-02-21","Web","Instagram","Tier-1","18-24"
1844,"2024-05-06","Android","Organic","Tier-3","45+"
1845,"2024-01-05","Web","Google Ads","Tier-2","18-24"
1846,"2024-04-18","iOS","YouTube","Tier-1","18-24"
1847,"2024-06-11","Web","YouTube","Tier-3","18-24"
1848,"2024-02-02","Android","Instagram","Tier-1","25-34"
1849,"2024-04-13","iOS","Instagram","Tier-1","35-44"
1850,"2024-03-28","iOS","Organic","Tier-2","35-44"
1851,"2024-02-26","Android","YouTube","Tier-3","35-44"
1852,"2024-06-29","iOS","Google Ads","Tier-2","45+"
1853,"2024-03-27","Web","Google Ads","Tier-1","18-24"
1854,"2024-04-08","Android","Organic","Tier-1","45+"
1855,"2024-03-16","Web","YouTube","Tier-1","25-34"
1856,"2024-02-06","iOS","Google Ads","Tier-1","25-34"
1857,"2024-04-05","Web","Instagram","Tier-2","18-24"
1858,"2024-02-13","Web","YouTube","Tier-1","45+"
1859,"2024-04-25","Android","Google Ads","Tier-1","25-34"
1860,"2024-06-26","Android","YouTube","Tier-3","35-44"
1861,"2024-01-04","iOS","Google Ads","Tier-2","45+"
1862,"2024-03-13","iOS","Organic","Tier-2","25-34"
1863,"2024-02-17","iOS","Google Ads","Tier-2","25-34"
1864,"2024-05-20","Android","Google Ads","Tier-3","25-34"
1865,"2024-03-27","Android","Google Ads","Tier-2","25-34"
1866,"2024-02-22","Android","YouTube","Tier-2","45+"
1867,"2024-06-07","iOS","Organic","Tier-3","45+"
1868,"2024-06-08","iOS","Organic","Tier-1","18-24"
1869,"2024-02-20","Android","Instagram","Tier-3","45+"
1870,"2024-02-08","iOS","Instagram","Tier-2","35-44"
1871,"2024-03-31","Web","Google Ads","Tier-2","25-34"
1872,"2024-05-25","iOS","Instagram","Tier-2","25-34"
1873,"2024-04-01","Android","YouTube","Tier-2","18-24"
1874,"2024-04-04","Android","Google Ads","Tier-2","18-24"
1875,"2024-03-14","Android","YouTube","Tier-2","35-44"
1876,"2024-02-12","Web","Instagram","Tier-1","35-44"
1877,"2024-06-28","Web","Organic","Tier-2","25-34"
1878,"2024-03-21","Android","Google Ads","Tier-2","35-44"
1879,"2024-04-26","Android","Instagram","Tier-3","35-44"
1880,"2024-06-06","Web","Google Ads","Tier-1","25-34"
1881,"2024-04-28","Android","Instagram","Tier-3","18-24"
1882,"2024-04-05","iOS","Google Ads","Tier-1","35-44"
1883,"2024-03-12","Android","Instagram","Tier-1","18-24"
1884,"2024-06-28","iOS","Instagram","Tier-2","18-24"
1885,"2024-03-04","Android","Google Ads","Tier-2","18-24"
1886,"2024-04-27","iOS","Organic","Tier-2","25-34"
1887,"2024-06-25","iOS","Instagram","Tier-2","18-24"
1888,"2024-05-31","iOS","YouTube","Tier-1","45+"
1889,"2024-02-08","iOS","YouTube","Tier-2","25-34"
1890,"2024-01-29","iOS","Google Ads","Tier-2","18-24"
1891,"2024-06-07","Android","Instagram","Tier-1","25-34"
1892,"2024-05-19","Web","YouTube","Tier-2","45+"
1893,"2024-04-25","Android","Organic","Tier-3","25-34"
1894,"2024-04-20","iOS","Organic","Tier-2","35-44"
1895,"2024-06-14","Web","Instagram","Tier-2","18-24"
1896,"2024-03-29","Web","Instagram","Tier-2","18-24"
1897,"2024-04-19","Android","Organic","Tier-3","18-24"
1898,"2024-06-08","Android","Organic","Tier-1","25-34"
1899,"2024-03-11","iOS","Instagram","Tier-1","35-44"
1900,"2024-01-31","iOS","Instagram","Tier-3","45+"
1901,"2024-01-01","Android","Organic","Tier-1","25-34"
1902,"2024-01-29","Android","Instagram","Tier-3","35-44"
1903,"2024-01-13","iOS","Instagram","Tier-3","35-44"
1904,"2024-06-18","Android","Google Ads","Tier-2","45+"
1905,"2024-05-25","Web","Instagram","Tier-3","18-24"
1906,"2024-04-06","Android","Google Ads","Tier-3","18-24"
1907,"2024-05-02","Android","Google Ads","Tier-1","18-24"
1908,"2024-05-04","Android","Google Ads","Tier-1","45+"
1909,"2024-05-30","Web","Google Ads","Tier-2","35-44"
1910,"2024-04-05","Android","Instagram","Tier-3","35-44"
1911,"2024-02-06","iOS","Google Ads","Tier-1","45+"
1912,"2024-01-22","iOS","YouTube","Tier-1","45+"
1913,"2024-04-26","iOS","Google Ads","Tier-2","18-24"
1914,"2024-01-06","Android","Organic","Tier-2","18-24"
1915,"2024-01-20","Android","Organic","Tier-3","35-44"
1916,"2024-01-30","iOS","Instagram","Tier-3","35-44"
1917,"2024-02-13","Web","Google Ads","Tier-1","45+"
1918,"2024-01-01","iOS","Organic","Tier-2","18-24"
1919,"2024-05-18","Web","Organic","Tier-3","35-44"
1920,"2024-01-22","iOS","Google Ads","Tier-1","25-34"
1921,"2024-03-12","iOS","Google Ads","Tier-2","25-34"
1922,"2024-06-25","iOS","YouTube","Tier-1","25-34"
1923,"2024-02-25","Web","Organic","Tier-1","45+"
1924,"2024-05-31","Web","Organic","Tier-2","25-34"
1925,"2024-05-26","Web","YouTube","Tier-3","18-24"
1926,"2024-02-29","Android","YouTube","Tier-1","35-44"
1927,"2024-06-28","iOS","Instagram","Tier-1","18-24"
1928,"2024-06-04","Web","YouTube","Tier-2","25-34"
1929,"2024-06-21","Web","Google Ads","Tier-3","45+"
1930,"2024-01-03","Web","Instagram","Tier-2","18-24"
1931,"2024-05-08","Android","YouTube","Tier-2","18-24"
1932,"2024-01-27","iOS","Google Ads","Tier-3","25-34"
1933,"2024-04-07","iOS","Instagram","Tier-2","35-44"
1934,"2024-06-21","Web","YouTube","Tier-3","18-24"
1935,"2024-05-19","Android","Organic","Tier-1","25-34"
1936,"2024-04-16","Web","Instagram","Tier-3","45+"
1937,"2024-01-01","Android","Google Ads","Tier-1","25-34"
1938,"2024-03-15","Android","Instagram","Tier-2","25-34"
1939,"2024-03-01","Web","YouTube","Tier-3","18-24"
1940,"2024-04-24","Android","Google Ads","Tier-2","18-24"
1941,"2024-01-25","iOS","Google Ads","Tier-2","25-34"
1942,"2024-04-25","iOS","Google Ads","Tier-1","45+"
1943,"2024-05-31","iOS","YouTube","Tier-3","45+"
1944,"2024-05-19","iOS","Organic","Tier-3","35-44"
1945,"2024-01-20","iOS","Organic","Tier-2","45+"
1946,"2024-01-09","iOS","Instagram","Tier-3","25-34"
1947,"2024-03-04","Android","Instagram","Tier-2","18-24"
1948,"2024-02-24","iOS","Instagram","Tier-3","45+"
1949,"2024-03-16","Android","Google Ads","Tier-1","18-24"
1950,"2024-03-29","iOS","Google Ads","Tier-2","25-34"
1951,"2024-02-04","Web","YouTube","Tier-1","45+"
1952,"2024-06-18","iOS","Google Ads","Tier-3","18-24"
1953,"2024-06-11","Android","Organic","Tier-1","25-34"
1954,"2024-01-26","Web","Google Ads","Tier-1","25-34"
1955,"2024-04-09","iOS","Instagram","Tier-1","35-44"
1956,"2024-03-12","iOS","Google Ads","Tier-3","35-44"
1957,"2024-02-17","Web","Google Ads","Tier-2","35-44"
1958,"2024-04-14","Web","Organic","Tier-2","25-34"
1959,"2024-03-12","Web","Instagram","Tier-3","45+"
1960,"2024-05-26","Android","Google Ads","Tier-1","25-34"
1961,"2024-03-22","Web","Google Ads","Tier-3","35-44"
1962,"2024-06-25","Web","Google Ads","Tier-1","18-24"
1963,"2024-02-22","iOS","YouTube","Tier-2","35-44"
1964,"2024-01-10","Android","YouTube","Tier-2","45+"
1965,"2024-03-06","Web","Google Ads","Tier-3","25-34"
1966,"2024-04-05","Android","Google Ads","Tier-2","25-34"
1967,"2024-05-19","iOS","Google Ads","Tier-2","45+"
1968,"2024-05-25","Android","Organic","Tier-1","25-34"
1969,"2024-06-08","Web","Instagram","Tier-1","45+"
1970,"2024-05-16","iOS","Instagram","Tier-2","25-34"
1971,"2024-06-09","Android","Instagram","Tier-1","45+"
1972,"2024-06-09","Web","Google Ads","Tier-1","35-44"
1973,"2024-03-24","iOS","Organic","Tier-3","18-24"
1974,"2024-04-23","Web","Google Ads","Tier-1","18-24"
1975,"2024-01-24","iOS","Instagram","Tier-2","35-44"
1976,"2024-05-08","iOS","Organic","Tier-2","18-24"
1977,"2024-05-07","Web","Instagram","Tier-2","25-34"
1978,"2024-01-14","Android","Organic","Tier-1","35-44"
1979,"2024-05-08","Android","YouTube","Tier-2","25-34"
1980,"2024-01-20","Web","Instagram","Tier-2","25-34"
1981,"2024-06-20","Web","Instagram","Tier-1","45+"
1982,"2024-06-11","Web","Google Ads","Tier-1","45+"
1983,"2024-05-22","Web","YouTube","Tier-1","18-24"
1984,"2024-03-20","iOS","Google Ads","Tier-1","25-34"
1985,"2024-03-14","iOS","Google Ads","Tier-2","25-34"
1986,"2024-05-03","iOS","Organic","Tier-2","18-24"
1987,"2024-05-14","Web","YouTube","Tier-2","18-24"
1988,"2024-03-27","iOS","Organic","Tier-3","45+"
1989,"2024-06-05","Web","YouTube","Tier-3","25-34"
1990,"2024-03-18","iOS","YouTube","Tier-2","25-34"
1991,"2024-03-27","iOS","Organic","Tier-3","35-44"
1992,"2024-03-06","Android","Instagram","Tier-1","25-34"
1993,"2024-03-08","iOS","Instagram","Tier-1","25-34"
1994,"2024-04-19","Web","YouTube","Tier-3","35-44"
1995,"2024-02-04","Android","Organic","Tier-1","18-24"
1996,"2024-01-09","iOS","Organic","Tier-1","25-34"
1997,"2024-06-04","iOS","Google Ads","Tier-2","18-24"
1998,"2024-03-14","Android","Instagram","Tier-3","35-44"
1999,"2024-05-11","Android","Instagram","Tier-1","35-44"
2000,"2024-01-09","iOS","Google Ads","Tier-3","18-24"
2001,"2024-06-23","Android","Instagram","Tier-1","25-34"
2002,"2024-05-08","Android","Google Ads","Tier-1","35-44"
2003,"2024-01-22","iOS","Organic","Tier-3","25-34"
2004,"2024-06-19","Web","YouTube","Tier-3","18-24"
2005,"2024-05-17","iOS","Instagram","Tier-3","18-24"
2006,"2024-04-27","Web","Instagram","Tier-2","35-44"
2007,"2024-04-10","Android","YouTube","Tier-3","45+"
2008,"2024-01-17","Web","YouTube","Tier-1","25-34"
2009,"2024-06-12","iOS","Google Ads","Tier-3","25-34"
2010,"2024-05-13","Android","Google Ads","Tier-1","18-24"
2011,"2024-01-24","Android","Instagram","Tier-2","18-24"
2012,"2024-04-19","Android","Organic","Tier-2","45+"
2013,"2024-01-31","iOS","Instagram","Tier-2","25-34"
2014,"2024-02-13","iOS","Google Ads","Tier-3","18-24"
2015,"2024-01-15","Web","YouTube","Tier-1","45+"
2016,"2024-01-07","iOS","Organic","Tier-3","25-34"
2017,"2024-03-15","iOS","Instagram","Tier-1","45+"
2018,"2024-04-03","Android","Instagram","Tier-3","18-24"
2019,"2024-06-25","Android","Organic","Tier-3","35-44"
2020,"2024-04-10","Web","Google Ads","Tier-1","45+"
2021,"2024-02-07","Android","Google Ads","Tier-2","35-44"
2022,"2024-03-05","Web","Organic","Tier-2","18-24"
2023,"2024-04-19","Android","Organic","Tier-2","25-34"
2024,"2024-04-18","iOS","Google Ads","Tier-1","18-24"
2025,"2024-05-01","Android","Organic","Tier-2","25-34"
2026,"2024-06-16","iOS","Google Ads","Tier-2","25-34"
2027,"2024-06-03","iOS","YouTube","Tier-2","18-24"
2028,"2024-05-28","iOS","Google Ads","Tier-3","18-24"
2029,"2024-02-13","Web","Instagram","Tier-1","35-44"
2030,"2024-03-11","Web","Instagram","Tier-3","35-44"
2031,"2024-05-22","Web","Instagram","Tier-2","45+"
2032,"2024-03-23","Android","YouTube","Tier-3","18-24"
2033,"2024-01-09","iOS","Google Ads","Tier-3","25-34"
2034,"2024-05-03","iOS","Google Ads","Tier-1","18-24"
2035,"2024-03-08","Android","Google Ads","Tier-3","45+"
2036,"2024-06-18","iOS","Google Ads","Tier-1","18-24"
2037,"2024-06-24","Android","Organic","Tier-1","45+"
2038,"2024-05-02","Android","YouTube","Tier-3","45+"
2039,"2024-01-24","iOS","Organic","Tier-2","25-34"
2040,"2024-04-12","iOS","Google Ads","Tier-3","18-24"
2041,"2024-06-02","Web","Google Ads","Tier-2","25-34"
2042,"2024-04-11","Android","Organic","Tier-3","45+"
2043,"2024-01-15","Android","Google Ads","Tier-2","18-24"
2044,"2024-04-01","Web","Instagram","Tier-3","45+"
2045,"2024-03-31","Web","Instagram","Tier-2","25-34"
2046,"2024-04-22","Web","Google Ads","Tier-2","35-44"
2047,"2024-03-25","Android","Instagram","Tier-3","25-34"
2048,"2024-04-19","Android","Google Ads","Tier-1","18-24"
2049,"2024-01-10","iOS","Organic","Tier-1","45+"
2050,"2024-06-02","iOS","Google Ads","Tier-1","25-34"
2051,"2024-06-10","iOS","Instagram","Tier-1","25-34"
2052,"2024-05-15","Android","Google Ads","Tier-2","18-24"
2053,"2024-01-21","Android","YouTube","Tier-2","18-24"
2054,"2024-05-30","Android","Google Ads","Tier-1","25-34"
2055,"2024-04-01","Web","YouTube","Tier-2","18-24"
2056,"2024-06-21","iOS","Organic","Tier-2","18-24"
2057,"2024-01-08","Android","Instagram","Tier-2","45+"
2058,"2024-02-06","iOS","Organic","Tier-3","45+"
2059,"2024-03-18","Android","YouTube","Tier-3","18-24"
2060,"2024-03-20","Android","Google Ads","Tier-2","35-44"
2061,"2024-04-29","Android","Google Ads","Tier-2","18-24"
2062,"2024-04-13","Android","Google Ads","Tier-2","35-44"
2063,"2024-03-02","Web","Organic","Tier-3","25-34"
2064,"2024-04-07","Web","YouTube","Tier-3","35-44"
2065,"2024-05-17","Web","Organic","Tier-2","18-24"
2066,"2024-03-02","Web","YouTube","Tier-3","45+"
2067,"2024-04-04","Web","YouTube","Tier-3","18-24"
2068,"2024-01-14","iOS","Instagram","Tier-2","18-24"
2069,"2024-03-27","Web","Google Ads","Tier-2","25-34"
2070,"2024-01-08","iOS","Google Ads","Tier-1","35-44"
2071,"2024-04-26","Android","Google Ads","Tier-3","25-34"
2072,"2024-03-06","Web","Google Ads","Tier-1","25-34"
2073,"2024-01-21","Android","Instagram","Tier-2","45+"
2074,"2024-05-17","Web","Google Ads","Tier-2","18-24"
2075,"2024-06-18","Android","YouTube","Tier-1","25-34"
2076,"2024-01-03","iOS","YouTube","Tier-1","18-24"
2077,"2024-04-04","Web","Organic","Tier-2","18-24"
2078,"2024-01-30","iOS","Organic","Tier-1","25-34"
2079,"2024-02-02","iOS","Organic","Tier-1","45+"
2080,"2024-02-28","iOS","Organic","Tier-2","45+"
2081,"2024-03-23","Web","Organic","Tier-2","18-24"
2082,"2024-02-13","Android","Organic","Tier-2","18-24"
2083,"2024-01-06","iOS","Instagram","Tier-2","18-24"
2084,"2024-06-14","iOS","Google Ads","Tier-1","45+"
2085,"2024-03-22","Android","YouTube","Tier-2","25-34"
2086,"2024-01-05","iOS","Organic","Tier-1","35-44"
2087,"2024-03-25","Web","Google Ads","Tier-2","18-24"
2088,"2024-06-09","Android","Google Ads","Tier-2","18-24"
2089,"2024-06-16","iOS","YouTube","Tier-1","45+"
2090,"2024-06-18","iOS","YouTube","Tier-1","18-24"
2091,"2024-05-04","Web","Google Ads","Tier-1","45+"
2092,"2024-02-01","Web","YouTube","Tier-2","25-34"
2093,"2024-02-23","Android","Organic","Tier-1","45+"
2094,"2024-06-22","Web","Instagram","Tier-1","18-24"
2095,"2024-04-20","Web","Google Ads","Tier-2","45+"
2096,"2024-01-26","Android","YouTube","Tier-2","25-34"
2097,"2024-04-14","Android","Google Ads","Tier-1","18-24"
2098,"2024-04-12","Android","YouTube","Tier-2","35-44"
2099,"2024-02-15","iOS","YouTube","Tier-1","25-34"
2100,"2024-05-23","Android","Google Ads","Tier-3","35-44"
2101,"2024-03-06","iOS","Instagram","Tier-1","35-44"
2102,"2024-01-11","Web","Google Ads","Tier-3","25-34"
2103,"2024-06-23","iOS","YouTube","Tier-1","45+"
2104,"2024-06-10","Android","Instagram","Tier-3","18-24"
2105,"2024-06-04","iOS","YouTube","Tier-2","35-44"
2106,"2024-01-07","iOS","Instagram","Tier-2","25-34"
2107,"2024-03-07","Android","Organic","Tier-2","45+"
2108,"2024-02-12","Web","Instagram","Tier-2","25-34"
2109,"2024-01-26","Android","YouTube","Tier-1","18-24"
2110,"2024-01-26","Web","Google Ads","Tier-3","25-34"
2111,"2024-02-29","iOS","Organic","Tier-2","18-24"
2112,"2024-06-11","Android","Instagram","Tier-1","25-34"
2113,"2024-01-20","Web","YouTube","Tier-1","45+"
2114,"2024-03-04","iOS","YouTube","Tier-3","45+"
2115,"2024-04-22","Web","Google Ads","Tier-2","18-24"
2116,"2024-06-11","Web","Google Ads","Tier-2","18-24"
2117,"2024-04-09","Android","Google Ads","Tier-2","25-34"
2118,"2024-05-16","Android","Instagram","Tier-2","45+"
2119,"2024-05-11","Android","Google Ads","Tier-3","35-44"
2120,"2024-01-09","iOS","Google Ads","Tier-2","35-44"
2121,"2024-05-31","Android","Organic","Tier-1","25-34"
2122,"2024-05-25","iOS","Google Ads","Tier-3","18-24"
2123,"2024-06-06","Web","YouTube","Tier-1","18-24"
2124,"2024-06-14","Android","Instagram","Tier-2","18-24"
2125,"2024-01-22","iOS","Google Ads","Tier-2","25-34"
2126,"2024-05-03","iOS","Organic","Tier-2","18-24"
2127,"2024-01-13","Android","Google Ads","Tier-2","18-24"
2128,"2024-03-24","Android","YouTube","Tier-1","35-44"
2129,"2024-05-27","Android","YouTube","Tier-1","35-44"
2130,"2024-02-19","Web","YouTube","Tier-2","25-34"
2131,"2024-01-25","Android","Organic","Tier-1","35-44"
2132,"2024-04-27","iOS","Organic","Tier-2","18-24"
2133,"2024-05-10","Android","Google Ads","Tier-1","35-44"
2134,"2024-05-06","Android","Instagram","Tier-3","35-44"
2135,"2024-04-09","iOS","Google Ads","Tier-2","18-24"
2136,"2024-03-16","Android","Google Ads","Tier-3","18-24"
2137,"2024-03-25","iOS","Google Ads","Tier-3","45+"
2138,"2024-05-21","Android","YouTube","Tier-1","25-34"
2139,"2024-03-09","iOS","YouTube","Tier-1","35-44"
2140,"2024-04-09","iOS","Instagram","Tier-3","35-44"
2141,"2024-02-05","iOS","YouTube","Tier-1","25-34"
2142,"2024-02-03","Web","Google Ads","Tier-2","18-24"
2143,"2024-04-28","Android","Instagram","Tier-3","25-34"
2144,"2024-06-01","Android","Instagram","Tier-3","18-24"
2145,"2024-02-18","Android","Google Ads","Tier-3","25-34"
2146,"2024-05-27","Web","Instagram","Tier-1","18-24"
2147,"2024-03-25","Android","YouTube","Tier-2","18-24"
2148,"2024-02-14","Android","Google Ads","Tier-3","25-34"
2149,"2024-02-11","iOS","YouTube","Tier-3","45+"
2150,"2024-05-10","iOS","Google Ads","Tier-3","18-24"
2151,"2024-01-04","Android","Instagram","Tier-2","45+"
2152,"2024-03-05","Android","YouTube","Tier-3","25-34"
2153,"2024-01-06","iOS","Google Ads","Tier-1","18-24"
2154,"2024-05-22","Android","Google Ads","Tier-3","18-24"
2155,"2024-03-11","Android","Google Ads","Tier-1","18-24"
2156,"2024-01-15","iOS","Organic","Tier-1","35-44"
2157,"2024-01-29","iOS","Google Ads","Tier-2","35-44"
2158,"2024-02-13","iOS","Organic","Tier-3","45+"
2159,"2024-02-28","iOS","Instagram","Tier-1","25-34"
2160,"2024-04-26","iOS","YouTube","Tier-2","25-34"
2161,"2024-05-16","Android","Google Ads","Tier-2","18-24"
2162,"2024-02-23","iOS","Google Ads","Tier-1","25-34"
2163,"2024-03-22","Web","Organic","Tier-1","18-24"
2164,"2024-06-29","iOS","Google Ads","Tier-1","35-44"
2165,"2024-03-13","Web","YouTube","Tier-3","45+"
2166,"2024-01-22","iOS","Organic","Tier-1","35-44"
2167,"2024-02-09","Android","Google Ads","Tier-3","35-44"
2168,"2024-03-26","Web","Instagram","Tier-2","25-34"
2169,"2024-01-18","Android","Google Ads","Tier-3","35-44"
2170,"2024-04-11","Android","Google Ads","Tier-2","25-34"
2171,"2024-05-17","iOS","Instagram","Tier-2","18-24"
2172,"2024-05-29","Android","Google Ads","Tier-1","25-34"
2173,"2024-04-27","Web","Google Ads","Tier-2","18-24"
2174,"2024-05-22","Web","Google Ads","Tier-1","35-44"
2175,"2024-01-28","Android","Instagram","Tier-2","25-34"
2176,"2024-04-10","Web","YouTube","Tier-3","18-24"
2177,"2024-06-10","iOS","Instagram","Tier-2","25-34"
2178,"2024-04-07","Web","Google Ads","Tier-2","18-24"
2179,"2024-02-21","Android","Instagram","Tier-3","25-34"
2180,"2024-01-08","Web","Organic","Tier-3","25-34"
2181,"2024-03-06","iOS","Organic","Tier-2","35-44"
2182,"2024-06-15","iOS","Instagram","Tier-3","35-44"
2183,"2024-05-11","Android","YouTube","Tier-2","25-34"
2184,"2024-01-02","Android","Instagram","Tier-3","45+"
2185,"2024-03-04","iOS","YouTube","Tier-1","35-44"
2186,"2024-06-27","iOS","YouTube","Tier-2","45+"
2187,"2024-01-04","Web","Instagram","Tier-1","18-24"
2188,"2024-03-21","Android","Google Ads","Tier-3","25-34"
2189,"2024-02-26","Web","Instagram","Tier-2","25-34"
2190,"2024-03-16","Android","Google Ads","Tier-3","35-44"
2191,"2024-03-23","Web","Instagram","Tier-1","18-24"
2192,"2024-05-09","Android","YouTube","Tier-3","45+"
2193,"2024-05-07","Android","Organic","Tier-2","35-44"
2194,"2024-01-01","iOS","Google Ads","Tier-1","35-44"
2195,"2024-05-18","Android","Instagram","Tier-2","45+"
2196,"2024-05-24","Android","Organic","Tier-3","18-24"
2197,"2024-05-23","Android","Google Ads","Tier-2","35-44"
2198,"2024-05-11","Web","Instagram","Tier-3","25-34"
2199,"2024-04-08","Android","Instagram","Tier-1","25-34"
2200,"2024-03-15","iOS","Google Ads","Tier-3","35-44"
2201,"2024-05-28","Web","YouTube","Tier-3","18-24"
2202,"2024-06-13","Android","Organic","Tier-3","45+"
2203,"2024-03-01","iOS","YouTube","Tier-2","45+"
2204,"2024-01-29","Web","Google Ads","Tier-3","35-44"
2205,"2024-03-17","Web","Google Ads","Tier-1","18-24"
2206,"2024-02-20","iOS","Instagram","Tier-3","25-34"
2207,"2024-06-12","Web","Organic","Tier-1","45+"
2208,"2024-03-16","iOS","Instagram","Tier-1","35-44"
2209,"2024-04-07","Web","Organic","Tier-2","25-34"
2210,"2024-05-31","Android","Google Ads","Tier-2","18-24"
2211,"2024-03-29","Android","Google Ads","Tier-1","45+"
2212,"2024-03-16","iOS","Google Ads","Tier-3","25-34"
2213,"2024-03-20","iOS","YouTube","Tier-1","18-24"
2214,"2024-05-20","Android","YouTube","Tier-2","35-44"
2215,"2024-04-13","Web","YouTube","Tier-2","18-24"
2216,"2024-03-01","iOS","Organic","Tier-2","18-24"
2217,"2024-06-12","Android","Instagram","Tier-1","25-34"
2218,"2024-01-29","Android","Google Ads","Tier-1","25-34"
2219,"2024-04-23","Android","Google Ads","Tier-2","18-24"
2220,"2024-02-08","Android","Instagram","Tier-3","18-24"
2221,"2024-02-08","iOS","Organic","Tier-1","45+"
2222,"2024-03-23","Android","Instagram","Tier-3","25-34"
2223,"2024-03-07","iOS","Google Ads","Tier-1","18-24"
2224,"2024-06-09","Android","YouTube","Tier-3","18-24"
2225,"2024-03-14","Web","Instagram","Tier-1","18-24"
2226,"2024-04-20","Web","Google Ads","Tier-1","35-44"
2227,"2024-04-04","Android","YouTube","Tier-1","45+"
2228,"2024-05-27","Android","YouTube","Tier-2","18-24"
2229,"2024-06-02","Web","Instagram","Tier-1","35-44"
2230,"2024-01-22","Android","Instagram","Tier-1","18-24"
2231,"2024-01-31","Android","Instagram","Tier-1","35-44"
2232,"2024-04-19","iOS","Google Ads","Tier-2","25-34"
2233,"2024-03-26","Web","Organic","Tier-3","35-44"
2234,"2024-01-23","Android","Organic","Tier-1","45+"
2235,"2024-01-14","iOS","Organic","Tier-1","35-44"
2236,"2024-05-22","Android","Google Ads","Tier-2","45+"
2237,"2024-03-18","iOS","Organic","Tier-1","25-34"
2238,"2024-03-05","Web","Organic","Tier-2","18-24"
2239,"2024-05-16","Android","Organic","Tier-1","45+"
2240,"2024-03-24","Web","YouTube","Tier-1","25-34"
2241,"2024-05-29","iOS","YouTube","Tier-1","18-24"
2242,"2024-01-27","Web","YouTube","Tier-3","18-24"
2243,"2024-05-03","Android","Instagram","Tier-3","25-34"
2244,"2024-03-05","Android","Instagram","Tier-2","25-34"
2245,"2024-05-30","Android","Instagram","Tier-1","25-34"
2246,"2024-06-17","Web","Instagram","Tier-1","25-34"
2247,"2024-06-07","Android","YouTube","Tier-3","25-34"
2248,"2024-02-19","Android","YouTube","Tier-1","25-34"
2249,"2024-03-05","iOS","Instagram","Tier-3","18-24"
2250,"2024-05-29","iOS","Organic","Tier-2","25-34"
2251,"2024-05-24","Android","Instagram","Tier-2","25-34"
2252,"2024-06-29","iOS","YouTube","Tier-1","25-34"
2253,"2024-05-20","iOS","Google Ads","Tier-2","25-34"
2254,"2024-06-28","iOS","Organic","Tier-3","35-44"
2255,"2024-03-05","Web","YouTube","Tier-1","25-34"
2256,"2024-03-26","Android","Organic","Tier-2","18-24"
2257,"2024-03-20","iOS","Google Ads","Tier-1","25-34"
2258,"2024-02-11","iOS","Organic","Tier-2","18-24"
2259,"2024-03-08","Android","Google Ads","Tier-2","18-24"
2260,"2024-02-15","Android","YouTube","Tier-2","18-24"
2261,"2024-04-27","iOS","Organic","Tier-2","18-24"
2262,"2024-03-18","Web","Organic","Tier-1","25-34"
2263,"2024-06-25","Web","Google Ads","Tier-3","25-34"
2264,"2024-06-16","iOS","Organic","Tier-1","18-24"
2265,"2024-05-11","Android","Instagram","Tier-1","35-44"
2266,"2024-05-30","iOS","Organic","Tier-3","25-34"
2267,"2024-06-24","Android","Google Ads","Tier-1","18-24"
2268,"2024-03-12","Android","YouTube","Tier-3","18-24"
2269,"2024-02-13","Android","YouTube","Tier-2","45+"
2270,"2024-06-04","Android","Google Ads","Tier-2","18-24"
2271,"2024-02-11","iOS","YouTube","Tier-1","18-24"
2272,"2024-01-17","Android","Instagram","Tier-2","25-34"
2273,"2024-03-08","Android","Google Ads","Tier-2","18-24"
2274,"2024-03-07","iOS","Instagram","Tier-3","25-34"
2275,"2024-01-15","Android","Instagram","Tier-1","18-24"
2276,"2024-04-06","iOS","YouTube","Tier-1","45+"
2277,"2024-04-16","Web","YouTube","Tier-1","25-34"
2278,"2024-02-13","iOS","YouTube","Tier-3","35-44"
2279,"2024-03-01","Android","Google Ads","Tier-3","25-34"
2280,"2024-03-26","Android","Organic","Tier-3","45+"
2281,"2024-02-19","iOS","Organic","Tier-1","25-34"
2282,"2024-01-26","Android","Instagram","Tier-3","18-24"
2283,"2024-01-16","Web","Instagram","Tier-3","25-34"
2284,"2024-06-23","Web","Organic","Tier-1","25-34"
2285,"2024-03-19","Android","Instagram","Tier-1","18-24"
2286,"2024-04-27","Android","Google Ads","Tier-1","18-24"
2287,"2024-03-28","iOS","Instagram","Tier-2","35-44"
2288,"2024-05-01","iOS","Organic","Tier-1","25-34"
2289,"2024-06-02","Web","YouTube","Tier-1","18-24"
2290,"2024-01-30","Web","Organic","Tier-2","35-44"
2291,"2024-03-28","Web","YouTube","Tier-1","45+"
2292,"2024-01-03","iOS","Google Ads","Tier-2","35-44"
2293,"2024-01-19","Android","Instagram","Tier-2","25-34"
2294,"2024-05-01","Android","Organic","Tier-2","25-34"
2295,"2024-03-09","Android","Instagram","Tier-1","18-24"
2296,"2024-02-18","Android","Google Ads","Tier-3","25-34"
2297,"2024-02-07","Web","Google Ads","Tier-3","35-44"
2298,"2024-05-27","iOS","Instagram","Tier-1","35-44"
2299,"2024-02-18","Android","Instagram","Tier-3","25-34"
2300,"2024-02-21","Android","Organic","Tier-1","25-34"
2301,"2024-01-15","Android","Google Ads","Tier-3","35-44"
2302,"2024-01-01","Android","Organic","Tier-3","18-24"
2303,"2024-02-29","Android","Organic","Tier-3","18-24"
2304,"2024-03-05","Web","Google Ads","Tier-3","35-44"
2305,"2024-04-22","Web","Instagram","Tier-3","25-34"
2306,"2024-06-23","Android","Instagram","Tier-2","25-34"
2307,"2024-06-26","iOS","Instagram","Tier-2","45+"
2308,"2024-01-07","iOS","Google Ads","Tier-1","25-34"
2309,"2024-01-20","iOS","YouTube","Tier-1","35-44"
2310,"2024-03-29","Android","Organic","Tier-2","35-44"
2311,"2024-04-05","Android","Google Ads","Tier-3","45+"
2312,"2024-06-19","Android","Instagram","Tier-3","18-24"
2313,"2024-01-26","Web","Instagram","Tier-2","18-24"
2314,"2024-04-21","Android","Organic","Tier-2","18-24"
2315,"2024-02-14","iOS","Google Ads","Tier-2","35-44"
2316,"2024-03-03","Web","Organic","Tier-3","18-24"
2317,"2024-01-02","iOS","Instagram","Tier-3","45+"
2318,"2024-01-08","iOS","Google Ads","Tier-1","25-34"
2319,"2024-05-09","iOS","YouTube","Tier-3","18-24"
2320,"2024-03-19","iOS","YouTube","Tier-2","35-44"
2321,"2024-03-20","Web","Organic","Tier-1","35-44"
2322,"2024-04-15","Android","YouTube","Tier-3","25-34"
2323,"2024-04-14","Android","Organic","Tier-2","45+"
2324,"2024-03-25","Android","Instagram","Tier-1","25-34"
2325,"2024-03-03","Web","Organic","Tier-1","25-34"
2326,"2024-04-21","Android","Google Ads","Tier-2","45+"
2327,"2024-01-19","iOS","Google Ads","Tier-3","35-44"
2328,"2024-05-13","Android","Organic","Tier-1","45+"
2329,"2024-01-12","Android","Instagram","Tier-2","18-24"
2330,"2024-02-29","Android","Google Ads","Tier-3","25-34"
2331,"2024-06-06","Android","YouTube","Tier-3","35-44"
2332,"2024-06-24","Android","Organic","Tier-1","25-34"
2333,"2024-01-31","Android","Google Ads","Tier-3","45+"
2334,"2024-01-02","Android","Instagram","Tier-1","45+"
2335,"2024-03-09","Android","Instagram","Tier-1","35-44"
2336,"2024-04-16","iOS","Google Ads","Tier-2","25-34"
2337,"2024-02-29","iOS","Google Ads","Tier-1","45+"
2338,"2024-03-22","Android","YouTube","Tier-1","35-44"
2339,"2024-05-21","Android","YouTube","Tier-1","18-24"
2340,"2024-01-11","iOS","Google Ads","Tier-3","25-34"
2341,"2024-02-04","Web","Instagram","Tier-3","18-24"
2342,"2024-02-11","iOS","YouTube","Tier-1","25-34"
2343,"2024-04-28","iOS","YouTube","Tier-2","18-24"
2344,"2024-02-26","Web","YouTube","Tier-1","18-24"
2345,"2024-06-09","Android","Organic","Tier-1","45+"
2346,"2024-06-16","iOS","Organic","Tier-1","35-44"
2347,"2024-06-17","iOS","Organic","Tier-3","45+"
2348,"2024-01-16","Web","Organic","Tier-3","45+"
2349,"2024-06-16","Web","Google Ads","Tier-1","25-34"
2350,"2024-06-22","Android","Instagram","Tier-1","25-34"
2351,"2024-06-29","iOS","YouTube","Tier-1","25-34"
2352,"2024-04-18","iOS","YouTube","Tier-1","35-44"
2353,"2024-03-22","iOS","Organic","Tier-1","45+"
2354,"2024-05-06","iOS","Instagram","Tier-2","18-24"
2355,"2024-04-02","Android","YouTube","Tier-2","18-24"
2356,"2024-06-04","Android","YouTube","Tier-1","45+"
2357,"2024-04-07","Web","YouTube","Tier-3","25-34"
2358,"2024-02-28","iOS","Instagram","Tier-3","25-34"
2359,"2024-04-26","Android","Google Ads","Tier-1","18-24"
2360,"2024-05-08","iOS","Google Ads","Tier-1","25-34"
2361,"2024-04-26","Web","Instagram","Tier-2","25-34"
2362,"2024-01-03","iOS","Google Ads","Tier-3","45+"
2363,"2024-03-12","Android","YouTube","Tier-1","45+"
2364,"2024-06-12","iOS","Instagram","Tier-2","35-44"
2365,"2024-06-19","iOS","YouTube","Tier-3","45+"
2366,"2024-06-26","Android","YouTube","Tier-1","18-24"
2367,"2024-04-16","Android","YouTube","Tier-1","18-24"
2368,"2024-03-29","Android","Google Ads","Tier-1","18-24"
2369,"2024-01-10","Android","Organic","Tier-1","18-24"
2370,"2024-01-24","iOS","Instagram","Tier-3","25-34"
2371,"2024-04-18","Android","Google Ads","Tier-3","25-34"
2372,"2024-04-22","Android","Instagram","Tier-3","35-44"
2373,"2024-05-18","Android","YouTube","Tier-2","35-44"
2374,"2024-01-04","Web","Instagram","Tier-3","35-44"
2375,"2024-05-12","Web","YouTube","Tier-2","35-44"
2376,"2024-05-18","iOS","Google Ads","Tier-3","35-44"
2377,"2024-01-01","iOS","YouTube","Tier-3","45+"
2378,"2024-01-10","Android","Google Ads","Tier-3","18-24"
2379,"2024-06-27","iOS","Google Ads","Tier-2","25-34"
2380,"2024-02-04","iOS","YouTube","Tier-3","35-44"
2381,"2024-03-19","Web","Organic","Tier-3","45+"
2382,"2024-02-13","iOS","Organic","Tier-3","18-24"
2383,"2024-06-04","Web","YouTube","Tier-2","35-44"
2384,"2024-02-01","Android","Organic","Tier-2","18-24"
2385,"2024-03-14","Android","YouTube","Tier-3","18-24"
2386,"2024-01-05","Web","YouTube","Tier-3","35-44"
2387,"2024-05-28","Web","Instagram","Tier-1","35-44"
2388,"2024-03-08","Web","Instagram","Tier-2","35-44"
2389,"2024-05-09","iOS","Instagram","Tier-1","18-24"
2390,"2024-04-09","Web","Organic","Tier-3","25-34"
2391,"2024-05-27","Web","Instagram","Tier-1","25-34"
2392,"2024-05-31","iOS","YouTube","Tier-1","25-34"
2393,"2024-04-05","Android","Google Ads","Tier-3","25-34"
2394,"2024-05-02","Android","Instagram","Tier-1","35-44"
2395,"2024-01-28","Android","Instagram","Tier-2","45+"
2396,"2024-06-11","Android","Organic","Tier-3","45+"
2397,"2024-04-06","Web","YouTube","Tier-1","18-24"
2398,"2024-01-06","iOS","YouTube","Tier-3","25-34"
2399,"2024-01-21","iOS","YouTube","Tier-2","35-44"
2400,"2024-06-03","Android","Instagram","Tier-2","18-24"
2401,"2024-01-04","Web","Instagram","Tier-1","18-24"
2402,"2024-01-28","Android","YouTube","Tier-3","18-24"
2403,"2024-01-17","iOS","Google Ads","Tier-2","18-24"
2404,"2024-01-25","Web","Instagram","Tier-3","45+"
2405,"2024-02-03","iOS","Google Ads","Tier-2","35-44"
2406,"2024-04-23","Android","Organic","Tier-2","18-24"
2407,"2024-06-14","Web","YouTube","Tier-3","18-24"
2408,"2024-04-08","Web","Organic","Tier-2","25-34"
2409,"2024-05-03","Web","Google Ads","Tier-2","45+"
2410,"2024-04-20","Android","Organic","Tier-3","45+"
2411,"2024-04-30","Android","Instagram","Tier-1","25-34"
2412,"2024-06-20","Android","Organic","Tier-1","35-44"
2413,"2024-03-19","Web","Google Ads","Tier-3","45+"
2414,"2024-06-13","iOS","Instagram","Tier-1","18-24"
2415,"2024-04-11","Web","Google Ads","Tier-1","45+"
2416,"2024-05-08","Android","YouTube","Tier-3","35-44"
2417,"2024-04-28","iOS","Google Ads","Tier-1","35-44"
2418,"2024-03-30","iOS","YouTube","Tier-2","35-44"
2419,"2024-04-11","iOS","YouTube","Tier-3","25-34"
2420,"2024-04-22","iOS","Organic","Tier-2","25-34"
2421,"2024-03-06","iOS","YouTube","Tier-2","35-44"
2422,"2024-02-15","iOS","Organic","Tier-3","25-34"
2423,"2024-06-21","Android","YouTube","Tier-1","25-34"
2424,"2024-02-06","iOS","Google Ads","Tier-2","35-44"
2425,"2024-02-16","Android","Google Ads","Tier-3","18-24"
2426,"2024-04-30","Web","Organic","Tier-2","45+"
2427,"2024-02-07","Web","YouTube","Tier-1","45+"
2428,"2024-05-25","Android","Organic","Tier-2","45+"
2429,"2024-05-11","Android","Google Ads","Tier-3","35-44"
2430,"2024-05-06","iOS","YouTube","Tier-3","25-34"
2431,"2024-05-06","Web","Instagram","Tier-1","35-44"
2432,"2024-02-22","Android","YouTube","Tier-3","35-44"
2433,"2024-04-27","iOS","Google Ads","Tier-2","35-44"
2434,"2024-02-16","Android","Google Ads","Tier-2","18-24"
2435,"2024-05-03","Web","YouTube","Tier-2","45+"
2436,"2024-06-03","iOS","Google Ads","Tier-3","35-44"
2437,"2024-05-05","Android","Organic","Tier-2","25-34"
2438,"2024-06-07","Android","Instagram","Tier-3","45+"
2439,"2024-02-20","iOS","Organic","Tier-2","18-24"
2440,"2024-06-03","iOS","Instagram","Tier-2","35-44"
2441,"2024-04-21","Android","Organic","Tier-1","45+"
2442,"2024-06-27","Android","Instagram","Tier-3","45+"
2443,"2024-01-28","iOS","Google Ads","Tier-3","25-34"
2444,"2024-05-04","Web","Instagram","Tier-1","18-24"
2445,"2024-05-10","Android","Instagram","Tier-2","35-44"
2446,"2024-01-13","iOS","YouTube","Tier-1","35-44"
2447,"2024-01-19","Android","Google Ads","Tier-2","35-44"
2448,"2024-06-06","iOS","YouTube","Tier-1","25-34"
2449,"2024-05-16","Android","Organic","Tier-3","25-34"
2450,"2024-04-12","iOS","YouTube","Tier-2","25-34"
2451,"2024-01-20","iOS","Organic","Tier-2","25-34"
2452,"2024-06-03","Web","YouTube","Tier-1","35-44"
2453,"2024-05-01","Android","Google Ads","Tier-3","25-34"
2454,"2024-04-24","Android","Instagram","Tier-3","18-24"
2455,"2024-02-28","Web","Organic","Tier-2","18-24"
2456,"2024-03-24","Android","Instagram","Tier-2","18-24"
2457,"2024-05-28","Android","Instagram","Tier-3","35-44"
2458,"2024-02-19","Android","YouTube","Tier-3","18-24"
2459,"2024-03-16","iOS","Instagram","Tier-2","18-24"
2460,"2024-06-29","Web","Instagram","Tier-1","18-24"
2461,"2024-06-10","iOS","YouTube","Tier-3","25-34"
2462,"2024-02-29","Android","Google Ads","Tier-1","35-44"
2463,"2024-01-16","iOS","YouTube","Tier-1","35-44"
2464,"2024-05-19","iOS","Instagram","Tier-2","25-34"
2465,"2024-02-28","iOS","YouTube","Tier-2","18-24"
2466,"2024-05-18","Android","Instagram","Tier-1","45+"
2467,"2024-06-27","Android","Instagram","Tier-3","18-24"
2468,"2024-02-11","iOS","Google Ads","Tier-1","35-44"
2469,"2024-06-24","Android","Organic","Tier-3","25-34"
2470,"2024-03-19","Android","YouTube","Tier-2","25-34"
2471,"2024-04-26","iOS","Organic","Tier-3","45+"
2472,"2024-06-13","iOS","YouTube","Tier-2","25-34"
2473,"2024-05-08","Android","YouTube","Tier-2","45+"
2474,"2024-02-26","Android","Google Ads","Tier-2","35-44"
2475,"2024-02-14","iOS","YouTube","Tier-3","35-44"
2476,"2024-01-24","Android","Organic","Tier-2","18-24"
2477,"2024-05-31","Web","YouTube","Tier-3","18-24"
2478,"2024-06-02","Web","Organic","Tier-1","18-24"
2479,"2024-05-07","Web","Google Ads","Tier-1","45+"
2480,"2024-06-09","iOS","YouTube","Tier-3","45+"
2481,"2024-02-10","Web","Instagram","Tier-2","18-24"
2482,"2024-02-04","iOS","Instagram","Tier-3","35-44"
2483,"2024-03-16","Web","Google Ads","Tier-2","25-34"
2484,"2024-02-06","Android","Instagram","Tier-3","25-34"
2485,"2024-05-12","Android","YouTube","Tier-2","18-24"
2486,"2024-02-11","Web","Instagram","Tier-1","18-24"
2487,"2024-04-25","iOS","Organic","Tier-2","25-34"
2488,"2024-05-02","Web","Organic","Tier-1","18-24"
2489,"2024-05-16","Android","Instagram","Tier-1","18-24"
2490,"2024-05-16","iOS","Instagram","Tier-1","18-24"
2491,"2024-02-22","iOS","Google Ads","Tier-1","25-34"
2492,"2024-03-22","Web","YouTube","Tier-2","35-44"
2493,"2024-01-27","Android","Google Ads","Tier-1","18-24"
2494,"2024-01-10","Android","YouTube","Tier-3","18-24"
2495,"2024-02-10","Web","Google Ads","Tier-3","35-44"
2496,"2024-05-06","Android","Google Ads","Tier-2","18-24"
2497,"2024-04-25","Android","Instagram","Tier-2","45+"
2498,"2024-02-02","iOS","YouTube","Tier-1","25-34"
2499,"2024-04-29","Web","YouTube","Tier-3","18-24"
2500,"2024-01-29","iOS","Instagram","Tier-1","25-34"
2501,"2024-04-23","Android","YouTube","Tier-1","35-44"
2502,"2024-03-31","Web","Google Ads","Tier-2","25-34"
2503,"2024-03-12","Android","Organic","Tier-1","35-44"
2504,"2024-02-23","Web","Google Ads","Tier-3","35-44"
2505,"2024-05-22","Android","YouTube","Tier-3","45+"
2506,"2024-06-02","Web","Instagram","Tier-1","18-24"
2507,"2024-04-06","Web","YouTube","Tier-3","35-44"
2508,"2024-02-20","Android","YouTube","Tier-2","25-34"
2509,"2024-02-11","Android","Google Ads","Tier-2","18-24"
2510,"2024-01-04","iOS","Instagram","Tier-2","18-24"
2511,"2024-06-12","Web","YouTube","Tier-3","25-34"
2512,"2024-04-24","Android","Google Ads","Tier-3","25-34"
2513,"2024-01-17","Android","Organic","Tier-3","18-24"
2514,"2024-02-01","iOS","Organic","Tier-3","25-34"
2515,"2024-06-23","Web","Instagram","Tier-1","45+"
2516,"2024-03-21","Android","Google Ads","Tier-2","35-44"
2517,"2024-02-11","Android","Google Ads","Tier-2","45+"
2518,"2024-03-23","iOS","Instagram","Tier-3","35-44"
2519,"2024-05-31","Android","YouTube","Tier-2","45+"
2520,"2024-03-31","iOS","Instagram","Tier-2","18-24"
2521,"2024-04-06","Web","Organic","Tier-3","18-24"
2522,"2024-02-05","Android","YouTube","Tier-3","18-24"
2523,"2024-01-21","Android","Instagram","Tier-3","25-34"
2524,"2024-01-03","Android","Instagram","Tier-1","35-44"
2525,"2024-02-17","Web","YouTube","Tier-1","18-24"
2526,"2024-04-11","iOS","YouTube","Tier-2","25-34"
2527,"2024-02-25","Web","Instagram","Tier-2","18-24"
2528,"2024-03-30","Web","Google Ads","Tier-1","45+"
2529,"2024-04-11","Web","Google Ads","Tier-3","45+"
2530,"2024-01-01","Android","Google Ads","Tier-2","25-34"
2531,"2024-01-14","Android","Instagram","Tier-2","45+"
2532,"2024-03-25","Web","Google Ads","Tier-3","35-44"
2533,"2024-06-04","Android","Instagram","Tier-1","35-44"
2534,"2024-01-01","iOS","YouTube","Tier-3","25-34"
2535,"2024-05-22","Android","Google Ads","Tier-1","25-34"
2536,"2024-03-06","iOS","Google Ads","Tier-3","45+"
2537,"2024-04-25","Web","YouTube","Tier-2","35-44"
2538,"2024-05-16","Web","YouTube","Tier-2","18-24"
2539,"2024-04-03","iOS","YouTube","Tier-2","45+"
2540,"2024-01-16","Web","YouTube","Tier-1","35-44"
2541,"2024-05-09","Android","Google Ads","Tier-1","45+"
2542,"2024-02-28","iOS","YouTube","Tier-1","25-34"
2543,"2024-03-12","iOS","Organic","Tier-2","25-34"
2544,"2024-01-04","iOS","Google Ads","Tier-3","25-34"
2545,"2024-02-07","Android","Google Ads","Tier-1","18-24"
2546,"2024-06-29","iOS","Google Ads","Tier-1","45+"
2547,"2024-03-15","iOS","YouTube","Tier-3","18-24"
2548,"2024-01-06","Android","YouTube","Tier-3","25-34"
2549,"2024-04-12","Android","Instagram","Tier-2","45+"
2550,"2024-03-13","Android","Google Ads","Tier-3","18-24"
2551,"2024-02-03","iOS","Google Ads","Tier-2","45+"
2552,"2024-05-11","iOS","Instagram","Tier-1","45+"
2553,"2024-02-10","Android","Google Ads","Tier-1","18-24"
2554,"2024-06-21","Android","YouTube","Tier-3","18-24"
2555,"2024-02-29","Web","Organic","Tier-1","45+"
2556,"2024-01-01","Android","YouTube","Tier-2","45+"
2557,"2024-04-30","Android","YouTube","Tier-1","25-34"
2558,"2024-04-24","Android","Google Ads","Tier-1","18-24"
2559,"2024-05-06","iOS","Instagram","Tier-1","45+"
2560,"2024-01-04","Web","Organic","Tier-1","35-44"
2561,"2024-01-21","Web","Organic","Tier-2","35-44"
2562,"2024-03-11","Android","Google Ads","Tier-1","18-24"
2563,"2024-06-20","iOS","Organic","Tier-1","45+"
2564,"2024-03-03","Android","Google Ads","Tier-3","45+"
2565,"2024-02-07","Web","Instagram","Tier-3","18-24"
2566,"2024-05-05","Android","Organic","Tier-2","35-44"
2567,"2024-06-16","iOS","Google Ads","Tier-1","35-44"
2568,"2024-05-13","Android","Instagram","Tier-3","35-44"
2569,"2024-02-08","Web","Google Ads","Tier-2","18-24"
2570,"2024-06-26","Android","Instagram","Tier-2","35-44"
2571,"2024-04-28","iOS","Instagram","Tier-2","45+"
2572,"2024-03-27","Android","Instagram","Tier-3","35-44"
2573,"2024-01-17","iOS","YouTube","Tier-1","35-44"
2574,"2024-05-11","Android","Google Ads","Tier-2","18-24"
2575,"2024-05-18","Android","Google Ads","Tier-3","25-34"
2576,"2024-02-18","iOS","Google Ads","Tier-2","25-34"
2577,"2024-01-05","Android","YouTube","Tier-2","18-24"
2578,"2024-05-28","iOS","YouTube","Tier-2","18-24"
2579,"2024-04-12","Android","Google Ads","Tier-3","35-44"
2580,"2024-04-11","Android","YouTube","Tier-1","18-24"
2581,"2024-06-04","Android","Instagram","Tier-3","25-34"
2582,"2024-04-22","iOS","Instagram","Tier-3","18-24"
2583,"2024-04-12","Web","Google Ads","Tier-2","35-44"
2584,"2024-04-21","iOS","Instagram","Tier-2","45+"
2585,"2024-02-20","iOS","Google Ads","Tier-2","25-34"
2586,"2024-04-30","iOS","YouTube","Tier-2","25-34"
2587,"2024-02-26","Android","Instagram","Tier-3","35-44"
2588,"2024-02-01","Android","Instagram","Tier-3","45+"
2589,"2024-01-23","Web","Organic","Tier-2","18-24"
2590,"2024-04-28","Android","Instagram","Tier-2","45+"
2591,"2024-04-24","iOS","YouTube","Tier-2","18-24"
2592,"2024-02-15","Android","Organic","Tier-1","18-24"
2593,"2024-02-25","Web","Instagram","Tier-2","25-34"
2594,"2024-04-19","iOS","Organic","Tier-1","18-24"
2595,"2024-01-05","Web","Instagram","Tier-3","25-34"
2596,"2024-04-13","Web","YouTube","Tier-3","35-44"
2597,"2024-01-11","Web","Instagram","Tier-2","25-34"
2598,"2024-05-28","Web","Organic","Tier-1","18-24"
2599,"2024-03-16","Web","Google Ads","Tier-2","25-34"
2600,"2024-06-04","Web","YouTube","Tier-2","45+"
2601,"2024-01-02","Web","YouTube","Tier-2","18-24"
2602,"2024-01-08","Android","Organic","Tier-3","18-24"
2603,"2024-03-27","Android","Google Ads","Tier-1","18-24"
2604,"2024-06-01","iOS","Google Ads","Tier-1","25-34"
2605,"2024-06-21","Web","Organic","Tier-1","25-34"
2606,"2024-02-23","iOS","Instagram","Tier-2","45+"
2607,"2024-03-18","Web","Organic","Tier-1","35-44"
2608,"2024-03-10","Android","Instagram","Tier-3","35-44"
2609,"2024-02-08","Web","Instagram","Tier-3","25-34"
2610,"2024-03-01","Android","Organic","Tier-3","45+"
2611,"2024-01-15","Web","Instagram","Tier-2","45+"
2612,"2024-04-08","Web","YouTube","Tier-3","25-34"
2613,"2024-01-27","iOS","Google Ads","Tier-1","35-44"
2614,"2024-06-24","Web","Instagram","Tier-2","25-34"
2615,"2024-06-14","iOS","YouTube","Tier-3","25-34"
2616,"2024-02-14","iOS","YouTube","Tier-2","45+"
2617,"2024-01-11","iOS","YouTube","Tier-3","45+"
2618,"2024-01-23","Web","Google Ads","Tier-2","18-24"
2619,"2024-03-30","Android","Google Ads","Tier-1","35-44"
2620,"2024-01-22","iOS","Instagram","Tier-1","35-44"
2621,"2024-05-17","iOS","Google Ads","Tier-1","18-24"
2622,"2024-06-22","iOS","Organic","Tier-2","25-34"
2623,"2024-06-22","iOS","Instagram","Tier-3","35-44"
2624,"2024-06-11","Web","Instagram","Tier-1","18-24"
2625,"2024-02-03","iOS","Organic","Tier-3","25-34"
2626,"2024-05-27","iOS","YouTube","Tier-2","25-34"
2627,"2024-01-12","Android","Google Ads","Tier-1","25-34"
2628,"2024-03-28","Android","YouTube","Tier-3","25-34"
2629,"2024-02-14","Web","YouTube","Tier-3","25-34"
2630,"2024-05-10","Web","Instagram","Tier-1","35-44"
2631,"2024-06-18","iOS","Google Ads","Tier-1","25-34"
2632,"2024-05-14","Android","YouTube","Tier-1","18-24"
2633,"2024-02-15","Android","Instagram","Tier-1","35-44"
2634,"2024-01-29","Web","Organic","Tier-2","45+"
2635,"2024-02-29","Android","YouTube","Tier-2","35-44"
2636,"2024-06-18","iOS","YouTube","Tier-1","18-24"
2637,"2024-03-22","iOS","YouTube","Tier-3","35-44"
2638,"2024-04-03","Android","Organic","Tier-1","35-44"
2639,"2024-01-17","Android","YouTube","Tier-3","35-44"
2640,"2024-04-30","iOS","Organic","Tier-2","25-34"
2641,"2024-06-07","Android","Google Ads","Tier-1","45+"
2642,"2024-04-28","iOS","Organic","Tier-2","25-34"
2643,"2024-05-30","Web","Google Ads","Tier-2","45+"
2644,"2024-02-26","iOS","YouTube","Tier-2","35-44"
2645,"2024-05-22","iOS","YouTube","Tier-2","18-24"
2646,"2024-02-27","Android","Instagram","Tier-1","45+"
2647,"2024-05-05","Web","Organic","Tier-2","18-24"
2648,"2024-04-21","iOS","Instagram","Tier-3","25-34"
2649,"2024-06-23","iOS","YouTube","Tier-3","25-34"
2650,"2024-04-24","Android","Organic","Tier-1","18-24"
2651,"2024-02-07","Android","YouTube","Tier-1","18-24"
2652,"2024-05-11","Web","Google Ads","Tier-2","35-44"
2653,"2024-01-13","iOS","YouTube","Tier-3","25-34"
2654,"2024-04-18","Web","Google Ads","Tier-3","35-44"
2655,"2024-03-08","iOS","Organic","Tier-1","18-24"
2656,"2024-05-15","Android","Instagram","Tier-1","25-34"
2657,"2024-03-29","Web","Organic","Tier-1","25-34"
2658,"2024-01-16","Web","Organic","Tier-2","45+"
2659,"2024-01-10","Web","YouTube","Tier-1","35-44"
2660,"2024-04-25","Web","Instagram","Tier-2","18-24"
2661,"2024-01-25","Web","Google Ads","Tier-3","35-44"
2662,"2024-05-25","Android","Google Ads","Tier-1","25-34"
2663,"2024-04-17","Android","Organic","Tier-3","45+"
2664,"2024-04-07","Android","Instagram","Tier-3","25-34"
2665,"2024-02-29","iOS","Organic","Tier-3","35-44"
2666,"2024-06-05","iOS","Instagram","Tier-3","35-44"
2667,"2024-05-09","iOS","Organic","Tier-1","18-24"
2668,"2024-04-13","Web","Instagram","Tier-3","45+"
2669,"2024-01-08","Web","Google Ads","Tier-2","25-34"
2670,"2024-06-10","Android","Google Ads","Tier-1","18-24"
2671,"2024-01-20","Android","Organic","Tier-2","45+"
2672,"2024-02-26","iOS","YouTube","Tier-2","25-34"
2673,"2024-02-17","Web","Google Ads","Tier-3","45+"
2674,"2024-03-28","iOS","YouTube","Tier-1","18-24"
2675,"2024-05-12","iOS","Google Ads","Tier-1","25-34"
2676,"2024-05-26","Android","Google Ads","Tier-2","18-24"
2677,"2024-01-05","iOS","Organic","Tier-3","25-34"
2678,"2024-02-14","iOS","YouTube","Tier-2","18-24"
2679,"2024-01-06","Android","YouTube","Tier-3","25-34"
2680,"2024-04-11","iOS","Instagram","Tier-1","18-24"
2681,"2024-01-23","Android","Google Ads","Tier-1","45+"
2682,"2024-05-10","Android","Google Ads","Tier-2","45+"
2683,"2024-04-23","Android","YouTube","Tier-1","45+"
2684,"2024-03-17","Android","Google Ads","Tier-2","25-34"
2685,"2024-06-15","iOS","Instagram","Tier-3","25-34"
2686,"2024-02-01","Android","Google Ads","Tier-3","18-24"
2687,"2024-02-07","Web","YouTube","Tier-1","45+"
2688,"2024-03-18","iOS","Organic","Tier-1","45+"
2689,"2024-06-22","Android","Instagram","Tier-3","35-44"
2690,"2024-04-03","iOS","YouTube","Tier-2","25-34"
2691,"2024-03-27","Android","Google Ads","Tier-1","45+"
2692,"2024-04-28","iOS","Organic","Tier-3","25-34"
2693,"2024-01-23","Android","YouTube","Tier-1","25-34"
2694,"2024-01-12","Web","YouTube","Tier-2","25-34"
2695,"2024-05-16","iOS","Instagram","Tier-1","35-44"
2696,"2024-04-16","iOS","Instagram","Tier-1","18-24"
2697,"2024-04-08","Web","Organic","Tier-3","25-34"
2698,"2024-04-11","iOS","Instagram","Tier-1","45+"
2699,"2024-06-03","Android","Organic","Tier-1","25-34"
2700,"2024-05-17","Web","Instagram","Tier-2","25-34"
2701,"2024-05-02","iOS","Instagram","Tier-1","18-24"
2702,"2024-05-03","Android","YouTube","Tier-2","18-24"
2703,"2024-01-20","iOS","Google Ads","Tier-2","18-24"
2704,"2024-03-05","Android","Organic","Tier-3","18-24"
2705,"2024-05-13","iOS","Organic","Tier-3","35-44"
2706,"2024-02-10","iOS","Organic","Tier-1","45+"
2707,"2024-06-27","iOS","YouTube","Tier-2","25-34"
2708,"2024-03-14","iOS","Google Ads","Tier-3","45+"
2709,"2024-05-29","Android","YouTube","Tier-1","18-24"
2710,"2024-06-04","iOS","Organic","Tier-2","25-34"
2711,"2024-06-14","Android","Instagram","Tier-2","45+"
2712,"2024-03-09","Web","Google Ads","Tier-2","18-24"
2713,"2024-05-17","Android","Google Ads","Tier-3","18-24"
2714,"2024-05-07","Android","Instagram","Tier-3","18-24"
2715,"2024-02-02","iOS","Google Ads","Tier-1","25-34"
2716,"2024-02-13","Android","Organic","Tier-2","45+"
2717,"2024-03-06","Android","Organic","Tier-3","35-44"
2718,"2024-06-21","Web","Instagram","Tier-1","45+"
2719,"2024-01-22","Android","Google Ads","Tier-3","18-24"
2720,"2024-05-25","Web","Google Ads","Tier-1","25-34"
2721,"2024-03-24","iOS","YouTube","Tier-1","25-34"
2722,"2024-06-16","iOS","Instagram","Tier-2","18-24"
2723,"2024-01-14","iOS","Google Ads","Tier-3","18-24"
2724,"2024-05-18","Web","Google Ads","Tier-1","25-34"
2725,"2024-06-06","iOS","Organic","Tier-3","35-44"
2726,"2024-06-08","Android","Google Ads","Tier-2","25-34"
2727,"2024-05-07","iOS","YouTube","Tier-1","18-24"
2728,"2024-05-17","Android","Organic","Tier-1","35-44"
2729,"2024-06-03","Web","Instagram","Tier-1","18-24"
2730,"2024-05-07","Android","YouTube","Tier-1","18-24"
2731,"2024-01-13","Android","Instagram","Tier-1","18-24"
2732,"2024-02-05","Android","Google Ads","Tier-2","18-24"
2733,"2024-04-24","iOS","Instagram","Tier-2","18-24"
2734,"2024-03-15","iOS","Google Ads","Tier-1","25-34"
2735,"2024-01-16","iOS","Google Ads","Tier-2","25-34"
2736,"2024-05-05","iOS","YouTube","Tier-3","45+"
2737,"2024-01-26","Web","Organic","Tier-2","35-44"
2738,"2024-06-12","iOS","YouTube","Tier-2","45+"
2739,"2024-03-24","Android","YouTube","Tier-3","25-34"
2740,"2024-04-26","Web","YouTube","Tier-2","18-24"
2741,"2024-04-11","Web","YouTube","Tier-1","25-34"
2742,"2024-05-24","Web","Google Ads","Tier-1","18-24"
2743,"2024-02-28","iOS","YouTube","Tier-3","25-34"
2744,"2024-01-29","iOS","Google Ads","Tier-2","18-24"
2745,"2024-06-26","Web","Google Ads","Tier-1","25-34"
2746,"2024-01-28","Android","Instagram","Tier-3","45+"
2747,"2024-02-21","Web","YouTube","Tier-2","45+"
2748,"2024-06-28","Web","Google Ads","Tier-3","18-24"
2749,"2024-01-10","Web","Instagram","Tier-3","35-44"
2750,"2024-02-10","Android","Google Ads","Tier-3","35-44"
2751,"2024-05-23","Web","Organic","Tier-2","25-34"
2752,"2024-01-26","Android","YouTube","Tier-1","18-24"
2753,"2024-01-19","iOS","Google Ads","Tier-3","35-44"
2754,"2024-05-10","iOS","Google Ads","Tier-1","35-44"
2755,"2024-04-07","Android","Instagram","Tier-2","45+"
2756,"2024-04-22","Web","YouTube","Tier-3","18-24"
2757,"2024-04-25","Web","Organic","Tier-1","45+"
2758,"2024-06-02","iOS","Instagram","Tier-1","45+"
2759,"2024-01-26","Android","Organic","Tier-2","45+"
2760,"2024-05-16","Web","Google Ads","Tier-3","18-24"
2761,"2024-06-20","iOS","Google Ads","Tier-3","18-24"
2762,"2024-02-21","iOS","Google Ads","Tier-1","18-24"
2763,"2024-05-11","Web","Google Ads","Tier-2","18-24"
2764,"2024-03-20","Web","Google Ads","Tier-2","18-24"
2765,"2024-02-09","iOS","Organic","Tier-2","18-24"
2766,"2024-01-20","Web","Instagram","Tier-2","18-24"
2767,"2024-02-21","Web","YouTube","Tier-2","18-24"
2768,"2024-03-18","Web","Instagram","Tier-2","18-24"
2769,"2024-04-08","Android","Instagram","Tier-2","35-44"
2770,"2024-02-23","Web","Google Ads","Tier-1","35-44"
2771,"2024-01-10","Android","YouTube","Tier-2","25-34"
2772,"2024-05-19","Android","Google Ads","Tier-2","45+"
2773,"2024-02-09","Android","Organic","Tier-2","45+"
2774,"2024-04-03","Android","Google Ads","Tier-1","25-34"
2775,"2024-03-01","iOS","YouTube","Tier-1","25-34"
2776,"2024-04-14","iOS","Organic","Tier-3","25-34"
2777,"2024-05-07","iOS","YouTube","Tier-2","18-24"
2778,"2024-03-31","iOS","Organic","Tier-2","25-34"
2779,"2024-01-07","iOS","Instagram","Tier-3","25-34"
2780,"2024-01-18","iOS","Instagram","Tier-2","18-24"
2781,"2024-03-11","Web","Google Ads","Tier-3","18-24"
2782,"2024-05-26","Android","Google Ads","Tier-2","45+"
2783,"2024-03-03","Android","YouTube","Tier-2","18-24"
2784,"2024-05-10","Android","YouTube","Tier-3","18-24"
2785,"2024-05-26","Web","Organic","Tier-2","25-34"
2786,"2024-05-27","iOS","Organic","Tier-3","45+"
2787,"2024-02-24","iOS","Organic","Tier-2","25-34"
2788,"2024-04-18","Android","Organic","Tier-3","25-34"
2789,"2024-02-13","Web","YouTube","Tier-1","18-24"
2790,"2024-06-22","iOS","YouTube","Tier-1","18-24"
2791,"2024-03-05","Web","Organic","Tier-2","18-24"
2792,"2024-03-12","iOS","YouTube","Tier-1","18-24"
2793,"2024-03-26","iOS","Instagram","Tier-3","25-34"
2794,"2024-05-31","Web","YouTube","Tier-3","18-24"
2795,"2024-04-20","Android","YouTube","Tier-2","18-24"
2796,"2024-01-12","Android","Google Ads","Tier-2","45+"
2797,"2024-03-28","Web","Google Ads","Tier-2","18-24"
2798,"2024-01-11","Android","Google Ads","Tier-1","35-44"
2799,"2024-06-21","Android","Instagram","Tier-1","18-24"
2800,"2024-05-18","Android","Organic","Tier-2","18-24"
2801,"2024-01-02","Android","Instagram","Tier-2","45+"
2802,"2024-05-12","Android","Google Ads","Tier-3","18-24"
2803,"2024-05-20","iOS","Organic","Tier-1","35-44"
2804,"2024-03-09","iOS","Google Ads","Tier-2","35-44"
2805,"2024-06-29","Web","Instagram","Tier-1","25-34"
2806,"2024-02-25","iOS","Google Ads","Tier-3","18-24"
2807,"2024-02-05","Android","Instagram","Tier-3","18-24"
2808,"2024-03-21","Android","YouTube","Tier-2","45+"
2809,"2024-01-04","iOS","Instagram","Tier-1","25-34"
2810,"2024-05-03","Android","Organic","Tier-3","18-24"
2811,"2024-03-15","Android","Organic","Tier-3","25-34"
2812,"2024-05-09","Web","Instagram","Tier-2","18-24"
2813,"2024-01-20","Android","Instagram","Tier-2","45+"
2814,"2024-05-20","iOS","Google Ads","Tier-1","25-34"
2815,"2024-01-04","Web","Organic","Tier-1","45+"
2816,"2024-06-26","iOS","Google Ads","Tier-1","18-24"
2817,"2024-05-21","Android","Instagram","Tier-3","18-24"
2818,"2024-05-02","iOS","Organic","Tier-2","45+"
2819,"2024-06-01","Web","YouTube","Tier-1","25-34"
2820,"2024-03-18","Web","Google Ads","Tier-3","25-34"
2821,"2024-05-14","iOS","Google Ads","Tier-3","18-24"
2822,"2024-05-05","Android","Instagram","Tier-1","18-24"
2823,"2024-05-10","Android","Google Ads","Tier-2","18-24"
2824,"2024-06-23","iOS","YouTube","Tier-2","25-34"
2825,"2024-06-15","Android","Google Ads","Tier-2","25-34"
2826,"2024-06-21","iOS","Organic","Tier-2","25-34"
2827,"2024-02-17","Android","Instagram","Tier-2","45+"
2828,"2024-05-31","iOS","Google Ads","Tier-3","18-24"
2829,"2024-04-05","iOS","Google Ads","Tier-2","45+"
2830,"2024-01-18","iOS","Instagram","Tier-2","25-34"
2831,"2024-05-10","Web","Google Ads","Tier-3","25-34"
2832,"2024-02-06","Android","Organic","Tier-1","45+"
2833,"2024-04-08","iOS","YouTube","Tier-1","35-44"
2834,"2024-02-13","Web","Organic","Tier-3","18-24"
2835,"2024-01-16","Android","Organic","Tier-3","45+"
2836,"2024-02-27","iOS","Instagram","Tier-1","45+"
2837,"2024-04-26","Web","Organic","Tier-2","45+"
2838,"2024-02-25","iOS","Google Ads","Tier-1","18-24"
2839,"2024-01-28","Web","Organic","Tier-2","45+"
2840,"2024-03-05","Web","Instagram","Tier-2","25-34"
2841,"2024-06-08","Android","Instagram","Tier-1","45+"
2842,"2024-06-17","iOS","Instagram","Tier-2","18-24"
2843,"2024-01-15","iOS","Organic","Tier-3","25-34"
2844,"2024-03-22","Web","Google Ads","Tier-2","35-44"
2845,"2024-01-06","iOS","Instagram","Tier-3","18-24"
2846,"2024-06-28","Android","YouTube","Tier-3","25-34"
2847,"2024-03-13","Android","Organic","Tier-3","18-24"
2848,"2024-01-19","iOS","Google Ads","Tier-2","35-44"
2849,"2024-03-02","iOS","Instagram","Tier-2","45+"
2850,"2024-05-20","Android","Google Ads","Tier-1","25-34"
2851,"2024-02-28","Android","Google Ads","Tier-1","35-44"
2852,"2024-01-13","iOS","Instagram","Tier-2","45+"
2853,"2024-01-11","Web","Instagram","Tier-3","18-24"
2854,"2024-06-06","Android","Google Ads","Tier-3","25-34"
2855,"2024-04-30","Web","YouTube","Tier-2","18-24"
2856,"2024-06-25","iOS","YouTube","Tier-2","35-44"
2857,"2024-05-04","Web","Instagram","Tier-1","25-34"
2858,"2024-03-20","Web","Organic","Tier-1","25-34"
2859,"2024-06-26","Android","Organic","Tier-1","18-24"
2860,"2024-05-24","iOS","Instagram","Tier-3","18-24"
2861,"2024-05-23","Web","YouTube","Tier-2","18-24"
2862,"2024-02-24","Web","YouTube","Tier-1","25-34"
2863,"2024-03-30","iOS","Google Ads","Tier-2","35-44"
2864,"2024-06-03","Android","YouTube","Tier-1","45+"
2865,"2024-02-15","Web","YouTube","Tier-3","25-34"
2866,"2024-01-27","iOS","Organic","Tier-2","18-24"
2867,"2024-05-29","iOS","Instagram","Tier-1","45+"
2868,"2024-01-24","iOS","Instagram","Tier-1","25-34"
2869,"2024-06-29","Android","Google Ads","Tier-3","35-44"
2870,"2024-06-05","Web","YouTube","Tier-3","45+"
2871,"2024-05-28","Android","YouTube","Tier-2","18-24"
2872,"2024-01-30","iOS","Instagram","Tier-3","25-34"
2873,"2024-02-04","Android","Google Ads","Tier-1","25-34"
2874,"2024-03-04","Android","Google Ads","Tier-2","18-24"
2875,"2024-04-09","Android","Google Ads","Tier-2","18-24"
2876,"2024-06-17","iOS","Google Ads","Tier-2","18-24"
2877,"2024-03-13","Android","YouTube","Tier-2","25-34"
2878,"2024-05-16","Web","Instagram","Tier-3","45+"
2879,"2024-01-12","Android","Google Ads","Tier-2","25-34"
2880,"2024-02-20","iOS","YouTube","Tier-1","35-44"
2881,"2024-05-01","Android","Instagram","Tier-2","35-44"
2882,"2024-04-04","Android","Organic","Tier-1","45+"
2883,"2024-05-02","iOS","Google Ads","Tier-3","25-34"
2884,"2024-02-02","Web","Instagram","Tier-3","35-44"
2885,"2024-03-06","Web","YouTube","Tier-3","25-34"
2886,"2024-01-20","iOS","Google Ads","Tier-3","25-34"
2887,"2024-02-24","iOS","Organic","Tier-2","18-24"
2888,"2024-02-14","iOS","YouTube","Tier-1","18-24"
2889,"2024-01-02","iOS","Instagram","Tier-2","18-24"
2890,"2024-05-13","Android","Instagram","Tier-2","45+"
2891,"2024-02-02","Android","Google Ads","Tier-2","18-24"
2892,"2024-06-13","Web","YouTube","Tier-3","18-24"
2893,"2024-01-30","Android","Google Ads","Tier-1","35-44"
2894,"2024-04-14","iOS","Organic","Tier-1","25-34"
2895,"2024-01-03","Android","YouTube","Tier-3","18-24"
2896,"2024-01-11","iOS","YouTube","Tier-1","25-34"
2897,"2024-05-11","Android","YouTube","Tier-3","35-44"
2898,"2024-04-19","iOS","Google Ads","Tier-3","35-44"
2899,"2024-01-27","Web","Instagram","Tier-3","25-34"
2900,"2024-02-21","Android","YouTube","Tier-2","25-34"
2901,"2024-05-21","Web","Instagram","Tier-3","25-34"
2902,"2024-02-05","Android","Google Ads","Tier-3","25-34"
2903,"2024-05-27","Android","YouTube","Tier-2","35-44"
2904,"2024-02-10","Android","Instagram","Tier-3","35-44"
2905,"2024-05-27","Android","YouTube","Tier-2","45+"
2906,"2024-06-13","iOS","Google Ads","Tier-1","18-24"
2907,"2024-04-02","Web","Google Ads","Tier-3","25-34"
2908,"2024-03-05","Android","YouTube","Tier-3","18-24"
2909,"2024-06-27","iOS","Instagram","Tier-3","35-44"
2910,"2024-01-07","iOS","YouTube","Tier-3","25-34"
2911,"2024-03-06","Android","Instagram","Tier-2","35-44"
2912,"2024-06-04","iOS","YouTube","Tier-1","45+"
2913,"2024-06-24","iOS","Organic","Tier-1","18-24"
2914,"2024-05-23","iOS","YouTube","Tier-3","25-34"
2915,"2024-01-11","iOS","Instagram","Tier-1","25-34"
2916,"2024-05-22","Web","YouTube","Tier-3","25-34"
2917,"2024-01-15","iOS","Organic","Tier-1","25-34"
2918,"2024-05-22","iOS","Google Ads","Tier-1","25-34"
2919,"2024-06-16","Web","Google Ads","Tier-2","35-44"
2920,"2024-03-26","iOS","Google Ads","Tier-2","18-24"
2921,"2024-04-05","Android","Instagram","Tier-2","18-24"
2922,"2024-06-17","Android","Organic","Tier-1","18-24"
2923,"2024-02-12","iOS","YouTube","Tier-3","25-34"
2924,"2024-04-09","iOS","Instagram","Tier-2","25-34"
2925,"2024-06-17","iOS","Organic","Tier-3","18-24"
2926,"2024-03-19","Web","Organic","Tier-2","25-34"
2927,"2024-04-10","Web","Instagram","Tier-2","18-24"
2928,"2024-01-12","iOS","Instagram","Tier-1","35-44"
2929,"2024-02-05","Android","Google Ads","Tier-1","25-34"
2930,"2024-06-11","Android","YouTube","Tier-3","25-34"
2931,"2024-02-23","Android","Google Ads","Tier-2","25-34"
2932,"2024-03-14","Android","YouTube","Tier-1","18-24"
2933,"2024-01-06","Web","Instagram","Tier-2","18-24"
2934,"2024-02-18","Web","Google Ads","Tier-1","18-24"
2935,"2024-02-29","Android","YouTube","Tier-3","25-34"
2936,"2024-01-27","iOS","YouTube","Tier-3","45+"
2937,"2024-02-01","Web","Organic","Tier-1","35-44"
2938,"2024-06-26","Web","Google Ads","Tier-1","45+"
2939,"2024-04-30","Android","Google Ads","Tier-2","18-24"
2940,"2024-02-06","Android","YouTube","Tier-1","25-34"
2941,"2024-02-14","Web","YouTube","Tier-3","45+"
2942,"2024-02-03","iOS","YouTube","Tier-1","45+"
2943,"2024-01-22","iOS","Google Ads","Tier-3","18-24"
2944,"2024-04-01","Web","Google Ads","Tier-2","18-24"
2945,"2024-05-12","Android","YouTube","Tier-2","25-34"
2946,"2024-04-26","Android","Organic","Tier-1","25-34"
2947,"2024-03-31","Android","Organic","Tier-1","45+"
2948,"2024-03-01","iOS","Google Ads","Tier-3","45+"
2949,"2024-02-17","Web","Instagram","Tier-2","45+"
2950,"2024-02-18","Web","Google Ads","Tier-1","18-24"
2951,"2024-04-11","iOS","Instagram","Tier-2","25-34"
2952,"2024-03-23","Android","Google Ads","Tier-2","18-24"
2953,"2024-03-03","iOS","YouTube","Tier-1","25-34"
2954,"2024-05-02","Android","Instagram","Tier-3","18-24"
2955,"2024-06-05","Android","Google Ads","Tier-1","45+"
2956,"2024-04-08","iOS","YouTube","Tier-2","35-44"
2957,"2024-03-08","iOS","Instagram","Tier-1","18-24"
2958,"2024-05-19","Android","Google Ads","Tier-2","35-44"
2959,"2024-01-15","Web","YouTube","Tier-2","18-24"
2960,"2024-03-13","iOS","Google Ads","Tier-3","18-24"
2961,"2024-02-20","iOS","Google Ads","Tier-1","25-34"
2962,"2024-02-03","Android","Google Ads","Tier-1","18-24"
2963,"2024-03-13","Web","Instagram","Tier-3","18-24"
2964,"2024-04-11","iOS","Organic","Tier-2","45+"
2965,"2024-03-06","Android","Instagram","Tier-3","25-34"
2966,"2024-01-18","Android","Google Ads","Tier-2","18-24"
2967,"2024-05-03","Web","YouTube","Tier-3","35-44"
2968,"2024-05-09","Android","YouTube","Tier-2","25-34"
2969,"2024-03-27","iOS","YouTube","Tier-1","35-44"
2970,"2024-01-24","Android","YouTube","Tier-3","25-34"
2971,"2024-02-02","Android","YouTube","Tier-3","35-44"
2972,"2024-06-08","iOS","Google Ads","Tier-3","25-34"
2973,"2024-06-15","Web","Instagram","Tier-2","45+"
2974,"2024-05-20","iOS","YouTube","Tier-1","45+"
2975,"2024-05-18","Android","Instagram","Tier-2","45+"
2976,"2024-06-04","Web","YouTube","Tier-2","25-34"
2977,"2024-04-22","iOS","Organic","Tier-2","18-24"
2978,"2024-02-15","iOS","YouTube","Tier-2","35-44"
2979,"2024-01-26","Android","Organic","Tier-2","35-44"
2980,"2024-05-17","iOS","YouTube","Tier-2","25-34"
2981,"2024-06-27","Android","Google Ads","Tier-3","45+"
2982,"2024-01-23","iOS","Instagram","Tier-3","35-44"
2983,"2024-02-18","iOS","Instagram","Tier-3","25-34"
2984,"2024-05-26","Android","Instagram","Tier-2","25-34"
2985,"2024-03-23","Android","Organic","Tier-1","45+"
2986,"2024-04-08","iOS","Organic","Tier-1","25-34"
2987,"2024-02-22","iOS","Instagram","Tier-2","45+"
2988,"2024-05-13","iOS","YouTube","Tier-1","25-34"
2989,"2024-05-13","Android","Instagram","Tier-2","18-24"
2990,"2024-06-27","iOS","Google Ads","Tier-3","35-44"
2991,"2024-02-15","Web","Google Ads","Tier-1","25-34"
2992,"2024-06-26","Android","Instagram","Tier-1","25-34"
2993,"2024-02-22","iOS","YouTube","Tier-1","25-34"
2994,"2024-01-17","Web","Organic","Tier-2","25-34"
2995,"2024-01-24","Web","YouTube","Tier-2","25-34"
2996,"2024-05-29","Web","Organic","Tier-1","18-24"
2997,"2024-01-22","Web","Organic","Tier-1","25-34"
2998,"2024-06-19","iOS","Organic","Tier-3","25-34"
2999,"2024-02-18","Android","Organic","Tier-2","35-44"
3000,"2024-03-29","Android","Instagram","Tier-1","25-34"
